class_filename,class_filepath,start_time,end_time,mid_time,exposure_s,temp_c,gain_ev_ch,sat_alt,sat_lat,sat_lon,bore_lat,bore_lon,solarang_deg,phaseang_deg,program,version,dataset,scd_fltr,scd_used,v0_lat,v0_lon,v1_lat,v1_lon,v2_lat,v2_lon,v3_lat,v3_lon,xsm_mean_meancounts,xsm_std_meancounts,xsm_min_meancounts,xsm_max_meancounts,xsm_mean_totalcounts,xsm_std_totalcounts,xsm_points_used
ch2_cla_l1_20250801T024725069_20250801T024733069.fits,/home/saurabh/moon_project/data/CLASS/ch2_cla_l1_2025_08/cla/data/calibrated/2025/08/01/ch2_cla_l1_20250801T024725069_20250801T024733069.fits,2025-08-01T02:47:25.069,2025-08-01T02:47:33.069,2025-08-01T02:47:29.069,8.0,-39.6,13.5,111.909,-52.743,63.5067,-52.7369,63.5069,60.0669,60.0669,CLASS_add_scds.pro,2.1,420,1,"0,1,2,3,4,5,6,7,8,9,10,11,12,13,14,15,",-52.0602,62.7892,-53.382,62.7038,-53.4086,64.2463,-52.0861,64.2876,1.7374267578125,0.0593438948992032,1.65283203125,1.82177734375,3558.25,121.53629675356837,8
ch2_cla_l1_20250801T024741069_20250801T024749069.fits,/home/saurabh/moon_project/data/CLASS/ch2_cla_l1_2025_08/cla/data/calibrated/2025/08/01/ch2_cla_l1_20250801T024741069_20250801T024749069.fits,2025-08-01T02:47:41.069,2025-08-01T02:47:49.069,2025-08-01T02:47:45.069,8.0,-39.6,13.5,111.722,-53.5469,63.4658,-53.5408,63.466,60.7184,60.7184,CLASS_add_scds.pro,2.1,422,1,"0,1,2,3,4,5,6,7,8,9,10,11,12,13,14,15,",-52.8645,62.7369,-54.1848,62.6481,-54.2118,64.2177,-52.8908,64.2603,1.73760986328125,0.0470200519601071,1.66796875,1.81982421875,3558.625,96.29706641429944,8
ch2_cla_l1_20250801T024749069_20250801T024757069.fits,/home/saurabh/moon_project/data/CLASS/ch2_cla_l1_2025_08/cla/data/calibrated/2025/08/01/ch2_cla_l1_20250801T024749069_20250801T024757069.fits,2025-08-01T02:47:49.069,2025-08-01T02:47:57.069,2025-08-01T02:47:53.069,8.0,-39.6,13.5,111.628,-53.9488,63.4447,-53.9428,63.4449,61.045,61.045,CLASS_add_scds.pro,2.1,423,1,"0,1,2,3,4,5,6,7,8,9,10,11,12,13,14,15,",-53.2667,62.7099,-54.5862,62.6194,-54.6135,64.2031,-53.2932,64.2463,1.73333740234375,0.082523220105564,1.61181640625,1.857421875,3549.875,169.00755477619506,8
ch2_cla_l1_20250801T024757069_20250801T024805069.fits,/home/saurabh/moon_project/data/CLASS/ch2_cla_l1_2025_08/cla/data/calibrated/2025/08/01/ch2_cla_l1_20250801T024757069_20250801T024805069.fits,2025-08-01T02:47:57.069,2025-08-01T02:48:05.069,2025-08-01T02:48:01.069,8.0,-39.5,13.5,111.533,-54.3508,63.4233,-54.3448,63.4235,61.3721,61.3721,CLASS_add_scds.pro,2.1,424,1,"0,1,2,3,4,5,6,7,8,9,10,11,12,13,14,15,",-53.669,62.6824,-54.9877,62.5901,-55.0153,64.1882,-53.6957,64.2322,1.73956298828125,0.0380250213068356,1.6865234375,1.7890625,3562.625,77.87524363639945,8
ch2_cla_l1_20250801T024805069_20250801T024813069.fits,/home/saurabh/moon_project/data/CLASS/ch2_cla_l1_2025_08/cla/data/calibrated/2025/08/01/ch2_cla_l1_20250801T024805069_20250801T024813069.fits,2025-08-01T02:48:05.069,2025-08-01T02:48:13.069,2025-08-01T02:48:09.069,8.0,-39.5,13.5,111.437,-54.7529,63.4015,-54.7468,63.4017,61.6998,61.6998,CLASS_add_scds.pro,2.1,425,1,"0,1,2,3,4,5,6,7,8,9,10,11,12,13,14,15,",-54.0713,62.6544,-55.3892,62.5602,-55.417,64.1732,-54.0982,64.2178,1.7384033203125,0.0568553443851543,1.66650390625,1.81591796875,3560.25,116.43974530079618,8
ch2_cla_l1_20250801T024813069_20250801T024821069.fits,/home/saurabh/moon_project/data/CLASS/ch2_cla_l1_2025_08/cla/data/calibrated/2025/08/01/ch2_cla_l1_20250801T024813069_20250801T024821069.fits,2025-08-01T02:48:13.069,2025-08-01T02:48:21.069,2025-08-01T02:48:17.069,8.0,-39.5,13.5,111.341,-55.155,63.3792,-55.1489,63.3794,62.0281,62.0281,CLASS_add_scds.pro,2.1,426,1,"0,1,2,3,4,5,6,7,8,9,10,11,12,13,14,15,",-54.4736,62.6259,-55.7908,62.5297,-55.8188,64.1578,-54.5008,64.2032,1.74578857421875,0.0306546169794319,1.701171875,1.78955078125,3575.375,62.78065557387653,8
ch2_cla_l1_20250801T025109069_20250801T025117069.fits,/home/saurabh/moon_project/data/CLASS/ch2_cla_l1_2025_08/cla/data/calibrated/2025/08/01/ch2_cla_l1_20250801T025109069_20250801T025117069.fits,2025-08-01T02:51:09.069,2025-08-01T02:51:17.069,2025-08-01T02:51:13.069,8.0,-38.9,13.5,109.074,-64.0106,62.7446,-64.0052,62.7449,69.3692,69.3692,CLASS_add_scds.pro,2.1,448,1,"0,1,2,3,4,5,6,7,8,9,10,11,12,13,14,15,",-63.334,61.803,-64.6326,61.6389,-64.6687,63.7316,-63.3686,63.8035,1.7171630859375,0.0872995025762919,1.59619140625,1.859375,3516.75,178.789381276246,8
ch2_cla_l1_20250801T025141069_20250801T025149069.fits,/home/saurabh/moon_project/data/CLASS/ch2_cla_l1_2025_08/cla/data/calibrated/2025/08/01/ch2_cla_l1_20250801T025141069_20250801T025149069.fits,2025-08-01T02:51:41.069,2025-08-01T02:51:49.069,2025-08-01T02:51:45.069,8.0,-38.9,13.5,108.633,-65.6227,62.5859,-65.6168,62.5864,70.7248,70.7248,CLASS_add_scds.pro,2.1,452,1,"0,1,2,3,4,5,6,7,8,9,10,11,12,13,14,15,",-64.9466,61.5958,-66.2415,61.4111,-66.2797,63.6273,-64.9831,63.7074,1.749267578125,0.0801287235341052,1.6171875,1.865234375,3582.5,164.10362579784763,8
ch2_cla_l1_20250801T025157069_20250801T025205069.fits,/home/saurabh/moon_project/data/CLASS/ch2_cla_l1_2025_08/cla/data/calibrated/2025/08/01/ch2_cla_l1_20250801T025157069_20250801T025205069.fits,2025-08-01T02:51:57.069,2025-08-01T02:52:05.069,2025-08-01T02:52:01.069,8.0,-38.9,13.5,108.41,-66.4291,62.4991,-66.4233,62.4996,71.4046,71.4046,CLASS_add_scds.pro,2.1,454,1,"0,1,2,3,4,5,6,7,8,9,10,11,12,13,14,15,",-65.7532,61.4826,-67.0461,61.2859,-67.0856,63.5706,-65.7908,63.6555,1.7421875,0.0519423984882033,1.65380859375,1.814453125,3568.0,106.37803210384048,8
ch2_cla_l1_20250801T025205069_20250801T025213069.fits,/home/saurabh/moon_project/data/CLASS/ch2_cla_l1_2025_08/cla/data/calibrated/2025/08/01/ch2_cla_l1_20250801T025205069_20250801T025213069.fits,2025-08-01T02:52:05.069,2025-08-01T02:52:13.069,2025-08-01T02:52:09.069,8.0,-38.9,13.5,108.297,-66.8323,62.4536,-66.8253,62.4545,71.745,71.745,CLASS_add_scds.pro,2.1,455,1,"0,1,2,3,4,5,6,7,8,9,10,11,12,13,14,15,",-66.1565,61.4233,-67.4478,61.2204,-67.4879,63.5411,-66.1946,63.6284,1.7158203125,0.0408099982163128,1.65380859375,1.77294921875,3514.0,83.5788763470087,8
ch2_cla_l1_20250801T025213069_20250801T025221069.fits,/home/saurabh/moon_project/data/CLASS/ch2_cla_l1_2025_08/cla/data/calibrated/2025/08/01/ch2_cla_l1_20250801T025213069_20250801T025221069.fits,2025-08-01T02:52:13.069,2025-08-01T02:52:21.069,2025-08-01T02:52:17.069,8.0,-38.9,13.5,108.184,-67.2355,62.4067,-67.2299,62.4072,72.0857,72.0857,CLASS_add_scds.pro,2.1,456,1,"0,1,2,3,4,5,6,7,8,9,10,11,12,13,14,15,",-66.5591,61.3623,-67.8506,61.1522,-67.8913,63.5104,-66.5978,63.6009,1.760498046875,0.0555427778778317,1.67626953125,1.849609375,3605.5,113.7516090937995,8
ch2_cla_l1_20250801T025229069_20250801T025237069.fits,/home/saurabh/moon_project/data/CLASS/ch2_cla_l1_2025_08/cla/data/calibrated/2025/08/01/ch2_cla_l1_20250801T025229069_20250801T025237069.fits,2025-08-01T02:52:29.069,2025-08-01T02:52:37.069,2025-08-01T02:52:33.069,8.0,-38.9,13.5,107.957,-68.0421,62.308,-68.0363,62.3086,72.768,72.768,CLASS_add_scds.pro,2.1,458,1,"0,1,2,3,4,5,6,7,8,9,10,11,12,13,14,15,",-67.3671,61.2329,-68.6561,61.0083,-68.6982,63.446,-67.407,63.542,1.78076171875,0.0554531758662921,1.6923828125,1.8564453125,3647.0,113.5681041741663,8
ch2_cla_l1_20250801T044506797_20250801T044514797.fits,/home/saurabh/moon_project/data/CLASS/ch2_cla_l1_2025_08/cla/data/calibrated/2025/08/01/ch2_cla_l1_20250801T044506797_20250801T044514797.fits,2025-08-01T04:45:06.797,2025-08-01T04:45:14.797,2025-08-01T04:45:10.797,8.0,-37.6,13.5,112.525,-52.8131,62.4191,-52.8072,62.4192,60.1542,60.1542,CLASS_add_scds.pro,2.1,420,1,"0,1,2,3,4,5,6,7,8,9,10,11,12,13,14,15,",-52.1279,61.697,-53.4543,61.61,-53.4815,63.1636,-52.1542,63.2059,1.7747802734375,0.0570425421776202,1.6943359375,1.85693359375,3634.75,116.82312637976634,8
ch2_cla_l1_20250801T044514797_20250801T044522797.fits,/home/saurabh/moon_project/data/CLASS/ch2_cla_l1_2025_08/cla/data/calibrated/2025/08/01/ch2_cla_l1_20250801T044514797_20250801T044522797.fits,2025-08-01T04:45:14.797,2025-08-01T04:45:22.797,2025-08-01T04:45:18.797,8.0,-37.6,13.5,112.432,-53.2147,62.3985,-53.2088,62.3987,60.4793,60.4793,CLASS_add_scds.pro,2.1,421,1,"0,1,2,3,4,5,6,7,8,9,10,11,12,13,14,15,",-52.5296,61.6707,-53.8554,61.582,-53.8828,63.1492,-52.5562,63.1921,1.76593017578125,0.0590569128621797,1.66650390625,1.83447265625,3616.625,120.94855754174404,8
ch2_cla_l1_20250801T044522797_20250801T044530797.fits,/home/saurabh/moon_project/data/CLASS/ch2_cla_l1_2025_08/cla/data/calibrated/2025/08/01/ch2_cla_l1_20250801T044522797_20250801T044530797.fits,2025-08-01T04:45:22.797,2025-08-01T04:45:30.797,2025-08-01T04:45:26.797,8.0,-37.6,13.5,112.337,-53.6163,62.3774,-53.6106,62.3778,60.8049,60.8049,CLASS_add_scds.pro,2.1,422,1,"0,1,2,3,4,5,6,7,8,9,10,11,12,13,14,15,",-52.9315,61.644,-54.2565,61.5534,-54.2842,63.1345,-52.9583,63.1782,1.7945556640625,0.0581261276393563,1.7021484375,1.87890625,3675.25,119.04230940540188,8
ch2_cla_l1_20250801T044530797_20250801T044538797.fits,/home/saurabh/moon_project/data/CLASS/ch2_cla_l1_2025_08/cla/data/calibrated/2025/08/01/ch2_cla_l1_20250801T044530797_20250801T044538797.fits,2025-08-01T04:45:30.797,2025-08-01T04:45:38.797,2025-08-01T04:45:34.797,8.0,-37.6,13.5,112.243,-54.018,62.356,-54.0122,62.3563,61.1311,61.1311,CLASS_add_scds.pro,2.1,423,1,"0,1,2,3,4,5,6,7,8,9,10,11,12,13,14,15,",-53.3334,61.6166,-54.6576,61.5243,-54.6855,63.1195,-53.3605,63.1639,1.77099609375,0.0589120123250295,1.68505859375,1.85009765625,3627.0,120.65180124166046,8
ch2_cla_l1_20250801T044538797_20250801T044546797.fits,/home/saurabh/moon_project/data/CLASS/ch2_cla_l1_2025_08/cla/data/calibrated/2025/08/01/ch2_cla_l1_20250801T044538797_20250801T044546797.fits,2025-08-01T04:45:38.797,2025-08-01T04:45:46.797,2025-08-01T04:45:42.797,8.0,-37.6,13.5,112.147,-54.4198,62.3343,-54.414,62.3344,61.4579,61.4579,CLASS_add_scds.pro,2.1,424,1,"0,1,2,3,4,5,6,7,8,9,10,11,12,13,14,15,",-53.7353,61.5888,-55.0589,61.4945,-55.087,63.1043,-53.7626,63.1495,1.779296875,0.0368154256038874,1.71923828125,1.82421875,3644.0,75.3979916367614,8
ch2_cla_l1_20250801T044546797_20250801T044554797.fits,/home/saurabh/moon_project/data/CLASS/ch2_cla_l1_2025_08/cla/data/calibrated/2025/08/01/ch2_cla_l1_20250801T044546797_20250801T044554797.fits,2025-08-01T04:45:46.797,2025-08-01T04:45:54.797,2025-08-01T04:45:50.797,8.0,-37.6,13.5,112.051,-54.8215,62.312,-54.8157,62.3122,61.7852,61.7852,CLASS_add_scds.pro,2.1,425,1,"0,1,2,3,4,5,6,7,8,9,10,11,12,13,14,15,",-54.1374,61.5603,-55.4602,61.464,-55.4886,63.0888,-54.1649,63.1347,1.80841064453125,0.0637357012423321,1.7158203125,1.89111328125,3703.625,130.53071614429632,8
ch2_cla_l1_20250801T044554797_20250801T044602797.fits,/home/saurabh/moon_project/data/CLASS/ch2_cla_l1_2025_08/cla/data/calibrated/2025/08/01/ch2_cla_l1_20250801T044554797_20250801T044602797.fits,2025-08-01T04:45:54.797,2025-08-01T04:46:02.797,2025-08-01T04:45:58.797,8.0,-37.6,13.5,111.954,-55.2233,62.2894,-55.2176,62.2895,62.113,62.113,CLASS_add_scds.pro,2.1,426,1,"0,1,2,3,4,5,6,7,8,9,10,11,12,13,14,15,",-54.5396,61.5311,-55.8612,61.4333,-55.8899,63.0733,-54.5673,63.1196,1.7991943359375,0.0365971368811829,1.73779296875,1.85400390625,3684.75,74.95093633266269,8
ch2_cla_l1_20250801T044602797_20250801T044610797.fits,/home/saurabh/moon_project/data/CLASS/ch2_cla_l1_2025_08/cla/data/calibrated/2025/08/01/ch2_cla_l1_20250801T044602797_20250801T044610797.fits,2025-08-01T04:46:02.797,2025-08-01T04:46:10.797,2025-08-01T04:46:06.797,8.0,-37.5,13.5,111.857,-55.6252,62.2664,-55.6192,62.2667,62.4414,62.4414,CLASS_add_scds.pro,2.1,427,1,"0,1,2,3,4,5,6,7,8,9,10,11,12,13,14,15,",-54.9413,61.5018,-56.2624,61.4017,-56.2915,63.0574,-54.9694,63.1049,1.811279296875,0.0731132607824266,1.68359375,1.90966796875,3709.5,149.73595808240967,8
ch2_cla_l1_20250801T044610797_20250801T044618797.fits,/home/saurabh/moon_project/data/CLASS/ch2_cla_l1_2025_08/cla/data/calibrated/2025/08/01/ch2_cla_l1_20250801T044610797_20250801T044618797.fits,2025-08-01T04:46:10.797,2025-08-01T04:46:18.797,2025-08-01T04:46:14.797,8.0,-37.5,13.5,111.759,-56.0271,62.2428,-56.0212,62.2431,62.7703,62.7703,CLASS_add_scds.pro,2.1,428,1,"0,1,2,3,4,5,6,7,8,9,10,11,12,13,14,15,",-55.3434,61.4717,-56.6638,61.3693,-56.6931,63.0411,-55.3718,63.0895,1.78802490234375,0.0442645872609135,1.71728515625,1.8623046875,3661.875,90.6538747103509,8
ch2_cla_l1_20250801T044618797_20250801T044626797.fits,/home/saurabh/moon_project/data/CLASS/ch2_cla_l1_2025_08/cla/data/calibrated/2025/08/01/ch2_cla_l1_20250801T044618797_20250801T044626797.fits,2025-08-01T04:46:18.797,2025-08-01T04:46:26.797,2025-08-01T04:46:22.797,8.0,-37.4,13.5,111.66,-56.429,62.2188,-56.423,62.2192,63.0997,63.0997,CLASS_add_scds.pro,2.1,429,1,"0,1,2,3,4,5,6,7,8,9,10,11,12,13,14,15,",-55.7456,61.4408,-57.0652,61.3362,-57.0948,63.0245,-55.7743,63.0738,1.82928466796875,0.0805353013802287,1.68798828125,1.927734375,3746.375,164.93629722670855,8
ch2_cla_l1_20250801T044626797_20250801T044634797.fits,/home/saurabh/moon_project/data/CLASS/ch2_cla_l1_2025_08/cla/data/calibrated/2025/08/01/ch2_cla_l1_20250801T044626797_20250801T044634797.fits,2025-08-01T04:46:26.797,2025-08-01T04:46:34.797,2025-08-01T04:46:30.797,8.0,-37.3,13.5,111.561,-56.831,62.1943,-56.825,62.1946,63.4297,63.4297,CLASS_add_scds.pro,2.1,430,1,"0,1,2,3,4,5,6,7,8,9,10,11,12,13,14,15,",-56.1479,61.4091,-57.4666,61.3024,-57.4965,63.0078,-56.1767,63.0577,1.79638671875,0.0566730876030959,1.70263671875,1.875,3679.0,116.06648341114058,8
ch2_cla_l1_20250801T044634797_20250801T044642797.fits,/home/saurabh/moon_project/data/CLASS/ch2_cla_l1_2025_08/cla/data/calibrated/2025/08/01/ch2_cla_l1_20250801T044634797_20250801T044642797.fits,2025-08-01T04:46:34.797,2025-08-01T04:46:42.797,2025-08-01T04:46:38.797,8.0,-37.3,13.5,111.461,-57.233,62.1694,-57.227,62.1696,63.7601,63.7601,CLASS_add_scds.pro,2.1,431,1,"0,1,2,3,4,5,6,7,8,9,10,11,12,13,14,15,",-56.5501,61.377,-57.868,61.2679,-57.8982,62.9907,-56.5792,63.0416,1.8319091796875,0.0748447036568637,1.732421875,1.93994140625,3751.75,153.28195308925686,8
ch2_cla_l1_20250801T044642797_20250801T044650797.fits,/home/saurabh/moon_project/data/CLASS/ch2_cla_l1_2025_08/cla/data/calibrated/2025/08/01/ch2_cla_l1_20250801T044642797_20250801T044650797.fits,2025-08-01T04:46:42.797,2025-08-01T04:46:50.797,2025-08-01T04:46:46.797,8.0,-37.3,13.5,111.36,-57.635,62.1438,-57.6291,62.1441,64.091,64.091,CLASS_add_scds.pro,2.1,432,1,"0,1,2,3,4,5,6,7,8,9,10,11,12,13,14,15,",-56.9524,61.3442,-58.2695,61.2326,-58.3,62.9733,-56.9818,63.0251,1.79443359375,0.0764975937180824,1.67578125,1.8974609375,3675.0,156.66707193463287,8
ch2_cla_l1_20250801T044650797_20250801T044658797.fits,/home/saurabh/moon_project/data/CLASS/ch2_cla_l1_2025_08/cla/data/calibrated/2025/08/01/ch2_cla_l1_20250801T044650797_20250801T044658797.fits,2025-08-01T04:46:50.797,2025-08-01T04:46:58.797,2025-08-01T04:46:54.797,8.0,-37.3,13.5,111.259,-58.0371,62.1178,-58.0312,62.1181,64.4224,64.4224,CLASS_add_scds.pro,2.1,433,1,"0,1,2,3,4,5,6,7,8,9,10,11,12,13,14,15,",-57.3547,61.3106,-58.671,61.1964,-58.7018,62.9555,-57.3844,63.0084,1.87005615234375,0.0756439527071785,1.75830078125,1.97216796875,3829.875,154.9188151443016,8
ch2_cla_l1_20250801T044658797_20250801T044706797.fits,/home/saurabh/moon_project/data/CLASS/ch2_cla_l1_2025_08/cla/data/calibrated/2025/08/01/ch2_cla_l1_20250801T044658797_20250801T044706797.fits,2025-08-01T04:46:58.797,2025-08-01T04:47:06.797,2025-08-01T04:47:02.797,8.0,-37.3,13.5,111.157,-58.4392,62.0911,-58.4333,62.0914,64.7542,64.7542,CLASS_add_scds.pro,2.1,434,1,"0,1,2,3,4,5,6,7,8,9,10,11,12,13,14,15,",-57.757,61.2762,-59.0724,61.1595,-59.1036,62.9374,-57.7871,62.9913,1.78765869140625,0.0626238209483178,1.69140625,1.89794921875,3661.125,128.25358530215496,8
ch2_cla_l1_20250801T044706797_20250801T044714797.fits,/home/saurabh/moon_project/data/CLASS/ch2_cla_l1_2025_08/cla/data/calibrated/2025/08/01/ch2_cla_l1_20250801T044706797_20250801T044714797.fits,2025-08-01T04:47:06.797,2025-08-01T04:47:14.797,2025-08-01T04:47:10.797,8.0,-37.3,13.5,111.055,-58.8413,62.0639,-58.8355,62.0643,65.0866,65.0866,CLASS_add_scds.pro,2.1,435,1,"0,1,2,3,4,5,6,7,8,9,10,11,12,13,14,15,",-58.1594,61.2411,-59.474,61.1216,-59.5055,62.9189,-58.1897,62.9739,1.85614013671875,0.0547397519602876,1.77783203125,1.94189453125,3801.375,112.107012014669,8
ch2_cla_l1_20250801T044714797_20250801T044722797.fits,/home/saurabh/moon_project/data/CLASS/ch2_cla_l1_2025_08/cla/data/calibrated/2025/08/01/ch2_cla_l1_20250801T044714797_20250801T044722797.fits,2025-08-01T04:47:14.797,2025-08-01T04:47:22.797,2025-08-01T04:47:18.797,8.0,-37.3,13.5,110.952,-59.2435,62.0361,-59.2377,62.0365,65.4193,65.4193,CLASS_add_scds.pro,2.1,436,1,"0,1,2,3,4,5,6,7,8,9,10,11,12,13,14,15,",-58.5618,61.2051,-59.8755,61.083,-59.9074,62.9003,-58.5925,62.9562,1.82391357421875,0.0647178267635244,1.72509765625,1.90478515625,3735.375,132.54210921169812,8
ch2_cla_l1_20250801T044722797_20250801T044730797.fits,/home/saurabh/moon_project/data/CLASS/ch2_cla_l1_2025_08/cla/data/calibrated/2025/08/01/ch2_cla_l1_20250801T044722797_20250801T044730797.fits,2025-08-01T04:47:22.797,2025-08-01T04:47:30.797,2025-08-01T04:47:26.797,8.0,-37.3,13.5,110.848,-59.6458,62.0076,-59.6398,62.0081,65.7525,65.7525,CLASS_add_scds.pro,2.1,437,1,"0,1,2,3,4,5,6,7,8,9,10,11,12,13,14,15,",-58.9642,61.1685,-60.2771,61.0431,-60.3093,62.8809,-58.9952,62.9383,1.861328125,0.046835019454767,1.783203125,1.939453125,3812.0,95.91811984336285,8
ch2_cla_l1_20250801T044730797_20250801T044738797.fits,/home/saurabh/moon_project/data/CLASS/ch2_cla_l1_2025_08/cla/data/calibrated/2025/08/01/ch2_cla_l1_20250801T044730797_20250801T044738797.fits,2025-08-01T04:47:30.797,2025-08-01T04:47:38.797,2025-08-01T04:47:34.797,8.0,-37.3,13.5,110.744,-60.048,61.9784,-60.0423,61.9789,66.0862,66.0862,CLASS_add_scds.pro,2.1,438,1,"0,1,2,3,4,5,6,7,8,9,10,11,12,13,14,15,",-59.3667,61.1307,-60.6787,61.0022,-60.7113,62.8612,-59.398,62.9197,1.8087158203125,0.0595844618277271,1.7373046875,1.9169921875,3704.25,122.02897782318522,8
ch2_cla_l1_20250801T044738797_20250801T044746797.fits,/home/saurabh/moon_project/data/CLASS/ch2_cla_l1_2025_08/cla/data/calibrated/2025/08/01/ch2_cla_l1_20250801T044738797_20250801T044746797.fits,2025-08-01T04:47:38.797,2025-08-01T04:47:46.797,2025-08-01T04:47:42.797,8.0,-37.3,13.5,110.639,-60.4504,61.9486,-60.4446,61.949,66.4203,66.4203,CLASS_add_scds.pro,2.1,439,1,"0,1,2,3,4,5,6,7,8,9,10,11,12,13,14,15,",-59.7692,61.092,-61.0805,60.9604,-61.1134,62.841,-59.8009,62.9009,1.8612060546875,0.0358287136188048,1.7998046875,1.90771484375,3811.75,73.3772054913124,8
ch2_cla_l1_20250801T044746797_20250801T044754797.fits,/home/saurabh/moon_project/data/CLASS/ch2_cla_l1_2025_08/cla/data/calibrated/2025/08/01/ch2_cla_l1_20250801T044746797_20250801T044754797.fits,2025-08-01T04:47:46.797,2025-08-01T04:47:54.797,2025-08-01T04:47:50.797,8.0,-37.2,13.5,110.533,-60.8527,61.918,-60.8469,61.9183,66.7548,66.7548,CLASS_add_scds.pro,2.1,440,1,"0,1,2,3,4,5,6,7,8,9,10,11,12,13,14,15,",-60.1718,61.0524,-61.4821,60.9174,-61.5155,62.8205,-60.2039,62.8816,1.8092041015625,0.0771258081286505,1.68017578125,1.92626953125,3705.25,157.95365504747633,8
ch2_cla_l1_20250801T044754797_20250801T044802797.fits,/home/saurabh/moon_project/data/CLASS/ch2_cla_l1_2025_08/cla/data/calibrated/2025/08/01/ch2_cla_l1_20250801T044754797_20250801T044802797.fits,2025-08-01T04:47:54.797,2025-08-01T04:48:02.797,2025-08-01T04:47:58.797,8.0,-37.2,13.5,110.427,-61.2551,61.8867,-61.2493,61.8871,67.0897,67.0897,CLASS_add_scds.pro,2.1,441,1,"0,1,2,3,4,5,6,7,8,9,10,11,12,13,14,15,",-60.5744,61.0117,-61.8839,60.8731,-61.9177,62.7993,-60.6068,62.8619,1.7269287109375,0.0442478964661996,1.654296875,1.79150390625,3536.75,90.6196919627769,8
ch2_cla_l1_20250801T044802797_20250801T044810797.fits,/home/saurabh/moon_project/data/CLASS/ch2_cla_l1_2025_08/cla/data/calibrated/2025/08/01/ch2_cla_l1_20250801T044802797_20250801T044810797.fits,2025-08-01T04:48:02.797,2025-08-01T04:48:10.797,2025-08-01T04:48:06.797,8.0,-37.1,13.5,110.321,-61.6575,61.8546,-61.6517,61.855,67.425,67.425,CLASS_add_scds.pro,2.1,442,1,"0,1,2,3,4,5,6,7,8,9,10,11,12,13,14,15,",-60.9771,60.9698,-62.2856,60.828,-62.3197,62.7779,-61.0099,62.8416,1.71966552734375,0.0599632081693102,1.640625,1.82763671875,3521.875,122.80465033074742,8
ch2_cla_l1_20250801T044810797_20250801T044818797.fits,/home/saurabh/moon_project/data/CLASS/ch2_cla_l1_2025_08/cla/data/calibrated/2025/08/01/ch2_cla_l1_20250801T044810797_20250801T044818797.fits,2025-08-01T04:48:10.797,2025-08-01T04:48:18.797,2025-08-01T04:48:14.797,8.0,-37.1,13.5,110.213,-62.06,61.8217,-62.0542,61.8221,67.7607,67.7607,CLASS_add_scds.pro,2.1,443,1,"0,1,2,3,4,5,6,7,8,9,10,11,12,13,14,15,",-61.3797,60.9273,-62.6874,60.7815,-62.722,62.7559,-61.4129,62.8213,1.74578857421875,0.0454929142649159,1.6767578125,1.818359375,3575.375,93.16948841454789,8
ch2_cla_l1_20250801T044818797_20250801T044826797.fits,/home/saurabh/moon_project/data/CLASS/ch2_cla_l1_2025_08/cla/data/calibrated/2025/08/01/ch2_cla_l1_20250801T044818797_20250801T044826797.fits,2025-08-01T04:48:18.797,2025-08-01T04:48:26.797,2025-08-01T04:48:22.797,8.0,-37.1,13.5,110.105,-62.4625,61.7879,-62.4567,61.7883,68.0968,68.0968,CLASS_add_scds.pro,2.1,444,1,"0,1,2,3,4,5,6,7,8,9,10,11,12,13,14,15,",-61.7824,60.8835,-63.0892,60.7337,-63.1242,62.7333,-61.816,62.8003,1.74298095703125,0.0819527126812553,1.59033203125,1.84033203125,3569.625,167.8391555712109,8
ch2_cla_l1_20250801T044826797_20250801T044834797.fits,/home/saurabh/moon_project/data/CLASS/ch2_cla_l1_2025_08/cla/data/calibrated/2025/08/01/ch2_cla_l1_20250801T044826797_20250801T044834797.fits,2025-08-01T04:48:26.797,2025-08-01T04:48:34.797,2025-08-01T04:48:30.797,8.0,-37.1,13.5,109.997,-62.8651,61.7532,-62.8593,61.7536,68.4333,68.4333,CLASS_add_scds.pro,2.1,445,1,"0,1,2,3,4,5,6,7,8,9,10,11,12,13,14,15,",-62.1851,60.8385,-63.491,60.6846,-63.5265,62.7102,-62.2191,62.7789,1.72900390625,0.0768981515933314,1.61376953125,1.83447265625,3541.0,157.48741446314278,8
ch2_cla_l1_20250801T044834797_20250801T044842797.fits,/home/saurabh/moon_project/data/CLASS/ch2_cla_l1_2025_08/cla/data/calibrated/2025/08/01/ch2_cla_l1_20250801T044834797_20250801T044842797.fits,2025-08-01T04:48:34.797,2025-08-01T04:48:42.797,2025-08-01T04:48:38.797,8.0,-37.1,13.5,109.888,-63.2677,61.7176,-63.2618,61.718,68.7702,68.7702,CLASS_add_scds.pro,2.1,446,1,"0,1,2,3,4,5,6,7,8,9,10,11,12,13,14,15,",-62.5879,60.7921,-63.8929,60.634,-63.9289,62.6865,-62.6223,62.7569,1.75909423828125,0.1020472559186351,1.6044921875,1.90869140625,3602.625,208.99278012136483,8
ch2_cla_l1_20250801T044842797_20250801T044850797.fits,/home/saurabh/moon_project/data/CLASS/ch2_cla_l1_2025_08/cla/data/calibrated/2025/08/01/ch2_cla_l1_20250801T044842797_20250801T044850797.fits,2025-08-01T04:48:42.797,2025-08-01T04:48:50.797,2025-08-01T04:48:46.797,8.0,-37.1,13.5,109.779,-63.6703,61.6811,-63.6645,61.6815,69.1074,69.1074,CLASS_add_scds.pro,2.1,447,1,"0,1,2,3,4,5,6,7,8,9,10,11,12,13,14,15,",-62.9907,60.7446,-64.2948,60.582,-64.3312,62.6623,-63.0256,62.7344,1.75311279296875,0.0739318061960734,1.634765625,1.8408203125,3590.375,151.41233908955843,8
ch2_cla_l1_20250801T044850797_20250801T044858797.fits,/home/saurabh/moon_project/data/CLASS/ch2_cla_l1_2025_08/cla/data/calibrated/2025/08/01/ch2_cla_l1_20250801T044850797_20250801T044858797.fits,2025-08-01T04:48:50.797,2025-08-01T04:48:58.797,2025-08-01T04:48:54.797,8.0,-37.1,13.5,109.669,-64.073,61.6435,-64.0671,61.6439,69.4451,69.4451,CLASS_add_scds.pro,2.1,448,1,"0,1,2,3,4,5,6,7,8,9,10,11,12,13,14,15,",-63.3935,60.6958,-64.6966,60.5283,-64.7336,62.6373,-63.4289,62.7114,1.76171875,0.0882556902395195,1.6123046875,1.88037109375,3608.0,180.747653610536,8
ch2_cla_l1_20250801T044858797_20250801T044906797.fits,/home/saurabh/moon_project/data/CLASS/ch2_cla_l1_2025_08/cla/data/calibrated/2025/08/01/ch2_cla_l1_20250801T044858797_20250801T044906797.fits,2025-08-01T04:48:58.797,2025-08-01T04:49:06.797,2025-08-01T04:49:02.797,8.0,-37.0,13.5,109.558,-64.4757,61.6048,-64.4698,61.6052,69.783,69.783,CLASS_add_scds.pro,2.1,449,1,"0,1,2,3,4,5,6,7,8,9,10,11,12,13,14,15,",-63.7964,60.6453,-65.0987,60.473,-65.1362,62.6117,-63.8321,62.6877,1.740478515625,0.0606070364629943,1.64501953125,1.83935546875,3564.5,124.12321067621248,8
ch2_cla_l1_20250801T044906797_20250801T044914797.fits,/home/saurabh/moon_project/data/CLASS/ch2_cla_l1_2025_08/cla/data/calibrated/2025/08/01/ch2_cla_l1_20250801T044906797_20250801T044914797.fits,2025-08-01T04:49:06.797,2025-08-01T04:49:14.797,2025-08-01T04:49:10.797,8.0,-37.0,13.5,109.447,-64.8784,61.565,-64.8726,61.5653,70.1213,70.1213,CLASS_add_scds.pro,2.1,450,1,"0,1,2,3,4,5,6,7,8,9,10,11,12,13,14,15,",-64.1994,60.5935,-65.5007,60.416,-65.5387,62.5852,-64.2357,62.6634,1.77996826171875,0.0517577713711721,1.7021484375,1.86376953125,3645.375,105.9999157681606,8
ch2_cla_l1_20250801T044914797_20250801T044922797.fits,/home/saurabh/moon_project/data/CLASS/ch2_cla_l1_2025_08/cla/data/calibrated/2025/08/01/ch2_cla_l1_20250801T044914797_20250801T044922797.fits,2025-08-01T04:49:14.797,2025-08-01T04:49:22.797,2025-08-01T04:49:18.797,8.0,-37.0,13.5,109.335,-65.2812,61.524,-65.2755,61.5243,70.46,70.46,CLASS_add_scds.pro,2.1,451,1,"0,1,2,3,4,5,6,7,8,9,10,11,12,13,14,15,",-64.6023,60.5401,-65.9026,60.3575,-65.9412,62.5584,-64.6391,62.6384,1.74127197265625,0.0417011606396651,1.67919921875,1.80810546875,3566.125,85.40397699003417,8
ch2_cla_l1_20250801T044922797_20250801T044930797.fits,/home/saurabh/moon_project/data/CLASS/ch2_cla_l1_2025_08/cla/data/calibrated/2025/08/01/ch2_cla_l1_20250801T044922797_20250801T044930797.fits,2025-08-01T04:49:22.797,2025-08-01T04:49:30.797,2025-08-01T04:49:26.797,8.0,-37.0,13.5,109.223,-65.684,61.4818,-65.6782,61.4823,70.799,70.799,CLASS_add_scds.pro,2.1,452,1,"0,1,2,3,4,5,6,7,8,9,10,11,12,13,14,15,",-65.0053,60.4854,-66.3047,60.2967,-66.3438,62.5305,-65.0426,62.6131,1.78338623046875,0.0604635271455007,1.6689453125,1.8603515625,3652.375,123.8293035939855,8
ch2_cla_l1_20250801T044930797_20250801T044938797.fits,/home/saurabh/moon_project/data/CLASS/ch2_cla_l1_2025_08/cla/data/calibrated/2025/08/01/ch2_cla_l1_20250801T044930797_20250801T044938797.fits,2025-08-01T04:49:30.797,2025-08-01T04:49:38.797,2025-08-01T04:49:34.797,8.0,-37.0,13.5,109.11,-66.0869,61.4383,-66.0812,61.4387,71.1383,71.1383,CLASS_add_scds.pro,2.1,453,1,"0,1,2,3,4,5,6,7,8,9,10,11,12,13,14,15,",-65.4083,60.4286,-66.7068,60.2341,-66.7465,62.5019,-65.4461,62.5867,1.74822998046875,0.0392147367418225,1.6875,1.79833984375,3580.375,80.31178084725268,8
ch2_cla_l1_20250801T044938797_20250801T044946797.fits,/home/saurabh/moon_project/data/CLASS/ch2_cla_l1_2025_08/cla/data/calibrated/2025/08/01/ch2_cla_l1_20250801T044938797_20250801T044946797.fits,2025-08-01T04:49:38.797,2025-08-01T04:49:46.797,2025-08-01T04:49:42.797,8.0,-37.0,13.5,108.996,-66.4898,61.3934,-66.4842,61.3939,71.4779,71.4779,CLASS_add_scds.pro,2.1,454,1,"0,1,2,3,4,5,6,7,8,9,10,11,12,13,14,15,",-65.8114,60.3702,-67.1089,60.1693,-67.1492,62.4723,-65.8497,62.5598,1.81671142578125,0.0391973619756466,1.76708984375,1.873046875,3720.625,80.27619732612436,8
ch2_cla_l1_20250801T044946797_20250801T044954797.fits,/home/saurabh/moon_project/data/CLASS/ch2_cla_l1_2025_08/cla/data/calibrated/2025/08/01/ch2_cla_l1_20250801T044946797_20250801T044954797.fits,2025-08-01T04:49:46.797,2025-08-01T04:49:54.797,2025-08-01T04:49:50.797,8.0,-37.0,13.5,108.883,-66.8927,61.347,-66.887,61.3476,71.8179,71.8179,CLASS_add_scds.pro,2.1,455,1,"0,1,2,3,4,5,6,7,8,9,10,11,12,13,14,15,",-66.2144,60.3098,-67.5109,60.1024,-67.5519,62.4419,-66.2534,62.5319,1.74884033203125,0.0393742248562659,1.68701171875,1.8017578125,3581.625,80.63841250563264,8
ch2_cla_l1_20250801T044954797_20250801T045002797.fits,/home/saurabh/moon_project/data/CLASS/ch2_cla_l1_2025_08/cla/data/calibrated/2025/08/01/ch2_cla_l1_20250801T044954797_20250801T045002797.fits,2025-08-01T04:49:54.797,2025-08-01T04:50:02.797,2025-08-01T04:49:58.797,8.0,-37.0,13.5,108.768,-67.2957,61.2992,-67.29,61.2998,72.1582,72.1582,CLASS_add_scds.pro,2.1,456,1,"0,1,2,3,4,5,6,7,8,9,10,11,12,13,14,15,",-66.6175,60.2476,-67.9129,60.0333,-67.9546,62.4106,-66.657,62.5034,1.8043212890625,0.0475529285479745,1.732421875,1.8798828125,3695.25,97.3883976662518,8
ch2_cla_l1_20250801T045002797_20250801T045010797.fits,/home/saurabh/moon_project/data/CLASS/ch2_cla_l1_2025_08/cla/data/calibrated/2025/08/01/ch2_cla_l1_20250801T045002797_20250801T045010797.fits,2025-08-01T04:50:02.797,2025-08-01T04:50:10.797,2025-08-01T04:50:06.797,8.0,-37.0,13.5,108.653,-67.6987,61.2497,-67.6931,61.2503,72.4987,72.4987,CLASS_add_scds.pro,2.1,457,1,"0,1,2,3,4,5,6,7,8,9,10,11,12,13,14,15,",-67.0205,60.1833,-68.3151,59.9615,-68.3575,62.3782,-67.0607,62.4741,1.753173828125,0.0478195216617659,1.6796875,1.82275390625,3590.5,97.9343803632966,8
ch2_cla_l1_20250801T045010797_20250801T045018797.fits,/home/saurabh/moon_project/data/CLASS/ch2_cla_l1_2025_08/cla/data/calibrated/2025/08/01/ch2_cla_l1_20250801T045010797_20250801T045018797.fits,2025-08-01T04:50:10.797,2025-08-01T04:50:18.797,2025-08-01T04:50:14.797,8.0,-37.0,13.5,108.538,-68.1018,61.1986,-68.0962,61.1991,72.8396,72.8396,CLASS_add_scds.pro,2.1,458,1,"0,1,2,3,4,5,6,7,8,9,10,11,12,13,14,15,",-67.4237,60.1167,-68.7173,59.8871,-68.7603,62.3446,-67.4645,62.4437,1.829345703125,0.0421742897947515,1.75927734375,1.88525390625,3746.5,86.3729454996512,8
ch2_cla_l1_20250801T045018797_20250801T045026797.fits,/home/saurabh/moon_project/data/CLASS/ch2_cla_l1_2025_08/cla/data/calibrated/2025/08/01/ch2_cla_l1_20250801T045018797_20250801T045026797.fits,2025-08-01T04:50:18.797,2025-08-01T04:50:26.797,2025-08-01T04:50:22.797,8.0,-36.9,13.5,108.422,-68.5049,61.1456,-68.4993,61.1462,73.1808,73.1808,CLASS_add_scds.pro,2.1,459,1,"0,1,2,3,4,5,6,7,8,9,10,11,12,13,14,15,",-67.8269,60.0477,-69.1193,59.8097,-69.1632,62.3097,-67.8684,62.4123,1.757080078125,0.0958020113667019,1.62353515625,1.91943359375,3598.5,196.20251927900563,8
ch2_cla_l1_20250801T045026797_20250801T045034797.fits,/home/saurabh/moon_project/data/CLASS/ch2_cla_l1_2025_08/cla/data/calibrated/2025/08/01/ch2_cla_l1_20250801T045026797_20250801T045034797.fits,2025-08-01T04:50:26.797,2025-08-01T04:50:34.797,2025-08-01T04:50:30.797,8.0,-36.9,13.5,108.306,-68.908,61.0908,-68.9023,61.0912,73.5223,73.5223,CLASS_add_scds.pro,2.1,460,1,"0,1,2,3,4,5,6,7,8,9,10,11,12,13,14,15,",-68.23,59.9762,-69.5215,59.7299,-69.5661,62.274,-68.2722,62.3798,1.8125,0.0798310512205544,1.6884765625,1.91650390625,3712.0,163.4939928996956,8
ch2_cla_l1_20250801T045034797_20250801T045042797.fits,/home/saurabh/moon_project/data/CLASS/ch2_cla_l1_2025_08/cla/data/calibrated/2025/08/01/ch2_cla_l1_20250801T045034797_20250801T045042797.fits,2025-08-01T04:50:34.797,2025-08-01T04:50:42.797,2025-08-01T04:50:38.797,8.0,-36.9,13.5,108.189,-69.3111,61.034,-69.3054,61.0344,73.864,73.864,CLASS_add_scds.pro,2.1,461,1,"0,1,2,3,4,5,6,7,8,9,10,11,12,13,14,15,",-68.6332,59.9024,-69.9236,59.6468,-69.9691,62.2369,-68.6761,62.3465,1.79058837890625,0.0837530708563362,1.671875,1.94091796875,3667.125,171.52628911377656,8
ch2_cla_l1_20250801T045042797_20250801T045050797.fits,/home/saurabh/moon_project/data/CLASS/ch2_cla_l1_2025_08/cla/data/calibrated/2025/08/01/ch2_cla_l1_20250801T045042797_20250801T045050797.fits,2025-08-01T04:50:42.797,2025-08-01T04:50:50.797,2025-08-01T04:50:46.797,8.0,-36.9,13.5,108.071,-69.7143,60.9751,-69.7086,60.9757,74.206,74.206,CLASS_add_scds.pro,2.1,462,1,"0,1,2,3,4,5,6,7,8,9,10,11,12,13,14,15,",-69.0364,59.8258,-70.3258,59.5606,-70.3721,62.1986,-69.08,62.312,1.8214111328125,0.0661985852807767,1.7109375,1.9013671875,3730.25,135.57470265503073,8
ch2_cla_l1_20250801T045050797_20250801T045058797.fits,/home/saurabh/moon_project/data/CLASS/ch2_cla_l1_2025_08/cla/data/calibrated/2025/08/01/ch2_cla_l1_20250801T045050797_20250801T045058797.fits,2025-08-01T04:50:50.797,2025-08-01T04:50:58.797,2025-08-01T04:50:54.797,8.0,-36.9,13.5,107.953,-70.1175,60.9139,-70.112,60.9146,74.5483,74.5483,CLASS_add_scds.pro,2.1,463,1,"0,1,2,3,4,5,6,7,8,9,10,11,12,13,14,15,",-69.4396,59.7464,-70.728,59.471,-70.7752,62.1589,-69.484,62.2765,1.79229736328125,0.0569284950446604,1.6904296875,1.8525390625,3670.625,116.58955785146456,8
ch2_cla_l1_20250801T045058797_20250801T045106797.fits,/home/saurabh/moon_project/data/CLASS/ch2_cla_l1_2025_08/cla/data/calibrated/2025/08/01/ch2_cla_l1_20250801T045058797_20250801T045106797.fits,2025-08-01T04:50:58.797,2025-08-01T04:51:06.797,2025-08-01T04:51:02.797,8.0,-36.9,13.5,107.835,-70.5207,60.8503,-70.5152,60.8511,74.8908,74.8908,CLASS_add_scds.pro,2.1,464,1,"0,1,2,3,4,5,6,7,8,9,10,11,12,13,14,15,",-69.843,59.6639,-71.1303,59.3772,-71.1783,62.1172,-69.8881,62.2395,1.82061767578125,0.0606637345565621,1.7265625,1.9169921875,3728.625,124.2393283718393,8
ch2_cla_l1_20250801T064248395_20250801T064256395.fits,/home/saurabh/moon_project/data/CLASS/ch2_cla_l1_2025_08/cla/data/calibrated/2025/08/01/ch2_cla_l1_20250801T064248395_20250801T064256395.fits,2025-08-01T06:42:48.395,2025-08-01T06:42:56.395,2025-08-01T06:42:52.395,8.0,-37.0,13.5,113.042,-52.8775,61.3342,-52.8717,61.3344,60.2361,60.2361,CLASS_add_scds.pro,2.1,420,1,"0,1,2,3,4,5,6,7,8,9,10,11,12,13,14,15,",-52.1902,60.6081,-53.5205,60.5196,-53.5482,62.0828,-52.217,62.1261,1.81170654296875,0.0612203871761845,1.7197265625,1.90673828125,3710.375,125.37935293682584,8
ch2_cla_l1_20250801T064256395_20250801T064304395.fits,/home/saurabh/moon_project/data/CLASS/ch2_cla_l1_2025_08/cla/data/calibrated/2025/08/01/ch2_cla_l1_20250801T064256395_20250801T064304395.fits,2025-08-01T06:42:56.395,2025-08-01T06:43:04.395,2025-08-01T06:43:00.395,8.0,-36.9,13.5,112.949,-53.2789,61.3132,-53.2731,61.3134,60.5608,60.5608,CLASS_add_scds.pro,2.1,421,1,"0,1,2,3,4,5,6,7,8,9,10,11,12,13,14,15,",-52.5916,60.5816,-53.9214,60.4912,-53.9494,62.0681,-52.6187,62.1121,1.83892822265625,0.0547562381278661,1.77001953125,1.93359375,3766.125,112.1407756858698,8
ch2_cla_l1_20250801T064312395_20250801T064320395.fits,/home/saurabh/moon_project/data/CLASS/ch2_cla_l1_2025_08/cla/data/calibrated/2025/08/01/ch2_cla_l1_20250801T064312395_20250801T064320395.fits,2025-08-01T06:43:12.395,2025-08-01T06:43:20.395,2025-08-01T06:43:16.395,8.0,-36.9,13.5,112.759,-54.0818,61.2702,-54.0761,61.2704,61.2119,61.2119,CLASS_add_scds.pro,2.1,423,1,"0,1,2,3,4,5,6,7,8,9,10,11,12,13,14,15,",-53.3951,60.5266,-54.7232,60.4327,-54.7517,62.0379,-53.4227,62.0833,1.71600341796875,0.0602858229002106,1.6083984375,1.79296875,3514.375,123.46536529963142,8
ch2_cla_l1_20250801T064328395_20250801T064336395.fits,/home/saurabh/moon_project/data/CLASS/ch2_cla_l1_2025_08/cla/data/calibrated/2025/08/01/ch2_cla_l1_20250801T064328395_20250801T064336395.fits,2025-08-01T06:43:28.395,2025-08-01T06:43:36.395,2025-08-01T06:43:32.395,8.0,-36.8,13.5,112.566,-54.8848,61.2254,-54.8792,61.2255,61.8652,61.8652,CLASS_add_scds.pro,2.1,425,1,"0,1,2,3,4,5,6,7,8,9,10,11,12,13,14,15,",-54.1984,60.4697,-55.5251,60.3717,-55.5541,62.0066,-54.2265,62.0537,1.75567626953125,0.0442980460936968,1.69580078125,1.80517578125,3595.625,90.72239839989116,8
ch2_cla_l1_20250801T064344395_20250801T064352395.fits,/home/saurabh/moon_project/data/CLASS/ch2_cla_l1_2025_08/cla/data/calibrated/2025/08/01/ch2_cla_l1_20250801T064344395_20250801T064352395.fits,2025-08-01T06:43:44.395,2025-08-01T06:43:52.395,2025-08-01T06:43:48.395,8.0,-36.8,13.5,112.371,-55.688,61.179,-55.6822,61.1793,62.5207,62.5207,CLASS_add_scds.pro,2.1,427,1,"0,1,2,3,4,5,6,7,8,9,10,11,12,13,14,15,",-55.002,60.4104,-56.3271,60.3083,-56.3567,61.9745,-55.0307,62.0232,1.7574462890625,0.0562706500704615,1.67626953125,1.85302734375,3599.25,115.24229134430516,8
ch2_cla_l1_20250801T064400395_20250801T064408395.fits,/home/saurabh/moon_project/data/CLASS/ch2_cla_l1_2025_08/cla/data/calibrated/2025/08/01/ch2_cla_l1_20250801T064400395_20250801T064408395.fits,2025-08-01T06:44:00.395,2025-08-01T06:44:08.395,2025-08-01T06:44:04.395,8.0,-36.8,13.5,112.174,-56.4914,61.1307,-56.4856,61.131,63.1783,63.1783,CLASS_add_scds.pro,2.1,429,1,"0,1,2,3,4,5,6,7,8,9,10,11,12,13,14,15,",-55.8057,60.3485,-57.1295,60.2418,-57.1596,61.9409,-55.835,61.9915,1.77642822265625,0.0536058462935012,1.693359375,1.86328125,3638.125,109.78477320909047,8
ch2_cla_l1_20250801T064416395_20250801T064424395.fits,/home/saurabh/moon_project/data/CLASS/ch2_cla_l1_2025_08/cla/data/calibrated/2025/08/01/ch2_cla_l1_20250801T064416395_20250801T064424395.fits,2025-08-01T06:44:16.395,2025-08-01T06:44:24.395,2025-08-01T06:44:20.395,8.0,-36.7,13.5,111.973,-57.2949,61.0804,-57.2891,61.0806,63.8379,63.8379,CLASS_add_scds.pro,2.1,431,1,"0,1,2,3,4,5,6,7,8,9,10,11,12,13,14,15,",-56.6098,60.2837,-57.9317,60.1727,-57.9625,61.9064,-56.6396,61.9585,1.7630615234375,0.0862005591999308,1.640625,1.88232421875,3610.75,176.53874524145846,8
ch2_cla_l1_20250801T064424395_20250801T064432395.fits,/home/saurabh/moon_project/data/CLASS/ch2_cla_l1_2025_08/cla/data/calibrated/2025/08/01/ch2_cla_l1_20250801T064424395_20250801T064432395.fits,2025-08-01T06:44:24.395,2025-08-01T06:44:32.395,2025-08-01T06:44:28.395,8.0,-36.7,13.5,111.872,-57.6967,61.0545,-57.6909,61.0548,64.1684,64.1684,CLASS_add_scds.pro,2.1,432,1,"0,1,2,3,4,5,6,7,8,9,10,11,12,13,14,15,",-57.0119,60.2504,-58.333,60.1368,-58.3641,61.8886,-57.0419,61.9418,1.72637939453125,0.0727527066037689,1.6279296875,1.84033203125,3535.625,148.99754312451887,8
ch2_cla_l1_20250801T064432395_20250801T064440395.fits,/home/saurabh/moon_project/data/CLASS/ch2_cla_l1_2025_08/cla/data/calibrated/2025/08/01/ch2_cla_l1_20250801T064432395_20250801T064440395.fits,2025-08-01T06:44:32.395,2025-08-01T06:44:40.395,2025-08-01T06:44:36.395,8.0,-36.7,13.5,111.77,-58.0985,61.028,-58.0927,61.0283,64.4994,64.4994,CLASS_add_scds.pro,2.1,433,1,"0,1,2,3,4,5,6,7,8,9,10,11,12,13,14,15,",-57.414,60.2163,-58.7342,60.1001,-58.7656,61.8704,-57.4443,61.9247,1.7523193359375,0.0585022711772922,1.64990234375,1.8369140625,3588.75,119.81265137109447,8
ch2_cla_l1_20250801T064440395_20250801T064448395.fits,/home/saurabh/moon_project/data/CLASS/ch2_cla_l1_2025_08/cla/data/calibrated/2025/08/01/ch2_cla_l1_20250801T064440395_20250801T064448395.fits,2025-08-01T06:44:40.395,2025-08-01T06:44:48.395,2025-08-01T06:44:44.395,8.0,-36.6,13.5,111.668,-58.5004,61.0009,-58.4948,61.0011,64.8309,64.8309,CLASS_add_scds.pro,2.1,434,1,"0,1,2,3,4,5,6,7,8,9,10,11,12,13,14,15,",-57.8161,60.1814,-59.1354,60.0627,-59.1672,61.852,-57.8467,61.9072,1.7347412109375,0.0539373209558352,1.650390625,1.8203125,3552.75,110.46363331755065,8
ch2_cla_l1_20250801T064448395_20250801T064456395.fits,/home/saurabh/moon_project/data/CLASS/ch2_cla_l1_2025_08/cla/data/calibrated/2025/08/01/ch2_cla_l1_20250801T064448395_20250801T064456395.fits,2025-08-01T06:44:48.395,2025-08-01T06:44:56.395,2025-08-01T06:44:52.395,8.0,-36.6,13.5,111.564,-58.9023,60.9733,-58.8965,60.9737,65.1629,65.1629,CLASS_add_scds.pro,2.1,435,1,"0,1,2,3,4,5,6,7,8,9,10,11,12,13,14,15,",-58.2181,60.146,-59.5367,60.0242,-59.5689,61.8331,-58.2491,61.8896,1.77276611328125,0.0580318208583183,1.67626953125,1.8603515625,3630.625,118.84916911783608,8
ch2_cla_l1_20250801T064456395_20250801T064504395.fits,/home/saurabh/moon_project/data/CLASS/ch2_cla_l1_2025_08/cla/data/calibrated/2025/08/01/ch2_cla_l1_20250801T064456395_20250801T064504395.fits,2025-08-01T06:44:56.395,2025-08-01T06:45:04.395,2025-08-01T06:45:00.395,8.0,-36.5,13.5,111.461,-59.3043,60.945,-59.2986,60.9453,65.4953,65.4953,CLASS_add_scds.pro,2.1,436,1,"0,1,2,3,4,5,6,7,8,9,10,11,12,13,14,15,",-58.6203,60.1094,-59.938,59.985,-59.9705,61.814,-58.6517,61.8714,1.748046875,0.0752197678808584,1.65576171875,1.88818359375,3580.0,154.0500846199981,8
ch2_cla_l1_20250801T064504395_20250801T064512395.fits,/home/saurabh/moon_project/data/CLASS/ch2_cla_l1_2025_08/cla/data/calibrated/2025/08/01/ch2_cla_l1_20250801T064504395_20250801T064512395.fits,2025-08-01T06:45:04.395,2025-08-01T06:45:12.395,2025-08-01T06:45:08.395,8.0,-36.5,13.5,111.356,-59.7063,60.916,-59.7005,60.9165,65.8281,65.8281,CLASS_add_scds.pro,2.1,437,1,"0,1,2,3,4,5,6,7,8,9,10,11,12,13,14,15,",-59.0225,60.0722,-60.3394,59.9445,-60.3722,61.7943,-59.0542,61.8531,1.7581787109375,0.0483850925150585,1.69091796875,1.82666015625,3600.75,99.09266947084,8
ch2_cla_l1_20250801T064512395_20250801T064520395.fits,/home/saurabh/moon_project/data/CLASS/ch2_cla_l1_2025_08/cla/data/calibrated/2025/08/01/ch2_cla_l1_20250801T064512395_20250801T064520395.fits,2025-08-01T06:45:12.395,2025-08-01T06:45:20.395,2025-08-01T06:45:16.395,8.0,-36.5,13.5,111.251,-60.1083,60.8864,-60.1025,60.8869,66.1614,66.1614,CLASS_add_scds.pro,2.1,438,1,"0,1,2,3,4,5,6,7,8,9,10,11,12,13,14,15,",-59.4248,60.0339,-60.7407,59.9031,-60.774,61.7741,-59.4568,61.8342,1.77215576171875,0.0621474746419889,1.68359375,1.86376953125,3629.375,127.27802806679333,8
ch2_cla_l1_20250801T064520395_20250801T064528395.fits,/home/saurabh/moon_project/data/CLASS/ch2_cla_l1_2025_08/cla/data/calibrated/2025/08/01/ch2_cla_l1_20250801T064520395_20250801T064528395.fits,2025-08-01T06:45:20.395,2025-08-01T06:45:28.395,2025-08-01T06:45:24.395,8.0,-36.5,13.5,111.146,-60.5104,60.856,-60.5047,60.8564,66.4951,66.4951,CLASS_add_scds.pro,2.1,439,1,"0,1,2,3,4,5,6,7,8,9,10,11,12,13,14,15,",-59.8271,59.9947,-61.1422,59.8606,-61.1758,61.7536,-59.8594,61.815,1.7738037109375,0.048270215287111,1.7060546875,1.8427734375,3632.75,98.8574009080034,8
ch2_cla_l1_20250801T064528395_20250801T064536395.fits,/home/saurabh/moon_project/data/CLASS/ch2_cla_l1_2025_08/cla/data/calibrated/2025/08/01/ch2_cla_l1_20250801T064528395_20250801T064536395.fits,2025-08-01T06:45:28.395,2025-08-01T06:45:36.395,2025-08-01T06:45:32.395,8.0,-36.5,13.5,111.039,-60.9125,60.8249,-60.9069,60.8252,66.8292,66.8292,CLASS_add_scds.pro,2.1,440,1,"0,1,2,3,4,5,6,7,8,9,10,11,12,13,14,15,",-60.2294,59.9545,-61.5437,59.817,-61.5777,61.7325,-60.2621,61.7953,1.7696533203125,0.0792206367532408,1.64306640625,1.869140625,3624.25,162.24386407063727,8
ch2_cla_l1_20250801T064536395_20250801T064544395.fits,/home/saurabh/moon_project/data/CLASS/ch2_cla_l1_2025_08/cla/data/calibrated/2025/08/01/ch2_cla_l1_20250801T064536395_20250801T064544395.fits,2025-08-01T06:45:36.395,2025-08-01T06:45:44.395,2025-08-01T06:45:40.395,8.0,-36.5,13.5,110.932,-61.3147,60.7931,-61.309,60.7935,67.1637,67.1637,CLASS_add_scds.pro,2.1,441,1,"0,1,2,3,4,5,6,7,8,9,10,11,12,13,14,15,",-60.6318,59.9132,-61.9451,59.7721,-61.9796,61.7109,-60.6649,61.7751,1.76300048828125,0.0572803989906411,1.6767578125,1.85498046875,3610.625,117.31025713283314,8
ch2_cla_l1_20250801T064544395_20250801T064552395.fits,/home/saurabh/moon_project/data/CLASS/ch2_cla_l1_2025_08/cla/data/calibrated/2025/08/01/ch2_cla_l1_20250801T064544395_20250801T064552395.fits,2025-08-01T06:45:44.395,2025-08-01T06:45:52.395,2025-08-01T06:45:48.395,8.0,-36.4,13.5,110.825,-61.7169,60.7605,-61.7112,60.7606,67.4987,67.4987,CLASS_add_scds.pro,2.1,442,1,"0,1,2,3,4,5,6,7,8,9,10,11,12,13,14,15,",-61.0342,59.8708,-62.3466,59.7262,-62.3815,61.689,-61.0677,61.7545,1.79144287109375,0.0692747218115862,1.662109375,1.88720703125,3668.875,141.87463027012868,8
ch2_cla_l1_20250801T064552395_20250801T064600395.fits,/home/saurabh/moon_project/data/CLASS/ch2_cla_l1_2025_08/cla/data/calibrated/2025/08/01/ch2_cla_l1_20250801T064552395_20250801T064600395.fits,2025-08-01T06:45:52.395,2025-08-01T06:46:00.395,2025-08-01T06:45:56.395,8.0,-36.4,13.5,110.717,-62.1192,60.727,-62.1135,60.7272,67.834,67.834,CLASS_add_scds.pro,2.1,443,1,"0,1,2,3,4,5,6,7,8,9,10,11,12,13,14,15,",-61.4366,59.8276,-62.7481,59.6792,-62.7835,61.6666,-61.4705,61.7336,1.78631591796875,0.0535718429640228,1.70361328125,1.87060546875,3658.375,109.7151343903188,8
ch2_cla_l1_20250801T064600395_20250801T064608395.fits,/home/saurabh/moon_project/data/CLASS/ch2_cla_l1_2025_08/cla/data/calibrated/2025/08/01/ch2_cla_l1_20250801T064600395_20250801T064608395.fits,2025-08-01T06:46:00.395,2025-08-01T06:46:08.395,2025-08-01T06:46:04.395,8.0,-36.4,13.5,110.608,-62.5214,60.6926,-62.5158,60.6929,68.1697,68.1697,CLASS_add_scds.pro,2.1,444,1,"0,1,2,3,4,5,6,7,8,9,10,11,12,13,14,15,",-61.839,59.7832,-63.1498,59.6306,-63.1856,61.6435,-61.8733,61.7124,1.7945556640625,0.0657323413531578,1.7021484375,1.9052734375,3675.25,134.61983509126728,8
ch2_cla_l1_20250801T064608395_20250801T064616395.fits,/home/saurabh/moon_project/data/CLASS/ch2_cla_l1_2025_08/cla/data/calibrated/2025/08/01/ch2_cla_l1_20250801T064608395_20250801T064616395.fits,2025-08-01T06:46:08.395,2025-08-01T06:46:16.395,2025-08-01T06:46:12.395,8.0,-36.4,13.5,110.498,-62.9238,60.6574,-62.9181,60.6577,68.5059,68.5059,CLASS_add_scds.pro,2.1,445,1,"0,1,2,3,4,5,6,7,8,9,10,11,12,13,14,15,",-62.2416,59.7375,-63.5513,59.5807,-63.5875,61.6199,-62.2764,61.6904,1.7744140625,0.0857768352800932,1.6533203125,1.89697265625,3634.0,175.67095865363095,8
ch2_cla_l1_20250801T064616395_20250801T064624395.fits,/home/saurabh/moon_project/data/CLASS/ch2_cla_l1_2025_08/cla/data/calibrated/2025/08/01/ch2_cla_l1_20250801T064616395_20250801T064624395.fits,2025-08-01T06:46:16.395,2025-08-01T06:46:24.395,2025-08-01T06:46:20.395,8.0,-36.4,13.5,110.389,-63.3261,60.6211,-63.3204,60.6215,68.8423,68.8423,CLASS_add_scds.pro,2.1,446,1,"0,1,2,3,4,5,6,7,8,9,10,11,12,13,14,15,",-62.6441,59.6905,-63.953,59.5293,-63.9898,61.5956,-62.6792,61.6679,1.82763671875,0.0680792850883464,1.72021484375,1.923828125,3743.0,139.42637586093346,8
ch2_cla_l1_20250801T064624395_20250801T064632395.fits,/home/saurabh/moon_project/data/CLASS/ch2_cla_l1_2025_08/cla/data/calibrated/2025/08/01/ch2_cla_l1_20250801T064624395_20250801T064632395.fits,2025-08-01T06:46:24.395,2025-08-01T06:46:32.395,2025-08-01T06:46:28.395,8.0,-36.4,13.5,110.278,-63.7285,60.5839,-63.7229,60.5843,69.1792,69.1792,CLASS_add_scds.pro,2.1,447,1,"0,1,2,3,4,5,6,7,8,9,10,11,12,13,14,15,",-63.0468,59.6421,-64.3547,59.4765,-64.3919,61.5709,-63.0824,61.6448,1.763671875,0.0582836848100655,1.67626953125,1.85302734375,3612.0,119.3649864910142,8
ch2_cla_l1_20250801T064632395_20250801T064640395.fits,/home/saurabh/moon_project/data/CLASS/ch2_cla_l1_2025_08/cla/data/calibrated/2025/08/01/ch2_cla_l1_20250801T064632395_20250801T064640395.fits,2025-08-01T06:46:32.395,2025-08-01T06:46:40.395,2025-08-01T06:46:36.395,8.0,-36.4,13.5,110.167,-64.131,60.5457,-64.1252,60.546,69.5164,69.5164,CLASS_add_scds.pro,2.1,448,1,"0,1,2,3,4,5,6,7,8,9,10,11,12,13,14,15,",-63.4494,59.5927,-64.7563,59.422,-64.794,61.5452,-63.4854,61.6214,1.81707763671875,0.0665819104737902,1.72998046875,1.91015625,3721.375,136.35975265032252,8
ch2_cla_l1_20250801T064640395_20250801T064648395.fits,/home/saurabh/moon_project/data/CLASS/ch2_cla_l1_2025_08/cla/data/calibrated/2025/08/01/ch2_cla_l1_20250801T064640395_20250801T064648395.fits,2025-08-01T06:46:40.395,2025-08-01T06:46:48.395,2025-08-01T06:46:44.395,8.0,-36.4,13.5,110.055,-64.5335,60.5063,-64.5278,60.5067,69.854,69.854,CLASS_add_scds.pro,2.1,449,1,"0,1,2,3,4,5,6,7,8,9,10,11,12,13,14,15,",-63.852,59.5414,-65.158,59.366,-65.1963,61.5192,-63.8885,61.5971,1.78485107421875,0.0644900723861667,1.677734375,1.865234375,3655.375,132.07566824686953,8
ch2_cla_l1_20250801T064648395_20250801T064656395.fits,/home/saurabh/moon_project/data/CLASS/ch2_cla_l1_2025_08/cla/data/calibrated/2025/08/01/ch2_cla_l1_20250801T064648395_20250801T064656395.fits,2025-08-01T06:46:48.395,2025-08-01T06:46:56.395,2025-08-01T06:46:52.395,8.0,-36.4,13.5,109.943,-64.936,60.4658,-64.9302,60.4662,70.1919,70.1919,CLASS_add_scds.pro,2.1,450,1,"0,1,2,3,4,5,6,7,8,9,10,11,12,13,14,15,",-64.2546,59.4891,-65.5598,59.308,-65.5986,61.4921,-64.2917,61.5725,1.8516845703125,0.0599889406729313,1.7509765625,1.92578125,3792.25,122.8573504981634,8
ch2_cla_l1_20250801T064656395_20250801T064704395.fits,/home/saurabh/moon_project/data/CLASS/ch2_cla_l1_2025_08/cla/data/calibrated/2025/08/01/ch2_cla_l1_20250801T064656395_20250801T064704395.fits,2025-08-01T06:46:56.395,2025-08-01T06:47:04.395,2025-08-01T06:47:00.395,8.0,-36.3,13.5,109.83,-65.3385,60.4241,-65.3329,60.4246,70.5302,70.5302,CLASS_add_scds.pro,2.1,451,1,"0,1,2,3,4,5,6,7,8,9,10,11,12,13,14,15,",-64.6574,59.4347,-65.9614,59.2487,-66.0008,61.4648,-64.6949,61.5468,1.76959228515625,0.0450509154937271,1.70654296875,1.83544921875,3624.125,92.26427493115322,8
ch2_cla_l1_20250801T064704395_20250801T064712395.fits,/home/saurabh/moon_project/data/CLASS/ch2_cla_l1_2025_08/cla/data/calibrated/2025/08/01/ch2_cla_l1_20250801T064704395_20250801T064712395.fits,2025-08-01T06:47:04.395,2025-08-01T06:47:12.395,2025-08-01T06:47:08.395,8.0,-36.2,13.5,109.717,-65.7411,60.3812,-65.7354,60.3816,70.8688,70.8688,CLASS_add_scds.pro,2.1,452,1,"0,1,2,3,4,5,6,7,8,9,10,11,12,13,14,15,",-65.06,59.3794,-66.3632,59.1869,-66.4032,61.436,-65.0981,61.5211,1.840087890625,0.0416264112471412,1.77197265625,1.8916015625,3768.5,85.25089023414527,8
ch2_cla_l1_20250801T064712395_20250801T064720395.fits,/home/saurabh/moon_project/data/CLASS/ch2_cla_l1_2025_08/cla/data/calibrated/2025/08/01/ch2_cla_l1_20250801T064712395_20250801T064720395.fits,2025-08-01T06:47:12.395,2025-08-01T06:47:20.395,2025-08-01T06:47:16.395,8.0,-36.3,13.5,109.603,-66.1438,60.3369,-66.1381,60.3374,71.2077,71.2077,CLASS_add_scds.pro,2.1,453,1,"0,1,2,3,4,5,6,7,8,9,10,11,12,13,14,15,",-65.4628,59.3216,-66.7651,59.1233,-66.8057,61.4067,-65.5015,61.494,1.8011474609375,0.0430224194933056,1.73779296875,1.85546875,3688.75,88.10991512228998,8
ch2_cla_l1_20250801T064720395_20250801T064728395.fits,/home/saurabh/moon_project/data/CLASS/ch2_cla_l1_2025_08/cla/data/calibrated/2025/08/01/ch2_cla_l1_20250801T064720395_20250801T064728395.fits,2025-08-01T06:47:20.395,2025-08-01T06:47:28.395,2025-08-01T06:47:24.395,8.0,-36.2,13.5,109.488,-66.5464,60.2912,-66.5408,60.2917,71.547,71.547,CLASS_add_scds.pro,2.1,454,1,"0,1,2,3,4,5,6,7,8,9,10,11,12,13,14,15,",-65.8657,59.2623,-67.1669,59.0575,-67.2082,61.3764,-65.9049,61.4664,1.734619140625,0.0501074046097135,1.64453125,1.8017578125,3552.5,102.6199646406933,8
ch2_cla_l1_20250801T064736395_20250801T064744395.fits,/home/saurabh/moon_project/data/CLASS/ch2_cla_l1_2025_08/cla/data/calibrated/2025/08/01/ch2_cla_l1_20250801T064736395_20250801T064744395.fits,2025-08-01T06:47:36.395,2025-08-01T06:47:44.395,2025-08-01T06:47:40.395,8.0,-36.2,13.5,109.258,-67.3519,60.1953,-67.3463,60.1958,72.2265,72.2265,CLASS_add_scds.pro,2.1,456,1,"0,1,2,3,4,5,6,7,8,9,10,11,12,13,14,15,",-66.6714,59.1378,-67.9707,58.9192,-68.0132,61.3132,-66.7118,61.4087,1.7186279296875,0.0566897625431832,1.6318359375,1.8095703125,3519.75,116.1006336884392,8
ch2_cla_l1_20250801T064744395_20250801T064752395.fits,/home/saurabh/moon_project/data/CLASS/ch2_cla_l1_2025_08/cla/data/calibrated/2025/08/01/ch2_cla_l1_20250801T064744395_20250801T064752395.fits,2025-08-01T06:47:44.395,2025-08-01T06:47:52.395,2025-08-01T06:47:48.395,8.0,-36.2,13.5,109.141,-67.7547,60.1449,-67.7491,60.1455,72.5667,72.5667,CLASS_add_scds.pro,2.1,457,1,"0,1,2,3,4,5,6,7,8,9,10,11,12,13,14,15,",-67.0743,59.0724,-68.3726,58.8464,-68.4158,61.28,-67.1153,61.3786,1.71533203125,0.0563881041576365,1.619140625,1.7822265625,3513.0,115.4828373148396,8
ch2_cla_l1_20250801T064808395_20250801T064816395.fits,/home/saurabh/moon_project/data/CLASS/ch2_cla_l1_2025_08/cla/data/calibrated/2025/08/01/ch2_cla_l1_20250801T064808395_20250801T064816395.fits,2025-08-01T06:48:08.395,2025-08-01T06:48:16.395,2025-08-01T06:48:12.395,8.0,-36.2,13.5,108.79,-68.9632,59.9831,-68.9576,59.9835,73.589,73.589,CLASS_add_scds.pro,2.1,460,1,"0,1,2,3,4,5,6,7,8,9,10,11,12,13,14,15,",-68.283,58.8623,-69.5781,58.6112,-69.6237,61.1734,-68.3261,61.2822,1.7276611328125,0.0832932125876705,1.60595703125,1.84619140625,3538.25,170.5844993795492,8
ch2_cla_l1_20250801T064816395_20250801T064824395.fits,/home/saurabh/moon_project/data/CLASS/ch2_cla_l1_2025_08/cla/data/calibrated/2025/08/01/ch2_cla_l1_20250801T064816395_20250801T064824395.fits,2025-08-01T06:48:16.395,2025-08-01T06:48:24.395,2025-08-01T06:48:20.395,8.0,-36.2,13.5,108.672,-69.3661,59.9252,-69.3606,59.9256,73.9304,73.9304,CLASS_add_scds.pro,2.1,461,1,"0,1,2,3,4,5,6,7,8,9,10,11,12,13,14,15,",-68.6859,58.7874,-69.98,58.5267,-70.0265,61.1353,-68.7297,61.2482,1.72357177734375,0.0937105504549686,1.59521484375,1.88818359375,3529.875,191.9192073317758,8
ch2_cla_l1_20250801T064832395_20250801T064840395.fits,/home/saurabh/moon_project/data/CLASS/ch2_cla_l1_2025_08/cla/data/calibrated/2025/08/01/ch2_cla_l1_20250801T064832395_20250801T064840395.fits,2025-08-01T06:48:32.395,2025-08-01T06:48:40.395,2025-08-01T06:48:36.395,8.0,-36.2,13.5,108.434,-70.1721,59.8029,-70.1666,59.8037,74.6139,74.6139,CLASS_add_scds.pro,2.1,463,1,"0,1,2,3,4,5,6,7,8,9,10,11,12,13,14,15,",-69.4919,58.6289,-70.784,58.3478,-70.8322,61.0552,-69.5373,61.1763,1.74139404296875,0.0581742665916899,1.67578125,1.83740234375,3566.375,119.14089797978096,8
ch2_cla_l1_20250801T064840395_20250801T064848395.fits,/home/saurabh/moon_project/data/CLASS/ch2_cla_l1_2025_08/cla/data/calibrated/2025/08/01/ch2_cla_l1_20250801T064840395_20250801T064848395.fits,2025-08-01T06:48:40.395,2025-08-01T06:48:48.395,2025-08-01T06:48:44.395,8.0,-36.2,13.5,108.314,-70.5751,59.7381,-70.5696,59.7389,74.9561,74.9561,CLASS_add_scds.pro,2.1,464,1,"0,1,2,3,4,5,6,7,8,9,10,11,12,13,14,15,",-69.8951,58.5449,-71.1861,58.2525,-71.2352,61.0125,-69.9412,61.1384,1.73016357421875,0.0576348820225772,1.63916015625,1.8125,3543.375,118.03623838223824,8
ch2_cla_l1_20250801T202621221_20250801T202629221.fits,/home/saurabh/moon_project/data/CLASS/ch2_cla_l1_2025_08/cla/data/calibrated/2025/08/01/ch2_cla_l1_20250801T202621221_20250801T202629221.fits,2025-08-01T20:26:21.221,2025-08-01T20:26:29.221,2025-08-01T20:26:25.221,8.0,-37.3,13.5,114.171,-52.3992,53.8717,-52.3944,53.8722,60.0312,60.0312,CLASS_add_scds.pro,2.1,419,1,"0,1,2,3,4,5,6,7,8,9,10,11,12,13,14,15,",-51.7074,53.1483,-53.0466,53.0564,-53.0763,54.6178,-51.7362,54.6649,1.88714599609375,0.0370381180256063,1.830078125,1.943359375,3864.875,75.8540657164419,8
ch2_cla_l1_20250801T202629221_20250801T202637221.fits,/home/saurabh/moon_project/data/CLASS/ch2_cla_l1_2025_08/cla/data/calibrated/2025/08/01/ch2_cla_l1_20250801T202629221_20250801T202637221.fits,2025-08-01T20:26:29.221,2025-08-01T20:26:37.221,2025-08-01T20:26:33.221,8.0,-37.3,13.5,114.073,-52.8001,53.8499,-52.7955,53.8502,60.3531,60.3531,CLASS_add_scds.pro,2.1,420,1,"0,1,2,3,4,5,6,7,8,9,10,11,12,13,14,15,",-52.1085,53.121,-53.4471,53.0273,-53.477,54.602,-52.1375,54.6499,1.78411865234375,0.0846820381506676,1.6845703125,1.94921875,3653.875,173.42881413256728,8
ch2_cla_l1_20250801T202637221_20250801T202645221.fits,/home/saurabh/moon_project/data/CLASS/ch2_cla_l1_2025_08/cla/data/calibrated/2025/08/01/ch2_cla_l1_20250801T202637221_20250801T202645221.fits,2025-08-01T20:26:37.221,2025-08-01T20:26:45.221,2025-08-01T20:26:41.221,8.0,-37.3,13.5,113.973,-53.201,53.8277,-53.1963,53.8281,60.6756,60.6756,CLASS_add_scds.pro,2.1,421,1,"0,1,2,3,4,5,6,7,8,9,10,11,12,13,14,15,",-52.5098,53.0929,-53.8475,52.9977,-53.8776,54.5861,-52.539,54.6344,1.75201416015625,0.0555810524507979,1.66064453125,1.82763671875,3588.125,113.82999541923412,8
ch2_cla_l1_20250801T202645221_20250801T202653221.fits,/home/saurabh/moon_project/data/CLASS/ch2_cla_l1_2025_08/cla/data/calibrated/2025/08/01/ch2_cla_l1_20250801T202645221_20250801T202653221.fits,2025-08-01T20:26:45.221,2025-08-01T20:26:53.221,2025-08-01T20:26:49.221,8.0,-37.3,13.5,113.873,-53.602,53.805,-53.5973,53.8054,60.9987,60.9987,CLASS_add_scds.pro,2.1,422,1,"0,1,2,3,4,5,6,7,8,9,10,11,12,13,14,15,",-52.911,53.0646,-54.2478,52.9675,-54.2782,54.5697,-52.9404,54.619,1.72808837890625,0.0536179170532484,1.62841796875,1.8037109375,3539.125,109.80949412505278,8
ch2_cla_l1_20250801T202653221_20250801T202701221.fits,/home/saurabh/moon_project/data/CLASS/ch2_cla_l1_2025_08/cla/data/calibrated/2025/08/01/ch2_cla_l1_20250801T202653221_20250801T202701221.fits,2025-08-01T20:26:53.221,2025-08-01T20:27:01.221,2025-08-01T20:26:57.221,8.0,-37.3,13.5,113.773,-54.003,53.782,-53.9982,53.7824,61.3223,61.3223,CLASS_add_scds.pro,2.1,423,1,"0,1,2,3,4,5,6,7,8,9,10,11,12,13,14,15,",-53.3122,53.0357,-54.6483,52.9366,-54.679,54.5532,-53.3419,54.6033,1.76788330078125,0.0590874715594991,1.6689453125,1.8583984375,3620.625,121.01114175385436,8
ch2_cla_l1_20250801T202701221_20250801T202709221.fits,/home/saurabh/moon_project/data/CLASS/ch2_cla_l1_2025_08/cla/data/calibrated/2025/08/01/ch2_cla_l1_20250801T202701221_20250801T202709221.fits,2025-08-01T20:27:01.221,2025-08-01T20:27:09.221,2025-08-01T20:27:05.221,8.0,-37.3,13.5,113.671,-54.404,53.7585,-54.3995,53.7589,61.6465,61.6465,CLASS_add_scds.pro,2.1,424,1,"0,1,2,3,4,5,6,7,8,9,10,11,12,13,14,15,",-53.7136,53.0062,-55.0487,52.905,-55.0797,54.5363,-53.7436,54.5872,1.72979736328125,0.102292278995703,1.57958984375,1.88037109375,3542.625,209.4945873831998,8
ch2_cla_l1_20250801T202709221_20250801T202717221.fits,/home/saurabh/moon_project/data/CLASS/ch2_cla_l1_2025_08/cla/data/calibrated/2025/08/01/ch2_cla_l1_20250801T202709221_20250801T202717221.fits,2025-08-01T20:27:09.221,2025-08-01T20:27:17.221,2025-08-01T20:27:13.221,8.0,-37.3,13.5,113.569,-54.8051,53.7346,-54.8003,53.7351,61.9713,61.9713,CLASS_add_scds.pro,2.1,425,1,"0,1,2,3,4,5,6,7,8,9,10,11,12,13,14,15,",-54.1148,52.976,-55.4491,52.8729,-55.4804,54.5192,-54.1451,54.5709,1.756591796875,0.073935059762244,1.65869140625,1.8662109375,3597.5,151.41900239307577,8
ch2_cla_l1_20250801T202717221_20250801T202725221.fits,/home/saurabh/moon_project/data/CLASS/ch2_cla_l1_2025_08/cla/data/calibrated/2025/08/01/ch2_cla_l1_20250801T202717221_20250801T202725221.fits,2025-08-01T20:27:17.221,2025-08-01T20:27:25.221,2025-08-01T20:27:21.221,8.0,-37.3,13.5,113.466,-55.2062,53.7103,-55.2016,53.7106,62.2966,62.2966,CLASS_add_scds.pro,2.1,426,1,"0,1,2,3,4,5,6,7,8,9,10,11,12,13,14,15,",-54.5161,52.9454,-55.8499,52.8399,-55.8814,54.5016,-54.5466,54.5544,1.76348876953125,0.0881463825523724,1.63525390625,1.90087890625,3611.625,180.52379146725863,8
ch2_cla_l1_20250801T202725221_20250801T202733221.fits,/home/saurabh/moon_project/data/CLASS/ch2_cla_l1_2025_08/cla/data/calibrated/2025/08/01/ch2_cla_l1_20250801T202725221_20250801T202733221.fits,2025-08-01T20:27:25.221,2025-08-01T20:27:33.221,2025-08-01T20:27:29.221,8.0,-37.2,13.5,113.363,-55.6074,53.6854,-55.6026,53.6859,62.6225,62.6225,CLASS_add_scds.pro,2.1,427,1,"0,1,2,3,4,5,6,7,8,9,10,11,12,13,14,15,",-54.9177,52.9138,-56.2503,52.8066,-56.2821,54.484,-54.9485,54.5373,1.774169921875,0.0726970036793763,1.6796875,1.88330078125,3633.5,148.88346353536284,8
ch2_cla_l1_20250801T202733221_20250801T202741221.fits,/home/saurabh/moon_project/data/CLASS/ch2_cla_l1_2025_08/cla/data/calibrated/2025/08/01/ch2_cla_l1_20250801T202733221_20250801T202741221.fits,2025-08-01T20:27:33.221,2025-08-01T20:27:41.221,2025-08-01T20:27:37.221,8.0,-37.2,13.5,113.258,-56.0085,53.6601,-56.0038,53.6605,62.9489,62.9489,CLASS_add_scds.pro,2.1,428,1,"0,1,2,3,4,5,6,7,8,9,10,11,12,13,14,15,",-55.319,52.8821,-56.6507,52.7724,-56.6829,54.4661,-55.3501,54.5205,1.755126953125,0.0631225101999699,1.66064453125,1.859375,3594.5,129.2749008895385,8
ch2_cla_l1_20250801T202741221_20250801T202749221.fits,/home/saurabh/moon_project/data/CLASS/ch2_cla_l1_2025_08/cla/data/calibrated/2025/08/01/ch2_cla_l1_20250801T202741221_20250801T202749221.fits,2025-08-01T20:27:41.221,2025-08-01T20:27:49.221,2025-08-01T20:27:45.221,8.0,-37.1,13.5,113.153,-56.4098,53.6342,-56.405,53.6347,63.2758,63.2758,CLASS_add_scds.pro,2.1,429,1,"0,1,2,3,4,5,6,7,8,9,10,11,12,13,14,15,",-55.7203,52.8496,-57.0514,52.7373,-57.0839,54.4476,-55.7517,54.5033,1.76483154296875,0.0454187341138667,1.7021484375,1.83740234375,3614.375,93.01756746519904,8
ch2_cla_l1_20250801T202749221_20250801T202757221.fits,/home/saurabh/moon_project/data/CLASS/ch2_cla_l1_2025_08/cla/data/calibrated/2025/08/01/ch2_cla_l1_20250801T202749221_20250801T202757221.fits,2025-08-01T20:27:49.221,2025-08-01T20:27:57.221,2025-08-01T20:27:53.221,8.0,-37.1,13.5,113.048,-56.8111,53.6079,-56.8064,53.6082,63.6032,63.6032,CLASS_add_scds.pro,2.1,430,1,"0,1,2,3,4,5,6,7,8,9,10,11,12,13,14,15,",-56.1219,52.816,-57.4521,52.7014,-57.4849,54.4288,-56.1536,54.4854,1.787841796875,0.0673104918899275,1.67138671875,1.87646484375,3661.5,137.8518873905717,8
ch2_cla_l1_20250801T202757221_20250801T202805221.fits,/home/saurabh/moon_project/data/CLASS/ch2_cla_l1_2025_08/cla/data/calibrated/2025/08/01/ch2_cla_l1_20250801T202757221_20250801T202805221.fits,2025-08-01T20:27:57.221,2025-08-01T20:28:05.221,2025-08-01T20:28:01.221,8.0,-37.1,13.5,112.941,-57.2124,53.5809,-57.2077,53.5814,63.9312,63.9312,CLASS_add_scds.pro,2.1,431,1,"0,1,2,3,4,5,6,7,8,9,10,11,12,13,14,15,",-56.5235,52.7819,-57.8527,52.665,-57.8859,54.4099,-56.5555,54.4673,1.7672119140625,0.0360835265789271,1.7158203125,1.8193359375,3619.25,73.89906243364274,8
ch2_cla_l1_20250801T202805221_20250801T202813221.fits,/home/saurabh/moon_project/data/CLASS/ch2_cla_l1_2025_08/cla/data/calibrated/2025/08/01/ch2_cla_l1_20250801T202805221_20250801T202813221.fits,2025-08-01T20:28:05.221,2025-08-01T20:28:13.221,2025-08-01T20:28:09.221,8.0,-37.1,13.5,112.834,-57.6137,53.5535,-57.6089,53.554,64.2596,64.2596,CLASS_add_scds.pro,2.1,432,1,"0,1,2,3,4,5,6,7,8,9,10,11,12,13,14,15,",-56.925,52.7472,-58.2536,52.6275,-58.287,54.3904,-56.9574,54.4491,1.78887939453125,0.0515209856568574,1.6953125,1.8525390625,3663.625,105.51497862524408,8
ch2_cla_l1_20250801T202813221_20250801T202821221.fits,/home/saurabh/moon_project/data/CLASS/ch2_cla_l1_2025_08/cla/data/calibrated/2025/08/01/ch2_cla_l1_20250801T202813221_20250801T202821221.fits,2025-08-01T20:28:13.221,2025-08-01T20:28:21.221,2025-08-01T20:28:17.221,8.0,-37.1,13.5,112.726,-58.0151,53.5254,-58.0103,53.526,64.5885,64.5885,CLASS_add_scds.pro,2.1,433,1,"0,1,2,3,4,5,6,7,8,9,10,11,12,13,14,15,",-57.3268,52.7115,-58.6542,52.5893,-58.6881,54.3706,-57.3594,54.4303,1.7735595703125,0.0369334244354971,1.7216796875,1.82470703125,3632.25,75.6396532438981,8
ch2_cla_l1_20250801T202821221_20250801T202829221.fits,/home/saurabh/moon_project/data/CLASS/ch2_cla_l1_2025_08/cla/data/calibrated/2025/08/01/ch2_cla_l1_20250801T202821221_20250801T202829221.fits,2025-08-01T20:28:21.221,2025-08-01T20:28:29.221,2025-08-01T20:28:25.221,8.0,-37.1,13.5,112.618,-58.4166,53.4967,-58.4119,53.4971,64.9179,64.9179,CLASS_add_scds.pro,2.1,434,1,"0,1,2,3,4,5,6,7,8,9,10,11,12,13,14,15,",-57.7284,52.6753,-59.055,52.55,-59.0892,54.3504,-57.7613,54.4114,1.8289794921875,0.0519763210481302,1.72998046875,1.88720703125,3745.75,106.44750550657083,8
ch2_cla_l1_20250801T202829221_20250801T202837221.fits,/home/saurabh/moon_project/data/CLASS/ch2_cla_l1_2025_08/cla/data/calibrated/2025/08/01/ch2_cla_l1_20250801T202829221_20250801T202837221.fits,2025-08-01T20:28:29.221,2025-08-01T20:28:37.221,2025-08-01T20:28:33.221,8.0,-37.0,13.5,112.508,-58.818,53.4674,-58.8133,53.4679,65.2478,65.2478,CLASS_add_scds.pro,2.1,435,1,"0,1,2,3,4,5,6,7,8,9,10,11,12,13,14,15,",-58.1301,52.638,-59.4556,52.5101,-59.4903,54.3299,-58.1634,54.392,1.77117919921875,0.0453752186997753,1.70361328125,1.85009765625,3627.375,92.92844789713982,8
ch2_cla_l1_20250801T202837221_20250801T202845221.fits,/home/saurabh/moon_project/data/CLASS/ch2_cla_l1_2025_08/cla/data/calibrated/2025/08/01/ch2_cla_l1_20250801T202837221_20250801T202845221.fits,2025-08-01T20:28:37.221,2025-08-01T20:28:45.221,2025-08-01T20:28:41.221,8.0,-37.0,13.5,112.398,-59.2196,53.4374,-59.2148,53.438,65.5781,65.5781,CLASS_add_scds.pro,2.1,436,1,"0,1,2,3,4,5,6,7,8,9,10,11,12,13,14,15,",-58.5317,52.6002,-59.8566,52.4689,-59.8916,54.3088,-58.5654,54.3725,1.8343505859375,0.0654248721825491,1.73193359375,1.9384765625,3756.75,133.99013822986058,8
ch2_cla_l1_20250801T202845221_20250801T202853221.fits,/home/saurabh/moon_project/data/CLASS/ch2_cla_l1_2025_08/cla/data/calibrated/2025/08/01/ch2_cla_l1_20250801T202845221_20250801T202853221.fits,2025-08-01T20:28:45.221,2025-08-01T20:28:53.221,2025-08-01T20:28:49.221,8.0,-37.0,13.5,112.288,-59.6211,53.4067,-59.6164,53.4074,65.9089,65.9089,CLASS_add_scds.pro,2.1,437,1,"0,1,2,3,4,5,6,7,8,9,10,11,12,13,14,15,",-58.9336,52.5611,-60.2575,52.4269,-60.2928,54.2874,-58.9676,54.3522,1.7799072265625,0.061017994238958,1.6767578125,1.86181640625,3645.25,124.96485220138617,8
ch2_cla_l1_20250801T202853221_20250801T202901221.fits,/home/saurabh/moon_project/data/CLASS/ch2_cla_l1_2025_08/cla/data/calibrated/2025/08/01/ch2_cla_l1_20250801T202853221_20250801T202901221.fits,2025-08-01T20:28:53.221,2025-08-01T20:29:01.221,2025-08-01T20:28:57.221,8.0,-37.0,13.5,112.176,-60.0227,53.3753,-60.0179,53.376,66.2401,66.2401,CLASS_add_scds.pro,2.1,438,1,"0,1,2,3,4,5,6,7,8,9,10,11,12,13,14,15,",-59.3354,52.5213,-60.6584,52.3836,-60.6942,54.2654,-59.3698,54.3317,1.83856201171875,0.0616102579170411,1.7587890625,1.935546875,3765.375,126.17780821410034,8
ch2_cla_l1_20250801T202901221_20250801T202909221.fits,/home/saurabh/moon_project/data/CLASS/ch2_cla_l1_2025_08/cla/data/calibrated/2025/08/01/ch2_cla_l1_20250801T202901221_20250801T202909221.fits,2025-08-01T20:29:01.221,2025-08-01T20:29:09.221,2025-08-01T20:29:05.221,8.0,-37.0,13.5,112.064,-60.4244,53.3431,-60.4197,53.3437,66.5717,66.5717,CLASS_add_scds.pro,2.1,439,1,"0,1,2,3,4,5,6,7,8,9,10,11,12,13,14,15,",-59.7373,52.4803,-61.0596,52.3391,-61.0957,54.2427,-59.7721,54.3106,1.7623291015625,0.074753633668725,1.66845703125,1.87451171875,3609.25,153.0954417535489,8
ch2_cla_l1_20250801T202909221_20250801T202917221.fits,/home/saurabh/moon_project/data/CLASS/ch2_cla_l1_2025_08/cla/data/calibrated/2025/08/01/ch2_cla_l1_20250801T202909221_20250801T202917221.fits,2025-08-01T20:29:09.221,2025-08-01T20:29:17.221,2025-08-01T20:29:13.221,8.0,-37.0,13.5,111.952,-60.8261,53.3102,-60.8214,53.3108,66.9038,66.9038,CLASS_add_scds.pro,2.1,440,1,"0,1,2,3,4,5,6,7,8,9,10,11,12,13,14,15,",-60.1394,52.4381,-61.4603,52.2937,-61.497,54.2198,-60.1746,54.2889,1.83673095703125,0.0767429449727217,1.732421875,1.951171875,3761.625,157.16955130413416,8
ch2_cla_l1_20250801T202917221_20250801T202925221.fits,/home/saurabh/moon_project/data/CLASS/ch2_cla_l1_2025_08/cla/data/calibrated/2025/08/01/ch2_cla_l1_20250801T202917221_20250801T202925221.fits,2025-08-01T20:29:17.221,2025-08-01T20:29:25.221,2025-08-01T20:29:21.221,8.0,-36.9,13.5,111.838,-61.2278,53.2765,-61.223,53.2771,67.2363,67.2363,CLASS_add_scds.pro,2.1,441,1,"0,1,2,3,4,5,6,7,8,9,10,11,12,13,14,15,",-60.5411,52.3953,-61.8614,52.2471,-61.8984,54.1963,-60.5767,54.2671,1.80224609375,0.077127243359127,1.68408203125,1.90966796875,3691.0,157.95659439949227,8
ch2_cla_l1_20250801T202925221_20250801T202933221.fits,/home/saurabh/moon_project/data/CLASS/ch2_cla_l1_2025_08/cla/data/calibrated/2025/08/01/ch2_cla_l1_20250801T202925221_20250801T202933221.fits,2025-08-01T20:29:25.221,2025-08-01T20:29:33.221,2025-08-01T20:29:29.221,8.0,-36.9,13.5,111.724,-61.6296,53.2419,-61.6249,53.2423,67.5693,67.5693,CLASS_add_scds.pro,2.1,442,1,"0,1,2,3,4,5,6,7,8,9,10,11,12,13,14,15,",-60.9431,52.3512,-62.2624,52.1991,-62.2999,54.1722,-60.9791,54.2447,1.83062744140625,0.0486019016590154,1.7490234375,1.908203125,3749.125,99.53669459766368,8
ch2_cla_l1_20250801T202933221_20250801T202941221.fits,/home/saurabh/moon_project/data/CLASS/ch2_cla_l1_2025_08/cla/data/calibrated/2025/08/01/ch2_cla_l1_20250801T202933221_20250801T202941221.fits,2025-08-01T20:29:33.221,2025-08-01T20:29:41.221,2025-08-01T20:29:37.221,8.0,-36.8,13.5,111.61,-62.0314,53.2064,-62.0267,53.2069,67.9026,67.9026,CLASS_add_scds.pro,2.1,443,1,"0,1,2,3,4,5,6,7,8,9,10,11,12,13,14,15,",-61.3452,52.306,-62.6634,52.15,-62.7014,54.1477,-61.3815,54.2217,1.8057861328125,0.0789605284480506,1.7001953125,1.94677734375,3698.25,161.71116226160763,8
ch2_cla_l1_20250801T202941221_20250801T202949221.fits,/home/saurabh/moon_project/data/CLASS/ch2_cla_l1_2025_08/cla/data/calibrated/2025/08/01/ch2_cla_l1_20250801T202941221_20250801T202949221.fits,2025-08-01T20:29:41.221,2025-08-01T20:29:49.221,2025-08-01T20:29:45.221,8.0,-36.8,13.5,111.494,-62.4332,53.17,-62.4286,53.1706,68.2363,68.2363,CLASS_add_scds.pro,2.1,444,1,"0,1,2,3,4,5,6,7,8,9,10,11,12,13,14,15,",-61.7472,52.2597,-63.0646,52.0993,-63.1031,54.1224,-61.784,54.1984,1.84228515625,0.0475058117516305,1.77197265625,1.9169921875,3773.0,97.29190246733944,8
ch2_cla_l1_20250801T202949221_20250801T202957221.fits,/home/saurabh/moon_project/data/CLASS/ch2_cla_l1_2025_08/cla/data/calibrated/2025/08/01/ch2_cla_l1_20250801T202949221_20250801T202957221.fits,2025-08-01T20:29:49.221,2025-08-01T20:29:57.221,2025-08-01T20:29:53.221,8.0,-36.8,13.5,111.378,-62.8351,53.1327,-62.8304,53.1332,68.5704,68.5704,CLASS_add_scds.pro,2.1,445,1,"0,1,2,3,4,5,6,7,8,9,10,11,12,13,14,15,",-62.1494,52.212,-63.4658,52.0473,-63.5047,54.0965,-62.1866,54.1743,1.83453369140625,0.0752167962971995,1.72607421875,1.94970703125,3757.125,154.0439988166646,8
ch2_cla_l1_20250801T202957221_20250801T203005221.fits,/home/saurabh/moon_project/data/CLASS/ch2_cla_l1_2025_08/cla/data/calibrated/2025/08/01/ch2_cla_l1_20250801T202957221_20250801T203005221.fits,2025-08-01T20:29:57.221,2025-08-01T20:30:05.221,2025-08-01T20:30:01.221,8.0,-36.8,13.5,111.262,-63.2371,53.0943,-63.2323,53.0948,68.9049,68.9049,CLASS_add_scds.pro,2.1,446,1,"0,1,2,3,4,5,6,7,8,9,10,11,12,13,14,15,",-62.5515,52.163,-63.8668,51.9939,-63.9063,54.0701,-62.5892,54.1497,1.83111572265625,0.0341083014697295,1.77392578125,1.87890625,3750.125,69.85380141000611,8
ch2_cla_l1_20250801T203005221_20250801T203013221.fits,/home/saurabh/moon_project/data/CLASS/ch2_cla_l1_2025_08/cla/data/calibrated/2025/08/01/ch2_cla_l1_20250801T203005221_20250801T203013221.fits,2025-08-01T20:30:05.221,2025-08-01T20:30:13.221,2025-08-01T20:30:09.221,8.0,-36.8,13.5,111.145,-63.639,53.0549,-63.6344,53.0555,69.2398,69.2398,CLASS_add_scds.pro,2.1,447,1,"0,1,2,3,4,5,6,7,8,9,10,11,12,13,14,15,",-62.9536,52.1129,-64.268,51.9388,-64.308,54.0429,-62.9918,54.1247,1.82452392578125,0.0655180897146579,1.74462890625,1.9248046875,3736.625,134.1810477356194,8
ch2_cla_l1_20250801T203013221_20250801T203021221.fits,/home/saurabh/moon_project/data/CLASS/ch2_cla_l1_2025_08/cla/data/calibrated/2025/08/01/ch2_cla_l1_20250801T203013221_20250801T203021221.fits,2025-08-01T20:30:13.221,2025-08-01T20:30:21.221,2025-08-01T20:30:17.221,8.0,-36.8,13.5,111.027,-64.0411,53.0144,-64.0365,53.015,69.5751,69.5751,CLASS_add_scds.pro,2.1,448,1,"0,1,2,3,4,5,6,7,8,9,10,11,12,13,14,15,",-63.3558,52.0612,-64.6692,51.8821,-64.7097,54.0149,-63.3945,54.0989,1.8533935546875,0.0352044154029781,1.80517578125,1.90869140625,3795.75,72.0986427452992,8
ch2_cla_l1_20250801T203021221_20250801T203029221.fits,/home/saurabh/moon_project/data/CLASS/ch2_cla_l1_2025_08/cla/data/calibrated/2025/08/01/ch2_cla_l1_20250801T203021221_20250801T203029221.fits,2025-08-01T20:30:21.221,2025-08-01T20:30:29.221,2025-08-01T20:30:25.221,8.0,-36.7,13.5,110.908,-64.4431,52.9727,-64.4384,52.9734,69.9107,69.9107,CLASS_add_scds.pro,2.1,449,1,"0,1,2,3,4,5,6,7,8,9,10,11,12,13,14,15,",-63.758,52.0079,-65.0704,51.8237,-65.1115,53.9863,-63.7972,54.0725,1.84375,0.0767811314428702,1.716796875,1.93505859375,3776.0,157.24775719499831,8
ch2_cla_l1_20250801T203029221_20250801T203037221.fits,/home/saurabh/moon_project/data/CLASS/ch2_cla_l1_2025_08/cla/data/calibrated/2025/08/01/ch2_cla_l1_20250801T203029221_20250801T203037221.fits,2025-08-01T20:30:29.221,2025-08-01T20:30:37.221,2025-08-01T20:30:33.221,8.0,-36.7,13.5,110.789,-64.8452,52.9299,-64.8405,52.9305,70.2467,70.2467,CLASS_add_scds.pro,2.1,450,1,"0,1,2,3,4,5,6,7,8,9,10,11,12,13,14,15,",-64.1602,51.9533,-65.4715,51.7633,-65.5133,53.9566,-64.2,54.0454,1.83673095703125,0.0619619575352074,1.73779296875,1.93310546875,3761.625,126.89808903210482,8
ch2_cla_l1_20250801T203037221_20250801T203045221.fits,/home/saurabh/moon_project/data/CLASS/ch2_cla_l1_2025_08/cla/data/calibrated/2025/08/01/ch2_cla_l1_20250801T203037221_20250801T203045221.fits,2025-08-01T20:30:37.221,2025-08-01T20:30:45.221,2025-08-01T20:30:41.221,8.0,-36.7,13.5,110.67,-65.2474,52.8857,-65.2426,52.8863,70.583,70.583,CLASS_add_scds.pro,2.1,451,1,"0,1,2,3,4,5,6,7,8,9,10,11,12,13,14,15,",-64.5624,51.8968,-65.8729,51.7014,-65.9153,53.9265,-64.6027,54.0175,1.866455078125,0.0563143649526559,1.80126953125,1.96923828125,3822.5,115.3318194230394,8
ch2_cla_l1_20250801T203045221_20250801T203053221.fits,/home/saurabh/moon_project/data/CLASS/ch2_cla_l1_2025_08/cla/data/calibrated/2025/08/01/ch2_cla_l1_20250801T203045221_20250801T203053221.fits,2025-08-01T20:30:45.221,2025-08-01T20:30:53.221,2025-08-01T20:30:49.221,8.0,-36.7,13.5,110.549,-65.6495,52.8402,-65.6449,52.8411,70.9196,70.9196,CLASS_add_scds.pro,2.1,452,1,"0,1,2,3,4,5,6,7,8,9,10,11,12,13,14,15,",-64.9648,51.8389,-66.2743,51.6373,-66.3172,53.8953,-65.0057,53.989,1.7855224609375,0.0884271623942464,1.64599609375,1.91064453125,3656.75,181.09882858341663,8
ch2_cla_l1_20250801T203053221_20250801T203101221.fits,/home/saurabh/moon_project/data/CLASS/ch2_cla_l1_2025_08/cla/data/calibrated/2025/08/01/ch2_cla_l1_20250801T203053221_20250801T203101221.fits,2025-08-01T20:30:53.221,2025-08-01T20:31:01.221,2025-08-01T20:30:57.221,8.0,-36.7,13.5,110.428,-66.0518,52.7933,-66.0471,52.7941,71.2566,71.2566,CLASS_add_scds.pro,2.1,453,1,"0,1,2,3,4,5,6,7,8,9,10,11,12,13,14,15,",-65.3672,51.779,-66.6757,51.5709,-66.7192,53.8631,-65.4087,53.9596,1.74176025390625,0.0875051370397315,1.58349609375,1.8515625,3567.125,179.2105206573702,8
ch2_cla_l1_20250801T203101221_20250801T203109221.fits,/home/saurabh/moon_project/data/CLASS/ch2_cla_l1_2025_08/cla/data/calibrated/2025/08/01/ch2_cla_l1_20250801T203101221_20250801T203109221.fits,2025-08-01T20:31:01.221,2025-08-01T20:31:09.221,2025-08-01T20:31:05.221,8.0,-36.7,13.5,110.307,-66.454,52.745,-66.4495,52.7457,71.594,71.594,CLASS_add_scds.pro,2.1,454,1,"0,1,2,3,4,5,6,7,8,9,10,11,12,13,14,15,",-65.7697,51.7171,-67.0771,51.5025,-67.1213,53.83,-65.8117,53.9293,1.723876953125,0.0768445394780492,1.6171875,1.83984375,3530.5,157.37761685104488,8
ch2_cla_l1_20250801T203109221_20250801T203117221.fits,/home/saurabh/moon_project/data/CLASS/ch2_cla_l1_2025_08/cla/data/calibrated/2025/08/01/ch2_cla_l1_20250801T203109221_20250801T203117221.fits,2025-08-01T20:31:09.221,2025-08-01T20:31:17.221,2025-08-01T20:31:13.221,8.0,-36.7,13.5,110.185,-66.8563,52.6951,-66.8517,52.6958,71.9316,71.9316,CLASS_add_scds.pro,2.1,455,1,"0,1,2,3,4,5,6,7,8,9,10,11,12,13,14,15,",-66.1722,51.6534,-67.4785,51.4318,-67.5234,53.7959,-66.2148,53.8982,1.78179931640625,0.1021541715761511,1.60107421875,1.91455078125,3649.125,209.21174338795748,8
ch2_cla_l1_20250801T203117221_20250801T203125221.fits,/home/saurabh/moon_project/data/CLASS/ch2_cla_l1_2025_08/cla/data/calibrated/2025/08/01/ch2_cla_l1_20250801T203117221_20250801T203125221.fits,2025-08-01T20:31:17.221,2025-08-01T20:31:25.221,2025-08-01T20:31:21.221,8.0,-36.7,13.5,110.062,-67.2586,52.6435,-67.254,52.6444,72.2696,72.2696,CLASS_add_scds.pro,2.1,456,1,"0,1,2,3,4,5,6,7,8,9,10,11,12,13,14,15,",-66.5746,51.5876,-67.8802,51.3585,-67.9257,53.7606,-66.6179,53.8661,1.72454833984375,0.0627026338466031,1.6455078125,1.82958984375,3531.875,128.41499411784324,8
ch2_cla_l1_20250801T203125221_20250801T203133221.fits,/home/saurabh/moon_project/data/CLASS/ch2_cla_l1_2025_08/cla/data/calibrated/2025/08/01/ch2_cla_l1_20250801T203125221_20250801T203133221.fits,2025-08-01T20:31:25.221,2025-08-01T20:31:33.221,2025-08-01T20:31:29.221,8.0,-36.7,13.5,109.939,-67.661,52.5903,-67.6565,52.5912,72.6079,72.6079,CLASS_add_scds.pro,2.1,457,1,"0,1,2,3,4,5,6,7,8,9,10,11,12,13,14,15,",-66.9774,51.5193,-68.2813,51.2828,-68.3277,53.7243,-67.0213,53.8328,1.76641845703125,0.0740280282228686,1.61962890625,1.86865234375,3617.625,151.6094018004349,8
ch2_cla_l1_20250801T203133221_20250801T203141221.fits,/home/saurabh/moon_project/data/CLASS/ch2_cla_l1_2025_08/cla/data/calibrated/2025/08/01/ch2_cla_l1_20250801T203133221_20250801T203141221.fits,2025-08-01T20:31:33.221,2025-08-01T20:31:41.221,2025-08-01T20:31:37.221,8.0,-36.7,13.5,109.815,-68.0634,52.5352,-68.0589,52.5361,72.9465,72.9465,CLASS_add_scds.pro,2.1,458,1,"0,1,2,3,4,5,6,7,8,9,10,11,12,13,14,15,",-67.3797,51.4493,-68.6828,51.2041,-68.7299,53.6866,-67.4243,53.7991,1.729736328125,0.0456118462818622,1.66845703125,1.80810546875,3542.5,93.41306118525397,8
ch2_cla_l1_20250801T203141221_20250801T203149221.fits,/home/saurabh/moon_project/data/CLASS/ch2_cla_l1_2025_08/cla/data/calibrated/2025/08/01/ch2_cla_l1_20250801T203141221_20250801T203149221.fits,2025-08-01T20:31:41.221,2025-08-01T20:31:49.221,2025-08-01T20:31:45.221,8.0,-36.7,13.5,109.69,-68.4659,52.4782,-68.4614,52.4791,73.2854,73.2854,CLASS_add_scds.pro,2.1,459,1,"0,1,2,3,4,5,6,7,8,9,10,11,12,13,14,15,",-67.7822,51.3764,-69.0843,51.1225,-69.1322,53.6475,-67.8276,53.7639,1.79815673828125,0.0508556031232065,1.72509765625,1.88330078125,3682.625,104.15227519632698,8
ch2_cla_l1_20250801T203149221_20250801T203157221.fits,/home/saurabh/moon_project/data/CLASS/ch2_cla_l1_2025_08/cla/data/calibrated/2025/08/01/ch2_cla_l1_20250801T203149221_20250801T203157221.fits,2025-08-01T20:31:49.221,2025-08-01T20:31:57.221,2025-08-01T20:31:53.221,8.0,-36.7,13.5,109.565,-68.8683,52.4191,-68.8638,52.4198,73.6246,73.6246,CLASS_add_scds.pro,2.1,460,1,"0,1,2,3,4,5,6,7,8,9,10,11,12,13,14,15,",-68.1848,51.3009,-69.4854,51.0381,-69.5343,53.6073,-68.2309,53.7274,1.7174072265625,0.0357077797004609,1.6552734375,1.76123046875,3517.25,73.12953282654397,8
ch2_cla_l1_20250801T203157221_20250801T203205221.fits,/home/saurabh/moon_project/data/CLASS/ch2_cla_l1_2025_08/cla/data/calibrated/2025/08/01/ch2_cla_l1_20250801T203157221_20250801T203205221.fits,2025-08-01T20:31:57.221,2025-08-01T20:32:05.221,2025-08-01T20:32:01.221,8.0,-36.7,13.5,109.44,-69.2709,52.358,-69.2662,52.3588,73.9641,73.9641,CLASS_add_scds.pro,2.1,461,1,"0,1,2,3,4,5,6,7,8,9,10,11,12,13,14,15,",-68.5871,51.2231,-69.887,50.9503,-69.9367,53.5655,-68.6341,53.6902,1.78497314453125,0.0365842797661443,1.72607421875,1.8388671875,3655.625,74.92460496106355,8
ch2_cla_l1_20250801T203205221_20250801T203213221.fits,/home/saurabh/moon_project/data/CLASS/ch2_cla_l1_2025_08/cla/data/calibrated/2025/08/01/ch2_cla_l1_20250801T203205221_20250801T203213221.fits,2025-08-01T20:32:05.221,2025-08-01T20:32:13.221,2025-08-01T20:32:09.221,8.0,-36.7,13.5,109.314,-69.6734,52.2945,-69.6689,52.2953,74.3038,74.3038,CLASS_add_scds.pro,2.1,462,1,"0,1,2,3,4,5,6,7,8,9,10,11,12,13,14,15,",-68.9898,51.1421,-70.2885,50.8591,-70.3392,53.5223,-69.0375,53.6513,1.75238037109375,0.057565994241844,1.68896484375,1.865234375,3588.875,117.89515620729657,8
ch2_cla_l1_20250801T203213221_20250801T203221221.fits,/home/saurabh/moon_project/data/CLASS/ch2_cla_l1_2025_08/cla/data/calibrated/2025/08/01/ch2_cla_l1_20250801T203213221_20250801T203221221.fits,2025-08-01T20:32:13.221,2025-08-01T20:32:21.221,2025-08-01T20:32:17.221,8.0,-36.7,13.5,109.187,-70.076,52.2286,-70.0715,52.2295,74.6439,74.6439,CLASS_add_scds.pro,2.1,463,1,"0,1,2,3,4,5,6,7,8,9,10,11,12,13,14,15,",-69.3925,51.0581,-70.6899,50.7644,-70.7415,53.4776,-69.441,53.6111,1.79022216796875,0.0408791587883757,1.72705078125,1.861328125,3666.375,83.72051719859356,8
ch2_cla_l1_20250801T203221221_20250801T203229221.fits,/home/saurabh/moon_project/data/CLASS/ch2_cla_l1_2025_08/cla/data/calibrated/2025/08/01/ch2_cla_l1_20250801T203221221_20250801T203229221.fits,2025-08-01T20:32:21.221,2025-08-01T20:32:29.221,2025-08-01T20:32:25.221,8.0,-36.7,13.5,109.06,-70.4786,52.1602,-70.4741,52.1613,74.9842,74.9842,CLASS_add_scds.pro,2.1,464,1,"0,1,2,3,4,5,6,7,8,9,10,11,12,13,14,15,",-69.7951,50.9712,-71.0914,50.6659,-71.144,53.4312,-69.8445,53.5698,1.75390625,0.0480454855617187,1.66748046875,1.82568359375,3592.0,98.39715443040006,8
ch2_cla_l1_20250801T222400772_20250801T222408772.fits,/home/saurabh/moon_project/data/CLASS/ch2_cla_l1_2025_08/cla/data/calibrated/2025/08/01/ch2_cla_l1_20250801T222400772_20250801T222408772.fits,2025-08-01T22:24:00.772,2025-08-01T22:24:08.772,2025-08-01T22:24:04.772,8.0,-37.0,13.5,114.002,-52.3445,52.8122,-52.3395,52.8126,60.0108,60.0108,CLASS_add_scds.pro,2.1,419,1,"0,1,2,3,4,5,6,7,8,9,10,11,12,13,14,15,",-51.6531,52.091,-52.9911,51.999,-53.0208,53.5561,-51.682,53.6036,1.79107666015625,0.0352408586879691,1.74169921875,1.8447265625,3668.125,72.17327859296087,8
ch2_cla_l1_20250801T222408772_20250801T222416772.fits,/home/saurabh/moon_project/data/CLASS/ch2_cla_l1_2025_08/cla/data/calibrated/2025/08/01/ch2_cla_l1_20250801T222408772_20250801T222416772.fits,2025-08-01T22:24:08.772,2025-08-01T22:24:16.772,2025-08-01T22:24:12.772,8.0,-36.9,13.5,113.903,-52.7455,52.7903,-52.7406,52.7906,60.3324,60.3324,CLASS_add_scds.pro,2.1,420,1,"0,1,2,3,4,5,6,7,8,9,10,11,12,13,14,15,",-52.0544,52.0635,-53.3916,51.9698,-53.4215,53.5401,-52.0835,53.5883,1.78662109375,0.0775390449296039,1.65185546875,1.88037109375,3659.0,158.79996401582895,8
ch2_cla_l1_20250801T222416772_20250801T222424772.fits,/home/saurabh/moon_project/data/CLASS/ch2_cla_l1_2025_08/cla/data/calibrated/2025/08/01/ch2_cla_l1_20250801T222416772_20250801T222424772.fits,2025-08-01T22:24:16.772,2025-08-01T22:24:24.772,2025-08-01T22:24:20.772,8.0,-36.9,13.5,113.802,-53.1465,52.768,-53.1416,52.7684,60.6546,60.6546,CLASS_add_scds.pro,2.1,421,1,"0,1,2,3,4,5,6,7,8,9,10,11,12,13,14,15,",-52.4557,52.0355,-53.7921,51.9402,-53.8223,53.524,-52.485,53.5728,1.77276611328125,0.0603603531232827,1.671875,1.8515625,3630.625,123.61800319648312,8
ch2_cla_l1_20250801T222424772_20250801T222432772.fits,/home/saurabh/moon_project/data/CLASS/ch2_cla_l1_2025_08/cla/data/calibrated/2025/08/01/ch2_cla_l1_20250801T222424772_20250801T222432772.fits,2025-08-01T22:24:24.772,2025-08-01T22:24:32.772,2025-08-01T22:24:28.772,8.0,-36.9,13.5,113.701,-53.5475,52.7453,-53.5427,52.7456,60.9774,60.9774,CLASS_add_scds.pro,2.1,422,1,"0,1,2,3,4,5,6,7,8,9,10,11,12,13,14,15,",-52.857,52.007,-54.1926,51.9098,-54.223,53.5075,-52.8866,53.5571,1.8028564453125,0.0540559069442946,1.744140625,1.89599609375,3692.25,110.70649742191544,8
ch2_cla_l1_20250801T222432772_20250801T222440772.fits,/home/saurabh/moon_project/data/CLASS/ch2_cla_l1_2025_08/cla/data/calibrated/2025/08/01/ch2_cla_l1_20250801T222432772_20250801T222440772.fits,2025-08-01T22:24:32.772,2025-08-01T22:24:40.772,2025-08-01T22:24:36.772,8.0,-36.8,13.5,113.599,-53.9486,52.7222,-53.9437,52.7226,61.3008,61.3008,CLASS_add_scds.pro,2.1,423,1,"0,1,2,3,4,5,6,7,8,9,10,11,12,13,14,15,",-53.2584,51.978,-54.5929,51.879,-54.6237,53.4909,-53.2882,53.5412,1.77587890625,0.0660452124234158,1.6923828125,1.87646484375,3637.0,135.26059504315575,8
ch2_cla_l1_20250801T222440772_20250801T222448772.fits,/home/saurabh/moon_project/data/CLASS/ch2_cla_l1_2025_08/cla/data/calibrated/2025/08/01/ch2_cla_l1_20250801T222440772_20250801T222448772.fits,2025-08-01T22:24:40.772,2025-08-01T22:24:48.772,2025-08-01T22:24:44.772,8.0,-36.8,13.5,113.496,-54.3497,52.6986,-54.3449,52.6991,61.6248,61.6248,CLASS_add_scds.pro,2.1,424,1,"0,1,2,3,4,5,6,7,8,9,10,11,12,13,14,15,",-53.6596,51.9486,-54.9936,51.8474,-55.0246,53.4739,-53.6897,53.5252,1.803955078125,0.0858720802894352,1.642578125,1.91943359375,3694.5,175.86602043276338,8
ch2_cla_l1_20250801T222448772_20250801T222456772.fits,/home/saurabh/moon_project/data/CLASS/ch2_cla_l1_2025_08/cla/data/calibrated/2025/08/01/ch2_cla_l1_20250801T222448772_20250801T222456772.fits,2025-08-01T22:24:48.772,2025-08-01T22:24:56.772,2025-08-01T22:24:52.772,8.0,-36.8,13.5,113.393,-54.7508,52.6746,-54.7459,52.6752,61.9493,61.9493,CLASS_add_scds.pro,2.1,425,1,"0,1,2,3,4,5,6,7,8,9,10,11,12,13,14,15,",-54.0611,51.9184,-55.3939,51.8154,-55.4253,53.4567,-54.0915,53.5087,1.7872314453125,0.0696475359284724,1.69287109375,1.89013671875,3660.25,142.6381535815115,8
ch2_cla_l1_20250801T222456772_20250801T222504772.fits,/home/saurabh/moon_project/data/CLASS/ch2_cla_l1_2025_08/cla/data/calibrated/2025/08/01/ch2_cla_l1_20250801T222456772_20250801T222504772.fits,2025-08-01T22:24:56.772,2025-08-01T22:25:04.772,2025-08-01T22:25:00.772,8.0,-36.8,13.5,113.289,-55.152,52.6502,-55.1473,52.6505,62.2744,62.2744,CLASS_add_scds.pro,2.1,426,1,"0,1,2,3,4,5,6,7,8,9,10,11,12,13,14,15,",-54.4624,51.8878,-55.7947,51.7824,-55.8263,53.4391,-54.493,53.4922,1.8388671875,0.1004351412773984,1.66015625,1.96337890625,3766.0,205.6911693361121,8
ch2_cla_l1_20250801T222504772_20250801T222512772.fits,/home/saurabh/moon_project/data/CLASS/ch2_cla_l1_2025_08/cla/data/calibrated/2025/08/01/ch2_cla_l1_20250801T222504772_20250801T222512772.fits,2025-08-01T22:25:04.772,2025-08-01T22:25:12.772,2025-08-01T22:25:08.772,8.0,-36.8,13.5,113.184,-55.5532,52.6252,-55.5483,52.6257,62.6,62.6,CLASS_add_scds.pro,2.1,427,1,"0,1,2,3,4,5,6,7,8,9,10,11,12,13,14,15,",-54.864,51.8562,-56.1952,51.7489,-56.2272,53.4213,-54.8949,53.4751,1.76873779296875,0.0474656001272617,1.69970703125,1.84912109375,3622.375,97.20954906063204,8
ch2_cla_l1_20250801T222512772_20250801T222520772.fits,/home/saurabh/moon_project/data/CLASS/ch2_cla_l1_2025_08/cla/data/calibrated/2025/08/01/ch2_cla_l1_20250801T222512772_20250801T222520772.fits,2025-08-01T22:25:12.772,2025-08-01T22:25:20.772,2025-08-01T22:25:16.772,8.0,-36.7,13.5,113.078,-55.9545,52.5998,-55.9496,52.6003,62.9262,62.9262,CLASS_add_scds.pro,2.1,428,1,"0,1,2,3,4,5,6,7,8,9,10,11,12,13,14,15,",-55.2654,51.8244,-56.5958,51.7146,-56.628,53.4031,-55.2966,53.458,1.84246826171875,0.0415968935193056,1.78125,1.9111328125,3773.375,85.19043792753806,8
ch2_cla_l1_20250801T222520772_20250801T222528772.fits,/home/saurabh/moon_project/data/CLASS/ch2_cla_l1_2025_08/cla/data/calibrated/2025/08/01/ch2_cla_l1_20250801T222520772_20250801T222528772.fits,2025-08-01T22:25:20.772,2025-08-01T22:25:28.772,2025-08-01T22:25:24.772,8.0,-36.7,13.5,112.972,-56.3558,52.5739,-56.3509,52.5744,63.2529,63.2529,CLASS_add_scds.pro,2.1,429,1,"0,1,2,3,4,5,6,7,8,9,10,11,12,13,14,15,",-55.6669,51.7917,-56.9965,51.6796,-57.0291,53.3845,-55.6984,53.4405,1.794921875,0.0465110088858489,1.72998046875,1.87255859375,3676.0,95.25454619821863,8
ch2_cla_l1_20250801T222528772_20250801T222536772.fits,/home/saurabh/moon_project/data/CLASS/ch2_cla_l1_2025_08/cla/data/calibrated/2025/08/01/ch2_cla_l1_20250801T222528772_20250801T222536772.fits,2025-08-01T22:25:28.772,2025-08-01T22:25:36.772,2025-08-01T22:25:32.772,8.0,-36.7,13.5,112.865,-56.7572,52.5474,-56.7522,52.5479,63.5801,63.5801,CLASS_add_scds.pro,2.1,430,1,"0,1,2,3,4,5,6,7,8,9,10,11,12,13,14,15,",-56.0685,51.7583,-57.3973,51.6437,-57.4302,53.3656,-56.1003,53.4226,1.8568115234375,0.0463193016316032,1.78515625,1.9345703125,3802.75,94.86192974152335,8
ch2_cla_l1_20250801T222536772_20250801T222544772.fits,/home/saurabh/moon_project/data/CLASS/ch2_cla_l1_2025_08/cla/data/calibrated/2025/08/01/ch2_cla_l1_20250801T222536772_20250801T222544772.fits,2025-08-01T22:25:36.772,2025-08-01T22:25:44.772,2025-08-01T22:25:40.772,8.0,-36.7,13.5,112.757,-57.1586,52.5204,-57.1537,52.5209,63.9078,63.9078,CLASS_add_scds.pro,2.1,431,1,"0,1,2,3,4,5,6,7,8,9,10,11,12,13,14,15,",-56.4703,51.724,-57.7981,51.6071,-57.8313,53.3465,-56.5023,53.4043,1.78057861328125,0.0335154866899449,1.73095703125,1.8251953125,3646.625,68.63971674100728,8
ch2_cla_l1_20250801T222544772_20250801T222552772.fits,/home/saurabh/moon_project/data/CLASS/ch2_cla_l1_2025_08/cla/data/calibrated/2025/08/01/ch2_cla_l1_20250801T222544772_20250801T222552772.fits,2025-08-01T22:25:44.772,2025-08-01T22:25:52.772,2025-08-01T22:25:48.772,8.0,-36.7,13.5,112.649,-57.56,52.4928,-57.5551,52.4935,64.236,64.236,CLASS_add_scds.pro,2.1,432,1,"0,1,2,3,4,5,6,7,8,9,10,11,12,13,14,15,",-56.8719,51.6892,-58.1988,51.5697,-58.2324,53.3269,-56.9043,53.3859,1.84991455078125,0.0373316824796987,1.79833984375,1.90771484375,3788.625,76.45528571842313,8
ch2_cla_l1_20250801T222552772_20250801T222600772.fits,/home/saurabh/moon_project/data/CLASS/ch2_cla_l1_2025_08/cla/data/calibrated/2025/08/01/ch2_cla_l1_20250801T222552772_20250801T222600772.fits,2025-08-01T22:25:52.772,2025-08-01T22:26:00.772,2025-08-01T22:25:56.772,8.0,-36.6,13.5,112.54,-57.9615,52.4647,-57.9566,52.4653,64.5647,64.5647,CLASS_add_scds.pro,2.1,433,1,"0,1,2,3,4,5,6,7,8,9,10,11,12,13,14,15,",-57.2736,51.6537,-58.5998,51.5313,-58.6337,53.3069,-57.3063,53.3672,1.81048583984375,0.0583178244948757,1.73828125,1.91845703125,3707.875,119.4349045655056,8
ch2_cla_l1_20250801T222600772_20250801T222608772.fits,/home/saurabh/moon_project/data/CLASS/ch2_cla_l1_2025_08/cla/data/calibrated/2025/08/01/ch2_cla_l1_20250801T222600772_20250801T222608772.fits,2025-08-01T22:26:00.772,2025-08-01T22:26:08.772,2025-08-01T22:26:04.772,8.0,-36.5,13.5,112.43,-58.363,52.4359,-58.3581,52.4365,64.8939,64.8939,CLASS_add_scds.pro,2.1,434,1,"0,1,2,3,4,5,6,7,8,9,10,11,12,13,14,15,",-57.6755,51.6172,-59.0005,51.4922,-59.0348,53.2867,-57.7085,53.3479,1.7298583984375,0.0453412871221941,1.66162109375,1.8017578125,3542.75,92.85895602625368,8
ch2_cla_l1_20250801T222616772_20250801T222624772.fits,/home/saurabh/moon_project/data/CLASS/ch2_cla_l1_2025_08/cla/data/calibrated/2025/08/01/ch2_cla_l1_20250801T222616772_20250801T222624772.fits,2025-08-01T22:26:16.772,2025-08-01T22:26:24.772,2025-08-01T22:26:20.772,8.0,-36.5,13.5,112.209,-59.1662,52.3764,-59.1613,52.377,65.5536,65.5536,CLASS_add_scds.pro,2.1,436,1,"0,1,2,3,4,5,6,7,8,9,10,11,12,13,14,15,",-58.4789,51.5421,-59.8023,51.4109,-59.8374,53.2447,-58.5127,53.3087,1.73333740234375,0.0570775734133833,1.6435546875,1.8193359375,3549.875,116.89487035060912,8
ch2_cla_l1_20250801T222632772_20250801T222640772.fits,/home/saurabh/moon_project/data/CLASS/ch2_cla_l1_2025_08/cla/data/calibrated/2025/08/01/ch2_cla_l1_20250801T222632772_20250801T222640772.fits,2025-08-01T22:26:32.772,2025-08-01T22:26:40.772,2025-08-01T22:26:36.772,8.0,-36.5,13.5,111.984,-59.9695,52.3141,-59.9645,52.3149,66.2152,66.2152,CLASS_add_scds.pro,2.1,438,1,"0,1,2,3,4,5,6,7,8,9,10,11,12,13,14,15,",-59.2827,51.4631,-60.6042,51.3257,-60.64,53.201,-59.3172,53.2677,1.7205810546875,0.0790437355800129,1.61328125,1.84423828125,3523.75,161.8815704678666,8
ch2_cla_l1_20250801T222640772_20250801T222648772.fits,/home/saurabh/moon_project/data/CLASS/ch2_cla_l1_2025_08/cla/data/calibrated/2025/08/01/ch2_cla_l1_20250801T222640772_20250801T222648772.fits,2025-08-01T22:26:40.772,2025-08-01T22:26:48.772,2025-08-01T22:26:44.772,8.0,-36.5,13.5,111.871,-60.3712,52.2819,-60.3664,52.2824,66.5466,66.5466,CLASS_add_scds.pro,2.1,439,1,"0,1,2,3,4,5,6,7,8,9,10,11,12,13,14,15,",-59.6846,51.4223,-61.0053,51.2812,-61.0416,53.1782,-59.7195,53.2466,1.71551513671875,0.1014235457714201,1.5751953125,1.875,3513.375,207.71542173986848,8
ch2_cla_l1_20250801T222648772_20250801T222656772.fits,/home/saurabh/moon_project/data/CLASS/ch2_cla_l1_2025_08/cla/data/calibrated/2025/08/01/ch2_cla_l1_20250801T222648772_20250801T222656772.fits,2025-08-01T22:26:48.772,2025-08-01T22:26:56.772,2025-08-01T22:26:52.772,8.0,-36.5,13.5,111.758,-60.773,52.2488,-60.7681,52.2495,66.8785,66.8785,CLASS_add_scds.pro,2.1,440,1,"0,1,2,3,4,5,6,7,8,9,10,11,12,13,14,15,",-60.0867,51.3801,-61.4063,51.2356,-61.4431,53.155,-60.122,53.2248,1.738525390625,0.0783822320750764,1.64501953125,1.86279296875,3560.5,160.52681128975664,8
ch2_cla_l1_20250801T222656772_20250801T222704772.fits,/home/saurabh/moon_project/data/CLASS/ch2_cla_l1_2025_08/cla/data/calibrated/2025/08/01/ch2_cla_l1_20250801T222656772_20250801T222704772.fits,2025-08-01T22:26:56.772,2025-08-01T22:27:04.772,2025-08-01T22:27:00.772,8.0,-36.4,13.5,111.643,-61.1748,52.215,-61.17,52.2154,67.2108,67.2108,CLASS_add_scds.pro,2.1,441,1,"0,1,2,3,4,5,6,7,8,9,10,11,12,13,14,15,",-60.4887,51.3371,-61.8077,51.1888,-61.8447,53.1312,-60.5244,53.2026,1.73406982421875,0.0859608556543214,1.623046875,1.8828125,3551.375,176.0478323800503,8
ch2_cla_l1_20250801T222704772_20250801T222712772.fits,/home/saurabh/moon_project/data/CLASS/ch2_cla_l1_2025_08/cla/data/calibrated/2025/08/01/ch2_cla_l1_20250801T222704772_20250801T222712772.fits,2025-08-01T22:27:04.772,2025-08-01T22:27:12.772,2025-08-01T22:27:08.772,8.0,-36.4,13.5,111.528,-61.5766,52.1803,-61.5717,52.181,67.5435,67.5435,CLASS_add_scds.pro,2.1,442,1,"0,1,2,3,4,5,6,7,8,9,10,11,12,13,14,15,",-60.891,51.2927,-62.2085,51.1412,-62.2461,53.1072,-60.9271,53.1797,1.72930908203125,0.0496827671508025,1.65234375,1.8134765625,3541.625,101.7503071248436,8
ch2_cla_l1_20250801T222712772_20250801T222720772.fits,/home/saurabh/moon_project/data/CLASS/ch2_cla_l1_2025_08/cla/data/calibrated/2025/08/01/ch2_cla_l1_20250801T222712772_20250801T222720772.fits,2025-08-01T22:27:12.772,2025-08-01T22:27:20.772,2025-08-01T22:27:16.772,8.0,-36.4,13.5,111.412,-61.9785,52.1448,-61.9738,52.1453,67.8767,67.8767,CLASS_add_scds.pro,2.1,443,1,"0,1,2,3,4,5,6,7,8,9,10,11,12,13,14,15,",-61.2929,51.2478,-62.6097,51.0919,-62.6477,53.0824,-61.3294,53.157,1.75238037109375,0.0660201637855367,1.63427734375,1.8466796875,3588.875,135.2092954327792,8
ch2_cla_l1_20250801T222720772_20250801T222728772.fits,/home/saurabh/moon_project/data/CLASS/ch2_cla_l1_2025_08/cla/data/calibrated/2025/08/01/ch2_cla_l1_20250801T222720772_20250801T222728772.fits,2025-08-01T22:27:20.772,2025-08-01T22:27:28.772,2025-08-01T22:27:24.772,8.0,-36.4,13.5,111.296,-62.3805,52.1083,-62.3757,52.1089,68.2102,68.2102,CLASS_add_scds.pro,2.1,444,1,"0,1,2,3,4,5,6,7,8,9,10,11,12,13,14,15,",-61.695,51.2015,-63.0108,51.0414,-63.0493,53.0571,-61.732,53.1334,1.7528076171875,0.0440581311627307,1.69580078125,1.822265625,3589.75,90.23105262127255,8
ch2_cla_l1_20250801T222728772_20250801T222736772.fits,/home/saurabh/moon_project/data/CLASS/ch2_cla_l1_2025_08/cla/data/calibrated/2025/08/01/ch2_cla_l1_20250801T222728772_20250801T222736772.fits,2025-08-01T22:27:28.772,2025-08-01T22:27:36.772,2025-08-01T22:27:32.772,8.0,-36.4,13.5,111.179,-62.7825,52.0708,-62.7776,52.0715,68.5441,68.5441,CLASS_add_scds.pro,2.1,445,1,"0,1,2,3,4,5,6,7,8,9,10,11,12,13,14,15,",-62.0971,51.1539,-63.4121,50.9894,-63.4511,53.031,-62.1345,53.1094,1.753662109375,0.0527705315863527,1.65380859375,1.818359375,3591.5,108.07404868885035,8
ch2_cla_l1_20250801T222736772_20250801T222744772.fits,/home/saurabh/moon_project/data/CLASS/ch2_cla_l1_2025_08/cla/data/calibrated/2025/08/01/ch2_cla_l1_20250801T222736772_20250801T222744772.fits,2025-08-01T22:27:36.772,2025-08-01T22:27:44.772,2025-08-01T22:27:40.772,8.0,-36.4,13.5,111.061,-63.1845,52.0324,-63.1796,52.033,68.8784,68.8784,CLASS_add_scds.pro,2.1,446,1,"0,1,2,3,4,5,6,7,8,9,10,11,12,13,14,15,",-62.4994,51.1049,-63.8133,50.9358,-63.8528,53.0042,-62.5373,53.0846,1.73089599609375,0.0331974184918622,1.67431640625,1.78076171875,3544.875,67.98831307133392,8
ch2_cla_l1_20250801T222744772_20250801T222752772.fits,/home/saurabh/moon_project/data/CLASS/ch2_cla_l1_2025_08/cla/data/calibrated/2025/08/01/ch2_cla_l1_20250801T222744772_20250801T222752772.fits,2025-08-01T22:27:44.772,2025-08-01T22:27:52.772,2025-08-01T22:27:48.772,8.0,-36.4,13.5,110.943,-63.5865,51.9929,-63.5817,51.9936,69.2131,69.2131,CLASS_add_scds.pro,2.1,447,1,"0,1,2,3,4,5,6,7,8,9,10,11,12,13,14,15,",-62.9017,51.0545,-64.2146,50.8807,-64.2547,52.9768,-62.94,53.0592,1.7928466796875,0.054883178647657,1.693359375,1.87353515625,3671.75,112.40074987040154,8
ch2_cla_l1_20250801T222752772_20250801T222800772.fits,/home/saurabh/moon_project/data/CLASS/ch2_cla_l1_2025_08/cla/data/calibrated/2025/08/01/ch2_cla_l1_20250801T222752772_20250801T222800772.fits,2025-08-01T22:27:52.772,2025-08-01T22:28:00.772,2025-08-01T22:27:56.772,8.0,-36.4,13.5,110.824,-63.9886,51.9522,-63.9839,51.9529,69.5482,69.5482,CLASS_add_scds.pro,2.1,448,1,"0,1,2,3,4,5,6,7,8,9,10,11,12,13,14,15,",-63.304,51.0028,-64.6159,50.8239,-64.6565,52.9486,-63.3428,53.0332,1.75445556640625,0.0379932099170006,1.701171875,1.80419921875,3593.125,77.81009391001732,8
ch2_cla_l1_20250801T222800772_20250801T222808772.fits,/home/saurabh/moon_project/data/CLASS/ch2_cla_l1_2025_08/cla/data/calibrated/2025/08/01/ch2_cla_l1_20250801T222800772_20250801T222808772.fits,2025-08-01T22:28:00.772,2025-08-01T22:28:08.772,2025-08-01T22:28:04.772,8.0,-36.4,13.5,110.705,-64.3908,51.9105,-64.3858,51.9112,69.8836,69.8836,CLASS_add_scds.pro,2.1,449,1,"0,1,2,3,4,5,6,7,8,9,10,11,12,13,14,15,",-63.7064,50.9495,-65.017,50.7655,-65.0582,52.9198,-63.7457,53.0064,1.776611328125,0.0676093863167621,1.69189453125,1.87841796875,3638.5,138.4640231767289,8
ch2_cla_l1_20250801T222808772_20250801T222816772.fits,/home/saurabh/moon_project/data/CLASS/ch2_cla_l1_2025_08/cla/data/calibrated/2025/08/01/ch2_cla_l1_20250801T222808772_20250801T222816772.fits,2025-08-01T22:28:08.772,2025-08-01T22:28:16.772,2025-08-01T22:28:12.772,8.0,-36.2,13.5,110.584,-64.793,51.8675,-64.7881,51.8682,70.2194,70.2194,CLASS_add_scds.pro,2.1,450,1,"0,1,2,3,4,5,6,7,8,9,10,11,12,13,14,15,",-64.1085,50.8948,-65.4184,50.7051,-65.4602,52.8899,-64.1484,52.9792,1.73779296875,0.0556236636765144,1.6513671875,1.8193359375,3559.0,113.91726320950156,8
ch2_cla_l1_20250801T222816772_20250801T222824772.fits,/home/saurabh/moon_project/data/CLASS/ch2_cla_l1_2025_08/cla/data/calibrated/2025/08/01/ch2_cla_l1_20250801T222816772_20250801T222824772.fits,2025-08-01T22:28:16.772,2025-08-01T22:28:24.772,2025-08-01T22:28:20.772,8.0,-36.2,13.5,110.464,-65.1952,51.8232,-65.1904,51.8238,70.5556,70.5556,CLASS_add_scds.pro,2.1,451,1,"0,1,2,3,4,5,6,7,8,9,10,11,12,13,14,15,",-64.511,50.8383,-65.8199,50.6431,-65.8623,52.8595,-64.5514,52.951,1.813232421875,0.0546812715681494,1.73095703125,1.89111328125,3713.5,111.98724417157008,8
ch2_cla_l1_20250801T222824772_20250801T222832772.fits,/home/saurabh/moon_project/data/CLASS/ch2_cla_l1_2025_08/cla/data/calibrated/2025/08/01/ch2_cla_l1_20250801T222824772_20250801T222832772.fits,2025-08-01T22:28:24.772,2025-08-01T22:28:32.772,2025-08-01T22:28:28.772,8.0,-36.2,13.5,110.342,-65.5975,51.7776,-65.5927,51.7786,70.892,70.892,CLASS_add_scds.pro,2.1,452,1,"0,1,2,3,4,5,6,7,8,9,10,11,12,13,14,15,",-64.9135,50.7802,-66.2213,50.5791,-66.2643,52.8281,-64.9545,52.9222,1.72430419921875,0.0781236648445481,1.625,1.84716796875,3531.375,159.99726560163458,8
ch2_cla_l1_20250801T222832772_20250801T222840772.fits,/home/saurabh/moon_project/data/CLASS/ch2_cla_l1_2025_08/cla/data/calibrated/2025/08/01/ch2_cla_l1_20250801T222832772_20250801T222840772.fits,2025-08-01T22:28:32.772,2025-08-01T22:28:40.772,2025-08-01T22:28:36.772,8.0,-36.2,13.5,110.22,-65.9998,51.7307,-65.9949,51.7314,71.2289,71.2289,CLASS_add_scds.pro,2.1,453,1,"0,1,2,3,4,5,6,7,8,9,10,11,12,13,14,15,",-65.3159,50.7205,-66.6227,50.5129,-66.6664,52.7957,-65.3575,52.8927,1.8052978515625,0.0758370105843937,1.71484375,1.923828125,3697.25,155.3141976768383,8
ch2_cla_l1_20250801T222840772_20250801T222848772.fits,/home/saurabh/moon_project/data/CLASS/ch2_cla_l1_2025_08/cla/data/calibrated/2025/08/01/ch2_cla_l1_20250801T222840772_20250801T222848772.fits,2025-08-01T22:28:40.772,2025-08-01T22:28:48.772,2025-08-01T22:28:44.772,8.0,-36.2,13.5,110.098,-66.4021,51.6822,-66.3974,51.6829,71.566,71.566,CLASS_add_scds.pro,2.1,454,1,"0,1,2,3,4,5,6,7,8,9,10,11,12,13,14,15,",-65.7184,50.6587,-67.0242,50.4445,-67.0685,52.7624,-65.7606,52.8623,1.76385498046875,0.0749207475277073,1.64306640625,1.861328125,3612.375,153.43769093674473,8
ch2_cla_l1_20250801T222848772_20250801T222856772.fits,/home/saurabh/moon_project/data/CLASS/ch2_cla_l1_2025_08/cla/data/calibrated/2025/08/01/ch2_cla_l1_20250801T222848772_20250801T222856772.fits,2025-08-01T22:28:48.772,2025-08-01T22:28:56.772,2025-08-01T22:28:52.772,8.0,-36.2,13.5,109.975,-66.8045,51.6322,-66.7998,51.633,71.9035,71.9035,CLASS_add_scds.pro,2.1,455,1,"0,1,2,3,4,5,6,7,8,9,10,11,12,13,14,15,",-66.121,50.595,-67.4256,50.3738,-67.4706,52.728,-66.1638,52.831,1.80792236328125,0.0642535600402192,1.7216796875,1.91552734375,3702.625,131.59129096236902,8
ch2_cla_l1_20250801T222856772_20250801T222904772.fits,/home/saurabh/moon_project/data/CLASS/ch2_cla_l1_2025_08/cla/data/calibrated/2025/08/01/ch2_cla_l1_20250801T222856772_20250801T222904772.fits,2025-08-01T22:28:56.772,2025-08-01T22:29:04.772,2025-08-01T22:29:00.772,8.0,-36.2,13.5,109.851,-67.2069,51.5805,-67.2022,51.5814,72.2413,72.2413,CLASS_add_scds.pro,2.1,456,1,"0,1,2,3,4,5,6,7,8,9,10,11,12,13,14,15,",-66.5235,50.5292,-67.8273,50.3005,-67.873,52.6926,-66.5669,52.7987,1.7657470703125,0.0728681623582986,1.671875,1.89697265625,3616.25,149.2339965097957,8
ch2_cla_l1_20250801T222904772_20250801T222912772.fits,/home/saurabh/moon_project/data/CLASS/ch2_cla_l1_2025_08/cla/data/calibrated/2025/08/01/ch2_cla_l1_20250801T222904772_20250801T222912772.fits,2025-08-01T22:29:04.772,2025-08-01T22:29:12.772,2025-08-01T22:29:08.772,8.0,-36.2,13.5,109.727,-67.6094,51.5272,-67.6047,51.5281,72.5794,72.5794,CLASS_add_scds.pro,2.1,457,1,"0,1,2,3,4,5,6,7,8,9,10,11,12,13,14,15,",-66.9263,50.4609,-68.2287,50.2248,-68.2752,52.6559,-66.9703,52.7652,1.8074951171875,0.0499240502766875,1.73388671875,1.89013671875,3701.75,102.24445496665612,8
ch2_cla_l1_20250801T222912772_20250801T222920772.fits,/home/saurabh/moon_project/data/CLASS/ch2_cla_l1_2025_08/cla/data/calibrated/2025/08/01/ch2_cla_l1_20250801T222912772_20250801T222920772.fits,2025-08-01T22:29:12.772,2025-08-01T22:29:20.772,2025-08-01T22:29:16.772,8.0,-36.2,13.5,109.602,-68.0119,51.472,-68.0072,51.4728,72.9179,72.9179,CLASS_add_scds.pro,2.1,458,1,"0,1,2,3,4,5,6,7,8,9,10,11,12,13,14,15,",-67.3288,50.3908,-68.6303,50.1461,-68.6776,52.6179,-67.3735,52.7311,1.78955078125,0.0725426977546583,1.69482421875,1.91357421875,3665.0,148.56744500154034,8
ch2_cla_l1_20250801T222920772_20250801T222928772.fits,/home/saurabh/moon_project/data/CLASS/ch2_cla_l1_2025_08/cla/data/calibrated/2025/08/01/ch2_cla_l1_20250801T222920772_20250801T222928772.fits,2025-08-01T22:29:20.772,2025-08-01T22:29:28.772,2025-08-01T22:29:24.772,8.0,-36.2,13.5,109.477,-68.4144,51.4149,-68.4097,51.4158,73.2566,73.2566,CLASS_add_scds.pro,2.1,459,1,"0,1,2,3,4,5,6,7,8,9,10,11,12,13,14,15,",-67.7315,50.3179,-69.0318,50.0649,-69.0799,52.5788,-67.777,52.6955,1.8184814453125,0.0371229104045271,1.76953125,1.87939453125,3724.25,76.02772050847167,8
ch2_cla_l1_20250801T222928772_20250801T222936772.fits,/home/saurabh/moon_project/data/CLASS/ch2_cla_l1_2025_08/cla/data/calibrated/2025/08/01/ch2_cla_l1_20250801T222928772_20250801T222936772.fits,2025-08-01T22:29:28.772,2025-08-01T22:29:36.772,2025-08-01T22:29:32.772,8.0,-36.2,13.5,109.351,-68.817,51.3557,-68.8124,51.3563,73.5956,73.5956,CLASS_add_scds.pro,2.1,460,1,"0,1,2,3,4,5,6,7,8,9,10,11,12,13,14,15,",-68.1341,50.2427,-69.4332,49.9804,-69.4821,52.5382,-68.1803,52.6591,1.7901611328125,0.0653404815246274,1.7001953125,1.8857421875,3666.25,133.8173061624371,8
ch2_cla_l1_20250801T222936772_20250801T222944772.fits,/home/saurabh/moon_project/data/CLASS/ch2_cla_l1_2025_08/cla/data/calibrated/2025/08/01/ch2_cla_l1_20250801T222936772_20250801T222944772.fits,2025-08-01T22:29:36.772,2025-08-01T22:29:44.772,2025-08-01T22:29:40.772,8.0,-36.2,13.5,109.224,-69.2196,51.2944,-69.2149,51.2953,73.9349,73.9349,CLASS_add_scds.pro,2.1,461,1,"0,1,2,3,4,5,6,7,8,9,10,11,12,13,14,15,",-68.5366,50.1648,-69.8347,49.8926,-69.8845,52.4961,-68.5836,52.6214,1.81341552734375,0.0324040927150517,1.7607421875,1.85791015625,3713.875,66.36358188042595,8
ch2_cla_l1_20250801T222944772_20250801T222952772.fits,/home/saurabh/moon_project/data/CLASS/ch2_cla_l1_2025_08/cla/data/calibrated/2025/08/01/ch2_cla_l1_20250801T222944772_20250801T222952772.fits,2025-08-01T22:29:44.772,2025-08-01T22:29:52.772,2025-08-01T22:29:48.772,8.0,-36.2,13.5,109.097,-69.6222,51.2309,-69.6175,51.2316,74.2745,74.2745,CLASS_add_scds.pro,2.1,462,1,"0,1,2,3,4,5,6,7,8,9,10,11,12,13,14,15,",-68.9393,50.0838,-70.2363,49.8015,-70.287,52.4526,-68.9871,52.5823,1.8231201171875,0.0574174795887443,1.7421875,1.9091796875,3733.75,117.59099819774836,8
ch2_cla_l1_20250801T222952772_20250801T223000772.fits,/home/saurabh/moon_project/data/CLASS/ch2_cla_l1_2025_08/cla/data/calibrated/2025/08/01/ch2_cla_l1_20250801T222952772_20250801T223000772.fits,2025-08-01T22:29:52.772,2025-08-01T22:30:00.772,2025-08-01T22:29:56.772,8.0,-36.2,13.5,108.97,-70.0249,51.1649,-70.0202,51.1658,74.6144,74.6144,CLASS_add_scds.pro,2.1,463,1,"0,1,2,3,4,5,6,7,8,9,10,11,12,13,14,15,",-69.342,50.0,-70.6377,49.7071,-70.6894,52.4077,-69.3907,52.542,1.80389404296875,0.0579078491898277,1.71435546875,1.8935546875,3694.375,118.59527514076724,8
ch2_cla_l1_20250801T223000772_20250801T223008772.fits,/home/saurabh/moon_project/data/CLASS/ch2_cla_l1_2025_08/cla/data/calibrated/2025/08/01/ch2_cla_l1_20250801T223000772_20250801T223008772.fits,2025-08-01T22:30:00.772,2025-08-01T22:30:08.772,2025-08-01T22:30:04.772,8.0,-36.2,13.5,108.842,-70.4276,51.0963,-70.4229,51.0975,74.9546,74.9546,CLASS_add_scds.pro,2.1,464,1,"0,1,2,3,4,5,6,7,8,9,10,11,12,13,14,15,",-69.7446,49.9132,-71.0394,49.6086,-71.0921,52.3611,-69.7942,52.5005,1.82598876953125,0.0526166540465347,1.765625,1.9140625,3739.625,107.75890748730308,8
