class_filename,class_filepath,start_time,end_time,mid_time,exposure_s,temp_c,gain_ev_ch,sat_alt,sat_lat,sat_lon,bore_lat,bore_lon,solarang_deg,phaseang_deg,program,version,dataset,scd_fltr,scd_used,v0_lat,v0_lon,v1_lat,v1_lon,v2_lat,v2_lon,v3_lat,v3_lon,xsm_mean_meancounts,xsm_std_meancounts,xsm_min_meancounts,xsm_max_meancounts,xsm_mean_totalcounts,xsm_std_totalcounts,xsm_points_used
ch2_cla_l1_20250801T025909069_20250801T025917069.fits,/home/saurabh/moon_project/data/CLASS/ch2_cla_l1_2025_08/cla/data/calibrated/2025/08/01/ch2_cla_l1_20250801T025909069_20250801T025917069.fits,2025-08-01T02:59:09.069,2025-08-01T02:59:17.069,2025-08-01T02:59:13.069,8.0,-39.0,13.5,101.778,-88.0486,34.2562,-88.0438,34.3374,90.0968,90.0968,CLASS_add_scds.pro,2.1,508,1,"0,1,2,3,4,5,6,7,8,9,10,11,12,13,14,15,",-87.295,33.3478,-88.2343,11.8584,-88.7904,36.5348,-87.621,50.8483,1.7269287109375,0.0490506578060519,1.6513671875,1.80810546875,3536.75,100.45574718679435,8
ch2_cla_l1_20250801T025925069_20250801T025933069.fits,/home/saurabh/moon_project/data/CLASS/ch2_cla_l1_2025_08/cla/data/calibrated/2025/08/01/ch2_cla_l1_20250801T025925069_20250801T025933069.fits,2025-08-01T02:59:25.069,2025-08-01T02:59:33.069,2025-08-01T02:59:29.069,8.0,-39.0,13.5,101.517,-88.6833,16.0091,-88.6796,16.1918,90.7962,90.7962,CLASS_add_scds.pro,2.1,510,1,"0,1,2,3,4,5,6,7,8,9,10,11,12,13,14,15,",-87.9466,21.4567,-89.3738,-1.3518,-88.7705,36.979,-88.399,43.7974,1.71484375,0.0396775999476358,1.6513671875,1.771484375,3512.0,81.2597246927582,8
ch2_cla_l1_20250801T025941069_20250801T025949069.fits,/home/saurabh/moon_project/data/CLASS/ch2_cla_l1_2025_08/cla/data/calibrated/2025/08/01/ch2_cla_l1_20250801T025941069_20250801T025949069.fits,2025-08-01T02:59:41.069,2025-08-01T02:59:49.069,2025-08-01T02:59:45.069,8.0,-39.0,13.5,101.255,-89.0092,-22.0706,-89.0089,-21.7425,91.4958,91.4958,CLASS_add_scds.pro,2.1,512,1,"0,1,2,3,4,5,6,7,8,9,10,11,12,13,14,15,",-88.5862,-31.4558,-89.2001,-69.5214,-89.3648,0.2705,-88.4377,0.5668,1.7279052734375,0.0360391352484042,1.671875,1.77978515625,3538.75,73.80814898873197,8
ch2_cla_l1_20250801T025949069_20250801T025957069.fits,/home/saurabh/moon_project/data/CLASS/ch2_cla_l1_2025_08/cla/data/calibrated/2025/08/01/ch2_cla_l1_20250801T025949069_20250801T025957069.fits,2025-08-01T02:59:49.069,2025-08-01T02:59:57.069,2025-08-01T02:59:53.069,8.0,-39.0,13.5,101.124,-88.9504,-44.8353,-88.9523,-44.546,91.8457,91.8457,CLASS_add_scds.pro,2.1,513,1,"0,1,2,3,4,5,6,7,8,9,10,11,12,13,14,15,",-88.2964,-59.7713,-89.2001,-69.5214,-89.3648,0.2705,-88.589,-30.7161,1.724853515625,0.0787559102234503,1.58056640625,1.8193359375,3532.5,161.2921041376262,8
ch2_cla_l1_20250801T025957069_20250801T030005069.fits,/home/saurabh/moon_project/data/CLASS/ch2_cla_l1_2025_08/cla/data/calibrated/2025/08/01/ch2_cla_l1_20250801T025957069_20250801T030005069.fits,2025-08-01T02:59:57.069,2025-08-01T03:00:05.069,2025-08-01T03:00:01.069,8.0,-39.0,13.5,100.993,-88.754,-62.758,-88.7572,-62.5565,92.1956,92.1956,CLASS_add_scds.pro,2.1,514,1,"0,1,2,3,4,5,6,7,8,9,10,11,12,13,14,15,",-88.038,-69.6142,-88.8781,-84.5484,-89.4112,-38.3734,-88.4953,-46.3596,1.71826171875,0.0582819316448672,1.61572265625,1.7998046875,3519.0,119.36139600868808,8
ch2_cla_l1_20250801T030005069_20250801T030013069.fits,/home/saurabh/moon_project/data/CLASS/ch2_cla_l1_2025_08/cla/data/calibrated/2025/08/01/ch2_cla_l1_20250801T030005069_20250801T030013069.fits,2025-08-01T03:00:05.069,2025-08-01T03:00:13.069,2025-08-01T03:00:09.069,8.0,-39.0,13.5,100.861,-88.4721,-74.9647,-88.4761,-74.8304,92.5455,92.5455,CLASS_add_scds.pro,2.1,515,1,"0,1,2,3,4,5,6,7,8,9,10,11,12,13,14,15,",-88.1326,-97.3854,-88.5141,-92.5714,-89.2114,-68.5796,-87.7357,-77.0059,1.749755859375,0.0566766934112459,1.6875,1.84814453125,3583.5,116.07386810623164,8
ch2_cla_l1_20250801T030013069_20250801T030021069.fits,/home/saurabh/moon_project/data/CLASS/ch2_cla_l1_2025_08/cla/data/calibrated/2025/08/01/ch2_cla_l1_20250801T030013069_20250801T030021069.fits,2025-08-01T03:00:13.069,2025-08-01T03:00:21.069,2025-08-01T03:00:17.069,8.0,-39.0,13.5,100.73,-88.1432,-83.124,-88.1478,-83.0328,92.8954,92.8954,CLASS_add_scds.pro,2.1,516,1,"0,1,2,3,4,5,6,7,8,9,10,11,12,13,14,15,",-87.7425,-100.553,-88.8914,-84.0841,-88.3062,-59.3417,-87.4051,-82.5874,1.72698974609375,0.066169090887993,1.63916015625,1.8251953125,3536.875,135.51429813860972,8
ch2_cla_l1_20250801T030021069_20250801T030029069.fits,/home/saurabh/moon_project/data/CLASS/ch2_cla_l1_2025_08/cla/data/calibrated/2025/08/01/ch2_cla_l1_20250801T030021069_20250801T030029069.fits,2025-08-01T03:00:21.069,2025-08-01T03:00:29.069,2025-08-01T03:00:25.069,8.0,-39.0,13.5,100.598,-87.7881,-88.7523,-87.7932,-88.687,93.2453,93.2453,CLASS_add_scds.pro,2.1,517,1,"0,2,3,4,5,6,7,8,9,10,11,12,13,14,15,",-87.3473,-102.784,-88.5277,-92.3181,-88.0492,-69.3187,-87.0551,-86.8793,1.74932861328125,0.0875282932781562,1.583984375,1.86376953125,3582.625,179.2579446336639,8
ch2_cla_l1_20250801T030029069_20250801T030037069.fits,/home/saurabh/moon_project/data/CLASS/ch2_cla_l1_2025_08/cla/data/calibrated/2025/08/01/ch2_cla_l1_20250801T030029069_20250801T030037069.fits,2025-08-01T03:00:29.069,2025-08-01T03:00:37.069,2025-08-01T03:00:33.069,8.0,-39.0,13.5,100.466,-87.4177,-92.7977,-87.4228,-92.7508,93.5953,93.5953,CLASS_add_scds.pro,2.1,518,1,"0,2,3,4,5,6,7,8,9,10,11,12,13,14,15,",-86.949,-104.436,-88.1455,-97.2317,-87.7472,-76.8087,-86.6922,-90.2467,1.722900390625,0.0761736635550092,1.62158203125,1.84521484375,3528.5,156.00366296065891,8
ch2_cla_l1_20250801T030037069_20250801T030045069.fits,/home/saurabh/moon_project/data/CLASS/ch2_cla_l1_2025_08/cla/data/calibrated/2025/08/01/ch2_cla_l1_20250801T030037069_20250801T030045069.fits,2025-08-01T03:00:37.069,2025-08-01T03:00:45.069,2025-08-01T03:00:41.069,8.0,-39.0,13.5,100.334,-87.0375,-95.8184,-87.0426,-95.7827,93.9452,93.9452,CLASS_add_scds.pro,2.1,519,1,"0,3,4,5,6,7,8,9,10,11,12,13,14,15,",-86.5488,-105.706,-87.7543,-100.453,-87.416,-82.4586,-86.32,-92.9408,1.78619384765625,0.104438207559536,1.607421875,1.919921875,3658.125,213.88944908192977,8
ch2_cla_l1_20250801T030045069_20250801T030053069.fits,/home/saurabh/moon_project/data/CLASS/ch2_cla_l1_2025_08/cla/data/calibrated/2025/08/01/ch2_cla_l1_20250801T030045069_20250801T030053069.fits,2025-08-01T03:00:45.069,2025-08-01T03:00:53.069,2025-08-01T03:00:49.069,8.0,-39.0,13.5,100.202,-86.651,-98.1483,-86.6562,-98.1203,94.2952,94.2952,CLASS_add_scds.pro,2.1,520,1,"3,4,5,6,7,8,9,10,11,12,13,14,15,",-86.1473,-106.714,-87.358,-102.713,-87.0654,-86.7924,-85.9413,-95.1378,1.7291259765625,0.0574850641127169,1.65576171875,1.818359375,3541.25,117.72941130284433,8
ch2_cla_l1_20250801T030053069_20250801T030101069.fits,/home/saurabh/moon_project/data/CLASS/ch2_cla_l1_2025_08/cla/data/calibrated/2025/08/01/ch2_cla_l1_20250801T030053069_20250801T030101069.fits,2025-08-01T03:00:53.069,2025-08-01T03:01:01.069,2025-08-01T03:00:57.069,8.0,-39.1,13.5,100.07,-86.2601,-99.9947,-86.2653,-99.9721,94.6451,94.6451,CLASS_add_scds.pro,2.1,521,1,"0,3,4,5,6,7,8,9,10,11,12,13,14,15,",-85.7448,-107.531,-86.9588,-104.386,-86.7017,-90.1889,-85.5576,-96.9573,1.76885986328125,0.0694026817660328,1.63671875,1.8564453125,3622.625,142.13669225683523,8
ch2_cla_l1_20250801T030101069_20250801T030109069.fits,/home/saurabh/moon_project/data/CLASS/ch2_cla_l1_2025_08/cla/data/calibrated/2025/08/01/ch2_cla_l1_20250801T030101069_20250801T030109069.fits,2025-08-01T03:01:01.069,2025-08-01T03:01:09.069,2025-08-01T03:01:05.069,8.0,-38.9,13.5,99.9381,-85.8659,-101.491,-85.8713,-101.472,94.995,94.995,CLASS_add_scds.pro,2.1,522,1,"0,3,4,5,8,9,10,11,12,13,14,15,",-85.3414,-108.207,-86.5576,-105.67,-86.3288,-92.9032,-85.17,-98.4869,1.7349853515625,0.044639505533018,1.67578125,1.818359375,3553.25,91.42170733162104,8
ch2_cla_l1_20250801T030109069_20250801T030117069.fits,/home/saurabh/moon_project/data/CLASS/ch2_cla_l1_2025_08/cla/data/calibrated/2025/08/01/ch2_cla_l1_20250801T030109069_20250801T030117069.fits,2025-08-01T03:01:09.069,2025-08-01T03:01:17.069,2025-08-01T03:01:13.069,8.0,-38.9,13.5,99.8059,-85.4694,-102.727,-85.4747,-102.711,95.3449,95.3449,CLASS_add_scds.pro,2.1,523,1,"0,3,4,5,8,9,10,11,12,13,14,15,",-84.9374,-108.778,-86.1548,-106.685,-85.9489,-95.1136,-84.7795,-99.7903,1.7445068359375,0.0649373414829542,1.642578125,1.85107421875,3572.75,132.99167535709034,8
ch2_cla_l1_20250801T030325069_20250801T030333069.fits,/home/saurabh/moon_project/data/CLASS/ch2_cla_l1_2025_08/cla/data/calibrated/2025/08/01/ch2_cla_l1_20250801T030325069_20250801T030333069.fits,2025-08-01T03:03:25.069,2025-08-01T03:03:33.069,2025-08-01T03:03:29.069,8.0,-39.3,13.5,97.5555,-78.6026,-110.42,-78.6079,-110.417,101.286,101.286,CLASS_add_scds.pro,2.1,540,1,"0,3,4,5,8,9,10,11,",-78.032,-112.598,-79.2406,-112.275,-79.1667,-108.007,-77.9656,-108.757,1.72430419921875,0.0507785251431326,1.62841796875,1.78076171875,3531.375,103.99441949313572,8
ch2_cla_l1_20250801T030341069_20250801T030349069.fits,/home/saurabh/moon_project/data/CLASS/ch2_cla_l1_2025_08/cla/data/calibrated/2025/08/01/ch2_cla_l1_20250801T030341069_20250801T030349069.fits,2025-08-01T03:03:41.069,2025-08-01T03:03:49.069,2025-08-01T03:03:45.069,8.0,-39.2,13.5,97.2915,-77.7887,-110.759,-77.794,-110.757,101.983,101.983,CLASS_add_scds.pro,2.1,542,1,"0,3,4,8,10,11,",-77.217,-112.781,-78.424,-112.499,-78.3554,-108.535,-77.1549,-109.188,1.72747802734375,0.0669367461114372,1.64208984375,1.83154296875,3537.875,137.08645603622347,8
ch2_cla_l1_20250801T030357069_20250801T030405069.fits,/home/saurabh/moon_project/data/CLASS/ch2_cla_l1_2025_08/cla/data/calibrated/2025/08/01/ch2_cla_l1_20250801T030357069_20250801T030405069.fits,2025-08-01T03:03:57.069,2025-08-01T03:04:05.069,2025-08-01T03:04:01.069,8.0,-39.2,13.5,97.0277,-76.9742,-111.058,-76.9795,-111.055,102.68,102.68,CLASS_add_scds.pro,2.1,544,1,"0,3,4,8,10,11,",-76.4019,-112.943,-77.6069,-112.694,-77.5429,-108.995,-76.3435,-109.569,1.7625732421875,0.0559738829979852,1.671875,1.83837890625,3609.75,114.63451237987375,8
ch2_cla_l1_20250801T030413069_20250801T030421069.fits,/home/saurabh/moon_project/data/CLASS/ch2_cla_l1_2025_08/cla/data/calibrated/2025/08/01/ch2_cla_l1_20250801T030413069_20250801T030421069.fits,2025-08-01T03:04:13.069,2025-08-01T03:04:21.069,2025-08-01T03:04:17.069,8.0,-39.2,13.5,96.7643,-76.1592,-111.322,-76.1644,-111.32,103.377,103.377,CLASS_add_scds.pro,2.1,546,1,"0,3,4,5,8,10,11,",-75.5864,-113.088,-76.7894,-112.867,-76.7294,-109.4,-75.5314,-109.908,1.75286865234375,0.0758018308398289,1.64208984375,1.873046875,3589.875,155.2421495599697,8
ch2_cla_l1_20250801T030421069_20250801T030429069.fits,/home/saurabh/moon_project/data/CLASS/ch2_cla_l1_2025_08/cla/data/calibrated/2025/08/01/ch2_cla_l1_20250801T030421069_20250801T030429069.fits,2025-08-01T03:04:21.069,2025-08-01T03:04:29.069,2025-08-01T03:04:25.069,8.0,-39.2,13.5,96.6328,-75.7515,-111.443,-75.7566,-111.441,103.725,103.725,CLASS_add_scds.pro,2.1,547,1,"0,3,4,8,10,",-75.1785,-113.154,-76.3805,-112.946,-76.3224,-109.585,-75.1251,-110.064,1.7139892578125,0.0705367855659793,1.6015625,1.8125,3510.25,144.45933683912577,8
ch2_cla_l1_20250801T030429069_20250801T030437069.fits,/home/saurabh/moon_project/data/CLASS/ch2_cla_l1_2025_08/cla/data/calibrated/2025/08/01/ch2_cla_l1_20250801T030429069_20250801T030437069.fits,2025-08-01T03:04:29.069,2025-08-01T03:04:37.069,2025-08-01T03:04:33.069,8.0,-39.3,13.5,96.5013,-75.3437,-111.557,-75.3489,-111.556,104.073,104.073,CLASS_add_scds.pro,2.1,548,1,"0,3,4,5,8,10,11,",-74.7705,-113.217,-75.9716,-113.02,-75.9153,-109.759,-74.7186,-110.212,1.7508544921875,0.0584370288290753,1.66162109375,1.84228515625,3585.75,119.67903504194638,8
ch2_cla_l1_20250801T030445069_20250801T030453069.fits,/home/saurabh/moon_project/data/CLASS/ch2_cla_l1_2025_08/cla/data/calibrated/2025/08/01/ch2_cla_l1_20250801T030445069_20250801T030453069.fits,2025-08-01T03:04:45.069,2025-08-01T03:04:53.069,2025-08-01T03:04:49.069,8.0,-39.4,13.5,96.2388,-74.5277,-111.769,-74.533,-111.767,104.768,104.768,CLASS_add_scds.pro,2.1,550,1,"0,3,4,8,10,11,",-73.9544,-113.335,-75.1535,-113.157,-75.1003,-110.079,-73.9052,-110.485,1.7542724609375,0.0487909666089285,1.681640625,1.8359375,3592.75,99.92389961508565,8
ch2_cla_l1_20250801T030453069_20250801T030501069.fits,/home/saurabh/moon_project/data/CLASS/ch2_cla_l1_2025_08/cla/data/calibrated/2025/08/01/ch2_cla_l1_20250801T030453069_20250801T030501069.fits,2025-08-01T03:04:53.069,2025-08-01T03:05:01.069,2025-08-01T03:04:57.069,8.0,-39.4,13.5,96.1077,-74.1196,-111.866,-74.1248,-111.865,105.115,105.115,CLASS_add_scds.pro,2.1,551,1,"0,3,4,8,10,",-73.5462,-113.39,-74.7444,-113.221,-74.6927,-110.227,-73.4982,-110.612,1.738037109375,0.0771696258200388,1.6396484375,1.873046875,3559.5,158.04339367943948,8
ch2_cla_l1_20250801T030501069_20250801T030509069.fits,/home/saurabh/moon_project/data/CLASS/ch2_cla_l1_2025_08/cla/data/calibrated/2025/08/01/ch2_cla_l1_20250801T030501069_20250801T030509069.fits,2025-08-01T03:05:01.069,2025-08-01T03:05:09.069,2025-08-01T03:05:05.069,8.0,-39.5,13.5,95.9767,-73.7113,-111.96,-73.7165,-111.959,105.463,105.463,CLASS_add_scds.pro,2.1,552,1,"0,3,4,8,10,11,",-73.1379,-113.442,-74.3351,-113.281,-74.2847,-110.367,-73.0911,-110.733,1.7625732421875,0.0421950802729172,1.701171875,1.8212890625,3609.75,86.41552439893458,8
ch2_cla_l1_20250801T030509069_20250801T030517069.fits,/home/saurabh/moon_project/data/CLASS/ch2_cla_l1_2025_08/cla/data/calibrated/2025/08/01/ch2_cla_l1_20250801T030509069_20250801T030517069.fits,2025-08-01T03:05:09.069,2025-08-01T03:05:17.069,2025-08-01T03:05:13.069,8.0,-39.5,13.5,95.8459,-73.303,-112.048,-73.3082,-112.047,105.81,105.81,CLASS_add_scds.pro,2.1,553,1,"0,3,4,8,10,11,",-72.7296,-113.492,-73.9258,-113.339,-73.8768,-110.5,-72.684,-110.849,1.740234375,0.0623991015568704,1.66357421875,1.84326171875,3564.0,127.79335998847068,8
ch2_cla_l1_20250801T030517069_20250801T030525069.fits,/home/saurabh/moon_project/data/CLASS/ch2_cla_l1_2025_08/cla/data/calibrated/2025/08/01/ch2_cla_l1_20250801T030517069_20250801T030525069.fits,2025-08-01T03:05:17.069,2025-08-01T03:05:25.069,2025-08-01T03:05:21.069,8.0,-39.5,13.5,95.7152,-72.8946,-112.133,-72.8998,-112.132,106.157,106.157,CLASS_add_scds.pro,2.1,554,1,"0,3,4,8,10,11,",-72.3212,-113.54,-73.5164,-113.393,-73.4687,-110.627,-72.2766,-110.959,1.767822265625,0.0350951617696609,1.71923828125,1.8173828125,3620.5,71.87489130426563,8
ch2_cla_l1_20250801T030525069_20250801T030533069.fits,/home/saurabh/moon_project/data/CLASS/ch2_cla_l1_2025_08/cla/data/calibrated/2025/08/01/ch2_cla_l1_20250801T030525069_20250801T030533069.fits,2025-08-01T03:05:25.069,2025-08-01T03:05:33.069,2025-08-01T03:05:29.069,8.0,-39.5,13.5,95.5846,-72.4861,-112.214,-72.4912,-112.213,106.503,106.503,CLASS_add_scds.pro,2.1,555,1,"0,3,4,8,10,11,",-71.9127,-113.586,-73.1069,-113.446,-73.0604,-110.748,-71.8691,-111.064,1.71826171875,0.1163251848754182,1.580078125,1.8544921875,3519.0,238.2339786248565,8
ch2_cla_l1_20250801T030645069_20250801T030653069.fits,/home/saurabh/moon_project/data/CLASS/ch2_cla_l1_2025_08/cla/data/calibrated/2025/08/01/ch2_cla_l1_20250801T030645069_20250801T030653069.fits,2025-08-01T03:06:45.069,2025-08-01T03:06:53.069,2025-08-01T03:06:49.069,8.0,-40.0,13.5,94.2888,-68.3962,-112.863,-68.4013,-112.863,109.958,109.958,CLASS_add_scds.pro,2.1,565,0,"0,1,2,3,4,5,6,7,8,9,10,11,12,13,14,15,",-67.8243,-113.961,-69.0087,-113.866,-68.9714,-111.705,-67.789,-111.913,1.717529296875,0.0436505803464932,1.654296875,1.7919921875,3517.5,89.39638854961807,8
ch2_cla_l1_20250801T030717069_20250801T030725069.fits,/home/saurabh/moon_project/data/CLASS/ch2_cla_l1_2025_08/cla/data/calibrated/2025/08/01/ch2_cla_l1_20250801T030717069_20250801T030725069.fits,2025-08-01T03:07:17.069,2025-08-01T03:07:25.069,2025-08-01T03:07:21.069,8.0,-40.2,13.5,93.7763,-66.7581,-113.063,-66.7631,-113.062,111.333,111.333,CLASS_add_scds.pro,2.1,569,0,"0,1,2,3,4,5,6,7,8,9,10,11,12,13,14,15,",-66.1872,-114.079,-67.3676,-113.996,-67.3331,-111.994,-66.1544,-112.175,1.730712890625,0.0344051476590675,1.673828125,1.77685546875,3544.5,70.46174240577041,8
ch2_cla_l1_20250801T030733069_20250801T030741069.fits,/home/saurabh/moon_project/data/CLASS/ch2_cla_l1_2025_08/cla/data/calibrated/2025/08/01/ch2_cla_l1_20250801T030733069_20250801T030741069.fits,2025-08-01T03:07:33.069,2025-08-01T03:07:41.069,2025-08-01T03:07:37.069,8.0,-40.3,13.5,93.5215,-65.9387,-113.153,-65.9437,-113.152,112.019,112.019,CLASS_add_scds.pro,2.1,571,0,"0,1,2,3,4,5,6,7,8,9,10,11,12,13,14,15,",-65.3682,-114.133,-66.5466,-114.055,-66.5133,-112.125,-65.3365,-112.293,1.721923828125,0.0652336649207504,1.619140625,1.81298828125,3526.5,133.59854575769688,8
ch2_cla_l1_20250801T030749069_20250801T030757069.fits,/home/saurabh/moon_project/data/CLASS/ch2_cla_l1_2025_08/cla/data/calibrated/2025/08/01/ch2_cla_l1_20250801T030749069_20250801T030757069.fits,2025-08-01T03:07:49.069,2025-08-01T03:07:57.069,2025-08-01T03:07:53.069,8.0,-40.3,13.5,93.2678,-65.1189,-113.238,-65.124,-113.237,112.703,112.703,CLASS_add_scds.pro,2.1,573,0,"0,1,2,3,4,5,6,7,8,9,10,11,12,13,14,15,",-64.549,-114.184,-65.7255,-114.11,-65.6934,-112.247,-64.5183,-112.405,1.72808837890625,0.0601373349037263,1.65478515625,1.82177734375,3539.125,123.1612618828316,8
ch2_cla_l1_20250801T030805069_20250801T030813069.fits,/home/saurabh/moon_project/data/CLASS/ch2_cla_l1_2025_08/cla/data/calibrated/2025/08/01/ch2_cla_l1_20250801T030805069_20250801T030813069.fits,2025-08-01T03:08:05.069,2025-08-01T03:08:13.069,2025-08-01T03:08:09.069,8.0,-40.3,13.5,93.0151,-64.2989,-113.318,-64.304,-113.317,113.386,113.386,CLASS_add_scds.pro,2.1,575,0,"0,1,2,3,4,5,6,7,8,9,10,11,12,13,14,15,",-63.7296,-114.233,-64.9041,-114.163,-64.873,-112.362,-63.6999,-112.509,1.73333740234375,0.0740811499348935,1.62890625,1.84130859375,3549.875,151.71819506666205,8
ch2_cla_l1_20250801T030813069_20250801T030816736.fits,/home/saurabh/moon_project/data/CLASS/ch2_cla_l1_2025_08/cla/data/calibrated/2025/08/01/ch2_cla_l1_20250801T030813069_20250801T030816736.fits,2025-08-01T03:08:13.069,2025-08-01T03:08:16.736,2025-08-01T03:08:14.903,3.667,-40.3,13.5,92.9232,-63.9998,-113.346,-64.0049,-113.345,113.635,113.635,CLASS_add_scds.pro,2.1,576,0,"0,1,2,3,4,5,6,7,8,9,10,11,12,13,14,15,",-63.5417,-114.243,-64.4933,-114.188,-64.4628,-112.416,-63.5123,-112.532,1.8111979166666667,0.0641236796202872,1.74462890625,1.87255859375,3709.3333333333335,131.32529586234836,3
ch2_cla_l1_20250801T045650797_20250801T045658797.fits,/home/saurabh/moon_project/data/CLASS/ch2_cla_l1_2025_08/cla/data/calibrated/2025/08/01/ch2_cla_l1_20250801T045650797_20250801T045658797.fits,2025-08-01T04:56:50.797,2025-08-01T04:56:58.797,2025-08-01T04:56:54.797,8.0,-37.1,13.5,102.25,-88.0825,32.0656,-88.0779,32.1499,90.1473,90.1473,CLASS_add_scds.pro,2.1,508,1,"0,1,2,3,4,5,6,7,8,9,10,11,12,13,14,15,",-87.3259,31.4474,-88.2506,9.132,-88.8284,33.7311,-87.6634,49.1945,1.7535400390625,0.0459560971295122,1.685546875,1.83203125,3591.25,94.11808692124106,8
ch2_cla_l1_20250801T045658797_20250801T045706797.fits,/home/saurabh/moon_project/data/CLASS/ch2_cla_l1_2025_08/cla/data/calibrated/2025/08/01/ch2_cla_l1_20250801T045658797_20250801T045706797.fits,2025-08-01T04:56:58.797,2025-08-01T04:57:06.797,2025-08-01T04:57:02.797,8.0,-37.1,13.5,102.117,-88.4142,24.3504,-88.4101,24.4715,90.4966,90.4966,CLASS_add_scds.pro,2.1,509,1,"0,1,2,3,4,5,6,7,8,9,10,11,12,13,14,15,",-87.6605,26.1365,-88.4511,-3.1756,-89.1551,19.8352,-88.0545,46.1792,1.74267578125,0.0565852754498902,1.66357421875,1.8310546875,3569.0,115.8866441213753,8
ch2_cla_l1_20250801T045706797_20250801T045714797.fits,/home/saurabh/moon_project/data/CLASS/ch2_cla_l1_2025_08/cla/data/calibrated/2025/08/01/ch2_cla_l1_20250801T045706797_20250801T045714797.fits,2025-08-01T04:57:06.797,2025-08-01T04:57:14.797,2025-08-01T04:57:10.797,8.0,-37.2,13.5,101.983,-88.7029,12.9033,-88.6995,13.0825,90.8459,90.8459,CLASS_add_scds.pro,2.1,510,1,"0,1,2,3,4,5,6,7,8,9,10,11,12,13,14,15,",-87.9684,19.1409,-89.38,-7.1693,-88.805,34.3115,-88.4376,41.671,1.75823974609375,0.0384406040014961,1.69482421875,1.81201171875,3600.875,78.72635699506415,8
ch2_cla_l1_20250801T045714797_20250801T045722797.fits,/home/saurabh/moon_project/data/CLASS/ch2_cla_l1_2025_08/cla/data/calibrated/2025/08/01/ch2_cla_l1_20250801T045714797_20250801T045722797.fits,2025-08-01T04:57:14.797,2025-08-01T04:57:22.797,2025-08-01T04:57:18.797,8.0,-37.2,13.5,101.85,-88.9135,-3.9356,-88.9114,-3.6709,91.1953,91.1953,CLASS_add_scds.pro,2.1,511,1,"0,1,2,3,4,5,6,7,8,9,10,11,12,13,14,15,",-88.5621,-18.2156,-89.3802,-45.3574,-89.1359,20.9552,-88.2359,9.8379,1.78070068359375,0.0616320907041817,1.693359375,1.859375,3646.875,126.22252176216412,8
ch2_cla_l1_20250801T045722797_20250801T045730797.fits,/home/saurabh/moon_project/data/CLASS/ch2_cla_l1_2025_08/cla/data/calibrated/2025/08/01/ch2_cla_l1_20250801T045722797_20250801T045730797.fits,2025-08-01T04:57:22.797,2025-08-01T04:57:30.797,2025-08-01T04:57:26.797,8.0,-37.2,13.5,101.715,-88.9957,-25.9078,-88.9955,-25.5947,91.5447,91.5447,CLASS_add_scds.pro,2.1,512,1,"0,1,2,3,4,5,6,7,8,9,10,11,12,13,14,15,",-88.563,-34.4328,-89.1554,-72.3802,-89.3708,-5.1041,-88.4417,-2.3036,1.745361328125,0.0414221720145491,1.6806640625,1.802734375,3574.5,84.83260828579674,8
ch2_cla_l1_20250801T045730797_20250801T045738797.fits,/home/saurabh/moon_project/data/CLASS/ch2_cla_l1_2025_08/cla/data/calibrated/2025/08/01/ch2_cla_l1_20250801T045730797_20250801T045738797.fits,2025-08-01T04:57:30.797,2025-08-01T04:57:38.797,2025-08-01T04:57:34.797,8.0,-37.3,13.5,101.581,-88.9195,-48.0115,-88.9214,-47.7476,91.8942,91.8942,CLASS_add_scds.pro,2.1,513,1,"0,1,2,3,4,5,6,7,8,9,10,11,12,13,14,15,",-88.254,-61.8624,-89.1554,-72.3802,-89.3708,-5.1041,-88.567,-33.5431,1.77093505859375,0.0812198446717207,1.6513671875,1.88623046875,3626.875,166.33824188768412,8
ch2_cla_l1_20250801T045738797_20250801T045746797.fits,/home/saurabh/moon_project/data/CLASS/ch2_cla_l1_2025_08/cla/data/calibrated/2025/08/01/ch2_cla_l1_20250801T045738797_20250801T045746797.fits,2025-08-01T04:57:38.797,2025-08-01T04:57:46.797,2025-08-01T04:57:42.797,8.0,-37.3,13.5,101.447,-88.7128,-65.0886,-88.7161,-64.9024,92.2436,92.2436,CLASS_add_scds.pro,2.1,514,1,"0,1,2,3,4,5,6,7,8,9,10,11,12,13,14,15,",-87.9913,-71.3484,-88.8286,-86.2955,-89.3864,-43.3313,-88.4627,-48.7837,1.763916015625,0.0424006170428431,1.6962890625,1.8251953125,3612.5,86.83646370374272,8
ch2_cla_l1_20250801T045746797_20250801T045754797.fits,/home/saurabh/moon_project/data/CLASS/ch2_cla_l1_2025_08/cla/data/calibrated/2025/08/01/ch2_cla_l1_20250801T045746797_20250801T045754797.fits,2025-08-01T04:57:46.797,2025-08-01T04:57:54.797,2025-08-01T04:57:50.797,8.0,-37.3,13.5,101.313,-88.4262,-76.7225,-88.4302,-76.5988,92.5931,92.5931,CLASS_add_scds.pro,2.1,515,1,"0,1,2,3,4,5,6,7,8,9,10,11,12,13,14,15,",-88.0817,-98.5256,-88.4635,-93.8931,-89.1702,-71.3109,-87.6866,-78.4959,1.807861328125,0.075709465983929,1.677734375,1.9052734375,3702.5,155.05298633508667,8
ch2_cla_l1_20250801T045754797_20250801T045802797.fits,/home/saurabh/moon_project/data/CLASS/ch2_cla_l1_2025_08/cla/data/calibrated/2025/08/01/ch2_cla_l1_20250801T045754797_20250801T045802797.fits,2025-08-01T04:57:54.797,2025-08-01T04:58:02.797,2025-08-01T04:57:58.797,8.0,-37.3,13.5,101.178,-88.0953,-84.5572,-88.0999,-84.4718,92.9426,92.9426,CLASS_add_scds.pro,2.1,516,1,"0,1,2,3,4,5,6,7,8,9,10,11,12,13,14,15,",-87.6919,-101.61,-88.8456,-85.7549,-88.2664,-61.338,-87.3549,-83.9161,1.75128173828125,0.0798096892726861,1.626953125,1.857421875,3586.625,163.45024363046127,8
ch2_cla_l1_20250801T045802797_20250801T045810797.fits,/home/saurabh/moon_project/data/CLASS/ch2_cla_l1_2025_08/cla/data/calibrated/2025/08/01/ch2_cla_l1_20250801T045802797_20250801T045810797.fits,2025-08-01T04:58:02.797,2025-08-01T04:58:10.797,2025-08-01T04:58:06.797,8.0,-37.2,13.5,101.043,-87.7395,-90.0049,-87.7444,-89.9445,93.2922,93.2922,CLASS_add_scds.pro,2.1,517,1,"0,2,3,4,5,6,7,8,9,10,11,12,13,14,15,",-87.2968,-103.799,-88.481,-93.5904,-88.0057,-70.9791,-87.0042,-88.1041,1.8134765625,0.0720328924643757,1.71484375,1.923828125,3714.0,147.52336376704153,8
ch2_cla_l1_20250801T045810797_20250801T045818797.fits,/home/saurabh/moon_project/data/CLASS/ch2_cla_l1_2025_08/cla/data/calibrated/2025/08/01/ch2_cla_l1_20250801T045810797_20250801T045818797.fits,2025-08-01T04:58:10.797,2025-08-01T04:58:18.797,2025-08-01T04:58:14.797,8.0,-37.3,13.5,100.909,-87.3688,-93.9473,-87.3736,-93.9031,93.6417,93.6417,CLASS_add_scds.pro,2.1,518,1,"0,2,3,4,5,6,7,8,9,10,11,12,13,14,15,",-86.8989,-105.429,-88.0985,-98.3384,-87.7013,-78.2438,-86.641,-91.4004,1.7734375,0.0742054403890689,1.66015625,1.865234375,3632.0,151.9727419168131,8
ch2_cla_l1_20250801T045818797_20250801T045826797.fits,/home/saurabh/moon_project/data/CLASS/ch2_cla_l1_2025_08/cla/data/calibrated/2025/08/01/ch2_cla_l1_20250801T045818797_20250801T045826797.fits,2025-08-01T04:58:18.797,2025-08-01T04:58:26.797,2025-08-01T04:58:22.797,8.0,-37.3,13.5,100.774,-86.9887,-96.9071,-86.9937,-96.8736,93.9912,93.9912,CLASS_add_scds.pro,2.1,519,1,"0,2,3,4,5,6,7,8,9,10,11,12,13,14,15,",-86.499,-106.688,-87.7074,-101.484,-87.369,-83.7436,-86.2689,-94.0478,1.83465576171875,0.061076123249175,1.73779296875,1.91357421875,3757.375,125.08390041431048,8
ch2_cla_l1_20250801T045826797_20250801T045834797.fits,/home/saurabh/moon_project/data/CLASS/ch2_cla_l1_2025_08/cla/data/calibrated/2025/08/01/ch2_cla_l1_20250801T045826797_20250801T045834797.fits,2025-08-01T04:58:26.797,2025-08-01T04:58:34.797,2025-08-01T04:58:30.797,8.0,-37.3,13.5,100.638,-86.6024,-99.1999,-86.6074,-99.1729,94.3407,94.3407,CLASS_add_scds.pro,2.1,520,1,"0,3,4,5,6,7,8,9,10,11,12,13,14,15,",-86.0978,-107.691,-87.3116,-103.709,-87.0181,-87.9815,-85.8904,-96.2129,1.763427734375,0.0580107247344966,1.67724609375,1.85205078125,3611.5,118.80596425624913,8
ch2_cla_l1_20250801T045834797_20250801T045842797.fits,/home/saurabh/moon_project/data/CLASS/ch2_cla_l1_2025_08/cla/data/calibrated/2025/08/01/ch2_cla_l1_20250801T045834797_20250801T045842797.fits,2025-08-01T04:58:34.797,2025-08-01T04:58:42.797,2025-08-01T04:58:38.797,8.0,-37.2,13.5,100.503,-86.2117,-101.023,-86.2168,-101.002,94.6903,94.6903,CLASS_add_scds.pro,2.1,521,1,"0,3,4,5,8,9,10,11,12,13,14,15,",-85.6955,-108.507,-86.9126,-105.365,-86.6542,-91.3155,-85.5069,-98.0104,1.8310546875,0.0575467989007269,1.73876953125,1.9248046875,3750.0,117.8558441486887,8
ch2_cla_l1_20250801T045842797_20250801T045850797.fits,/home/saurabh/moon_project/data/CLASS/ch2_cla_l1_2025_08/cla/data/calibrated/2025/08/01/ch2_cla_l1_20250801T045842797_20250801T045850797.fits,2025-08-01T04:58:42.797,2025-08-01T04:58:50.797,2025-08-01T04:58:46.797,8.0,-37.2,13.5,100.368,-85.8178,-102.505,-85.8229,-102.487,95.0398,95.0398,CLASS_add_scds.pro,2.1,522,1,"0,3,4,5,8,9,10,11,12,13,14,15,",-85.2924,-109.183,-86.5117,-106.641,-86.2814,-93.9883,-85.1195,-99.5245,1.76519775390625,0.0469870816799985,1.69140625,1.84033203125,3615.125,96.22954328063706,8
ch2_cla_l1_20250801T045850797_20250801T045858797.fits,/home/saurabh/moon_project/data/CLASS/ch2_cla_l1_2025_08/cla/data/calibrated/2025/08/01/ch2_cla_l1_20250801T045850797_20250801T045858797.fits,2025-08-01T04:58:50.797,2025-08-01T04:58:58.797,2025-08-01T04:58:54.797,8.0,-37.2,13.5,100.233,-85.4216,-103.732,-85.4267,-103.717,95.3893,95.3893,CLASS_add_scds.pro,2.1,523,1,"0,3,4,5,8,9,10,11,12,13,14,15,",-84.8887,-109.755,-86.1091,-107.653,-85.9016,-96.1703,-84.7293,-100.817,1.82659912109375,0.0381140413101417,1.76611328125,1.87841796875,3740.875,78.05755660317035,8
ch2_cla_l1_20250801T045858797_20250801T045906797.fits,/home/saurabh/moon_project/data/CLASS/ch2_cla_l1_2025_08/cla/data/calibrated/2025/08/01/ch2_cla_l1_20250801T045858797_20250801T045906797.fits,2025-08-01T04:58:58.797,2025-08-01T04:59:06.797,2025-08-01T04:59:02.797,8.0,-37.2,13.5,100.097,-85.0235,-104.764,-85.0286,-104.752,95.7387,95.7387,CLASS_add_scds.pro,2.1,524,1,"0,3,4,5,8,9,10,11,12,13,14,15,",-84.4845,-110.243,-85.7057,-108.478,-85.517,-97.9825,-84.3366,-101.931,1.7886962890625,0.0592019621472339,1.71337890625,1.90234375,3663.25,121.2456184775351,8
ch2_cla_l1_20250801T045906797_20250801T045914797.fits,/home/saurabh/moon_project/data/CLASS/ch2_cla_l1_2025_08/cla/data/calibrated/2025/08/01/ch2_cla_l1_20250801T045906797_20250801T045914797.fits,2025-08-01T04:59:06.797,2025-08-01T04:59:14.797,2025-08-01T04:59:10.797,8.0,-37.2,13.5,99.9615,-84.624,-105.644,-84.6291,-105.633,96.0882,96.0882,CLASS_add_scds.pro,2.1,525,1,"0,3,4,5,8,9,10,11,12,13,14,15,",-84.0801,-110.666,-85.3013,-109.161,-85.1285,-99.5073,-83.9421,-102.901,1.8404541015625,0.0331597565871328,1.79296875,1.88623046875,3769.25,67.91118149044803,8
ch2_cla_l1_20250801T045914797_20250801T045922797.fits,/home/saurabh/moon_project/data/CLASS/ch2_cla_l1_2025_08/cla/data/calibrated/2025/08/01/ch2_cla_l1_20250801T045914797_20250801T045922797.fits,2025-08-01T04:59:14.797,2025-08-01T04:59:22.797,2025-08-01T04:59:18.797,8.0,-37.3,13.5,99.8258,-84.2234,-106.402,-84.2286,-106.392,96.4376,96.4376,CLASS_add_scds.pro,2.1,526,1,"0,3,4,5,8,9,10,11,12,13,14,15,",-83.6751,-111.033,-84.8965,-109.737,-84.7372,-100.807,-83.5458,-103.752,1.8079833984375,0.0665680013285449,1.7109375,1.92333984375,3702.75,136.33126672086007,8
ch2_cla_l1_20250801T045922797_20250801T045930797.fits,/home/saurabh/moon_project/data/CLASS/ch2_cla_l1_2025_08/cla/data/calibrated/2025/08/01/ch2_cla_l1_20250801T045922797_20250801T045930797.fits,2025-08-01T04:59:22.797,2025-08-01T04:59:30.797,2025-08-01T04:59:26.797,8.0,-37.3,13.5,99.6901,-83.8219,-107.062,-83.8268,-107.054,96.787,96.787,CLASS_add_scds.pro,2.1,527,1,"0,3,4,5,8,9,10,11,12,13,14,15,",-83.2699,-111.359,-84.491,-110.227,-84.3432,-101.925,-83.1485,-104.505,1.83062744140625,0.0459692041338171,1.75146484375,1.89111328125,3749.125,94.1449300660575,8
ch2_cla_l1_20250801T045930797_20250801T045938797.fits,/home/saurabh/moon_project/data/CLASS/ch2_cla_l1_2025_08/cla/data/calibrated/2025/08/01/ch2_cla_l1_20250801T045930797_20250801T045938797.fits,2025-08-01T04:59:30.797,2025-08-01T04:59:38.797,2025-08-01T04:59:34.797,8.0,-37.3,13.5,99.5544,-83.4195,-107.643,-83.4247,-107.636,97.1363,97.1363,CLASS_add_scds.pro,2.1,528,1,"0,3,4,5,8,9,10,11,12,13,14,15,",-82.8646,-111.647,-84.0853,-110.653,-83.9475,-102.9,-82.7501,-105.177,1.82440185546875,0.0648198449723168,1.732421875,1.94091796875,3736.375,132.75104250330497,8
ch2_cla_l1_20250801T045938797_20250801T045946797.fits,/home/saurabh/moon_project/data/CLASS/ch2_cla_l1_2025_08/cla/data/calibrated/2025/08/01/ch2_cla_l1_20250801T045938797_20250801T045946797.fits,2025-08-01T04:59:38.797,2025-08-01T04:59:46.797,2025-08-01T04:59:42.797,8.0,-37.3,13.5,99.4186,-83.0166,-108.157,-83.0217,-108.15,97.4856,97.4856,CLASS_add_scds.pro,2.1,529,1,"0,3,4,5,8,9,10,11,12,13,14,15,",-82.4589,-111.905,-83.6793,-111.025,-83.5504,-103.755,-82.3507,-105.778,1.852294921875,0.0464318536289946,1.7783203125,1.92333984375,3793.5,95.0924362321811,8
ch2_cla_l1_20250801T045946797_20250801T045954797.fits,/home/saurabh/moon_project/data/CLASS/ch2_cla_l1_2025_08/cla/data/calibrated/2025/08/01/ch2_cla_l1_20250801T045946797_20250801T045954797.fits,2025-08-01T04:59:46.797,2025-08-01T04:59:54.797,2025-08-01T04:59:50.797,8.0,-37.3,13.5,99.2827,-82.613,-108.615,-82.6183,-108.609,97.8348,97.8348,CLASS_add_scds.pro,2.1,530,1,"0,3,4,5,8,9,10,11,12,13,14,15,",-82.053,-112.137,-83.2729,-111.351,-83.1517,-104.51,-81.9503,-106.32,1.8231201171875,0.0901048550525664,1.67626953125,1.94970703125,3733.75,184.5347431476561,8
ch2_cla_l1_20250801T045954797_20250801T050002797.fits,/home/saurabh/moon_project/data/CLASS/ch2_cla_l1_2025_08/cla/data/calibrated/2025/08/01/ch2_cla_l1_20250801T045954797_20250801T050002797.fits,2025-08-01T04:59:54.797,2025-08-01T05:00:02.797,2025-08-01T04:59:58.797,8.0,-37.4,13.5,99.1469,-82.209,-109.026,-82.214,-109.021,98.184,98.184,CLASS_add_scds.pro,2.1,531,1,"0,3,4,5,8,9,10,11,12,13,14,15,",-81.6471,-112.347,-82.8661,-111.641,-82.7519,-105.184,-81.5495,-106.811,1.83709716796875,0.0720999744914089,1.7197265625,1.9287109375,3762.375,147.66074775840542,8
ch2_cla_l1_20250801T050002797_20250801T050010797.fits,/home/saurabh/moon_project/data/CLASS/ch2_cla_l1_2025_08/cla/data/calibrated/2025/08/01/ch2_cla_l1_20250801T050002797_20250801T050010797.fits,2025-08-01T05:00:02.797,2025-08-01T05:00:10.797,2025-08-01T05:00:06.797,8.0,-37.3,13.5,99.011,-81.8046,-109.397,-81.8098,-109.392,98.5332,98.5332,CLASS_add_scds.pro,2.1,532,1,"0,3,4,5,8,9,10,11,",-81.2409,-112.537,-82.4594,-111.9,-82.3514,-105.787,-81.1478,-107.258,1.84454345703125,0.0858161118497132,1.703125,1.96240234375,3777.625,175.75139706821273,8
ch2_cla_l1_20250801T050010797_20250801T050018797.fits,/home/saurabh/moon_project/data/CLASS/ch2_cla_l1_2025_08/cla/data/calibrated/2025/08/01/ch2_cla_l1_20250801T050010797_20250801T050018797.fits,2025-08-01T05:00:10.797,2025-08-01T05:00:18.797,2025-08-01T05:00:14.797,8.0,-37.3,13.5,98.8752,-81.3999,-109.733,-81.4049,-109.729,98.8822,98.8822,CLASS_add_scds.pro,2.1,533,1,"0,3,4,5,8,9,10,11,",-80.8348,-112.712,-82.0522,-112.133,-81.9498,-106.33,-80.7459,-107.667,1.8551025390625,0.0710391087651531,1.74853515625,1.953125,3799.25,145.48809475103354,8
ch2_cla_l1_20250801T050018797_20250801T050026797.fits,/home/saurabh/moon_project/data/CLASS/ch2_cla_l1_2025_08/cla/data/calibrated/2025/08/01/ch2_cla_l1_20250801T050018797_20250801T050026797.fits,2025-08-01T05:00:18.797,2025-08-01T05:00:26.797,2025-08-01T05:00:22.797,8.0,-37.4,13.5,98.7393,-80.9948,-110.04,-81.0,-110.036,99.2312,99.2312,CLASS_add_scds.pro,2.1,534,1,"0,3,4,5,8,9,10,11,",-80.4282,-112.871,-81.6452,-112.345,-81.5478,-106.823,-80.3432,-108.041,1.85040283203125,0.0703642820992048,1.73046875,1.9609375,3789.625,144.1060497391715,8
ch2_cla_l1_20250801T050026797_20250801T050034797.fits,/home/saurabh/moon_project/data/CLASS/ch2_cla_l1_2025_08/cla/data/calibrated/2025/08/01/ch2_cla_l1_20250801T050026797_20250801T050034797.fits,2025-08-01T05:00:26.797,2025-08-01T05:00:34.797,2025-08-01T05:00:30.797,8.0,-37.4,13.5,98.6035,-80.5894,-110.32,-80.5945,-110.317,99.5801,99.5801,CLASS_add_scds.pro,2.1,535,1,"0,3,4,5,8,9,10,11,",-80.0216,-113.019,-81.2377,-112.535,-81.1449,-107.27,-79.94,-108.386,1.84503173828125,0.0584738458220245,1.76611328125,1.94189453125,3778.625,119.75443624350623,8
ch2_cla_l1_20250801T050034797_20250801T050042797.fits,/home/saurabh/moon_project/data/CLASS/ch2_cla_l1_2025_08/cla/data/calibrated/2025/08/01/ch2_cla_l1_20250801T050034797_20250801T050042797.fits,2025-08-01T05:00:34.797,2025-08-01T05:00:42.797,2025-08-01T05:00:38.797,8.0,-37.4,13.5,98.4677,-80.1837,-110.578,-80.1887,-110.574,99.929,99.929,CLASS_add_scds.pro,2.1,536,1,"0,3,4,5,8,9,10,11,",-79.6149,-113.155,-80.8301,-112.71,-80.7414,-107.679,-79.5366,-108.704,1.85125732421875,0.0901442295116382,1.693359375,1.96923828125,3791.375,184.6153820398352,8
ch2_cla_l1_20250801T050050797_20250801T050058797.fits,/home/saurabh/moon_project/data/CLASS/ch2_cla_l1_2025_08/cla/data/calibrated/2025/08/01/ch2_cla_l1_20250801T050050797_20250801T050058797.fits,2025-08-01T05:00:50.797,2025-08-01T05:00:58.797,2025-08-01T05:00:54.797,8.0,-37.4,13.5,98.1962,-79.3717,-111.035,-79.3768,-111.032,100.626,100.626,CLASS_add_scds.pro,2.1,538,1,"0,3,4,5,8,9,10,11,",-78.8012,-113.398,-80.0146,-113.018,-79.9333,-108.399,-78.7287,-109.274,1.761962890625,0.057415848277634,1.64990234375,1.82763671875,3608.5,117.58765727259448,8
ch2_cla_l1_20250801T050058797_20250801T050106797.fits,/home/saurabh/moon_project/data/CLASS/ch2_cla_l1_2025_08/cla/data/calibrated/2025/08/01/ch2_cla_l1_20250801T050058797_20250801T050106797.fits,2025-08-01T05:00:58.797,2025-08-01T05:01:06.797,2025-08-01T05:01:02.797,8.0,-37.5,13.5,98.0604,-78.9654,-111.239,-78.9705,-111.236,100.975,100.975,CLASS_add_scds.pro,2.1,539,1,"0,3,4,5,8,9,10,11,",-78.3942,-113.507,-79.6066,-113.154,-79.5285,-108.718,-78.3243,-109.529,1.7269287109375,0.037859681293694,1.6689453125,1.77685546875,3536.75,77.5366272894854,8
ch2_cla_l1_20250801T050106797_20250801T050114797.fits,/home/saurabh/moon_project/data/CLASS/ch2_cla_l1_2025_08/cla/data/calibrated/2025/08/01/ch2_cla_l1_20250801T050106797_20250801T050114797.fits,2025-08-01T05:01:06.797,2025-08-01T05:01:14.797,2025-08-01T05:01:10.797,8.0,-37.6,13.5,97.9248,-78.5589,-111.428,-78.564,-111.426,101.323,101.323,CLASS_add_scds.pro,2.1,540,1,"0,3,4,5,8,9,10,11,",-77.9871,-113.609,-79.1986,-113.281,-79.1235,-109.013,-77.9196,-109.768,1.766845703125,0.0520557148685361,1.6767578125,1.83544921875,3618.5,106.61010405076192,8
ch2_cla_l1_20250801T050114797_20250801T050122797.fits,/home/saurabh/moon_project/data/CLASS/ch2_cla_l1_2025_08/cla/data/calibrated/2025/08/01/ch2_cla_l1_20250801T050114797_20250801T050122797.fits,2025-08-01T05:01:14.797,2025-08-01T05:01:22.797,2025-08-01T05:01:18.797,8.0,-37.6,13.5,97.7892,-78.1522,-111.605,-78.1573,-111.603,101.672,101.672,CLASS_add_scds.pro,2.1,541,1,"0,3,4,5,8,9,10,11,",-77.58,-113.705,-78.7905,-113.398,-78.7182,-109.288,-77.5147,-109.992,1.71807861328125,0.0454029833494618,1.64404296875,1.79150390625,3518.625,92.98530989969792,8
ch2_cla_l1_20250801T050122797_20250801T050130797.fits,/home/saurabh/moon_project/data/CLASS/ch2_cla_l1_2025_08/cla/data/calibrated/2025/08/01/ch2_cla_l1_20250801T050122797_20250801T050130797.fits,2025-08-01T05:01:22.797,2025-08-01T05:01:30.797,2025-08-01T05:01:26.797,8.0,-37.6,13.5,97.6536,-77.7454,-111.771,-77.7505,-111.769,102.02,102.02,CLASS_add_scds.pro,2.1,542,1,"0,3,4,5,8,9,10,11,",-77.1726,-113.795,-78.3823,-113.508,-78.3126,-109.544,-77.1095,-110.201,1.789306640625,0.0420894067708091,1.7216796875,1.849609375,3664.5,86.19910506661722,8
ch2_cla_l1_20250801T050130797_20250801T050138797.fits,/home/saurabh/moon_project/data/CLASS/ch2_cla_l1_2025_08/cla/data/calibrated/2025/08/01/ch2_cla_l1_20250801T050130797_20250801T050138797.fits,2025-08-01T05:01:30.797,2025-08-01T05:01:38.797,2025-08-01T05:01:34.797,8.0,-37.6,13.5,97.5181,-77.3384,-111.926,-77.3435,-111.924,102.368,102.368,CLASS_add_scds.pro,2.1,543,1,"0,3,4,5,8,9,10,11,",-76.7654,-113.879,-77.9739,-113.61,-77.9066,-109.783,-76.7043,-110.398,1.7352294921875,0.0448738931807046,1.66357421875,1.80078125,3553.75,91.90173323408308,8
ch2_cla_l1_20250801T050138797_20250801T050146797.fits,/home/saurabh/moon_project/data/CLASS/ch2_cla_l1_2025_08/cla/data/calibrated/2025/08/01/ch2_cla_l1_20250801T050138797_20250801T050146797.fits,2025-08-01T05:01:38.797,2025-08-01T05:01:46.797,2025-08-01T05:01:42.797,8.0,-37.6,13.5,97.3826,-76.9313,-112.071,-76.9363,-112.069,102.716,102.716,CLASS_add_scds.pro,2.1,544,1,"0,3,4,5,8,9,10,11,",-76.3579,-113.959,-77.5656,-113.706,-77.5006,-110.006,-76.2986,-110.584,1.79107666015625,0.0615397321440842,1.69287109375,1.8779296875,3668.125,126.03337143108452,8
ch2_cla_l1_20250801T050146797_20250801T050154797.fits,/home/saurabh/moon_project/data/CLASS/ch2_cla_l1_2025_08/cla/data/calibrated/2025/08/01/ch2_cla_l1_20250801T050146797_20250801T050154797.fits,2025-08-01T05:01:46.797,2025-08-01T05:01:54.797,2025-08-01T05:01:50.797,8.0,-37.6,13.5,97.2473,-76.524,-112.208,-76.5291,-112.207,103.064,103.064,CLASS_add_scds.pro,2.1,545,1,"0,3,4,5,8,9,10,11,",-75.9503,-114.035,-77.157,-113.797,-77.0941,-110.216,-75.8928,-110.759,1.74005126953125,0.0978503015859534,1.60595703125,1.9033203125,3563.625,200.3974176480326,8
ch2_cla_l1_20250801T050154797_20250801T050202797.fits,/home/saurabh/moon_project/data/CLASS/ch2_cla_l1_2025_08/cla/data/calibrated/2025/08/01/ch2_cla_l1_20250801T050154797_20250801T050202797.fits,2025-08-01T05:01:54.797,2025-08-01T05:02:02.797,2025-08-01T05:01:58.797,8.0,-37.7,13.5,97.1119,-76.1166,-112.338,-76.1217,-112.336,103.412,103.412,CLASS_add_scds.pro,2.1,546,1,"0,3,4,5,8,9,10,11,",-75.5427,-114.106,-76.7484,-113.882,-76.6875,-110.413,-75.4868,-110.925,1.79644775390625,0.0775317693453402,1.6796875,1.888671875,3679.125,158.7850636192568,8
ch2_cla_l1_20250801T050202797_20250801T050210797.fits,/home/saurabh/moon_project/data/CLASS/ch2_cla_l1_2025_08/cla/data/calibrated/2025/08/01/ch2_cla_l1_20250801T050202797_20250801T050210797.fits,2025-08-01T05:02:02.797,2025-08-01T05:02:10.797,2025-08-01T05:02:06.797,8.0,-37.7,13.5,96.9767,-75.7091,-112.46,-75.7141,-112.458,103.759,103.759,CLASS_add_scds.pro,2.1,547,1,"0,3,4,5,8,9,10,11,",-75.135,-114.174,-76.3396,-113.961,-76.2806,-110.599,-75.0808,-111.082,1.77703857421875,0.0868218975730343,1.67041015625,1.94091796875,3639.375,177.81124622957427,8
ch2_cla_l1_20250801T050210797_20250801T050218797.fits,/home/saurabh/moon_project/data/CLASS/ch2_cla_l1_2025_08/cla/data/calibrated/2025/08/01/ch2_cla_l1_20250801T050210797_20250801T050218797.fits,2025-08-01T05:02:10.797,2025-08-01T05:02:18.797,2025-08-01T05:02:14.797,8.0,-37.7,13.5,96.8416,-75.3014,-112.575,-75.3065,-112.574,104.107,104.107,CLASS_add_scds.pro,2.1,548,1,"0,3,4,5,8,10,11,",-74.7272,-114.238,-75.9309,-114.037,-75.8737,-110.774,-74.6744,-111.23,1.781494140625,0.0584051092850368,1.6923828125,1.8720703125,3648.5,119.61366381575549,8
ch2_cla_l1_20250801T050218797_20250801T050226797.fits,/home/saurabh/moon_project/data/CLASS/ch2_cla_l1_2025_08/cla/data/calibrated/2025/08/01/ch2_cla_l1_20250801T050218797_20250801T050226797.fits,2025-08-01T05:02:18.797,2025-08-01T05:02:26.797,2025-08-01T05:02:22.797,8.0,-37.7,13.5,96.7065,-74.8937,-112.685,-74.8988,-112.683,104.454,104.454,CLASS_add_scds.pro,2.1,549,1,"0,3,4,5,8,10,11,",-74.3194,-114.3,-75.522,-114.109,-75.4664,-110.939,-74.268,-111.372,1.779296875,0.0545265788491311,1.6728515625,1.8369140625,3644.0,111.67043348302052,8
ch2_cla_l1_20250801T050226797_20250801T050234797.fits,/home/saurabh/moon_project/data/CLASS/ch2_cla_l1_2025_08/cla/data/calibrated/2025/08/01/ch2_cla_l1_20250801T050226797_20250801T050234797.fits,2025-08-01T05:02:26.797,2025-08-01T05:02:34.797,2025-08-01T05:02:30.797,8.0,-37.7,13.5,96.5716,-74.4858,-112.789,-74.4909,-112.787,104.801,104.801,CLASS_add_scds.pro,2.1,550,1,"0,3,4,5,8,10,11,",-73.9114,-114.358,-75.1131,-114.177,-75.0591,-111.096,-73.8614,-111.506,1.80426025390625,0.0564626142051572,1.72216796875,1.89208984375,3695.125,115.635433892162,8
ch2_cla_l1_20250801T050234797_20250801T050242797.fits,/home/saurabh/moon_project/data/CLASS/ch2_cla_l1_2025_08/cla/data/calibrated/2025/08/01/ch2_cla_l1_20250801T050234797_20250801T050242797.fits,2025-08-01T05:02:34.797,2025-08-01T05:02:42.797,2025-08-01T05:02:38.797,8.0,-37.7,13.5,96.4367,-74.0779,-112.887,-74.0829,-112.886,105.148,105.148,CLASS_add_scds.pro,2.1,551,1,"0,3,4,5,8,9,10,11,",-73.5034,-114.414,-74.7041,-114.241,-74.6515,-111.244,-73.4546,-111.633,1.76824951171875,0.0696769632588381,1.677734375,1.8720703125,3621.375,142.69842075410045,8
ch2_cla_l1_20250801T050242797_20250801T050250797.fits,/home/saurabh/moon_project/data/CLASS/ch2_cla_l1_2025_08/cla/data/calibrated/2025/08/01/ch2_cla_l1_20250801T050242797_20250801T050250797.fits,2025-08-01T05:02:42.797,2025-08-01T05:02:50.797,2025-08-01T05:02:46.797,8.0,-37.8,13.5,96.302,-73.6698,-112.981,-73.6748,-112.98,105.495,105.495,CLASS_add_scds.pro,2.1,552,1,"0,3,4,5,8,10,11,",-73.0953,-114.467,-74.295,-114.302,-74.2438,-111.385,-73.0477,-111.755,1.78985595703125,0.0546588043909674,1.6767578125,1.85302734375,3665.625,111.94123139270124,8
ch2_cla_l1_20250801T050250797_20250801T050258797.fits,/home/saurabh/moon_project/data/CLASS/ch2_cla_l1_2025_08/cla/data/calibrated/2025/08/01/ch2_cla_l1_20250801T050250797_20250801T050258797.fits,2025-08-01T05:02:50.797,2025-08-01T05:02:58.797,2025-08-01T05:02:54.797,8.0,-37.8,13.5,96.1674,-73.2616,-113.071,-73.2666,-113.07,105.842,105.842,CLASS_add_scds.pro,2.1,553,1,"0,3,4,8,10,11,",-72.6872,-114.518,-73.8858,-114.361,-73.836,-111.52,-72.6408,-111.872,1.80108642578125,0.0527879150513676,1.73046875,1.87548828125,3688.625,108.10965002520092,8
ch2_cla_l1_20250801T050258797_20250801T050306797.fits,/home/saurabh/moon_project/data/CLASS/ch2_cla_l1_2025_08/cla/data/calibrated/2025/08/01/ch2_cla_l1_20250801T050258797_20250801T050306797.fits,2025-08-01T05:02:58.797,2025-08-01T05:03:06.797,2025-08-01T05:03:02.797,8.0,-37.8,13.5,96.0329,-72.8534,-113.157,-72.8584,-113.156,106.188,106.188,CLASS_add_scds.pro,2.1,554,1,"0,3,4,8,10,11,",-72.2789,-114.566,-73.4766,-114.417,-73.4281,-111.647,-72.2336,-111.983,1.81243896484375,0.0351363231558209,1.7646484375,1.85693359375,3711.875,71.95918982312128,8
ch2_cla_l1_20250801T050306797_20250801T050314797.fits,/home/saurabh/moon_project/data/CLASS/ch2_cla_l1_2025_08/cla/data/calibrated/2025/08/01/ch2_cla_l1_20250801T050306797_20250801T050314797.fits,2025-08-01T05:03:06.797,2025-08-01T05:03:14.797,2025-08-01T05:03:10.797,8.0,-37.8,13.5,95.8986,-72.445,-113.239,-72.45,-113.238,106.535,106.535,CLASS_add_scds.pro,2.1,555,1,"0,3,4,8,10,11,",-71.8707,-114.613,-73.0672,-114.47,-73.0199,-111.769,-71.8264,-112.089,1.80450439453125,0.0755328809276973,1.67919921875,1.91162109375,3695.625,154.69134013992416,8
ch2_cla_l1_20250801T050314797_20250801T050322797.fits,/home/saurabh/moon_project/data/CLASS/ch2_cla_l1_2025_08/cla/data/calibrated/2025/08/01/ch2_cla_l1_20250801T050314797_20250801T050322797.fits,2025-08-01T05:03:14.797,2025-08-01T05:03:22.797,2025-08-01T05:03:18.797,8.0,-37.8,13.5,95.7644,-72.0366,-113.317,-72.0417,-113.315,106.881,106.881,CLASS_add_scds.pro,2.1,556,1,"0,3,4,5,8,10,11,",-71.4625,-114.658,-72.6579,-114.521,-72.6117,-111.885,-71.4193,-112.191,1.80242919921875,0.0436817317751047,1.72802734375,1.86376953125,3691.375,89.46018667541445,8
ch2_cla_l1_20250801T050322797_20250801T050330797.fits,/home/saurabh/moon_project/data/CLASS/ch2_cla_l1_2025_08/cla/data/calibrated/2025/08/01/ch2_cla_l1_20250801T050322797_20250801T050330797.fits,2025-08-01T05:03:22.797,2025-08-01T05:03:30.797,2025-08-01T05:03:26.797,8.0,-37.8,13.5,95.6303,-71.628,-113.392,-71.6332,-113.391,107.226,107.226,CLASS_add_scds.pro,2.1,557,1,"0,3,4,5,8,10,11,",-71.054,-114.701,-72.2486,-114.57,-72.2035,-111.996,-71.0118,-112.288,1.840087890625,0.0806173320516161,1.701171875,1.94873046875,3768.5,165.10429604170986,8
ch2_cla_l1_20250801T050330797_20250801T050338797.fits,/home/saurabh/moon_project/data/CLASS/ch2_cla_l1_2025_08/cla/data/calibrated/2025/08/01/ch2_cla_l1_20250801T050330797_20250801T050338797.fits,2025-08-01T05:03:30.797,2025-08-01T05:03:38.797,2025-08-01T05:03:34.797,8.0,-37.8,13.5,95.4964,-71.2194,-113.464,-71.2245,-113.463,107.572,107.572,CLASS_add_scds.pro,2.1,558,1,"0,3,4,5,8,10,11,",-70.6454,-114.743,-71.839,-114.617,-71.7951,-112.103,-70.604,-112.382,1.80242919921875,0.0632943693148604,1.69921875,1.892578125,3691.375,129.6268683568341,8
ch2_cla_l1_20250801T050338797_20250801T050346797.fits,/home/saurabh/moon_project/data/CLASS/ch2_cla_l1_2025_08/cla/data/calibrated/2025/08/01/ch2_cla_l1_20250801T050338797_20250801T050346797.fits,2025-08-01T05:03:38.797,2025-08-01T05:03:46.797,2025-08-01T05:03:42.797,8.0,-37.9,13.5,95.3626,-70.8107,-113.533,-70.8157,-113.532,107.918,107.918,CLASS_add_scds.pro,2.1,559,1,"0,3,4,5,8,10,11,",-70.2367,-114.783,-71.4294,-114.662,-71.3863,-112.204,-70.1962,-112.472,1.82952880859375,0.0796090720483921,1.728515625,1.95703125,3746.875,163.03937955510713,8
ch2_cla_l1_20250801T050346797_20250801T050354797.fits,/home/saurabh/moon_project/data/CLASS/ch2_cla_l1_2025_08/cla/data/calibrated/2025/08/01/ch2_cla_l1_20250801T050346797_20250801T050354797.fits,2025-08-01T05:03:46.797,2025-08-01T05:03:54.797,2025-08-01T05:03:50.797,8.0,-37.9,13.5,95.229,-70.4019,-113.599,-70.4068,-113.598,108.263,108.263,CLASS_add_scds.pro,2.1,560,1,"0,3,4,5,8,10,11,",-69.8282,-114.821,-71.0196,-114.704,-70.9775,-112.301,-69.7886,-112.558,1.807861328125,0.0803507242212679,1.68603515625,1.9140625,3702.5,164.55828320515676,8
ch2_cla_l1_20250801T050354797_20250801T050402797.fits,/home/saurabh/moon_project/data/CLASS/ch2_cla_l1_2025_08/cla/data/calibrated/2025/08/01/ch2_cla_l1_20250801T050354797_20250801T050402797.fits,2025-08-01T05:03:54.797,2025-08-01T05:04:02.797,2025-08-01T05:03:58.797,8.0,-38.1,13.5,95.0956,-69.993,-113.662,-69.9981,-113.662,108.608,108.608,CLASS_add_scds.pro,2.1,561,1,"0,1,3,4,5,6,8,9,10,11,",-69.4194,-114.858,-70.61,-114.746,-70.5689,-112.395,-69.3806,-112.641,1.84674072265625,0.09296467509962,1.68896484375,1.96728515625,3782.125,190.39165460402185,8
ch2_cla_l1_20250801T050410797_20250801T050418797.fits,/home/saurabh/moon_project/data/CLASS/ch2_cla_l1_2025_08/cla/data/calibrated/2025/08/01/ch2_cla_l1_20250801T050410797_20250801T050418797.fits,2025-08-01T05:04:10.797,2025-08-01T05:04:18.797,2025-08-01T05:04:14.797,8.0,-38.4,13.5,94.8293,-69.175,-113.783,-69.1798,-113.782,109.297,109.297,CLASS_add_scds.pro,2.1,563,1,"0,1,2,3,4,5,6,7,8,9,10,11,12,13,14,15,",-68.6016,-114.929,-69.7902,-114.825,-69.7508,-112.571,-68.5643,-112.799,1.73809814453125,0.0565707899008722,1.650390625,1.82763671875,3559.625,115.8569777169864,8
ch2_cla_l1_20250801T050426797_20250801T050434797.fits,/home/saurabh/moon_project/data/CLASS/ch2_cla_l1_2025_08/cla/data/calibrated/2025/08/01/ch2_cla_l1_20250801T050426797_20250801T050434797.fits,2025-08-01T05:04:26.797,2025-08-01T05:04:34.797,2025-08-01T05:04:30.797,8.0,-38.4,13.5,94.5637,-68.3567,-113.895,-68.3615,-113.894,109.985,109.985,CLASS_add_scds.pro,2.1,565,1,"0,1,2,3,4,5,6,7,8,9,10,11,12,13,14,15,",-67.7839,-114.995,-68.9702,-114.898,-68.9323,-112.734,-67.748,-112.945,1.7491455078125,0.0455054997663975,1.6826171875,1.82763671875,3582.25,93.19526352158216,8
ch2_cla_l1_20250801T050442797_20250801T050450797.fits,/home/saurabh/moon_project/data/CLASS/ch2_cla_l1_2025_08/cla/data/calibrated/2025/08/01/ch2_cla_l1_20250801T050442797_20250801T050450797.fits,2025-08-01T05:04:42.797,2025-08-01T05:04:50.797,2025-08-01T05:04:46.797,8.0,-38.5,13.5,94.299,-67.538,-113.999,-67.5429,-113.998,110.673,110.673,CLASS_add_scds.pro,2.1,567,1,"0,1,2,3,4,5,6,7,8,9,10,11,12,13,14,15,",-66.9657,-115.057,-68.1501,-114.966,-68.1136,-112.885,-66.9312,-113.081,1.75140380859375,0.0340753324642181,1.6982421875,1.80712890625,3586.875,69.7862808867187,8
ch2_cla_l1_20250801T065432395_20250801T065440395.fits,/home/saurabh/moon_project/data/CLASS/ch2_cla_l1_2025_08/cla/data/calibrated/2025/08/01/ch2_cla_l1_20250801T065432395_20250801T065440395.fits,2025-08-01T06:54:32.395,2025-08-01T06:54:40.395,2025-08-01T06:54:36.395,8.0,-36.5,13.5,102.644,-88.1143,29.8896,-88.1099,29.9753,90.1956,90.1956,CLASS_add_scds.pro,2.1,508,1,"0,1,2,3,4,5,6,7,8,9,10,11,12,13,14,15,",-87.3554,29.5701,-88.2649,6.468,-88.8632,30.901,-87.7038,47.5423,1.7559814453125,0.0394673754734596,1.701171875,1.81298828125,3596.25,80.82918496964535,8
ch2_cla_l1_20250801T065440395_20250801T065448395.fits,/home/saurabh/moon_project/data/CLASS/ch2_cla_l1_2025_08/cla/data/calibrated/2025/08/01/ch2_cla_l1_20250801T065440395_20250801T065448395.fits,2025-08-01T06:54:40.395,2025-08-01T06:54:48.395,2025-08-01T06:54:44.395,8.0,-36.6,13.5,102.508,-88.4405,21.7991,-88.4366,21.9242,90.5445,90.5445,CLASS_add_scds.pro,2.1,509,1,"0,1,2,3,4,5,6,7,8,9,10,11,12,13,14,15,",-87.6861,24.0831,-89.1798,15.8158,-88.474,39.5394,-88.0934,44.3464,1.7952880859375,0.0557916465006856,1.69873046875,1.86474609375,3676.75,114.2612920334041,8
ch2_cla_l1_20250801T065448395_20250801T065456395.fits,/home/saurabh/moon_project/data/CLASS/ch2_cla_l1_2025_08/cla/data/calibrated/2025/08/01/ch2_cla_l1_20250801T065448395_20250801T065456395.fits,2025-08-01T06:54:48.395,2025-08-01T06:54:56.395,2025-08-01T06:54:52.395,8.0,-36.6,13.5,102.372,-88.7203,9.8302,-88.7171,10.0155,90.8935,90.8935,CLASS_add_scds.pro,2.1,510,1,"0,1,2,3,4,5,6,7,8,9,10,11,12,13,14,15,",-88.4545,-6.1018,-89.3817,-12.8142,-88.8372,31.6214,-87.9887,16.8639,1.77593994140625,0.0425493155389319,1.71337890625,1.84033203125,3637.125,87.14099822373262,8
ch2_cla_l1_20250801T065456395_20250801T065504395.fits,/home/saurabh/moon_project/data/CLASS/ch2_cla_l1_2025_08/cla/data/calibrated/2025/08/01/ch2_cla_l1_20250801T065456395_20250801T065504395.fits,2025-08-01T06:54:56.395,2025-08-01T06:55:04.395,2025-08-01T06:55:00.395,8.0,-36.6,13.5,102.235,-88.9168,-7.5416,-88.9149,-7.2694,91.2425,91.2425,CLASS_add_scds.pro,2.1,511,1,"0,1,2,3,4,5,6,7,8,9,10,11,12,13,14,15,",-88.5522,-21.2429,-89.3514,-50.0384,-89.1591,17.1975,-88.2488,7.2873,1.8193359375,0.0378931777835756,1.76220703125,1.86767578125,3726.0,77.60522810076283,8
ch2_cla_l1_20250801T065504395_20250801T065512395.fits,/home/saurabh/moon_project/data/CLASS/ch2_cla_l1_2025_08/cla/data/calibrated/2025/08/01/ch2_cla_l1_20250801T065504395_20250801T065512395.fits,2025-08-01T06:55:04.395,2025-08-01T06:55:12.395,2025-08-01T06:55:08.395,8.0,-36.6,13.5,102.099,-88.9806,-29.5578,-88.9807,-29.2579,91.5915,91.5915,CLASS_add_scds.pro,2.1,512,1,"0,1,2,3,4,5,6,7,8,9,10,11,12,13,14,15,",-88.4196,-51.9232,-89.3514,-50.0384,-89.1591,17.1975,-88.55,-20.1449,1.764892578125,0.059131876018857,1.677734375,1.865234375,3614.5,121.10208208661932,8
ch2_cla_l1_20250801T065512395_20250801T065520395.fits,/home/saurabh/moon_project/data/CLASS/ch2_cla_l1_2025_08/cla/data/calibrated/2025/08/01/ch2_cla_l1_20250801T065512395_20250801T065520395.fits,2025-08-01T06:55:12.395,2025-08-01T06:55:20.395,2025-08-01T06:55:16.395,8.0,-36.6,13.5,101.962,-88.8887,-50.9932,-88.8907,-50.7453,91.9406,91.9406,CLASS_add_scds.pro,2.1,513,1,"0,1,2,3,4,5,6,7,8,9,10,11,12,13,14,15,",-88.2134,-63.8625,-89.112,-74.9793,-89.3733,-10.3764,-88.5451,-36.251,1.8421630859375,0.0608497462865934,1.74658203125,1.93505859375,3772.75,124.6202803949433,8
ch2_cla_l1_20250801T065520395_20250801T065528395.fits,/home/saurabh/moon_project/data/CLASS/ch2_cla_l1_2025_08/cla/data/calibrated/2025/08/01/ch2_cla_l1_20250801T065520395_20250801T065528395.fits,2025-08-01T06:55:20.395,2025-08-01T06:55:28.395,2025-08-01T06:55:24.395,8.0,-36.6,13.5,101.826,-88.6729,-67.2987,-88.6762,-67.1247,92.2897,92.2897,CLASS_add_scds.pro,2.1,514,1,"0,1,2,3,4,5,6,7,8,9,10,11,12,13,14,15,",-88.415,-95.1808,-88.7812,-87.9524,-89.3602,-47.8417,-87.9466,-73.0284,1.7911376953125,0.058797862259288,1.70751953125,1.90087890625,3668.25,120.41802190702188,8
ch2_cla_l1_20250801T065528395_20250801T065536395.fits,/home/saurabh/moon_project/data/CLASS/ch2_cla_l1_2025_08/cla/data/calibrated/2025/08/01/ch2_cla_l1_20250801T065528395_20250801T065536395.fits,2025-08-01T06:55:28.395,2025-08-01T06:55:36.395,2025-08-01T06:55:32.395,8.0,-36.7,13.5,101.689,-88.382,-78.4198,-88.3861,-78.3024,92.6388,92.6388,CLASS_add_scds.pro,2.1,515,1,"0,1,2,3,4,5,6,7,8,9,10,11,12,13,14,15,",-88.0331,-99.6522,-89.1297,-73.8315,-88.4308,-51.1119,-87.6397,-79.9534,1.83380126953125,0.0879405772840145,1.70361328125,1.9638671875,3755.625,180.10230227766186,8
ch2_cla_l1_20250801T065536395_20250801T065544395.fits,/home/saurabh/moon_project/data/CLASS/ch2_cla_l1_2025_08/cla/data/calibrated/2025/08/01/ch2_cla_l1_20250801T065536395_20250801T065544395.fits,2025-08-01T06:55:36.395,2025-08-01T06:55:44.395,2025-08-01T06:55:40.395,8.0,-36.7,13.5,101.551,-88.0493,-85.9624,-88.0538,-85.8816,92.9879,92.9879,CLASS_add_scds.pro,2.1,516,1,"0,1,2,3,4,5,6,7,8,9,10,11,12,13,14,15,",-87.6433,-102.662,-88.8013,-87.358,-88.2281,-63.2681,-87.3067,-85.2295,1.775634765625,0.0881209005930936,1.66015625,1.90283203125,3636.5,180.47160441465576,8
ch2_cla_l1_20250801T065544395_20250801T065552395.fits,/home/saurabh/moon_project/data/CLASS/ch2_cla_l1_2025_08/cla/data/calibrated/2025/08/01/ch2_cla_l1_20250801T065544395_20250801T065552395.fits,2025-08-01T06:55:44.395,2025-08-01T06:55:52.395,2025-08-01T06:55:48.395,8.0,-36.7,13.5,101.414,-87.6927,-91.2459,-87.6975,-91.1881,93.3371,93.3371,CLASS_add_scds.pro,2.1,517,1,"0,2,3,4,5,6,7,8,9,10,11,12,13,14,15,",-87.2485,-104.813,-88.4356,-94.8399,-87.9634,-72.6063,-86.9555,-89.3197,1.8497314453125,0.0861072597531122,1.73388671875,1.97998046875,3788.25,176.34766797437385,8
ch2_cla_l1_20250801T065600395_20250801T065608395.fits,/home/saurabh/moon_project/data/CLASS/ch2_cla_l1_2025_08/cla/data/calibrated/2025/08/01/ch2_cla_l1_20250801T065600395_20250801T065608395.fits,2025-08-01T06:56:00.395,2025-08-01T06:56:08.395,2025-08-01T06:56:04.395,8.0,-36.6,13.5,101.139,-86.9418,-97.9963,-86.9466,-97.9629,94.0354,94.0354,CLASS_add_scds.pro,2.1,519,1,"0,3,4,5,6,7,8,9,10,11,12,13,14,15,",-86.4512,-107.673,-87.6622,-102.517,-87.3239,-85.0225,-86.2201,-95.1548,1.7164306640625,0.0576081719168488,1.6201171875,1.80712890625,3515.25,117.98153608570648,8
ch2_cla_l1_20250801T065616395_20250801T065624395.fits,/home/saurabh/moon_project/data/CLASS/ch2_cla_l1_2025_08/cla/data/calibrated/2025/08/01/ch2_cla_l1_20250801T065616395_20250801T065624395.fits,2025-08-01T06:56:16.395,2025-08-01T06:56:24.395,2025-08-01T06:56:20.395,8.0,-36.7,13.5,100.863,-86.1651,-102.056,-86.1699,-102.034,94.7336,94.7336,CLASS_add_scds.pro,2.1,521,1,"0,3,4,5,7,8,9,10,11,12,13,14,15,",-85.6483,-109.486,-86.8677,-106.347,-86.6084,-92.4441,-85.4583,-99.0667,1.73748779296875,0.0585291551848363,1.64453125,1.81884765625,3558.375,119.86770981854478,8
ch2_cla_l1_20250801T065632395_20250801T065640395.fits,/home/saurabh/moon_project/data/CLASS/ch2_cla_l1_2025_08/cla/data/calibrated/2025/08/01/ch2_cla_l1_20250801T065632395_20250801T065640395.fits,2025-08-01T06:56:32.395,2025-08-01T06:56:40.395,2025-08-01T06:56:36.395,8.0,-36.7,13.5,100.587,-85.3754,-104.742,-85.3804,-104.727,95.4319,95.4319,CLASS_add_scds.pro,2.1,523,1,"0,3,4,5,8,9,10,11,12,13,14,15,",-84.8419,-110.735,-86.0648,-108.626,-85.856,-97.2331,-84.681,-101.848,1.72235107421875,0.0472404674247622,1.65478515625,1.7841796875,3527.375,96.74847728591315,8
ch2_cla_l1_20250801T065640395_20250801T065648395.fits,/home/saurabh/moon_project/data/CLASS/ch2_cla_l1_2025_08/cla/data/calibrated/2025/08/01/ch2_cla_l1_20250801T065640395_20250801T065648395.fits,2025-08-01T06:56:40.395,2025-08-01T06:56:48.395,2025-08-01T06:56:44.395,8.0,-36.7,13.5,100.449,-84.9776,-105.769,-84.9825,-105.756,95.781,95.781,CLASS_add_scds.pro,2.1,524,1,"0,3,4,5,8,9,10,11,12,13,14,15,",-84.438,-111.225,-85.6616,-109.45,-85.4715,-99.0266,-84.2886,-102.955,1.716796875,0.0535985787030381,1.640625,1.81005859375,3516.0,109.76988918382204,8
ch2_cla_l1_20250801T065648395_20250801T065656395.fits,/home/saurabh/moon_project/data/CLASS/ch2_cla_l1_2025_08/cla/data/calibrated/2025/08/01/ch2_cla_l1_20250801T065648395_20250801T065656395.fits,2025-08-01T06:56:48.395,2025-08-01T06:56:56.395,2025-08-01T06:56:52.395,8.0,-36.7,13.5,100.311,-84.5784,-106.645,-84.5834,-106.635,96.1301,96.1301,CLASS_add_scds.pro,2.1,525,1,"0,3,4,5,8,9,10,11,12,13,14,15,",-84.0337,-111.649,-85.2575,-110.135,-85.0832,-100.538,-83.8944,-103.92,1.73590087890625,0.0435814217647779,1.6767578125,1.8154296875,3555.125,89.2547517742653,8
ch2_cla_l1_20250801T065656395_20250801T065704395.fits,/home/saurabh/moon_project/data/CLASS/ch2_cla_l1_2025_08/cla/data/calibrated/2025/08/01/ch2_cla_l1_20250801T065656395_20250801T065704395.fits,2025-08-01T06:56:56.395,2025-08-01T06:57:04.395,2025-08-01T06:57:00.395,8.0,-36.7,13.5,100.172,-84.178,-107.401,-84.1831,-107.392,96.4791,96.4791,CLASS_add_scds.pro,2.1,526,1,"0,3,4,5,8,9,10,11,12,13,14,15,",-83.6289,-112.019,-84.8529,-110.713,-84.6921,-101.829,-83.4983,-104.766,1.724609375,0.0721420350628191,1.60791015625,1.84423828125,3532.0,147.74688780865355,8
ch2_cla_l1_20250801T065704395_20250801T065712395.fits,/home/saurabh/moon_project/data/CLASS/ch2_cla_l1_2025_08/cla/data/calibrated/2025/08/01/ch2_cla_l1_20250801T065704395_20250801T065712395.fits,2025-08-01T06:57:04.395,2025-08-01T06:57:12.395,2025-08-01T06:57:08.395,8.0,-36.7,13.5,100.034,-83.7767,-108.061,-83.7816,-108.052,96.8281,96.8281,CLASS_add_scds.pro,2.1,527,1,"0,3,4,5,8,9,10,11,12,13,14,15,",-83.2241,-112.347,-84.4476,-111.205,-84.2983,-102.941,-83.1014,-105.518,1.73553466796875,0.0563312594496085,1.65625,1.826171875,3554.375,115.3664193527983,8
ch2_cla_l1_20250801T065712395_20250801T065720395.fits,/home/saurabh/moon_project/data/CLASS/ch2_cla_l1_2025_08/cla/data/calibrated/2025/08/01/ch2_cla_l1_20250801T065712395_20250801T065720395.fits,2025-08-01T06:57:12.395,2025-08-01T06:57:20.395,2025-08-01T06:57:16.395,8.0,-36.8,13.5,99.8953,-83.3746,-108.641,-83.3795,-108.634,97.1771,97.1771,CLASS_add_scds.pro,2.1,528,1,"0,3,4,5,8,9,10,11,12,13,14,15,",-82.8188,-112.638,-84.0421,-111.634,-83.903,-103.912,-82.703,-106.187,1.76214599609375,0.0746582042655242,1.6279296875,1.8740234375,3608.875,152.9000023357937,8
ch2_cla_l1_20250801T065720395_20250801T065728395.fits,/home/saurabh/moon_project/data/CLASS/ch2_cla_l1_2025_08/cla/data/calibrated/2025/08/01/ch2_cla_l1_20250801T065720395_20250801T065728395.fits,2025-08-01T06:57:20.395,2025-08-01T06:57:28.395,2025-08-01T06:57:24.395,8.0,-36.8,13.5,99.7567,-82.9718,-109.155,-82.9768,-109.149,97.526,97.526,CLASS_add_scds.pro,2.1,529,1,"0,3,4,5,8,9,10,11,12,13,14,15,",-82.4135,-112.897,-83.6362,-112.007,-83.5058,-104.764,-82.3039,-106.787,1.74615478515625,0.0684014327233827,1.64404296875,1.84130859375,3576.125,140.08613421748777,8
ch2_cla_l1_20250801T065728395_20250801T065736395.fits,/home/saurabh/moon_project/data/CLASS/ch2_cla_l1_2025_08/cla/data/calibrated/2025/08/01/ch2_cla_l1_20250801T065728395_20250801T065736395.fits,2025-08-01T06:57:28.395,2025-08-01T06:57:36.395,2025-08-01T06:57:32.395,8.0,-36.8,13.5,99.6181,-82.5685,-109.614,-82.5735,-109.608,97.8748,97.8748,CLASS_add_scds.pro,2.1,530,1,"0,3,4,5,8,9,10,11,12,13,14,15,",-82.0077,-113.132,-83.2301,-112.337,-83.1076,-105.518,-81.9037,-107.33,1.7696533203125,0.066175942993198,1.6845703125,1.8935546875,3624.25,135.52833125006953,8
ch2_cla_l1_20250801T065736395_20250801T065744395.fits,/home/saurabh/moon_project/data/CLASS/ch2_cla_l1_2025_08/cla/data/calibrated/2025/08/01/ch2_cla_l1_20250801T065736395_20250801T065744395.fits,2025-08-01T06:57:36.395,2025-08-01T06:57:44.395,2025-08-01T06:57:40.395,8.0,-36.8,13.5,99.4794,-82.1647,-110.026,-82.1696,-110.021,98.2236,98.2236,CLASS_add_scds.pro,2.1,531,1,"0,3,4,5,8,9,10,11,12,13,14,15,",-81.6021,-113.344,-82.8235,-112.629,-82.7079,-106.19,-81.5032,-107.82,1.74810791015625,0.0860161112129008,1.63037109375,1.87744140625,3580.125,176.160995764021,8
ch2_cla_l1_20250801T065744395_20250801T065752395.fits,/home/saurabh/moon_project/data/CLASS/ch2_cla_l1_2025_08/cla/data/calibrated/2025/08/01/ch2_cla_l1_20250801T065744395_20250801T065752395.fits,2025-08-01T06:57:44.395,2025-08-01T06:57:52.395,2025-08-01T06:57:48.395,8.0,-36.8,13.5,99.3406,-81.7605,-110.398,-81.7656,-110.394,98.5724,98.5724,CLASS_add_scds.pro,2.1,532,1,"0,3,4,5,8,9,10,11,",-81.1962,-113.537,-82.417,-112.891,-82.3077,-106.793,-81.102,-108.267,1.7882080078125,0.0785644162752122,1.69140625,1.9130859375,3662.25,160.8999245316346,8
ch2_cla_l1_20250801T065752395_20250801T065800395.fits,/home/saurabh/moon_project/data/CLASS/ch2_cla_l1_2025_08/cla/data/calibrated/2025/08/01/ch2_cla_l1_20250801T065752395_20250801T065800395.fits,2025-08-01T06:57:52.395,2025-08-01T06:58:00.395,2025-08-01T06:57:56.395,8.0,-36.8,13.5,99.2019,-81.3559,-110.735,-81.361,-110.731,98.9211,98.9211,CLASS_add_scds.pro,2.1,533,1,"0,3,4,5,8,9,10,11,",-80.79,-113.713,-82.0101,-113.127,-81.9065,-107.336,-80.6999,-108.675,1.7332763671875,0.058866754946673,1.6357421875,1.8134765625,3549.75,120.55911413078648,8
ch2_cla_l1_20250801T065800395_20250801T065808395.fits,/home/saurabh/moon_project/data/CLASS/ch2_cla_l1_2025_08/cla/data/calibrated/2025/08/01/ch2_cla_l1_20250801T065800395_20250801T065808395.fits,2025-08-01T06:58:00.395,2025-08-01T06:58:08.395,2025-08-01T06:58:04.395,8.0,-36.9,13.5,99.0631,-80.951,-111.043,-80.9561,-111.039,99.2697,99.2697,CLASS_add_scds.pro,2.1,534,1,"0,3,4,5,8,9,10,11,",-80.3837,-113.874,-81.603,-113.339,-81.5044,-107.828,-80.2975,-109.051,1.79400634765625,0.0646259253847517,1.7080078125,1.88720703125,3674.125,132.3538951879716,8
ch2_cla_l1_20250801T065808395_20250801T065816395.fits,/home/saurabh/moon_project/data/CLASS/ch2_cla_l1_2025_08/cla/data/calibrated/2025/08/01/ch2_cla_l1_20250801T065808395_20250801T065816395.fits,2025-08-01T06:58:08.395,2025-08-01T06:58:16.395,2025-08-01T06:58:12.395,8.0,-36.9,13.5,98.9244,-80.5458,-111.325,-80.5509,-111.322,99.6182,99.6182,CLASS_add_scds.pro,2.1,535,1,"0,3,4,5,8,9,10,11,",-79.9773,-114.023,-81.1957,-113.533,-81.1017,-108.276,-79.8947,-109.396,1.75555419921875,0.057422929314813,1.65380859375,1.83740234375,3595.375,117.60215923673704,8
ch2_cla_l1_20250801T065816395_20250801T065824395.fits,/home/saurabh/moon_project/data/CLASS/ch2_cla_l1_2025_08/cla/data/calibrated/2025/08/01/ch2_cla_l1_20250801T065816395_20250801T065824395.fits,2025-08-01T06:58:16.395,2025-08-01T06:58:24.395,2025-08-01T06:58:20.395,8.0,-36.9,13.5,98.7856,-80.1403,-111.584,-80.1452,-111.58,99.9667,99.9667,CLASS_add_scds.pro,2.1,536,1,"0,3,4,5,8,9,10,11,",-79.5707,-114.161,-80.7883,-113.71,-80.6985,-108.686,-79.4914,-109.715,1.79620361328125,0.0433781429799494,1.7392578125,1.865234375,3678.625,88.83843682293637,8
ch2_cla_l1_20250801T065824395_20250801T065832395.fits,/home/saurabh/moon_project/data/CLASS/ch2_cla_l1_2025_08/cla/data/calibrated/2025/08/01/ch2_cla_l1_20250801T065824395_20250801T065832395.fits,2025-08-01T06:58:24.395,2025-08-01T06:58:32.395,2025-08-01T06:58:28.395,8.0,-36.9,13.5,98.6469,-79.7346,-111.823,-79.7396,-111.82,100.315,100.315,CLASS_add_scds.pro,2.1,537,1,"0,3,4,5,8,9,10,11,",-79.1642,-114.288,-80.3807,-113.872,-80.2948,-109.061,-79.0879,-110.011,1.74688720703125,0.0433954135762936,1.6748046875,1.8037109375,3577.625,88.87380700424941,8
ch2_cla_l1_20250801T065832395_20250801T065840395.fits,/home/saurabh/moon_project/data/CLASS/ch2_cla_l1_2025_08/cla/data/calibrated/2025/08/01/ch2_cla_l1_20250801T065832395_20250801T065840395.fits,2025-08-01T06:58:32.395,2025-08-01T06:58:40.395,2025-08-01T06:58:36.395,8.0,-36.9,13.5,98.5082,-79.3287,-112.044,-79.3337,-112.04,100.663,100.663,CLASS_add_scds.pro,2.1,538,1,"0,3,4,5,8,9,10,11,",-78.7574,-114.407,-79.9732,-114.021,-79.8908,-109.407,-78.6839,-110.287,1.8199462890625,0.0476802506413917,1.7490234375,1.8837890625,3727.25,97.64915331357022,8
ch2_cla_l1_20250801T065840395_20250801T065848395.fits,/home/saurabh/moon_project/data/CLASS/ch2_cla_l1_2025_08/cla/data/calibrated/2025/08/01/ch2_cla_l1_20250801T065840395_20250801T065848395.fits,2025-08-01T06:58:40.395,2025-08-01T06:58:48.395,2025-08-01T06:58:44.395,8.0,-36.9,13.5,98.3695,-78.9226,-112.248,-78.9274,-112.246,101.012,101.012,CLASS_add_scds.pro,2.1,539,1,"0,3,4,5,8,9,10,11,",-78.3507,-114.518,-79.5654,-114.16,-79.4863,-109.727,-78.2798,-110.543,1.7796630859375,0.0365896907768815,1.72900390625,1.82470703125,3644.75,74.93568671105339,8
ch2_cla_l1_20250801T065848395_20250801T065856395.fits,/home/saurabh/moon_project/data/CLASS/ch2_cla_l1_2025_08/cla/data/calibrated/2025/08/01/ch2_cla_l1_20250801T065848395_20250801T065856395.fits,2025-08-01T06:58:48.395,2025-08-01T06:58:56.395,2025-08-01T06:58:52.395,8.0,-36.9,13.5,98.2308,-78.5162,-112.439,-78.5211,-112.437,101.36,101.36,CLASS_add_scds.pro,2.1,540,1,"0,3,4,5,8,9,10,11,",-77.9437,-114.621,-79.1575,-114.288,-79.0815,-110.024,-77.8753,-110.783,1.80389404296875,0.0551000719491787,1.7265625,1.8994140625,3694.375,112.844947351918,8
ch2_cla_l1_20250801T065856395_20250801T065904395.fits,/home/saurabh/moon_project/data/CLASS/ch2_cla_l1_2025_08/cla/data/calibrated/2025/08/01/ch2_cla_l1_20250801T065856395_20250801T065904395.fits,2025-08-01T06:58:56.395,2025-08-01T06:59:04.395,2025-08-01T06:59:00.395,8.0,-37.0,13.5,98.0922,-78.1097,-112.617,-78.1146,-112.615,101.708,101.708,CLASS_add_scds.pro,2.1,541,1,"0,3,4,5,8,9,10,11,",-77.5366,-114.718,-78.7496,-114.407,-78.6763,-110.299,-77.4704,-111.007,1.7852783203125,0.0488139976772701,1.7119140625,1.85595703125,3656.25,99.9710672430493,8
ch2_cla_l1_20250801T065904395_20250801T065912395.fits,/home/saurabh/moon_project/data/CLASS/ch2_cla_l1_2025_08/cla/data/calibrated/2025/08/01/ch2_cla_l1_20250801T065904395_20250801T065912395.fits,2025-08-01T06:59:04.395,2025-08-01T06:59:12.395,2025-08-01T06:59:08.395,8.0,-37.0,13.5,97.9536,-77.7031,-112.784,-77.708,-112.782,102.055,102.055,CLASS_add_scds.pro,2.1,542,1,"0,3,4,5,8,9,10,11,",-77.1296,-114.81,-78.3414,-114.518,-78.2707,-110.556,-77.0656,-111.217,1.82073974609375,0.060047782252689,1.73095703125,1.91748046875,3728.875,122.97785805350722,8
ch2_cla_l1_20250801T065912395_20250801T065920395.fits,/home/saurabh/moon_project/data/CLASS/ch2_cla_l1_2025_08/cla/data/calibrated/2025/08/01/ch2_cla_l1_20250801T065912395_20250801T065920395.fits,2025-08-01T06:59:12.395,2025-08-01T06:59:20.395,2025-08-01T06:59:16.395,8.0,-37.0,13.5,97.815,-77.2962,-112.94,-77.3013,-112.938,102.403,102.403,CLASS_add_scds.pro,2.1,543,1,"0,3,4,5,8,9,10,11,",-76.7224,-114.895,-77.9333,-114.622,-77.8651,-110.796,-76.6603,-111.415,1.7872314453125,0.0738515157977738,1.6572265625,1.86865234375,3660.25,151.2479043538408,8
ch2_cla_l1_20250801T065920395_20250801T065928395.fits,/home/saurabh/moon_project/data/CLASS/ch2_cla_l1_2025_08/cla/data/calibrated/2025/08/01/ch2_cla_l1_20250801T065920395_20250801T065928395.fits,2025-08-01T06:59:20.395,2025-08-01T06:59:28.395,2025-08-01T06:59:24.395,8.0,-37.0,13.5,97.6765,-76.8893,-113.087,-76.8942,-113.085,102.751,102.751,CLASS_add_scds.pro,2.1,544,1,"0,3,4,5,8,9,10,11,",-76.315,-114.976,-77.5249,-114.719,-77.459,-111.02,-76.2549,-111.602,1.81732177734375,0.0915332242976691,1.68359375,1.94775390625,3721.875,187.4600433616264,8
ch2_cla_l1_20250801T065928395_20250801T065936395.fits,/home/saurabh/moon_project/data/CLASS/ch2_cla_l1_2025_08/cla/data/calibrated/2025/08/01/ch2_cla_l1_20250801T065928395_20250801T065936395.fits,2025-08-01T06:59:28.395,2025-08-01T06:59:36.395,2025-08-01T06:59:32.395,8.0,-37.0,13.5,97.538,-76.4822,-113.225,-76.4871,-113.223,103.098,103.098,CLASS_add_scds.pro,2.1,545,1,"0,3,4,5,8,9,10,11,",-75.9077,-115.053,-77.1165,-114.811,-77.0527,-111.231,-75.8494,-111.778,1.811279296875,0.0799133519546414,1.67578125,1.91455078125,3709.5,163.66254480310567,8
ch2_cla_l1_20250801T065936395_20250801T065944395.fits,/home/saurabh/moon_project/data/CLASS/ch2_cla_l1_2025_08/cla/data/calibrated/2025/08/01/ch2_cla_l1_20250801T065936395_20250801T065944395.fits,2025-08-01T06:59:36.395,2025-08-01T06:59:44.395,2025-08-01T06:59:40.395,8.0,-37.1,13.5,97.3996,-76.0749,-113.355,-76.0799,-113.353,103.446,103.446,CLASS_add_scds.pro,2.1,546,1,"0,3,4,5,8,9,10,11,",-75.5002,-115.126,-76.7081,-114.897,-76.6463,-111.429,-75.4436,-111.945,1.83782958984375,0.0829575073654698,1.7197265625,1.9560546875,3763.875,169.89697508448214,8
ch2_cla_l1_20250801T065944395_20250801T065952395.fits,/home/saurabh/moon_project/data/CLASS/ch2_cla_l1_2025_08/cla/data/calibrated/2025/08/01/ch2_cla_l1_20250801T065944395_20250801T065952395.fits,2025-08-01T06:59:44.395,2025-08-01T06:59:52.395,2025-08-01T06:59:48.395,8.0,-37.2,13.5,97.2613,-75.6676,-113.478,-75.6725,-113.477,103.793,103.793,CLASS_add_scds.pro,2.1,547,1,"0,3,4,5,8,9,10,11,",-75.0927,-115.194,-76.2995,-114.978,-76.2397,-111.616,-75.0376,-112.102,1.81597900390625,0.0715796414297736,1.70166015625,1.931640625,3719.125,146.5951056481764,8
ch2_cla_l1_20250801T065952395_20250801T070000395.fits,/home/saurabh/moon_project/data/CLASS/ch2_cla_l1_2025_08/cla/data/calibrated/2025/08/01/ch2_cla_l1_20250801T065952395_20250801T070000395.fits,2025-08-01T06:59:52.395,2025-08-01T07:00:00.395,2025-08-01T06:59:56.395,8.0,-37.2,13.5,97.123,-75.2601,-113.594,-75.265,-113.593,104.14,104.14,CLASS_add_scds.pro,2.1,548,1,"0,3,4,5,8,9,10,11,",-74.6853,-115.26,-75.8909,-115.055,-75.8328,-111.791,-74.6317,-112.252,1.820068359375,0.0568578903357232,1.7353515625,1.90478515625,3727.5,116.4449594075612,8
ch2_cla_l1_20250801T070000395_20250801T070008395.fits,/home/saurabh/moon_project/data/CLASS/ch2_cla_l1_2025_08/cla/data/calibrated/2025/08/01/ch2_cla_l1_20250801T070000395_20250801T070008395.fits,2025-08-01T07:00:00.395,2025-08-01T07:00:08.395,2025-08-01T07:00:04.395,8.0,-37.2,13.5,96.975,-74.8527,-113.705,-74.8576,-113.704,104.487,104.487,CLASS_add_scds.pro,2.1,549,1,"0,3,4,5,8,9,10,11,",-74.2776,-115.322,-75.4823,-115.128,-75.4259,-111.958,-74.2256,-112.394,1.849609375,0.0540529139593658,1.78369140625,1.93212890625,3788.0,110.7003677887812,8
ch2_cla_l1_20250801T070008395_20250801T070016395.fits,/home/saurabh/moon_project/data/CLASS/ch2_cla_l1_2025_08/cla/data/calibrated/2025/08/01/ch2_cla_l1_20250801T070008395_20250801T070016395.fits,2025-08-01T07:00:08.395,2025-08-01T07:00:16.395,2025-08-01T07:00:12.395,8.0,-37.1,13.5,96.8369,-74.445,-113.81,-74.45,-113.809,104.834,104.834,CLASS_add_scds.pro,2.1,550,1,"0,3,4,8,9,10,11,",-73.8699,-115.381,-75.0736,-115.197,-75.0187,-112.116,-73.8192,-112.529,1.7198486328125,0.0362962245780838,1.6669921875,1.767578125,3522.25,74.33466793591572,8
ch2_cla_l1_20250801T070016395_20250801T070024395.fits,/home/saurabh/moon_project/data/CLASS/ch2_cla_l1_2025_08/cla/data/calibrated/2025/08/01/ch2_cla_l1_20250801T070016395_20250801T070024395.fits,2025-08-01T07:00:16.395,2025-08-01T07:00:24.395,2025-08-01T07:00:20.395,8.0,-37.1,13.5,96.6988,-74.0372,-113.91,-74.0421,-113.909,105.18,105.18,CLASS_add_scds.pro,2.1,551,1,"0,3,4,8,9,10,11,",-73.462,-115.438,-74.6647,-115.262,-74.6114,-112.265,-73.4125,-112.657,1.72760009765625,0.0613573735253562,1.62109375,1.80908203125,3538.125,125.6599009799296,8
ch2_cla_l1_20250801T070032395_20250801T070040395.fits,/home/saurabh/moon_project/data/CLASS/ch2_cla_l1_2025_08/cla/data/calibrated/2025/08/01/ch2_cla_l1_20250801T070032395_20250801T070040395.fits,2025-08-01T07:00:32.395,2025-08-01T07:00:40.395,2025-08-01T07:00:36.395,8.0,-37.2,13.5,96.423,-73.2212,-114.095,-73.2262,-114.094,105.873,105.873,CLASS_add_scds.pro,2.1,553,1,"0,3,4,5,8,9,10,11,",-72.646,-115.544,-73.8466,-115.384,-73.796,-112.542,-72.5989,-112.897,1.75048828125,0.0630009871770973,1.63671875,1.8349609375,3585.0,129.02602173869536,8
ch2_cla_l1_20250801T070048395_20250801T070056395.fits,/home/saurabh/moon_project/data/CLASS/ch2_cla_l1_2025_08/cla/data/calibrated/2025/08/01/ch2_cla_l1_20250801T070048395_20250801T070056395.fits,2025-08-01T07:00:48.395,2025-08-01T07:00:56.395,2025-08-01T07:00:52.395,8.0,-37.3,13.5,96.1477,-72.4048,-114.264,-72.4097,-114.263,106.565,106.565,CLASS_add_scds.pro,2.1,555,1,"0,3,4,5,8,9,10,11,",-71.8297,-115.641,-73.0282,-115.494,-72.9802,-112.793,-71.7848,-113.115,1.75067138671875,0.0456774647724691,1.68505859375,1.82763671875,3585.375,93.54744785401684,8
ch2_cla_l1_20250801T070056395_20250801T070104395.fits,/home/saurabh/moon_project/data/CLASS/ch2_cla_l1_2025_08/cla/data/calibrated/2025/08/01/ch2_cla_l1_20250801T070056395_20250801T070104395.fits,2025-08-01T07:00:56.395,2025-08-01T07:01:04.395,2025-08-01T07:01:00.395,8.0,-37.2,13.5,96.0102,-71.9965,-114.343,-72.0017,-114.342,106.911,106.911,CLASS_add_scds.pro,2.1,556,1,"0,3,4,5,8,10,11,",-71.4218,-115.686,-72.619,-115.546,-72.5721,-112.91,-71.378,-113.218,1.71490478515625,0.0555620525549897,1.638671875,1.80712890625,3512.125,113.79108363261908,8
ch2_cla_l1_20250801T070104395_20250801T070112395.fits,/home/saurabh/moon_project/data/CLASS/ch2_cla_l1_2025_08/cla/data/calibrated/2025/08/01/ch2_cla_l1_20250801T070104395_20250801T070112395.fits,2025-08-01T07:01:04.395,2025-08-01T07:01:12.395,2025-08-01T07:01:08.395,8.0,-37.2,13.5,95.8728,-71.5881,-114.419,-71.5933,-114.418,107.256,107.256,CLASS_add_scds.pro,2.1,557,1,"0,3,4,5,8,10,11,",-71.0135,-115.73,-72.21,-115.596,-72.1642,-113.022,-70.9706,-113.316,1.78936767578125,0.0544383934439453,1.7060546875,1.87841796875,3664.625,111.48982977320011,8
ch2_cla_l1_20250801T070120395_20250801T070128395.fits,/home/saurabh/moon_project/data/CLASS/ch2_cla_l1_2025_08/cla/data/calibrated/2025/08/01/ch2_cla_l1_20250801T070120395_20250801T070128395.fits,2025-08-01T07:01:20.395,2025-08-01T07:01:28.395,2025-08-01T07:01:24.395,8.0,-37.4,13.5,95.5985,-70.771,-114.561,-70.7759,-114.56,107.946,107.946,CLASS_add_scds.pro,2.1,559,1,"0,3,4,5,8,9,10,11,",-70.1964,-115.813,-71.3908,-115.689,-71.3471,-113.231,-70.1553,-113.501,1.773681640625,0.0889181473050693,1.64013671875,1.89208984375,3632.5,182.10436568078208,8
ch2_cla_l1_20250801T070128395_20250801T070136395.fits,/home/saurabh/moon_project/data/CLASS/ch2_cla_l1_2025_08/cla/data/calibrated/2025/08/01/ch2_cla_l1_20250801T070128395_20250801T070136395.fits,2025-08-01T07:01:28.395,2025-08-01T07:01:36.395,2025-08-01T07:01:32.395,8.0,-37.4,13.5,95.4616,-70.3623,-114.628,-70.3672,-114.627,108.291,108.291,CLASS_add_scds.pro,2.1,560,1,"0,3,4,5,8,10,11,",-69.7879,-115.852,-70.9812,-115.733,-70.9385,-113.329,-69.7477,-113.588,1.73486328125,0.0702674358006986,1.6328125,1.8447265625,3553.0,143.90770851983078,8
ch2_cla_l1_20250801T070136395_20250801T070144395.fits,/home/saurabh/moon_project/data/CLASS/ch2_cla_l1_2025_08/cla/data/calibrated/2025/08/01/ch2_cla_l1_20250801T070136395_20250801T070144395.fits,2025-08-01T07:01:36.395,2025-08-01T07:01:44.395,2025-08-01T07:01:40.395,8.0,-37.5,13.5,95.3248,-69.9536,-114.692,-69.9585,-114.691,108.636,108.636,CLASS_add_scds.pro,2.1,561,1,"0,1,3,4,5,6,7,8,9,10,11,",-69.3793,-115.89,-70.5716,-115.775,-70.5298,-113.423,-69.34,-113.672,1.7615966796875,0.058382798974745,1.67333984375,1.84521484375,3607.75,119.5679723002778,8
ch2_cla_l1_20250801T070144395_20250801T070152395.fits,/home/saurabh/moon_project/data/CLASS/ch2_cla_l1_2025_08/cla/data/calibrated/2025/08/01/ch2_cla_l1_20250801T070144395_20250801T070152395.fits,2025-08-01T07:01:44.395,2025-08-01T07:01:52.395,2025-08-01T07:01:48.395,8.0,-37.8,13.5,95.1882,-69.5447,-114.754,-69.5496,-114.753,108.98,108.98,CLASS_add_scds.pro,2.1,562,1,"0,1,2,3,4,5,6,7,8,9,10,11,12,13,14,15,",-68.9706,-115.926,-70.1619,-115.816,-70.121,-113.513,-68.932,-113.752,1.72222900390625,0.0450025036281881,1.6455078125,1.7998046875,3527.125,92.16512743052937,8
ch2_cla_l1_20250801T070152395_20250801T070200395.fits,/home/saurabh/moon_project/data/CLASS/ch2_cla_l1_2025_08/cla/data/calibrated/2025/08/01/ch2_cla_l1_20250801T070152395_20250801T070200395.fits,2025-08-01T07:01:52.395,2025-08-01T07:02:00.395,2025-08-01T07:01:56.395,8.0,-37.8,13.5,95.0518,-69.1358,-114.813,-69.1405,-114.813,109.324,109.324,CLASS_add_scds.pro,2.1,563,1,"0,1,2,3,4,5,6,7,8,9,10,11,12,13,14,15,",-68.5618,-115.961,-69.7521,-115.855,-69.712,-113.6,-68.5239,-113.83,1.779541015625,0.0593084435546608,1.68798828125,1.8740234375,3644.5,121.46369239994549,8
ch2_cla_l1_20250801T070200395_20250801T070208395.fits,/home/saurabh/moon_project/data/CLASS/ch2_cla_l1_2025_08/cla/data/calibrated/2025/08/01/ch2_cla_l1_20250801T070200395_20250801T070208395.fits,2025-08-01T07:02:00.395,2025-08-01T07:02:08.395,2025-08-01T07:02:04.395,8.0,-37.8,13.5,94.9155,-68.7268,-114.871,-68.7315,-114.87,109.668,109.668,CLASS_add_scds.pro,2.1,564,1,"0,1,2,3,4,5,6,7,8,9,10,11,12,13,14,15,",-68.1531,-115.995,-69.3421,-115.893,-69.3028,-113.684,-68.116,-113.905,1.74383544921875,0.053244050251939,1.6787109375,1.8388671875,3571.375,109.04381491597114,8
ch2_cla_l1_20250801T070208395_20250801T070216395.fits,/home/saurabh/moon_project/data/CLASS/ch2_cla_l1_2025_08/cla/data/calibrated/2025/08/01/ch2_cla_l1_20250801T070208395_20250801T070216395.fits,2025-08-01T07:02:08.395,2025-08-01T07:02:16.395,2025-08-01T07:02:12.395,8.0,-37.8,13.5,94.7795,-68.3177,-114.926,-68.3225,-114.926,110.012,110.012,CLASS_add_scds.pro,2.1,565,1,"0,1,2,3,4,5,6,7,8,9,10,11,12,13,14,15,",-67.7442,-116.028,-68.9323,-115.929,-68.8939,-113.765,-67.7078,-113.977,1.767822265625,0.0435849873085586,1.69873046875,1.82470703125,3620.5,89.26205400792817,8
ch2_cla_l1_20250801T070216395_20250801T070224395.fits,/home/saurabh/moon_project/data/CLASS/ch2_cla_l1_2025_08/cla/data/calibrated/2025/08/01/ch2_cla_l1_20250801T070216395_20250801T070224395.fits,2025-08-01T07:02:16.395,2025-08-01T07:02:24.395,2025-08-01T07:02:20.395,8.0,-37.8,13.5,94.6436,-67.9085,-114.98,-67.9133,-114.979,110.355,110.355,CLASS_add_scds.pro,2.1,566,1,"0,1,2,3,4,5,6,7,8,9,10,11,12,13,14,15,",-67.3352,-116.06,-68.5223,-115.965,-68.4846,-113.842,-67.2995,-114.047,1.76727294921875,0.0513036912532869,1.6953125,1.8515625,3619.375,105.06995968673172,8
ch2_cla_l1_20250801T070224395_20250801T070232395.fits,/home/saurabh/moon_project/data/CLASS/ch2_cla_l1_2025_08/cla/data/calibrated/2025/08/01/ch2_cla_l1_20250801T070224395_20250801T070232395.fits,2025-08-01T07:02:24.395,2025-08-01T07:02:32.395,2025-08-01T07:02:28.395,8.0,-37.8,13.5,94.5079,-67.4993,-115.032,-67.5041,-115.031,110.699,110.699,CLASS_add_scds.pro,2.1,567,1,"0,1,2,3,4,5,6,7,8,9,10,11,12,13,14,15,",-66.9263,-116.091,-68.1122,-115.998,-68.0753,-113.917,-66.8912,-114.114,1.79132080078125,0.0449172781730685,1.73681640625,1.853515625,3668.625,91.99058569844448,8
ch2_cla_l1_20250801T070232395_20250801T070240395.fits,/home/saurabh/moon_project/data/CLASS/ch2_cla_l1_2025_08/cla/data/calibrated/2025/08/01/ch2_cla_l1_20250801T070232395_20250801T070240395.fits,2025-08-01T07:02:32.395,2025-08-01T07:02:40.395,2025-08-01T07:02:36.395,8.0,-37.9,13.5,94.3725,-67.09,-115.082,-67.0947,-115.081,111.041,111.041,CLASS_add_scds.pro,2.1,568,1,"0,1,2,3,4,5,6,7,8,9,10,11,12,13,14,15,",-66.5172,-116.121,-67.7022,-116.032,-67.6659,-113.989,-66.4827,-114.179,1.78485107421875,0.0834738336016717,1.64697265625,1.89404296875,3655.375,170.95441121622372,8
ch2_cla_l1_20250801T070240395_20250801T070248395.fits,/home/saurabh/moon_project/data/CLASS/ch2_cla_l1_2025_08/cla/data/calibrated/2025/08/01/ch2_cla_l1_20250801T070240395_20250801T070248395.fits,2025-08-01T07:02:40.395,2025-08-01T07:02:48.395,2025-08-01T07:02:44.395,8.0,-38.0,13.5,94.2373,-66.6806,-115.13,-66.6853,-115.13,111.384,111.384,CLASS_add_scds.pro,2.1,569,1,"0,1,2,3,4,5,6,7,8,9,10,11,12,13,14,15,",-66.108,-116.15,-67.292,-116.063,-67.2564,-114.059,-66.0741,-114.243,1.77789306640625,0.0548972564137787,1.69873046875,1.8720703125,3641.125,112.42958113541876,8
ch2_cla_l1_20250801T070248395_20250801T070256395.fits,/home/saurabh/moon_project/data/CLASS/ch2_cla_l1_2025_08/cla/data/calibrated/2025/08/01/ch2_cla_l1_20250801T070248395_20250801T070256395.fits,2025-08-01T07:02:48.395,2025-08-01T07:02:56.395,2025-08-01T07:02:52.395,8.0,-38.0,13.5,94.1022,-66.2711,-115.177,-66.2759,-115.176,111.726,111.726,CLASS_add_scds.pro,2.1,570,1,"0,1,2,3,4,5,6,7,8,9,10,11,12,13,14,15,",-65.6989,-116.178,-66.8817,-116.094,-66.8467,-114.126,-65.6656,-114.304,1.8087158203125,0.0722918959774036,1.67822265625,1.912109375,3704.25,148.05380296172257,8
ch2_cla_l1_20250801T070256395_20250801T070304395.fits,/home/saurabh/moon_project/data/CLASS/ch2_cla_l1_2025_08/cla/data/calibrated/2025/08/01/ch2_cla_l1_20250801T070256395_20250801T070304395.fits,2025-08-01T07:02:56.395,2025-08-01T07:03:04.395,2025-08-01T07:03:00.395,8.0,-38.0,13.5,93.9675,-65.8616,-115.223,-65.8663,-115.222,112.068,112.068,CLASS_add_scds.pro,2.1,571,1,"0,1,2,3,4,5,6,7,8,9,10,11,12,13,14,15,",-65.2896,-116.206,-66.4714,-116.124,-66.4371,-114.191,-65.2568,-114.363,1.80023193359375,0.0610245177670478,1.72021484375,1.8994140625,3686.875,124.97821238691397,8
ch2_cla_l1_20250801T070304395_20250801T070312395.fits,/home/saurabh/moon_project/data/CLASS/ch2_cla_l1_2025_08/cla/data/calibrated/2025/08/01/ch2_cla_l1_20250801T070304395_20250801T070312395.fits,2025-08-01T07:03:04.395,2025-08-01T07:03:12.395,2025-08-01T07:03:08.395,8.0,-38.0,13.5,93.8329,-65.4519,-115.267,-65.4567,-115.266,112.41,112.41,CLASS_add_scds.pro,2.1,572,1,"0,1,2,3,4,5,6,7,8,9,10,11,12,13,14,15,",-64.8803,-116.233,-66.0611,-116.153,-66.0273,-114.254,-64.8481,-114.42,1.793212890625,0.0790472904095627,1.6953125,1.93212890625,3672.5,161.88885075878449,8
ch2_cla_l1_20250801T070312395_20250801T070320395.fits,/home/saurabh/moon_project/data/CLASS/ch2_cla_l1_2025_08/cla/data/calibrated/2025/08/01/ch2_cla_l1_20250801T070312395_20250801T070320395.fits,2025-08-01T07:03:12.395,2025-08-01T07:03:20.395,2025-08-01T07:03:16.395,8.0,-38.1,13.5,93.6986,-65.0422,-115.309,-65.047,-115.309,112.751,112.751,CLASS_add_scds.pro,2.1,573,1,"0,1,2,3,4,5,6,7,8,9,10,11,12,13,14,15,",-64.4709,-116.259,-65.6506,-116.182,-65.6175,-114.315,-64.4392,-114.476,1.78564453125,0.0836397622450232,1.66552734375,1.9140625,3657.0,171.29423307780763,8
ch2_cla_l1_20250801T070320395_20250801T070328395.fits,/home/saurabh/moon_project/data/CLASS/ch2_cla_l1_2025_08/cla/data/calibrated/2025/08/01/ch2_cla_l1_20250801T070320395_20250801T070328395.fits,2025-08-01T07:03:20.395,2025-08-01T07:03:28.395,2025-08-01T07:03:24.395,8.0,-38.1,13.5,93.5646,-64.6325,-115.351,-64.6373,-115.35,113.092,113.092,CLASS_add_scds.pro,2.1,574,0,"0,1,2,3,4,5,6,7,8,9,10,11,12,13,14,15,",-64.0615,-116.284,-65.2401,-116.21,-65.2076,-114.374,-64.0304,-114.53,1.82354736328125,0.0643298468782744,1.73388671875,1.939453125,3734.625,131.74752640670607,8
ch2_cla_l1_20250801T070328395_20250801T070336395.fits,/home/saurabh/moon_project/data/CLASS/ch2_cla_l1_2025_08/cla/data/calibrated/2025/08/01/ch2_cla_l1_20250801T070328395_20250801T070336395.fits,2025-08-01T07:03:28.395,2025-08-01T07:03:36.395,2025-08-01T07:03:32.395,8.0,-38.1,13.5,93.4307,-64.2227,-115.391,-64.2274,-115.391,113.433,113.433,CLASS_add_scds.pro,2.1,575,0,"0,1,2,3,4,5,6,7,8,9,10,11,12,13,14,15,",-63.652,-116.309,-64.8296,-116.236,-64.7976,-114.432,-63.6214,-114.583,1.77203369140625,0.0529344989880135,1.68603515625,1.84814453125,3629.125,108.40985392745176,8
ch2_cla_l1_20250801T070336395_20250801T070342170.fits,/home/saurabh/moon_project/data/CLASS/ch2_cla_l1_2025_08/cla/data/calibrated/2025/08/01/ch2_cla_l1_20250801T070336395_20250801T070342170.fits,2025-08-01T07:03:36.395,2025-08-01T07:03:42.170,2025-08-01T07:03:39.283,5.774,-38.1,13.5,93.3158,-63.8698,-115.425,-63.8746,-115.424,113.726,113.726,CLASS_add_scds.pro,2.1,576,0,"0,1,2,3,4,5,6,7,8,9,10,11,12,13,14,15,",-63.3563,-116.326,-64.419,-116.262,-64.3876,-114.488,-63.326,-114.62,1.8248697916666667,0.0512799158629839,1.748046875,1.888671875,3737.3333333333335,105.02126768739112,6
ch2_cla_l1_20250801T203821221_20250801T203829221.fits,/home/saurabh/moon_project/data/CLASS/ch2_cla_l1_2025_08/cla/data/calibrated/2025/08/01/ch2_cla_l1_20250801T203821221_20250801T203829221.fits,2025-08-01T20:38:21.221,2025-08-01T20:38:29.221,2025-08-01T20:38:25.221,8.0,-36.9,13.5,102.883,-88.3158,14.9209,-88.3126,15.0147,90.4952,90.4952,CLASS_add_scds.pro,2.1,509,1,"0,1,2,3,4,5,6,7,8,9,10,11,12,13,14,15,",-87.5596,16.9061,-89.0598,10.0936,-88.3506,31.3874,-87.9722,36.0438,1.71929931640625,0.0633220762930152,1.63916015625,1.81787109375,3521.125,129.68361224809513,8
ch2_cla_l1_20250801T203837221_20250801T203845221.fits,/home/saurabh/moon_project/data/CLASS/ch2_cla_l1_2025_08/cla/data/calibrated/2025/08/01/ch2_cla_l1_20250801T203837221_20250801T203845221.fits,2025-08-01T20:38:37.221,2025-08-01T20:38:45.221,2025-08-01T20:38:41.221,8.0,-37.0,13.5,102.593,-88.813,-11.331,-88.8117,-11.0539,91.1899,91.1899,CLASS_add_scds.pro,2.1,511,1,"0,1,2,3,4,5,6,7,8,9,10,11,12,13,14,15,",-88.4675,-25.1147,-89.3168,-47.274,-89.0362,11.3854,-88.1298,1.3072,1.72503662109375,0.0779204551945301,1.6240234375,1.84619140625,3532.875,159.58109223839773,8
ch2_cla_l1_20250801T203845221_20250801T203853221.fits,/home/saurabh/moon_project/data/CLASS/ch2_cla_l1_2025_08/cla/data/calibrated/2025/08/01/ch2_cla_l1_20250801T203845221_20250801T203853221.fits,2025-08-01T20:38:45.221,2025-08-01T20:38:53.221,2025-08-01T20:38:49.221,8.0,-37.0,13.5,102.447,-88.9093,-31.3034,-88.9091,-31.0803,91.5373,91.5373,CLASS_add_scds.pro,2.1,512,1,"0,1,2,3,4,5,6,7,8,9,10,11,12,13,14,15,",-88.4828,-40.3969,-89.1333,-74.4329,-89.2725,-11.3965,-88.3373,-10.087,1.72119140625,0.1069369380898263,1.572265625,1.8876953125,3525.0,219.00684920796428,8
ch2_cla_l1_20250801T203853221_20250801T203901221.fits,/home/saurabh/moon_project/data/CLASS/ch2_cla_l1_2025_08/cla/data/calibrated/2025/08/01/ch2_cla_l1_20250801T203853221_20250801T203901221.fits,2025-08-01T20:38:53.221,2025-08-01T20:39:01.221,2025-08-01T20:38:57.221,8.0,-37.0,13.5,102.302,-88.8598,-52.1346,-88.8611,-51.9246,91.8848,91.8848,CLASS_add_scds.pro,2.1,513,1,"0,1,2,3,4,5,6,7,8,9,10,11,12,13,14,15,",-88.2127,-67.2488,-89.1333,-74.4329,-89.2725,-11.3965,-88.4865,-39.2828,1.73260498046875,0.0582988401857977,1.65625,1.833984375,3548.375,119.39602470051383,8
ch2_cla_l1_20250801T203901221_20250801T203909221.fits,/home/saurabh/moon_project/data/CLASS/ch2_cla_l1_2025_08/cla/data/calibrated/2025/08/01/ch2_cla_l1_20250801T203901221_20250801T203909221.fits,2025-08-01T20:39:01.221,2025-08-01T20:39:09.221,2025-08-01T20:39:05.221,8.0,-37.0,13.5,102.156,-88.6806,-69.2337,-88.6831,-69.0809,92.2323,92.2323,CLASS_add_scds.pro,2.1,514,1,"0,1,2,3,4,5,6,7,8,9,10,11,12,13,14,15,",-87.9665,-76.9595,-88.8317,-89.9369,-89.3216,-44.8127,-88.403,-54.008,1.72503662109375,0.0648642305737965,1.63232421875,1.83349609375,3532.875,132.84194421513538,8
ch2_cla_l1_20250801T203909221_20250801T203917221.fits,/home/saurabh/moon_project/data/CLASS/ch2_cla_l1_2025_08/cla/data/calibrated/2025/08/01/ch2_cla_l1_20250801T203909221_20250801T203917221.fits,2025-08-01T20:39:09.221,2025-08-01T20:39:17.221,2025-08-01T20:39:13.221,8.0,-37.0,13.5,102.01,-88.4152,-81.4495,-88.4183,-81.3449,92.5798,92.5798,CLASS_add_scds.pro,2.1,515,1,"0,1,2,3,4,5,6,7,8,9,10,11,12,13,14,15,",-88.108,-104.118,-88.4808,-98.711,-89.15,-72.942,-87.6753,-84.4094,1.7342529296875,0.050119468468007,1.6611328125,1.8154296875,3551.75,102.64467142247848,8
ch2_cla_l1_20250801T204205221_20250801T204213221.fits,/home/saurabh/moon_project/data/CLASS/ch2_cla_l1_2025_08/cla/data/calibrated/2025/08/01/ch2_cla_l1_20250801T204205221_20250801T204213221.fits,2025-08-01T20:42:05.221,2025-08-01T20:42:13.221,2025-08-01T20:42:09.221,8.0,-37.3,13.5,98.765,-79.8345,-118.77,-79.8387,-118.768,100.221,100.221,CLASS_add_scds.pro,2.1,537,1,"0,3,4,5,8,9,10,11,",-79.2661,-121.286,-80.4831,-120.814,-80.3902,-115.952,-79.1837,-116.969,1.72509765625,0.0494374646818294,1.6640625,1.81396484375,3533.0,101.24792766838668,8
ch2_cla_l1_20250801T204221221_20250801T204229221.fits,/home/saurabh/moon_project/data/CLASS/ch2_cla_l1_2025_08/cla/data/calibrated/2025/08/01/ch2_cla_l1_20250801T204221221_20250801T204229221.fits,2025-08-01T20:42:21.221,2025-08-01T20:42:29.221,2025-08-01T20:42:25.221,8.0,-37.3,13.5,98.4688,-79.0232,-119.233,-79.0272,-119.231,100.915,100.915,CLASS_add_scds.pro,2.1,539,1,"0,3,4,5,8,9,10,11,",-78.4531,-121.546,-79.6682,-121.14,-79.5828,-116.664,-78.3766,-117.536,1.7259521484375,0.0838385548538719,1.5703125,1.8447265625,3534.75,171.7013603407298,8
ch2_cla_l1_20250801T204237221_20250801T204245221.fits,/home/saurabh/moon_project/data/CLASS/ch2_cla_l1_2025_08/cla/data/calibrated/2025/08/01/ch2_cla_l1_20250801T204237221_20250801T204245221.fits,2025-08-01T20:42:37.221,2025-08-01T20:42:45.221,2025-08-01T20:42:41.221,8.0,-37.3,13.5,98.1726,-78.211,-119.634,-78.215,-119.632,101.608,101.608,CLASS_add_scds.pro,2.1,541,1,"0,3,4,5,8,9,10,11,",-77.6396,-121.772,-78.8526,-121.42,-78.7735,-117.275,-77.5683,-118.03,1.72991943359375,0.0904924889663927,1.5849609375,1.85791015625,3542.875,185.3286174031724,8
ch2_cla_l1_20250801T204253221_20250801T204301221.fits,/home/saurabh/moon_project/data/CLASS/ch2_cla_l1_2025_08/cla/data/calibrated/2025/08/01/ch2_cla_l1_20250801T204253221_20250801T204301221.fits,2025-08-01T20:42:53.221,2025-08-01T20:43:01.221,2025-08-01T20:42:57.221,8.0,-37.4,13.5,97.8766,-77.398,-119.984,-77.402,-119.983,102.3,102.3,CLASS_add_scds.pro,2.1,543,1,"0,3,4,5,8,9,10,11,",-76.8258,-121.972,-78.0367,-121.663,-77.9632,-117.805,-76.759,-118.465,1.74932861328125,0.0711675754664363,1.60400390625,1.8427734375,3582.625,145.75119455526158,8
ch2_cla_l1_20250801T204309221_20250801T204317221.fits,/home/saurabh/moon_project/data/CLASS/ch2_cla_l1_2025_08/cla/data/calibrated/2025/08/01/ch2_cla_l1_20250801T204309221_20250801T204317221.fits,2025-08-01T20:43:09.221,2025-08-01T20:43:17.221,2025-08-01T20:43:13.221,8.0,-37.4,13.5,97.5808,-76.5844,-120.293,-76.5885,-120.292,102.992,102.992,CLASS_add_scds.pro,2.1,545,1,"0,3,4,8,9,10,11,",-76.0114,-122.15,-77.2203,-121.876,-77.1515,-118.269,-75.9486,-118.852,1.7655029296875,0.0337542782448513,1.7236328125,1.81640625,3615.75,69.12876184545557,8
ch2_cla_l1_20250801T204325221_20250801T204333221.fits,/home/saurabh/moon_project/data/CLASS/ch2_cla_l1_2025_08/cla/data/calibrated/2025/08/01/ch2_cla_l1_20250801T204325221_20250801T204333221.fits,2025-08-01T20:43:25.221,2025-08-01T20:43:33.221,2025-08-01T20:43:29.221,8.0,-37.4,13.5,97.2852,-75.7702,-120.567,-75.7742,-120.567,103.684,103.684,CLASS_add_scds.pro,2.1,547,1,"0,3,4,5,8,9,10,11,",-75.1966,-122.309,-76.4034,-122.065,-76.3389,-118.678,-75.1374,-119.196,1.77593994140625,0.0330338853160391,1.72509765625,1.81884765625,3637.125,67.65339712724811,8
ch2_cla_l1_20250801T204557221_20250801T204605221.fits,/home/saurabh/moon_project/data/CLASS/ch2_cla_l1_2025_08/cla/data/calibrated/2025/08/01/ch2_cla_l1_20250801T204557221_20250801T204605221.fits,2025-08-01T20:45:57.221,2025-08-01T20:46:05.221,2025-08-01T20:46:01.221,8.0,-38.3,13.5,94.5004,-68.0127,-122.189,-68.0167,-122.189,110.217,110.217,CLASS_add_scds.pro,2.1,566,1,"0,1,2,3,4,5,6,7,8,9,10,11,12,13,14,15,",-67.4405,-123.278,-68.6264,-123.171,-68.5859,-121.043,-67.4022,-121.259,1.72216796875,0.0655794361780277,1.63671875,1.81982421875,3527.0,134.3066852926008,8
ch2_cla_l1_20250801T204613221_20250801T204621221.fits,/home/saurabh/moon_project/data/CLASS/ch2_cla_l1_2025_08/cla/data/calibrated/2025/08/01/ch2_cla_l1_20250801T204613221_20250801T204621221.fits,2025-08-01T20:46:13.221,2025-08-01T20:46:21.221,2025-08-01T20:46:17.221,8.0,-38.3,13.5,94.2109,-67.1942,-122.299,-67.1981,-122.299,110.9,110.9,CLASS_add_scds.pro,2.1,568,1,"0,1,2,3,4,5,6,7,8,9,10,11,12,13,14,15,",-66.6225,-123.346,-67.8062,-123.246,-67.7673,-121.198,-66.5855,-121.4,1.72705078125,0.0754620804275218,1.63232421875,1.8486328125,3537.0,154.54634071556475,8
ch2_cla_l1_20250801T204645221_20250801T204653221.fits,/home/saurabh/moon_project/data/CLASS/ch2_cla_l1_2025_08/cla/data/calibrated/2025/08/01/ch2_cla_l1_20250801T204645221_20250801T204653221.fits,2025-08-01T20:46:45.221,2025-08-01T20:46:53.221,2025-08-01T20:46:49.221,8.0,-38.4,13.5,93.6346,-65.5562,-122.498,-65.56,-122.497,112.262,112.262,CLASS_add_scds.pro,2.1,572,0,"0,1,2,3,4,5,6,7,8,9,10,11,12,13,14,15,",-64.9856,-123.47,-66.1647,-123.382,-66.1286,-121.479,-64.9511,-121.655,1.7322998046875,0.0479857229503149,1.66357421875,1.81298828125,3547.75,98.27476060224502,8
ch2_cla_l1_20250801T204701221_20250801T204709221.fits,/home/saurabh/moon_project/data/CLASS/ch2_cla_l1_2025_08/cla/data/calibrated/2025/08/01/ch2_cla_l1_20250801T204701221_20250801T204709221.fits,2025-08-01T20:47:01.221,2025-08-01T20:47:09.221,2025-08-01T20:47:05.221,8.0,-38.4,13.5,93.348,-64.7366,-122.588,-64.7405,-122.588,112.941,112.941,CLASS_add_scds.pro,2.1,574,0,"0,1,2,3,4,5,6,7,8,9,10,11,12,13,14,15,",-64.1668,-123.527,-65.3437,-123.444,-65.3088,-121.606,-64.1334,-121.771,1.71917724609375,0.0375803835229496,1.66357421875,1.77587890625,3520.875,76.9646254550009,8
ch2_cla_l1_20250801T204709221_20250801T204717221.fits,/home/saurabh/moon_project/data/CLASS/ch2_cla_l1_2025_08/cla/data/calibrated/2025/08/01/ch2_cla_l1_20250801T204709221_20250801T204717221.fits,2025-08-01T20:47:09.221,2025-08-01T20:47:17.221,2025-08-01T20:47:13.221,8.0,-38.4,13.5,93.2051,-64.3268,-122.631,-64.3307,-122.631,113.28,113.28,CLASS_add_scds.pro,2.1,575,0,"0,1,2,3,4,5,6,7,8,9,10,11,12,13,14,15,",-63.7572,-123.555,-64.933,-123.474,-64.8987,-121.667,-63.7244,-121.826,1.716064453125,0.0592331647817216,1.642578125,1.80419921875,3514.5,121.309521472966,8
ch2_cla_l1_20250801T204717221_20250801T204725221.fits,/home/saurabh/moon_project/data/CLASS/ch2_cla_l1_2025_08/cla/data/calibrated/2025/08/01/ch2_cla_l1_20250801T204717221_20250801T204725221.fits,2025-08-01T20:47:17.221,2025-08-01T20:47:25.221,2025-08-01T20:47:21.221,8.0,-38.4,13.5,93.0625,-63.9168,-122.674,-63.9207,-122.673,113.619,113.619,CLASS_add_scds.pro,2.1,576,0,"0,1,2,3,4,5,6,7,8,9,10,11,12,13,14,15,",-63.3476,-123.581,-64.5223,-123.503,-64.4886,-121.726,-63.3154,-121.88,1.740966796875,0.0388167141876775,1.69091796875,1.8056640625,3565.5,79.49663065636358,8
ch2_cla_l1_20250801T204725221_20250801T204729282.fits,/home/saurabh/moon_project/data/CLASS/ch2_cla_l1_2025_08/cla/data/calibrated/2025/08/01/ch2_cla_l1_20250801T204725221_20250801T204729282.fits,2025-08-01T20:47:25.221,2025-08-01T20:47:29.282,2025-08-01T20:47:27.252,4.061,-38.4,13.5,92.9552,-63.6078,-122.704,-63.6117,-122.704,113.874,113.874,CLASS_add_scds.pro,2.1,577,0,"0,1,2,3,4,5,6,7,8,9,10,11,12,13,14,15,",-63.1397,-123.595,-64.1116,-123.531,-64.0784,-121.783,-63.1077,-121.907,1.79638671875,0.031533544370605,1.76708984375,1.83544921875,3679.0,64.58069887099911,4
ch2_cla_l1_20250801T223552772_20250801T223600772.fits,/home/saurabh/moon_project/data/CLASS/ch2_cla_l1_2025_08/cla/data/calibrated/2025/08/01/ch2_cla_l1_20250801T223552772_20250801T223600772.fits,2025-08-01T22:35:52.772,2025-08-01T22:36:00.772,2025-08-01T22:35:56.772,8.0,-36.4,13.5,102.781,-87.9463,21.9076,-87.9427,21.972,90.1126,90.1126,CLASS_add_scds.pro,2.1,508,1,"0,1,2,3,4,5,6,7,8,9,10,11,12,13,14,15,",-87.1875,21.4713,-88.1161,0.4763,-88.6964,23.0524,-87.5389,38.2948,1.76275634765625,0.0557273180272591,1.69384765625,1.86572265625,3610.125,114.12954731982674,8
ch2_cla_l1_20250801T223600772_20250801T223608772.fits,/home/saurabh/moon_project/data/CLASS/ch2_cla_l1_2025_08/cla/data/calibrated/2025/08/01/ch2_cla_l1_20250801T223600772_20250801T223608772.fits,2025-08-01T22:36:00.772,2025-08-01T22:36:08.772,2025-08-01T22:36:04.772,8.0,-36.5,13.5,102.636,-88.2761,14.6874,-88.2727,14.7845,90.4598,90.4598,CLASS_add_scds.pro,2.1,509,1,"0,1,2,3,4,5,6,7,8,9,10,11,12,13,14,15,",-87.5204,16.4012,-88.3248,-10.7549,-89.0206,10.678,-87.9269,35.203,1.72747802734375,0.0775862235675808,1.62353515625,1.84326171875,3537.875,158.8965858664056,8
ch2_cla_l1_20250801T223608772_20250801T223616772.fits,/home/saurabh/moon_project/data/CLASS/ch2_cla_l1_2025_08/cla/data/calibrated/2025/08/01/ch2_cla_l1_20250801T223608772_20250801T223616772.fits,2025-08-01T22:36:08.772,2025-08-01T22:36:16.772,2025-08-01T22:36:12.772,8.0,-36.6,13.5,102.491,-88.5663,4.3157,-88.5635,4.4519,90.807,90.807,CLASS_add_scds.pro,2.1,510,1,"0,1,2,3,4,5,6,7,8,9,10,11,12,13,14,15,",-87.8281,9.832,-89.2598,-11.4924,-88.6691,23.7092,-88.3061,30.7122,1.77154541015625,0.0877201182388637,1.607421875,1.88623046875,3628.125,179.65080215319304,8
ch2_cla_l1_20250801T223616772_20250801T223624772.fits,/home/saurabh/moon_project/data/CLASS/ch2_cla_l1_2025_08/cla/data/calibrated/2025/08/01/ch2_cla_l1_20250801T223616772_20250801T223624772.fits,2025-08-01T22:36:16.772,2025-08-01T22:36:24.772,2025-08-01T22:36:20.772,8.0,-36.6,13.5,102.345,-88.788,-10.5216,-88.7863,-10.3089,91.1543,91.1543,CLASS_add_scds.pro,2.1,511,1,"0,1,2,3,4,5,6,7,8,9,10,11,12,13,14,15,",-88.4533,-24.4782,-89.3176,-44.3422,-88.9981,11.7837,-88.0983,1.2538,1.75555419921875,0.0737662323367362,1.6611328125,1.87353515625,3595.375,151.0732438256358,8
ch2_cla_l1_20250801T223624772_20250801T223632772.fits,/home/saurabh/moon_project/data/CLASS/ch2_cla_l1_2025_08/cla/data/calibrated/2025/08/01/ch2_cla_l1_20250801T223624772_20250801T223632772.fits,2025-08-01T22:36:24.772,2025-08-01T22:36:32.772,2025-08-01T22:36:28.772,8.0,-36.6,13.5,102.2,-88.8989,-30.0006,-88.8984,-29.7786,91.5016,91.5016,CLASS_add_scds.pro,2.1,512,1,"0,1,2,3,4,5,6,7,8,9,10,11,12,13,14,15,",-88.4809,-39.6713,-89.1562,-72.6963,-89.2466,-9.552,-88.3129,-9.8407,1.79705810546875,0.0805927976508585,1.6474609375,1.90625,3680.375,165.05404958895824,8
ch2_cla_l1_20250801T223632772_20250801T223640772.fits,/home/saurabh/moon_project/data/CLASS/ch2_cla_l1_2025_08/cla/data/calibrated/2025/08/01/ch2_cla_l1_20250801T223632772_20250801T223640772.fits,2025-08-01T22:36:32.772,2025-08-01T22:36:40.772,2025-08-01T22:36:36.772,8.0,-36.6,13.5,102.053,-88.866,-50.8838,-88.8672,-50.661,91.849,91.849,CLASS_add_scds.pro,2.1,513,1,"0,1,2,3,4,5,6,7,8,9,10,11,12,13,14,15,",-88.2324,-66.9221,-89.1562,-72.6963,-89.2466,-9.552,-88.4837,-38.6327,1.73809814453125,0.0460273301075331,1.66796875,1.81396484375,3559.625,94.26397206022791,8
ch2_cla_l1_20250801T223640772_20250801T223648772.fits,/home/saurabh/moon_project/data/CLASS/ch2_cla_l1_2025_08/cla/data/calibrated/2025/08/01/ch2_cla_l1_20250801T223640772_20250801T223648772.fits,2025-08-01T22:36:40.772,2025-08-01T22:36:48.772,2025-08-01T22:36:44.772,8.0,-36.6,13.5,101.907,-88.7001,-68.4627,-88.7025,-68.3001,92.1963,92.1963,CLASS_add_scds.pro,2.1,514,1,"0,1,2,3,4,5,6,7,8,9,10,11,12,13,14,15,",-87.9933,-76.9136,-88.8652,-89.3172,-89.3202,-42.0348,-88.4118,-53.4694,1.79833984375,0.0715175483197572,1.66845703125,1.89404296875,3683.0,146.46793895886273,8
ch2_cla_l1_20250801T223648772_20250801T223656772.fits,/home/saurabh/moon_project/data/CLASS/ch2_cla_l1_2025_08/cla/data/calibrated/2025/08/01/ch2_cla_l1_20250801T223648772_20250801T223656772.fits,2025-08-01T22:36:48.772,2025-08-01T22:36:56.772,2025-08-01T22:36:52.772,8.0,-36.6,13.5,101.761,-88.4432,-81.1742,-88.4464,-81.0615,92.5437,92.5437,CLASS_add_scds.pro,2.1,515,1,"0,1,2,3,4,5,6,7,8,9,10,11,12,13,14,15,",-88.1485,-104.438,-88.5192,-98.7002,-89.1706,-71.2364,-87.7066,-84.6027,1.76129150390625,0.0439417761939011,1.701171875,1.82958984375,3607.125,89.99275764510958,8
ch2_cla_l1_20250801T223656772_20250801T223704772.fits,/home/saurabh/moon_project/data/CLASS/ch2_cla_l1_2025_08/cla/data/calibrated/2025/08/01/ch2_cla_l1_20250801T223656772_20250801T223704772.fits,2025-08-01T22:36:56.772,2025-08-01T22:37:04.772,2025-08-01T22:37:00.772,8.0,-36.6,13.5,101.615,-88.1323,-89.9858,-88.136,-89.909,92.8912,92.8912,CLASS_add_scds.pro,2.1,516,1,"0,1,2,3,4,5,6,7,8,9,10,11,12,13,14,15,",-87.7657,-108.238,-88.884,-88.5334,-88.2457,-66.2643,-87.3883,-90.5016,1.80450439453125,0.0392321038132169,1.7509765625,1.86181640625,3695.625,80.34734860946831,8
ch2_cla_l1_20250801T223704772_20250801T223712772.fits,/home/saurabh/moon_project/data/CLASS/ch2_cla_l1_2025_08/cla/data/calibrated/2025/08/01/ch2_cla_l1_20250801T223704772_20250801T223712772.fits,2025-08-01T22:37:04.772,2025-08-01T22:37:12.772,2025-08-01T22:37:08.772,8.0,-36.7,13.5,101.468,-87.7901,-96.183,-87.794,-96.129,93.2386,93.2386,CLASS_add_scds.pro,2.1,517,1,"0,1,2,3,4,5,6,7,8,9,10,11,12,13,14,15,",-87.376,-110.92,-88.5392,-98.2543,-88.0092,-76.4369,-87.0485,-95.0824,1.7520751953125,0.0381634381317501,1.6943359375,1.8125,3588.25,78.15872129382437,8
ch2_cla_l1_20250801T223712772_20250801T223720772.fits,/home/saurabh/moon_project/data/CLASS/ch2_cla_l1_2025_08/cla/data/calibrated/2025/08/01/ch2_cla_l1_20250801T223712772_20250801T223720772.fits,2025-08-01T22:37:12.772,2025-08-01T22:37:20.772,2025-08-01T22:37:16.772,8.0,-36.7,13.5,101.321,-87.429,-100.683,-87.4332,-100.644,93.5861,93.5861,CLASS_add_scds.pro,2.1,518,1,"0,2,3,4,5,6,7,8,9,10,11,12,13,14,15,",-86.9817,-112.906,-88.1686,-104.161,-87.724,-84.2611,-86.6933,-98.702,1.82080078125,0.0349970041666674,1.77001953125,1.87841796875,3729.0,71.673864533335,8
ch2_cla_l1_20250801T223720772_20250801T223728772.fits,/home/saurabh/moon_project/data/CLASS/ch2_cla_l1_2025_08/cla/data/calibrated/2025/08/01/ch2_cla_l1_20250801T223720772_20250801T223728772.fits,2025-08-01T22:37:20.772,2025-08-01T22:37:28.772,2025-08-01T22:37:24.772,8.0,-36.6,13.5,101.174,-87.056,-104.06,-87.06,-104.031,93.9335,93.9335,CLASS_add_scds.pro,2.1,519,1,"0,3,4,5,6,7,8,9,10,11,12,13,14,15,",-86.5845,-114.432,-87.7849,-108.055,-87.4056,-90.2618,-86.3275,-101.611,1.78961181640625,0.0582476978303147,1.7275390625,1.90283203125,3665.125,119.29128515648456,8
ch2_cla_l1_20250801T223728772_20250801T223736772.fits,/home/saurabh/moon_project/data/CLASS/ch2_cla_l1_2025_08/cla/data/calibrated/2025/08/01/ch2_cla_l1_20250801T223728772_20250801T223736772.fits,2025-08-01T22:37:28.772,2025-08-01T22:37:36.772,2025-08-01T22:37:32.772,8.0,-36.6,13.5,101.027,-86.675,-106.673,-86.6791,-106.649,94.281,94.281,CLASS_add_scds.pro,2.1,520,1,"0,3,4,5,6,7,8,9,10,11,12,13,14,15,",-86.1856,-115.642,-87.3939,-110.79,-87.0651,-94.9126,-85.9541,-103.989,1.8126220703125,0.0584877144625323,1.71484375,1.89990234375,3712.25,119.78283921926618,8
ch2_cla_l1_20250801T223736772_20250801T223744772.fits,/home/saurabh/moon_project/data/CLASS/ch2_cla_l1_2025_08/cla/data/calibrated/2025/08/01/ch2_cla_l1_20250801T223736772_20250801T223744772.fits,2025-08-01T22:37:36.772,2025-08-01T22:37:44.772,2025-08-01T22:37:40.772,8.0,-36.6,13.5,100.88,-86.2885,-108.746,-86.2926,-108.727,94.6284,94.6284,CLASS_add_scds.pro,2.1,521,1,"0,3,4,5,6,7,8,9,10,11,12,13,14,15,",-85.7851,-116.623,-86.9987,-112.811,-86.7095,-98.5792,-85.5748,-105.964,1.79168701171875,0.0508917559836822,1.7109375,1.86474609375,3669.375,104.2263162545813,8
ch2_cla_l1_20250801T223744772_20250801T223752772.fits,/home/saurabh/moon_project/data/CLASS/ch2_cla_l1_2025_08/cla/data/calibrated/2025/08/01/ch2_cla_l1_20250801T223744772_20250801T223752772.fits,2025-08-01T22:37:44.772,2025-08-01T22:37:52.772,2025-08-01T22:37:48.772,8.0,-36.5,13.5,100.732,-85.898,-110.427,-85.9022,-110.412,94.9759,94.9759,CLASS_add_scds.pro,2.1,522,1,"0,3,4,5,8,9,10,11,12,13,14,15,",-85.3837,-117.434,-86.6004,-114.363,-86.3429,-101.523,-85.1912,-107.624,1.83538818359375,0.0554473021890156,1.7431640625,1.912109375,3758.875,113.55607488310407,8
ch2_cla_l1_20250801T223752772_20250801T223800772.fits,/home/saurabh/moon_project/data/CLASS/ch2_cla_l1_2025_08/cla/data/calibrated/2025/08/01/ch2_cla_l1_20250801T223752772_20250801T223800772.fits,2025-08-01T22:37:52.772,2025-08-01T22:38:00.772,2025-08-01T22:37:56.772,8.0,-36.6,13.5,100.585,-85.5045,-111.816,-85.5088,-111.803,95.3233,95.3233,CLASS_add_scds.pro,2.1,523,1,"0,3,4,5,8,9,10,11,12,13,14,15,",-84.9812,-118.116,-86.2003,-115.588,-85.9686,-103.925,-84.8039,-109.041,1.79833984375,0.1003727233769695,1.6591796875,1.95361328125,3683.0,205.5633374760337,8
ch2_cla_l1_20250801T223800772_20250801T223808772.fits,/home/saurabh/moon_project/data/CLASS/ch2_cla_l1_2025_08/cla/data/calibrated/2025/08/01/ch2_cla_l1_20250801T223800772_20250801T223808772.fits,2025-08-01T22:38:00.772,2025-08-01T22:38:08.772,2025-08-01T22:38:04.772,8.0,-36.7,13.5,100.437,-85.1087,-112.981,-85.113,-112.971,95.6707,95.6707,CLASS_add_scds.pro,2.1,524,1,"0,3,4,5,8,9,10,11,12,13,14,15,",-84.607,-118.655,-85.7985,-116.581,-85.5881,-105.918,-84.4419,-110.185,1.8214111328125,0.0812149433339901,1.71484375,1.9375,3730.25,166.32820394801186,8
ch2_cla_l1_20250801T223808772_20250801T223816772.fits,/home/saurabh/moon_project/data/CLASS/ch2_cla_l1_2025_08/cla/data/calibrated/2025/08/01/ch2_cla_l1_20250801T223808772_20250801T223816772.fits,2025-08-01T22:38:08.772,2025-08-01T22:38:16.772,2025-08-01T22:38:12.772,8.0,-36.7,13.5,100.289,-84.7112,-113.973,-84.7319,-113.926,96.0181,96.0181,CLASS_add_scds.pro,2.1,525,1,"0,3,4,5,8,9,10,11,12,13,14,15,",-84.1798,-119.194,-85.4245,-117.354,-85.2307,-107.478,-84.0266,-111.31,1.8177490234375,0.1012645164726902,1.681640625,1.978515625,3722.75,207.38972973606965,8
ch2_cla_l1_20250801T223816772_20250801T223824772.fits,/home/saurabh/moon_project/data/CLASS/ch2_cla_l1_2025_08/cla/data/calibrated/2025/08/01/ch2_cla_l1_20250801T223816772_20250801T223824772.fits,2025-08-01T22:38:16.772,2025-08-01T22:38:24.772,2025-08-01T22:38:20.772,8.0,-36.7,13.5,100.141,-84.3123,-114.826,-84.3166,-114.819,96.3655,96.3655,CLASS_add_scds.pro,2.1,526,1,"0,3,4,5,8,9,10,11,12,13,14,15,",-83.7708,-119.637,-84.9971,-118.083,-84.8196,-109.003,-83.6275,-112.251,1.845947265625,0.0762174700420224,1.7451171875,1.9599609375,3780.5,156.09337864606192,8
ch2_cla_l1_20250801T223824772_20250801T223832772.fits,/home/saurabh/moon_project/data/CLASS/ch2_cla_l1_2025_08/cla/data/calibrated/2025/08/01/ch2_cla_l1_20250801T223824772_20250801T223832772.fits,2025-08-01T22:38:24.772,2025-08-01T22:38:32.772,2025-08-01T22:38:28.772,8.0,-36.7,13.5,99.9935,-83.9122,-115.568,-83.9165,-115.561,96.7128,96.7128,CLASS_add_scds.pro,2.1,527,1,"0,3,4,5,8,9,10,11,12,13,14,15,",-83.3664,-120.022,-84.5877,-118.676,-84.4235,-110.247,-83.2318,-113.073,1.81964111328125,0.0634631132193422,1.72412109375,1.91357421875,3726.625,129.97245587321294,8
ch2_cla_l1_20250801T223832772_20250801T223840772.fits,/home/saurabh/moon_project/data/CLASS/ch2_cla_l1_2025_08/cla/data/calibrated/2025/08/01/ch2_cla_l1_20250801T223832772_20250801T223840772.fits,2025-08-01T22:38:32.772,2025-08-01T22:38:40.772,2025-08-01T22:38:36.772,8.0,-36.7,13.5,99.8455,-83.5112,-116.218,-83.5154,-116.212,97.0601,97.0601,CLASS_add_scds.pro,2.1,528,1,"0,3,4,5,8,9,10,11,12,13,14,15,",-82.9616,-120.363,-84.1828,-119.182,-84.0299,-111.313,-82.8347,-113.805,1.830322265625,0.0472945556014308,1.75927734375,1.91455078125,3748.5,96.8592498717303,8
ch2_cla_l1_20250801T223840772_20250801T223848772.fits,/home/saurabh/moon_project/data/CLASS/ch2_cla_l1_2025_08/cla/data/calibrated/2025/08/01/ch2_cla_l1_20250801T223840772_20250801T223848772.fits,2025-08-01T22:38:40.772,2025-08-01T22:38:48.772,2025-08-01T22:38:44.772,8.0,-36.7,13.5,99.6974,-83.1093,-116.794,-83.1136,-116.789,97.4074,97.4074,CLASS_add_scds.pro,2.1,529,1,"0,3,4,5,8,9,10,11,12,13,14,15,",-82.5567,-120.667,-83.7774,-119.622,-83.6343,-112.248,-82.4369,-114.46,1.85870361328125,0.0622060881340223,1.7509765625,1.951171875,3806.625,127.39806849847784,8
ch2_cla_l1_20250801T223856772_20250801T223904772.fits,/home/saurabh/moon_project/data/CLASS/ch2_cla_l1_2025_08/cla/data/calibrated/2025/08/01/ch2_cla_l1_20250801T223856772_20250801T223904772.fits,2025-08-01T22:38:56.772,2025-08-01T22:39:04.772,2025-08-01T22:39:00.772,8.0,-36.8,13.5,99.4012,-82.3038,-117.766,-82.3078,-117.762,98.1017,98.1017,CLASS_add_scds.pro,2.1,531,1,"0,3,4,5,8,9,10,11,12,13,14,15,",-81.746,-121.188,-82.9658,-120.354,-82.8393,-113.809,-81.638,-115.585,1.7335205078125,0.0494875602008498,1.64892578125,1.79443359375,3550.25,101.35052329134058,8
ch2_cla_l1_20250801T223904772_20250801T223912772.fits,/home/saurabh/moon_project/data/CLASS/ch2_cla_l1_2025_08/cla/data/calibrated/2025/08/01/ch2_cla_l1_20250801T223904772_20250801T223912772.fits,2025-08-01T22:39:04.772,2025-08-01T22:39:12.772,2025-08-01T22:39:08.772,8.0,-36.8,13.5,99.2531,-81.9002,-118.18,-81.9043,-118.177,98.4488,98.4488,CLASS_add_scds.pro,2.1,532,1,"0,3,4,5,8,9,10,11,13,",-81.3404,-121.412,-82.5594,-120.66,-82.4398,-114.467,-81.2375,-116.07,1.71575927734375,0.0362752808422061,1.66748046875,1.7763671875,3513.875,74.29177516483811,8
ch2_cla_l1_20250801T223912772_20250801T223920772.fits,/home/saurabh/moon_project/data/CLASS/ch2_cla_l1_2025_08/cla/data/calibrated/2025/08/01/ch2_cla_l1_20250801T223912772_20250801T223920772.fits,2025-08-01T22:39:12.772,2025-08-01T22:39:20.772,2025-08-01T22:39:16.772,8.0,-36.8,13.5,99.1049,-81.4962,-118.555,-81.5005,-118.552,98.7958,98.7958,CLASS_add_scds.pro,2.1,533,1,"0,3,4,5,8,9,10,11,",-80.9346,-121.617,-82.1529,-120.934,-82.0396,-115.058,-80.8365,-116.514,1.75567626953125,0.050592385673792,1.662109375,1.81640625,3595.625,103.61320585992613,8
ch2_cla_l1_20250801T223928772_20250801T223936772.fits,/home/saurabh/moon_project/data/CLASS/ch2_cla_l1_2025_08/cla/data/calibrated/2025/08/01/ch2_cla_l1_20250801T223928772_20250801T223936772.fits,2025-08-01T22:39:28.772,2025-08-01T22:39:36.772,2025-08-01T22:39:32.772,8.0,-36.8,13.5,98.8085,-80.687,-119.209,-80.6913,-119.206,99.4897,99.4897,CLASS_add_scds.pro,2.1,535,1,"0,3,4,5,8,9,10,11,",-80.1225,-121.977,-81.3392,-121.409,-81.2366,-116.081,-80.0325,-117.295,1.759033203125,0.0593428904968247,1.68017578125,1.849609375,3602.5,121.53423973749716,8
ch2_cla_l1_20250801T223936772_20250801T223944772.fits,/home/saurabh/moon_project/data/CLASS/ch2_cla_l1_2025_08/cla/data/calibrated/2025/08/01/ch2_cla_l1_20250801T223936772_20250801T223944772.fits,2025-08-01T22:39:36.772,2025-08-01T22:39:44.772,2025-08-01T22:39:40.772,8.0,-36.9,13.5,98.6604,-80.2819,-119.495,-80.2862,-119.493,99.8365,99.8365,CLASS_add_scds.pro,2.1,536,1,"0,3,4,5,8,9,10,11,",-79.7162,-122.136,-80.932,-121.614,-80.8341,-116.526,-79.6298,-117.64,1.72186279296875,0.0572714790678275,1.62353515625,1.8056640625,3526.375,117.29198913091086,8
ch2_cla_l1_20250801T223944772_20250801T223952772.fits,/home/saurabh/moon_project/data/CLASS/ch2_cla_l1_2025_08/cla/data/calibrated/2025/08/01/ch2_cla_l1_20250801T223944772_20250801T223952772.fits,2025-08-01T22:39:44.772,2025-08-01T22:39:52.772,2025-08-01T22:39:48.772,8.0,-36.9,13.5,98.5122,-79.8765,-119.759,-79.8807,-119.757,100.183,100.183,CLASS_add_scds.pro,2.1,537,1,"0,3,4,5,8,9,10,11,",-79.3097,-122.284,-80.5247,-121.802,-80.4311,-116.933,-79.2266,-117.96,1.7789306640625,0.0625189343790543,1.6923828125,1.8759765625,3643.25,128.03877760830338,8
ch2_cla_l1_20250801T223952772_20250801T224000772.fits,/home/saurabh/moon_project/data/CLASS/ch2_cla_l1_2025_08/cla/data/calibrated/2025/08/01/ch2_cla_l1_20250801T223952772_20250801T224000772.fits,2025-08-01T22:39:52.772,2025-08-01T22:40:00.772,2025-08-01T22:39:56.772,8.0,-36.9,13.5,98.3641,-79.4709,-120.003,-79.4753,-120.002,100.53,100.53,CLASS_add_scds.pro,2.1,538,1,"0,3,4,5,8,9,10,11,",-78.9032,-122.42,-80.1171,-121.975,-80.0274,-117.308,-78.8232,-118.257,1.71417236328125,0.0716887614207738,1.62451171875,1.8193359375,3510.625,146.81858338974473,8
ch2_cla_l1_20250801T224000772_20250801T224008772.fits,/home/saurabh/moon_project/data/CLASS/ch2_cla_l1_2025_08/cla/data/calibrated/2025/08/01/ch2_cla_l1_20250801T224000772_20250801T224008772.fits,2025-08-01T22:40:00.772,2025-08-01T22:40:08.772,2025-08-01T22:40:04.772,8.0,-36.9,13.5,98.2159,-79.0651,-120.23,-79.0692,-120.228,100.876,100.876,CLASS_add_scds.pro,2.1,539,1,"0,3,4,5,8,9,10,11,",-78.4965,-122.548,-79.7095,-122.135,-79.6234,-117.654,-78.4195,-118.534,1.785888671875,0.0802357680395744,1.67724609375,1.9052734375,3657.5,164.3228529450484,8
ch2_cla_l1_20250801T224008772_20250801T224016772.fits,/home/saurabh/moon_project/data/CLASS/ch2_cla_l1_2025_08/cla/data/calibrated/2025/08/01/ch2_cla_l1_20250801T224008772_20250801T224016772.fits,2025-08-01T22:40:08.772,2025-08-01T22:40:16.772,2025-08-01T22:40:12.772,8.0,-36.9,13.5,98.0678,-78.659,-120.44,-78.6632,-120.438,101.223,101.223,CLASS_add_scds.pro,2.1,540,1,"0,3,4,5,8,9,10,11,",-78.0897,-122.668,-79.3017,-122.283,-79.219,-117.975,-78.0153,-118.793,1.74560546875,0.0740501381535095,1.63232421875,1.8486328125,3575.0,151.65468293838757,8
ch2_cla_l1_20250801T224016772_20250801T224024772.fits,/home/saurabh/moon_project/data/CLASS/ch2_cla_l1_2025_08/cla/data/calibrated/2025/08/01/ch2_cla_l1_20250801T224016772_20250801T224024772.fits,2025-08-01T22:40:16.772,2025-08-01T22:40:24.772,2025-08-01T22:40:20.772,8.0,-36.9,13.5,97.9198,-78.2527,-120.636,-78.2569,-120.634,101.569,101.569,CLASS_add_scds.pro,2.1,541,1,"0,3,4,5,8,9,10,11,",-77.6828,-122.779,-78.8938,-122.421,-78.8141,-118.272,-77.6109,-119.034,1.7645263671875,0.0465891158345178,1.6953125,1.83935546875,3613.75,95.41450922909246,8
ch2_cla_l1_20250801T224024772_20250801T224032772.fits,/home/saurabh/moon_project/data/CLASS/ch2_cla_l1_2025_08/cla/data/calibrated/2025/08/01/ch2_cla_l1_20250801T224024772_20250801T224032772.fits,2025-08-01T22:40:24.772,2025-08-01T22:40:32.772,2025-08-01T22:40:28.772,8.0,-37.0,13.5,97.7718,-77.8463,-120.819,-77.8504,-120.818,101.915,101.915,CLASS_add_scds.pro,2.1,542,1,"0,3,4,5,8,9,10,11,",-77.2758,-122.884,-78.4857,-122.548,-78.409,-118.549,-77.2064,-119.261,1.75152587890625,0.0760315381326256,1.6552734375,1.88818359375,3587.125,155.71259009561723,8
ch2_cla_l1_20250801T224032772_20250801T224040772.fits,/home/saurabh/moon_project/data/CLASS/ch2_cla_l1_2025_08/cla/data/calibrated/2025/08/01/ch2_cla_l1_20250801T224032772_20250801T224040772.fits,2025-08-01T22:40:32.772,2025-08-01T22:40:40.772,2025-08-01T22:40:36.772,8.0,-37.0,13.5,97.6238,-77.4396,-120.991,-77.4439,-120.99,102.261,102.261,CLASS_add_scds.pro,2.1,543,1,"0,3,4,5,8,9,10,11,",-76.8687,-122.982,-78.0776,-122.668,-78.0036,-118.807,-76.8015,-119.474,1.7923583984375,0.0505120825550915,1.7177734375,1.87890625,3670.75,103.44874507282752,8
ch2_cla_l1_20250801T224040772_20250801T224048772.fits,/home/saurabh/moon_project/data/CLASS/ch2_cla_l1_2025_08/cla/data/calibrated/2025/08/01/ch2_cla_l1_20250801T224040772_20250801T224048772.fits,2025-08-01T22:40:40.772,2025-08-01T22:40:48.772,2025-08-01T22:40:44.772,8.0,-37.0,13.5,97.476,-77.0328,-121.152,-77.037,-121.151,102.607,102.607,CLASS_add_scds.pro,2.1,544,1,"0,3,4,5,8,9,10,11,",-76.4615,-123.075,-77.6694,-122.78,-77.5979,-119.049,-76.3964,-119.674,1.75439453125,0.0751645055167575,1.6630859375,1.8994140625,3593.0,153.93690729831954,8
ch2_cla_l1_20250801T224048772_20250801T224056772.fits,/home/saurabh/moon_project/data/CLASS/ch2_cla_l1_2025_08/cla/data/calibrated/2025/08/01/ch2_cla_l1_20250801T224048772_20250801T224056772.fits,2025-08-01T22:40:48.772,2025-08-01T22:40:56.772,2025-08-01T22:40:52.772,8.0,-37.0,13.5,97.3281,-76.6258,-121.303,-76.6301,-121.302,102.953,102.953,CLASS_add_scds.pro,2.1,545,1,"0,3,4,5,8,9,10,11,",-76.0541,-123.163,-77.2611,-122.885,-77.1919,-119.276,-75.9909,-119.864,1.78143310546875,0.0344654206880372,1.73291015625,1.83251953125,3648.375,70.5851815691003,8
ch2_cla_l1_20250801T224056772_20250801T224104772.fits,/home/saurabh/moon_project/data/CLASS/ch2_cla_l1_2025_08/cla/data/calibrated/2025/08/01/ch2_cla_l1_20250801T224056772_20250801T224104772.fits,2025-08-01T22:40:56.772,2025-08-01T22:41:04.772,2025-08-01T22:41:00.772,8.0,-37.0,13.5,97.1804,-76.2187,-121.446,-76.2228,-121.445,103.299,103.299,CLASS_add_scds.pro,2.1,546,1,"0,3,4,5,8,9,10,11,",-75.6468,-123.246,-76.8525,-122.984,-76.7855,-119.489,-75.5854,-120.043,1.77227783203125,0.0641368354937759,1.689453125,1.861328125,3629.625,131.35223909125307,8
ch2_cla_l1_20250801T224104772_20250801T224112772.fits,/home/saurabh/moon_project/data/CLASS/ch2_cla_l1_2025_08/cla/data/calibrated/2025/08/01/ch2_cla_l1_20250801T224104772_20250801T224112772.fits,2025-08-01T22:41:04.772,2025-08-01T22:41:12.772,2025-08-01T22:41:08.772,8.0,-37.1,13.5,97.0327,-75.8115,-121.581,-75.8156,-121.58,103.645,103.645,CLASS_add_scds.pro,2.1,547,1,"0,3,4,5,8,9,10,11,",-75.2393,-123.325,-76.444,-123.077,-76.3791,-119.69,-75.1797,-120.212,1.8018798828125,0.034111609098739,1.74462890625,1.85107421875,3690.25,69.86057543421755,8
ch2_cla_l1_20250801T224112772_20250801T224120772.fits,/home/saurabh/moon_project/data/CLASS/ch2_cla_l1_2025_08/cla/data/calibrated/2025/08/01/ch2_cla_l1_20250801T224112772_20250801T224120772.fits,2025-08-01T22:41:12.772,2025-08-01T22:41:20.772,2025-08-01T22:41:16.772,8.0,-37.2,13.5,96.8851,-75.4041,-121.709,-75.4083,-121.708,103.99,103.99,CLASS_add_scds.pro,2.1,548,1,"0,3,4,5,8,9,10,11,",-74.8316,-123.4,-76.0354,-123.165,-75.9724,-119.879,-74.7737,-120.372,1.79345703125,0.0773666634134868,1.66015625,1.88330078125,3673.0,158.44692667082114,8
ch2_cla_l1_20250801T224120772_20250801T224128772.fits,/home/saurabh/moon_project/data/CLASS/ch2_cla_l1_2025_08/cla/data/calibrated/2025/08/01/ch2_cla_l1_20250801T224120772_20250801T224128772.fits,2025-08-01T22:41:20.772,2025-08-01T22:41:28.772,2025-08-01T22:41:24.772,8.0,-37.2,13.5,96.7377,-74.9965,-121.83,-75.0007,-121.829,104.335,104.335,CLASS_add_scds.pro,2.1,549,1,"0,3,4,5,8,9,10,11,",-74.4239,-123.471,-75.6265,-123.248,-75.5654,-120.058,-74.3675,-120.524,1.78314208984375,0.0598876149796448,1.68603515625,1.87646484375,3651.875,122.64983547831258,8
ch2_cla_l1_20250801T224128772_20250801T224136772.fits,/home/saurabh/moon_project/data/CLASS/ch2_cla_l1_2025_08/cla/data/calibrated/2025/08/01/ch2_cla_l1_20250801T224128772_20250801T224136772.fits,2025-08-01T22:41:28.772,2025-08-01T22:41:36.772,2025-08-01T22:41:32.772,8.0,-37.2,13.5,96.5903,-74.5889,-121.945,-74.5931,-121.944,104.68,104.68,CLASS_add_scds.pro,2.1,550,1,"0,3,4,5,8,9,10,11,",-74.0163,-123.538,-75.2176,-123.327,-75.1583,-120.227,-73.9614,-120.669,1.8096923828125,0.0498038326585426,1.7568359375,1.8984375,3706.25,101.99824928469536,8
ch2_cla_l1_20250801T224136772_20250801T224144772.fits,/home/saurabh/moon_project/data/CLASS/ch2_cla_l1_2025_08/cla/data/calibrated/2025/08/01/ch2_cla_l1_20250801T224136772_20250801T224144772.fits,2025-08-01T22:41:36.772,2025-08-01T22:41:44.772,2025-08-01T22:41:40.772,8.0,-37.1,13.5,96.443,-74.1811,-122.054,-74.1854,-122.053,105.025,105.025,CLASS_add_scds.pro,2.1,551,1,"0,3,4,5,8,10,11,",-73.6085,-123.603,-74.8088,-123.402,-74.7511,-120.387,-73.555,-120.807,1.79180908203125,0.067314508226248,1.70556640625,1.89990234375,3669.625,137.86011284735594,8
ch2_cla_l1_20250801T224144772_20250801T224152772.fits,/home/saurabh/moon_project/data/CLASS/ch2_cla_l1_2025_08/cla/data/calibrated/2025/08/01/ch2_cla_l1_20250801T224144772_20250801T224152772.fits,2025-08-01T22:41:44.772,2025-08-01T22:41:52.772,2025-08-01T22:41:48.772,8.0,-37.2,13.5,96.2959,-73.7732,-122.157,-73.7774,-122.157,105.37,105.37,CLASS_add_scds.pro,2.1,552,1,"0,3,4,5,8,9,10,11,",-73.2004,-123.664,-74.3999,-123.474,-74.3438,-120.54,-73.1482,-120.938,1.80133056640625,0.0770788447964628,1.66552734375,1.9189453125,3689.125,157.8574741431559,8
ch2_cla_l1_20250801T224152772_20250801T224200772.fits,/home/saurabh/moon_project/data/CLASS/ch2_cla_l1_2025_08/cla/data/calibrated/2025/08/01/ch2_cla_l1_20250801T224152772_20250801T224200772.fits,2025-08-01T22:41:52.772,2025-08-01T22:42:00.772,2025-08-01T22:41:56.772,8.0,-37.2,13.5,96.1489,-73.3652,-122.256,-73.3693,-122.256,105.715,105.715,CLASS_add_scds.pro,2.1,553,1,"0,3,4,5,8,9,10,11,",-72.7924,-123.723,-73.9906,-123.541,-73.9359,-120.684,-72.7415,-121.063,1.79644775390625,0.0734912235202755,1.7021484375,1.9052734375,3679.125,150.51002576952428,8
ch2_cla_l1_20250801T224200772_20250801T224208772.fits,/home/saurabh/moon_project/data/CLASS/ch2_cla_l1_2025_08/cla/data/calibrated/2025/08/01/ch2_cla_l1_20250801T224200772_20250801T224208772.fits,2025-08-01T22:42:00.772,2025-08-01T22:42:08.772,2025-08-01T22:42:04.772,8.0,-37.2,13.5,96.002,-72.9571,-122.351,-72.9613,-122.35,106.059,106.059,CLASS_add_scds.pro,2.1,554,1,"0,3,4,8,9,10,11,",-72.3843,-123.78,-73.5814,-123.606,-73.5281,-120.822,-72.3347,-121.183,1.83807373046875,0.0860376888698477,1.68408203125,1.9521484375,3764.375,176.20518680544808,8
ch2_cla_l1_20250801T224208772_20250801T224216772.fits,/home/saurabh/moon_project/data/CLASS/ch2_cla_l1_2025_08/cla/data/calibrated/2025/08/01/ch2_cla_l1_20250801T224208772_20250801T224216772.fits,2025-08-01T22:42:08.772,2025-08-01T22:42:16.772,2025-08-01T22:42:12.772,8.0,-37.2,13.5,95.8553,-72.5489,-122.441,-72.553,-122.44,106.404,106.404,CLASS_add_scds.pro,2.1,555,1,"0,3,4,5,8,10,11,",-71.9762,-123.834,-73.1722,-123.667,-73.1202,-120.953,-71.9277,-121.297,1.78240966796875,0.0491021451017003,1.705078125,1.86474609375,3650.375,100.56119316828222,8
ch2_cla_l1_20250801T224216772_20250801T224224772.fits,/home/saurabh/moon_project/data/CLASS/ch2_cla_l1_2025_08/cla/data/calibrated/2025/08/01/ch2_cla_l1_20250801T224216772_20250801T224224772.fits,2025-08-01T22:42:16.772,2025-08-01T22:42:24.772,2025-08-01T22:42:20.772,8.0,-37.3,13.5,95.7087,-72.1406,-122.527,-72.1446,-122.526,106.748,106.748,CLASS_add_scds.pro,2.1,556,1,"0,3,4,5,8,9,10,11,",-71.5679,-123.885,-72.7628,-123.726,-72.7122,-121.078,-71.5205,-121.407,1.84246826171875,0.0716716555456868,1.7041015625,1.9267578125,3773.375,146.7835505575666,8
ch2_cla_l1_20250801T224224772_20250801T224232772.fits,/home/saurabh/moon_project/data/CLASS/ch2_cla_l1_2025_08/cla/data/calibrated/2025/08/01/ch2_cla_l1_20250801T224224772_20250801T224232772.fits,2025-08-01T22:42:24.772,2025-08-01T22:42:32.772,2025-08-01T22:42:28.772,8.0,-37.3,13.5,95.5622,-71.7322,-122.609,-71.7364,-122.609,107.091,107.091,CLASS_add_scds.pro,2.1,557,1,"0,3,4,5,8,9,10,11,",-71.1597,-123.935,-72.3534,-123.783,-72.3039,-121.198,-71.1134,-121.512,1.8035888671875,0.0493621398292199,1.7412109375,1.89013671875,3693.75,101.09366237024244,8
ch2_cla_l1_20250801T224232772_20250801T224240772.fits,/home/saurabh/moon_project/data/CLASS/ch2_cla_l1_2025_08/cla/data/calibrated/2025/08/01/ch2_cla_l1_20250801T224232772_20250801T224240772.fits,2025-08-01T22:42:32.772,2025-08-01T22:42:40.772,2025-08-01T22:42:36.772,8.0,-37.2,13.5,95.416,-71.3236,-122.689,-71.3279,-122.688,107.435,107.435,CLASS_add_scds.pro,2.1,558,1,"0,3,4,5,8,10,11,",-70.7513,-123.983,-71.944,-123.837,-71.8957,-121.312,-70.706,-121.613,1.87384033203125,0.0460066057017361,1.81201171875,1.9482421875,3837.625,94.22152847715552,8
ch2_cla_l1_20250801T224240772_20250801T224248772.fits,/home/saurabh/moon_project/data/CLASS/ch2_cla_l1_2025_08/cla/data/calibrated/2025/08/01/ch2_cla_l1_20250801T224240772_20250801T224248772.fits,2025-08-01T22:42:40.772,2025-08-01T22:42:48.772,2025-08-01T22:42:44.772,8.0,-37.2,13.5,95.2698,-70.915,-122.765,-70.9192,-122.764,107.779,107.779,CLASS_add_scds.pro,2.1,559,1,"0,3,4,5,8,10,11,",-70.3428,-124.029,-71.5344,-123.889,-71.4872,-121.421,-70.2985,-121.71,1.79364013671875,0.0442033729216868,1.72900390625,1.857421875,3673.375,90.52850774361474,8
ch2_cla_l1_20250801T224248772_20250801T224256772.fits,/home/saurabh/moon_project/data/CLASS/ch2_cla_l1_2025_08/cla/data/calibrated/2025/08/01/ch2_cla_l1_20250801T224248772_20250801T224256772.fits,2025-08-01T22:42:48.772,2025-08-01T22:42:56.772,2025-08-01T22:42:52.772,8.0,-37.3,13.5,95.1239,-70.5063,-122.837,-70.5103,-122.837,108.122,108.122,CLASS_add_scds.pro,2.1,560,1,"0,3,4,5,8,10,11,",-69.9341,-124.073,-71.1247,-123.939,-71.0786,-121.526,-69.8907,-121.802,1.86016845703125,0.038422435949875,1.80517578125,1.92236328125,3809.625,78.68914882534403,8
ch2_cla_l1_20250801T224256772_20250801T224304772.fits,/home/saurabh/moon_project/data/CLASS/ch2_cla_l1_2025_08/cla/data/calibrated/2025/08/01/ch2_cla_l1_20250801T224256772_20250801T224304772.fits,2025-08-01T22:42:56.772,2025-08-01T22:43:04.772,2025-08-01T22:43:00.772,8.0,-37.5,13.5,94.9781,-70.0975,-122.907,-70.1016,-122.907,108.465,108.465,CLASS_add_scds.pro,2.1,561,1,"0,1,3,4,5,6,8,9,10,11,",-69.5255,-124.116,-70.7149,-123.986,-70.6697,-121.627,-69.483,-121.892,1.8184814453125,0.057105799136801,1.74755859375,1.92919921875,3724.25,116.95267663216848,8
ch2_cla_l1_20250801T224304772_20250801T224312772.fits,/home/saurabh/moon_project/data/CLASS/ch2_cla_l1_2025_08/cla/data/calibrated/2025/08/01/ch2_cla_l1_20250801T224304772_20250801T224312772.fits,2025-08-01T22:43:04.772,2025-08-01T22:43:12.772,2025-08-01T22:43:08.772,8.0,-37.8,13.5,94.8326,-69.6886,-122.975,-69.6928,-122.975,108.807,108.807,CLASS_add_scds.pro,2.1,562,1,"0,1,2,3,4,5,6,7,8,9,10,11,12,13,14,15,",-69.1168,-124.158,-70.3051,-124.033,-70.261,-121.724,-69.0752,-121.978,1.7440185546875,0.0458529632609183,1.67529296875,1.806640625,3571.75,93.9068687583608,8
ch2_cla_l1_20250801T224320772_20250801T224328772.fits,/home/saurabh/moon_project/data/CLASS/ch2_cla_l1_2025_08/cla/data/calibrated/2025/08/01/ch2_cla_l1_20250801T224320772_20250801T224328772.fits,2025-08-01T22:43:20.772,2025-08-01T22:43:28.772,2025-08-01T22:43:24.772,8.0,-37.8,13.5,94.542,-68.8706,-123.102,-68.8745,-123.102,109.492,109.492,CLASS_add_scds.pro,2.1,564,1,"0,1,2,3,4,5,6,7,8,9,10,11,12,13,14,15,",-68.2991,-124.236,-69.4851,-124.12,-69.4428,-121.906,-68.259,-122.141,1.74176025390625,0.0607784431137222,1.6494140625,1.8349609375,3567.125,124.47425149690312,8
ch2_cla_l1_20250801T224336772_20250801T224344772.fits,/home/saurabh/moon_project/data/CLASS/ch2_cla_l1_2025_08/cla/data/calibrated/2025/08/01/ch2_cla_l1_20250801T224336772_20250801T224344772.fits,2025-08-01T22:43:36.772,2025-08-01T22:43:44.772,2025-08-01T22:43:40.772,8.0,-37.8,13.5,94.2523,-68.0521,-123.221,-68.0562,-123.221,110.176,110.176,CLASS_add_scds.pro,2.1,566,1,"0,1,2,3,4,5,6,7,8,9,10,11,12,13,14,15,",-67.4812,-124.309,-68.665,-124.201,-68.6244,-122.075,-67.4427,-122.293,1.7333984375,0.0761902056984414,1.63525390625,1.841796875,3550.0,156.037541270408,8
ch2_cla_l1_20250801T224344772_20250801T224352772.fits,/home/saurabh/moon_project/data/CLASS/ch2_cla_l1_2025_08/cla/data/calibrated/2025/08/01/ch2_cla_l1_20250801T224344772_20250801T224352772.fits,2025-08-01T22:43:44.772,2025-08-01T22:43:52.772,2025-08-01T22:43:48.772,8.0,-37.8,13.5,94.1078,-67.6428,-123.277,-67.6468,-123.277,110.517,110.517,CLASS_add_scds.pro,2.1,567,1,"0,1,2,3,4,5,6,7,8,9,10,11,12,13,14,15,",-67.0722,-124.344,-68.2548,-124.24,-68.215,-122.154,-67.0344,-122.365,1.7188720703125,0.1043577258562905,1.5703125,1.87841796875,3520.25,213.72462255368305,8
ch2_cla_l1_20250801T224352772_20250801T224400772.fits,/home/saurabh/moon_project/data/CLASS/ch2_cla_l1_2025_08/cla/data/calibrated/2025/08/01/ch2_cla_l1_20250801T224352772_20250801T224400772.fits,2025-08-01T22:43:52.772,2025-08-01T22:44:00.772,2025-08-01T22:43:56.772,8.0,-37.8,13.5,93.9635,-67.2334,-123.331,-67.2375,-123.331,110.858,110.858,CLASS_add_scds.pro,2.1,568,1,"0,1,2,3,4,5,6,7,8,9,10,11,12,13,14,15,",-66.6629,-124.378,-67.8447,-124.277,-67.8056,-122.231,-66.6258,-122.434,1.75238037109375,0.0750808268934599,1.65673828125,1.8671875,3588.875,153.76553347780603,8
ch2_cla_l1_20250801T224400772_20250801T224408772.fits,/home/saurabh/moon_project/data/CLASS/ch2_cla_l1_2025_08/cla/data/calibrated/2025/08/01/ch2_cla_l1_20250801T224400772_20250801T224408772.fits,2025-08-01T22:44:00.772,2025-08-01T22:44:08.772,2025-08-01T22:44:04.772,8.0,-37.9,13.5,93.8195,-66.8239,-123.384,-66.8279,-123.384,111.199,111.199,CLASS_add_scds.pro,2.1,569,1,"0,1,2,3,4,5,6,7,8,9,10,11,12,13,14,15,",-66.2538,-124.411,-67.4342,-124.313,-67.3959,-122.306,-66.2173,-122.501,1.7432861328125,0.0856487824285459,1.63037109375,1.8994140625,3570.25,175.40870641366206,8
ch2_cla_l1_20250801T224408772_20250801T224416772.fits,/home/saurabh/moon_project/data/CLASS/ch2_cla_l1_2025_08/cla/data/calibrated/2025/08/01/ch2_cla_l1_20250801T224408772_20250801T224416772.fits,2025-08-01T22:44:08.772,2025-08-01T22:44:16.772,2025-08-01T22:44:12.772,8.0,-38.0,13.5,93.6757,-66.4143,-123.435,-66.4184,-123.435,111.54,111.54,CLASS_add_scds.pro,2.1,570,1,"0,1,2,3,4,5,6,7,8,9,10,11,12,13,14,15,",-65.8444,-124.443,-67.0239,-124.348,-66.9862,-122.378,-65.8086,-122.566,1.741455078125,0.0425857717064578,1.677734375,1.80810546875,3566.5,87.2156604548256,8
ch2_cla_l1_20250801T224416772_20250801T224424772.fits,/home/saurabh/moon_project/data/CLASS/ch2_cla_l1_2025_08/cla/data/calibrated/2025/08/01/ch2_cla_l1_20250801T224416772_20250801T224424772.fits,2025-08-01T22:44:16.772,2025-08-01T22:44:24.772,2025-08-01T22:44:20.772,8.0,-38.0,13.5,93.5322,-66.0047,-123.484,-66.0086,-123.484,111.88,111.88,CLASS_add_scds.pro,2.1,571,1,"0,1,2,3,4,5,6,7,8,9,10,11,12,13,14,15,",-65.435,-124.474,-66.6134,-124.382,-66.5764,-122.447,-65.3998,-122.63,1.74737548828125,0.0652090880215231,1.65576171875,1.85888671875,3578.625,133.54821226807942,8
ch2_cla_l1_20250801T224424772_20250801T224432772.fits,/home/saurabh/moon_project/data/CLASS/ch2_cla_l1_2025_08/cla/data/calibrated/2025/08/01/ch2_cla_l1_20250801T224424772_20250801T224432772.fits,2025-08-01T22:44:24.772,2025-08-01T22:44:32.772,2025-08-01T22:44:28.772,8.0,-38.0,13.5,93.389,-65.5949,-123.532,-65.599,-123.532,112.22,112.22,CLASS_add_scds.pro,2.1,572,1,"0,1,2,3,4,5,6,7,8,9,10,11,12,13,14,15,",-65.0256,-124.504,-66.2028,-124.415,-66.1664,-122.514,-64.9909,-122.691,1.75567626953125,0.0466104489883206,1.68408203125,1.82861328125,3595.625,95.45819952808066,8
ch2_cla_l1_20250801T224432772_20250801T224440772.fits,/home/saurabh/moon_project/data/CLASS/ch2_cla_l1_2025_08/cla/data/calibrated/2025/08/01/ch2_cla_l1_20250801T224432772_20250801T224440772.fits,2025-08-01T22:44:32.772,2025-08-01T22:44:40.772,2025-08-01T22:44:36.772,8.0,-38.0,13.5,93.246,-65.1851,-123.578,-65.1891,-123.578,112.56,112.56,CLASS_add_scds.pro,2.1,573,1,"0,1,2,3,4,5,6,7,8,9,10,11,12,13,14,15,",-64.6161,-124.533,-65.7922,-124.447,-65.7565,-122.579,-64.5821,-122.75,1.75634765625,0.0629046826361251,1.67236328125,1.8427734375,3597.0,128.8287900387842,8
ch2_cla_l1_20250801T224440772_20250801T224448772.fits,/home/saurabh/moon_project/data/CLASS/ch2_cla_l1_2025_08/cla/data/calibrated/2025/08/01/ch2_cla_l1_20250801T224440772_20250801T224448772.fits,2025-08-01T22:44:40.772,2025-08-01T22:44:48.772,2025-08-01T22:44:44.772,8.0,-38.1,13.5,93.1033,-64.7752,-123.623,-64.7793,-123.623,112.899,112.899,CLASS_add_scds.pro,2.1,574,1,"0,1,2,3,4,5,6,7,8,9,10,11,12,13,14,15,",-64.2065,-124.562,-65.3816,-124.478,-65.3465,-122.642,-64.173,-122.808,1.74847412109375,0.0354509265402716,1.69580078125,1.80908203125,3580.875,72.60349755447638,8
ch2_cla_l1_20250801T224448772_20250801T224456772.fits,/home/saurabh/moon_project/data/CLASS/ch2_cla_l1_2025_08/cla/data/calibrated/2025/08/01/ch2_cla_l1_20250801T224448772_20250801T224456772.fits,2025-08-01T22:44:48.772,2025-08-01T22:44:56.772,2025-08-01T22:44:52.772,8.0,-38.1,13.5,92.9609,-64.3653,-123.667,-64.3693,-123.667,113.238,113.238,CLASS_add_scds.pro,2.1,575,1,"0,1,2,3,4,5,6,7,8,9,10,11,12,13,14,15,",-63.7969,-124.59,-64.9708,-124.508,-64.9363,-122.703,-63.764,-122.864,1.7962646484375,0.0550127284691706,1.69775390625,1.8623046875,3678.75,112.66606790486148,8
ch2_cla_l1_20250801T224456772_20250801T224504772.fits,/home/saurabh/moon_project/data/CLASS/ch2_cla_l1_2025_08/cla/data/calibrated/2025/08/01/ch2_cla_l1_20250801T224456772_20250801T224504772.fits,2025-08-01T22:44:56.772,2025-08-01T22:45:04.772,2025-08-01T22:45:00.772,8.0,-38.1,13.5,92.8188,-63.9552,-123.71,-63.9592,-123.709,113.576,113.576,CLASS_add_scds.pro,2.1,576,1,"0,1,2,3,4,5,6,7,8,9,10,11,12,13,14,15,",-63.3872,-124.617,-64.56,-124.537,-64.5261,-122.763,-63.3548,-122.918,1.76885986328125,0.0336108775532952,1.72314453125,1.822265625,3622.625,68.83507722914864,8
ch2_cla_l1_20250801T224504772_20250801T224508834.fits,/home/saurabh/moon_project/data/CLASS/ch2_cla_l1_2025_08/cla/data/calibrated/2025/08/01/ch2_cla_l1_20250801T224504772_20250801T224508834.fits,2025-08-01T22:45:04.772,2025-08-01T22:45:08.834,2025-08-01T22:45:06.803,4.062,-38.1,13.5,92.7119,-63.6461,-123.741,-63.6501,-123.741,113.832,113.832,CLASS_add_scds.pro,2.1,577,0,"0,1,2,3,4,5,6,7,8,9,10,11,12,13,14,15,",-63.1791,-124.63,-64.1491,-124.566,-64.1158,-122.82,-63.1469,-122.945,1.7921142578125,0.0626186198869719,1.71728515625,1.86669921875,3670.25,128.24293352851845,4
