class_filename,class_filepath,start_time,end_time,mid_time,exposure_s,temp_c,gain_ev_ch,sat_alt,sat_lat,sat_lon,bore_lat,bore_lon,solarang_deg,phaseang_deg,program,version,dataset,scd_fltr,scd_used,v0_lat,v0_lon,v1_lat,v1_lon,v2_lat,v2_lon,v3_lat,v3_lon,xsm_mean_meancounts,xsm_std_meancounts,xsm_min_meancounts,xsm_max_meancounts,xsm_mean_totalcounts,xsm_std_totalcounts,xsm_points_used
ch2_cla_l1_20250801T015125069_20250801T015133069.fits,/home/saurabh/moon_project/data/CLASS/ch2_cla_l1_2025_08/cla/data/calibrated/2025/08/01/ch2_cla_l1_20250801T015125069_20250801T015133069.fits,2025-08-01T01:51:25.069,2025-08-01T01:51:33.069,2025-08-01T01:51:29.069,8.0,-48.7,13.5,87.9717,63.1995,-116.602,63.1948,-116.602,111.331,111.331,CLASS_add_scds.pro,2.1,0,0,"0,1,2,3,4,5,6,7,8,9,10,11,12,13,14,15,",63.746,-117.468,62.6119,-117.339,62.6386,-115.769,63.7739,-115.833,1.67523193359375,0.0315628063613289,1.634765625,1.72119140625,3430.875,64.64062742800162,8
ch2_cla_l1_20250801T015133069_20250801T015141069.fits,/home/saurabh/moon_project/data/CLASS/ch2_cla_l1_2025_08/cla/data/calibrated/2025/08/01/ch2_cla_l1_20250801T015133069_20250801T015141069.fits,2025-08-01T01:51:33.069,2025-08-01T01:51:41.069,2025-08-01T01:51:37.069,8.0,-48.7,13.5,88.0792,63.6119,-116.638,63.6071,-116.638,110.985,110.985,CLASS_add_scds.pro,2.1,1,0,"0,1,2,3,4,5,6,7,8,9,10,11,12,13,14,15,",64.1585,-117.519,63.0236,-117.386,63.0507,-115.792,64.1868,-115.858,1.71624755859375,0.0610914570131063,1.6162109375,1.8115234375,3514.875,125.11530396284176,8
ch2_cla_l1_20250801T015141069_20250801T015149069.fits,/home/saurabh/moon_project/data/CLASS/ch2_cla_l1_2025_08/cla/data/calibrated/2025/08/01/ch2_cla_l1_20250801T015141069_20250801T015149069.fits,2025-08-01T01:51:41.069,2025-08-01T01:51:49.069,2025-08-01T01:51:45.069,8.0,-48.7,13.5,88.1872,64.0242,-116.675,64.0193,-116.675,110.64,110.64,CLASS_add_scds.pro,2.1,2,1,"0,1,2,3,4,5,6,7,8,9,10,11,12,13,14,15,",64.5709,-117.571,63.4352,-117.435,63.4628,-115.815,64.5996,-115.883,1.6614990234375,0.0577734797111039,1.576171875,1.751953125,3402.75,118.32008644834087,8
ch2_cla_l1_20250801T015149069_20250801T015157069.fits,/home/saurabh/moon_project/data/CLASS/ch2_cla_l1_2025_08/cla/data/calibrated/2025/08/01/ch2_cla_l1_20250801T015149069_20250801T015157069.fits,2025-08-01T01:51:49.069,2025-08-01T01:51:57.069,2025-08-01T01:51:53.069,8.0,-48.7,13.5,88.2958,64.4364,-116.714,64.4316,-116.714,110.293,110.293,CLASS_add_scds.pro,2.1,3,1,"0,1,2,3,4,5,6,7,8,9,10,11,12,13,14,15,",64.9832,-117.625,63.8467,-117.484,63.8747,-115.839,65.0124,-115.909,1.7225341796875,0.0664840370875325,1.63525390625,1.82177734375,3527.75,136.15930795526666,8
ch2_cla_l1_20250801T015157069_20250801T015205069.fits,/home/saurabh/moon_project/data/CLASS/ch2_cla_l1_2025_08/cla/data/calibrated/2025/08/01/ch2_cla_l1_20250801T015157069_20250801T015205069.fits,2025-08-01T01:51:57.069,2025-08-01T01:52:05.069,2025-08-01T01:52:01.069,8.0,-48.7,13.5,88.4049,64.8485,-116.753,64.8436,-116.753,109.947,109.947,CLASS_add_scds.pro,2.1,4,1,"0,1,2,3,4,5,6,7,8,9,10,11,12,13,14,15,",65.3956,-117.681,64.2581,-117.536,64.2866,-115.864,65.4253,-115.936,1.673828125,0.0648508721279639,1.58642578125,1.77685546875,3428.0,132.8145861180702,8
ch2_cla_l1_20250801T015205069_20250801T015213069.fits,/home/saurabh/moon_project/data/CLASS/ch2_cla_l1_2025_08/cla/data/calibrated/2025/08/01/ch2_cla_l1_20250801T015205069_20250801T015213069.fits,2025-08-01T01:52:05.069,2025-08-01T01:52:13.069,2025-08-01T01:52:09.069,8.0,-48.7,13.5,88.5146,65.2606,-116.794,65.2559,-116.794,109.6,109.6,CLASS_add_scds.pro,2.1,5,1,"0,1,2,3,4,5,6,7,8,9,10,11,12,13,14,15,",65.8077,-117.738,64.6696,-117.588,64.6986,-115.889,65.838,-115.963,1.73193359375,0.0807000970727434,1.63525390625,1.85302734375,3547.0,165.27379880497867,8
ch2_cla_l1_20250801T015213069_20250801T015221069.fits,/home/saurabh/moon_project/data/CLASS/ch2_cla_l1_2025_08/cla/data/calibrated/2025/08/01/ch2_cla_l1_20250801T015213069_20250801T015221069.fits,2025-08-01T01:52:13.069,2025-08-01T01:52:21.069,2025-08-01T01:52:17.069,8.0,-48.7,13.5,88.6248,65.6727,-116.836,65.6679,-116.836,109.253,109.253,CLASS_add_scds.pro,2.1,6,1,"0,1,2,3,4,5,6,7,8,9,10,11,12,13,14,15,",66.2199,-117.798,65.0809,-117.643,65.1104,-115.915,66.2506,-115.991,1.6754150390625,0.0770232856588362,1.56787109375,1.7900390625,3431.25,157.7436890292966,8
ch2_cla_l1_20250801T015221069_20250801T015229069.fits,/home/saurabh/moon_project/data/CLASS/ch2_cla_l1_2025_08/cla/data/calibrated/2025/08/01/ch2_cla_l1_20250801T015221069_20250801T015229069.fits,2025-08-01T01:52:21.069,2025-08-01T01:52:29.069,2025-08-01T01:52:25.069,8.0,-48.8,13.5,88.7355,66.0847,-116.879,66.0799,-116.879,108.905,108.905,CLASS_add_scds.pro,2.1,7,1,"0,1,2,3,4,5,6,7,8,9,10,11,12,13,14,15,",66.6319,-117.859,65.4922,-117.699,65.5221,-115.942,66.6633,-116.02,1.75048828125,0.0722830615124988,1.65869140625,1.8603515625,3585.0,148.03570997759772,8
ch2_cla_l1_20250801T015229069_20250801T015237069.fits,/home/saurabh/moon_project/data/CLASS/ch2_cla_l1_2025_08/cla/data/calibrated/2025/08/01/ch2_cla_l1_20250801T015229069_20250801T015237069.fits,2025-08-01T01:52:29.069,2025-08-01T01:52:37.069,2025-08-01T01:52:33.069,8.0,-48.8,13.5,88.8467,66.4966,-116.924,66.4917,-116.924,108.557,108.557,CLASS_add_scds.pro,2.1,8,1,"0,1,2,3,4,5,6,7,8,9,10,11,12,13,14,15,",67.0439,-117.922,65.9034,-117.756,65.9339,-115.969,67.0758,-116.05,1.6923828125,0.0576455552139412,1.6044921875,1.77197265625,3466.0,118.05809707815168,8
ch2_cla_l1_20250801T015237069_20250801T015245069.fits,/home/saurabh/moon_project/data/CLASS/ch2_cla_l1_2025_08/cla/data/calibrated/2025/08/01/ch2_cla_l1_20250801T015237069_20250801T015245069.fits,2025-08-01T01:52:37.069,2025-08-01T01:52:45.069,2025-08-01T01:52:41.069,8.0,-48.8,13.5,88.9585,66.9084,-116.97,66.9035,-116.97,108.209,108.209,CLASS_add_scds.pro,2.1,9,1,"0,1,2,3,4,5,6,7,8,9,10,11,12,13,14,15,",67.4558,-117.988,66.3144,-117.816,66.3454,-115.997,67.4882,-116.081,1.7412109375,0.0471170624021244,1.6748046875,1.828125,3566.0,96.49574379955092,8
ch2_cla_l1_20250801T015245069_20250801T015253069.fits,/home/saurabh/moon_project/data/CLASS/ch2_cla_l1_2025_08/cla/data/calibrated/2025/08/01/ch2_cla_l1_20250801T015245069_20250801T015253069.fits,2025-08-01T01:52:45.069,2025-08-01T01:52:53.069,2025-08-01T01:52:49.069,8.0,-48.6,13.5,89.0707,67.3202,-117.018,67.3153,-117.017,107.861,107.861,CLASS_add_scds.pro,2.1,10,1,"0,1,2,3,4,5,6,7,8,9,10,11,13,",67.8676,-118.056,66.7254,-117.878,66.757,-116.027,67.9007,-116.113,1.71405029296875,0.0761955420088638,1.6083984375,1.8408203125,3510.375,156.04847003415318,8
ch2_cla_l1_20250801T015253069_20250801T015301069.fits,/home/saurabh/moon_project/data/CLASS/ch2_cla_l1_2025_08/cla/data/calibrated/2025/08/01/ch2_cla_l1_20250801T015253069_20250801T015301069.fits,2025-08-01T01:52:53.069,2025-08-01T01:53:01.069,2025-08-01T01:52:57.069,8.0,-48.5,13.5,89.1835,67.7319,-117.067,67.727,-117.067,107.513,107.513,CLASS_add_scds.pro,2.1,11,1,"0,1,2,3,4,5,6,7,8,9,10,11,",68.2793,-118.126,67.1364,-117.942,67.1685,-116.057,68.3131,-116.146,1.6929931640625,0.0667631671342533,1.59130859375,1.80224609375,3467.25,136.73096629095087,8
ch2_cla_l1_20250801T015301069_20250801T015309069.fits,/home/saurabh/moon_project/data/CLASS/ch2_cla_l1_2025_08/cla/data/calibrated/2025/08/01/ch2_cla_l1_20250801T015301069_20250801T015309069.fits,2025-08-01T01:53:01.069,2025-08-01T01:53:09.069,2025-08-01T01:53:05.069,8.0,-48.5,13.5,89.2967,68.1436,-117.118,68.1387,-117.117,107.164,107.164,CLASS_add_scds.pro,2.1,12,1,"0,1,2,3,4,5,6,7,8,9,10,11,",68.691,-118.2,67.5472,-118.008,67.5799,-116.087,68.7254,-116.18,1.58087158203125,0.0490146670369265,1.51806640625,1.66650390625,3237.625,100.3820380916256,8
ch2_cla_l1_20250801T015309069_20250801T015317069.fits,/home/saurabh/moon_project/data/CLASS/ch2_cla_l1_2025_08/cla/data/calibrated/2025/08/01/ch2_cla_l1_20250801T015309069_20250801T015317069.fits,2025-08-01T01:53:09.069,2025-08-01T01:53:17.069,2025-08-01T01:53:13.069,8.0,-48.5,13.5,89.4104,68.5552,-117.171,68.5503,-117.17,106.815,106.815,CLASS_add_scds.pro,2.1,13,1,"0,1,2,3,4,5,6,7,8,9,10,11,",69.1026,-118.275,67.958,-118.076,67.9913,-116.119,69.1377,-116.215,1.61981201171875,0.0377851070367619,1.55712890625,1.67333984375,3317.375,77.3838992112885,8
ch2_cla_l1_20250801T015317069_20250801T015325069.fits,/home/saurabh/moon_project/data/CLASS/ch2_cla_l1_2025_08/cla/data/calibrated/2025/08/01/ch2_cla_l1_20250801T015317069_20250801T015325069.fits,2025-08-01T01:53:17.069,2025-08-01T01:53:25.069,2025-08-01T01:53:21.069,8.0,-48.6,13.5,89.5246,68.9667,-117.225,68.9619,-117.225,106.466,106.466,CLASS_add_scds.pro,2.1,14,1,"0,1,2,3,4,5,6,7,8,9,10,11,13,",69.514,-118.354,68.3688,-118.147,68.4028,-116.152,69.5499,-116.251,1.61737060546875,0.0614347618966423,1.5400390625,1.70263671875,3312.375,125.8183923643235,8
ch2_cla_l1_20250801T015325069_20250801T015333069.fits,/home/saurabh/moon_project/data/CLASS/ch2_cla_l1_2025_08/cla/data/calibrated/2025/08/01/ch2_cla_l1_20250801T015325069_20250801T015333069.fits,2025-08-01T01:53:25.069,2025-08-01T01:53:33.069,2025-08-01T01:53:29.069,8.0,-48.6,13.5,89.6393,69.3782,-117.282,69.3732,-117.282,106.117,106.117,CLASS_add_scds.pro,2.1,15,1,"0,1,2,3,4,5,6,7,8,9,10,11,13,",69.9255,-118.436,68.7793,-118.221,68.814,-116.187,69.9621,-116.289,1.62542724609375,0.0396573684158483,1.55517578125,1.68310546875,3328.875,81.21829051565734,8
ch2_cla_l1_20250801T015333069_20250801T015341069.fits,/home/saurabh/moon_project/data/CLASS/ch2_cla_l1_2025_08/cla/data/calibrated/2025/08/01/ch2_cla_l1_20250801T015333069_20250801T015341069.fits,2025-08-01T01:53:33.069,2025-08-01T01:53:41.069,2025-08-01T01:53:37.069,8.0,-48.6,13.5,89.7544,69.7896,-117.341,69.7847,-117.34,105.768,105.768,CLASS_add_scds.pro,2.1,16,1,"0,1,2,3,4,5,6,7,8,9,10,11,13,",70.3369,-118.521,69.1899,-118.297,69.2253,-116.222,70.3743,-116.328,1.61834716796875,0.0726435437789576,1.4931640625,1.7236328125,3314.375,148.77397765930516,8
ch2_cla_l1_20250801T015341069_20250801T015349069.fits,/home/saurabh/moon_project/data/CLASS/ch2_cla_l1_2025_08/cla/data/calibrated/2025/08/01/ch2_cla_l1_20250801T015341069_20250801T015349069.fits,2025-08-01T01:53:41.069,2025-08-01T01:53:49.069,2025-08-01T01:53:45.069,8.0,-48.6,13.5,89.87,70.2009,-117.402,70.1959,-117.402,105.418,105.418,CLASS_add_scds.pro,2.1,17,1,"0,1,2,3,4,5,6,7,8,9,10,11,13,",70.748,-118.609,69.6004,-118.376,69.6365,-116.258,70.7862,-116.369,1.63067626953125,0.0586030135325167,1.5439453125,1.7236328125,3339.625,120.01897171459424,8
ch2_cla_l1_20250801T015349069_20250801T015357069.fits,/home/saurabh/moon_project/data/CLASS/ch2_cla_l1_2025_08/cla/data/calibrated/2025/08/01/ch2_cla_l1_20250801T015349069_20250801T015357069.fits,2025-08-01T01:53:49.069,2025-08-01T01:53:57.069,2025-08-01T01:53:53.069,8.0,-48.7,13.5,89.9861,70.6121,-117.466,70.6071,-117.465,105.068,105.068,CLASS_add_scds.pro,2.1,18,1,"0,1,2,3,4,5,6,7,8,9,10,11,13,",71.1592,-118.701,70.0106,-118.458,70.0475,-116.296,71.1982,-116.411,1.65350341796875,0.0526839322833037,1.59814453125,1.74072265625,3386.375,107.89669331620608,8
ch2_cla_l1_20250801T015357069_20250801T015405069.fits,/home/saurabh/moon_project/data/CLASS/ch2_cla_l1_2025_08/cla/data/calibrated/2025/08/01/ch2_cla_l1_20250801T015357069_20250801T015405069.fits,2025-08-01T01:53:57.069,2025-08-01T01:54:05.069,2025-08-01T01:54:01.069,8.0,-48.8,13.5,90.1026,71.0233,-117.532,71.0183,-117.531,104.718,104.718,CLASS_add_scds.pro,2.1,19,1,"0,1,2,3,4,5,6,7,8,9,10,11,13,",71.5704,-118.798,70.4209,-118.544,70.4586,-116.335,71.6103,-116.455,1.617919921875,0.0775873484785911,1.52197265625,1.72998046875,3313.5,158.89888968415465,8
ch2_cla_l1_20250801T015405069_20250801T015413069.fits,/home/saurabh/moon_project/data/CLASS/ch2_cla_l1_2025_08/cla/data/calibrated/2025/08/01/ch2_cla_l1_20250801T015405069_20250801T015413069.fits,2025-08-01T01:54:05.069,2025-08-01T01:54:13.069,2025-08-01T01:54:09.069,8.0,-48.8,13.5,90.2195,71.4344,-117.601,71.4295,-117.6,104.368,104.368,CLASS_add_scds.pro,2.1,20,1,"0,1,2,3,4,5,6,7,8,9,10,11,13,",71.9813,-118.898,70.8312,-118.633,70.8697,-116.376,72.0222,-116.501,1.65875244140625,0.0865352451567469,1.49853515625,1.77685546875,3397.125,177.2241820810177,8
ch2_cla_l1_20250801T015413069_20250801T015421069.fits,/home/saurabh/moon_project/data/CLASS/ch2_cla_l1_2025_08/cla/data/calibrated/2025/08/01/ch2_cla_l1_20250801T015413069_20250801T015421069.fits,2025-08-01T01:54:13.069,2025-08-01T01:54:21.069,2025-08-01T01:54:17.069,8.0,-48.8,13.5,90.3369,71.8454,-117.673,71.8405,-117.672,104.018,104.018,CLASS_add_scds.pro,2.1,21,1,"0,1,2,3,4,5,6,7,8,9,10,11,13,",72.3921,-119.003,71.2412,-118.726,71.2806,-116.419,72.4339,-116.548,1.6375732421875,0.0728681623582986,1.5537109375,1.75146484375,3353.75,149.2339965097957,8
ch2_cla_l1_20250801T015421069_20250801T015429069.fits,/home/saurabh/moon_project/data/CLASS/ch2_cla_l1_2025_08/cla/data/calibrated/2025/08/01/ch2_cla_l1_20250801T015421069_20250801T015429069.fits,2025-08-01T01:54:21.069,2025-08-01T01:54:29.069,2025-08-01T01:54:25.069,8.0,-48.9,13.5,90.4547,72.2563,-117.747,72.2514,-117.747,103.668,103.668,CLASS_add_scds.pro,2.1,22,1,"0,1,2,3,4,5,6,7,8,9,10,11,13,",72.8028,-119.113,71.6511,-118.823,71.6914,-116.463,72.8456,-116.598,1.66741943359375,0.0918092806239705,1.5390625,1.79833984375,3414.875,188.02540671789168,8
ch2_cla_l1_20250801T015429069_20250801T015437069.fits,/home/saurabh/moon_project/data/CLASS/ch2_cla_l1_2025_08/cla/data/calibrated/2025/08/01/ch2_cla_l1_20250801T015429069_20250801T015437069.fits,2025-08-01T01:54:29.069,2025-08-01T01:54:37.069,2025-08-01T01:54:33.069,8.0,-48.9,13.5,90.573,72.6672,-117.826,72.6622,-117.825,103.317,103.317,CLASS_add_scds.pro,2.1,23,1,"0,1,2,3,4,5,6,7,8,9,10,11,13,",73.2134,-119.228,72.061,-118.924,72.1021,-116.509,73.2574,-116.65,1.63311767578125,0.0444193627101501,1.57177734375,1.70947265625,3344.625,90.97085483038748,8
ch2_cla_l1_20250801T015437069_20250801T015445069.fits,/home/saurabh/moon_project/data/CLASS/ch2_cla_l1_2025_08/cla/data/calibrated/2025/08/01/ch2_cla_l1_20250801T015437069_20250801T015445069.fits,2025-08-01T01:54:37.069,2025-08-01T01:54:45.069,2025-08-01T01:54:41.069,8.0,-48.9,13.5,90.6916,73.0779,-117.908,73.073,-117.907,102.966,102.966,CLASS_add_scds.pro,2.1,24,1,"0,1,2,3,4,5,6,7,8,9,10,11,13,",73.6239,-119.348,72.4708,-119.029,72.5129,-116.556,73.669,-116.704,1.685302734375,0.0748621081719941,1.53857421875,1.77783203125,3451.5,153.31759753624408,8
ch2_cla_l1_20250801T015445069_20250801T015453069.fits,/home/saurabh/moon_project/data/CLASS/ch2_cla_l1_2025_08/cla/data/calibrated/2025/08/01/ch2_cla_l1_20250801T015445069_20250801T015453069.fits,2025-08-01T01:54:45.069,2025-08-01T01:54:53.069,2025-08-01T01:54:49.069,8.0,-48.9,13.5,90.8107,73.4886,-117.994,73.4837,-117.993,102.615,102.615,CLASS_add_scds.pro,2.1,25,1,"0,1,2,3,4,5,6,7,8,9,10,11,13,",74.0343,-119.475,72.8804,-119.14,72.9236,-116.606,74.0806,-116.761,1.6463623046875,0.0415901890027004,1.58984375,1.7177734375,3371.75,85.17670707753047,8
ch2_cla_l1_20250801T015453069_20250801T015501069.fits,/home/saurabh/moon_project/data/CLASS/ch2_cla_l1_2025_08/cla/data/calibrated/2025/08/01/ch2_cla_l1_20250801T015453069_20250801T015501069.fits,2025-08-01T01:54:53.069,2025-08-01T01:55:01.069,2025-08-01T01:54:57.069,8.0,-48.9,13.5,90.9302,73.8992,-118.084,73.8944,-118.083,102.264,102.264,CLASS_add_scds.pro,2.1,26,1,"0,1,2,3,4,5,6,7,8,9,10,11,13,",74.4445,-119.608,73.2899,-119.256,73.3342,-116.659,74.4921,-116.821,1.68896484375,0.0362109660940517,1.6376953125,1.748046875,3459.0,74.16005856061795,8
ch2_cla_l1_20250801T015501069_20250801T015509069.fits,/home/saurabh/moon_project/data/CLASS/ch2_cla_l1_2025_08/cla/data/calibrated/2025/08/01/ch2_cla_l1_20250801T015501069_20250801T015509069.fits,2025-08-01T01:55:01.069,2025-08-01T01:55:09.069,2025-08-01T01:55:05.069,8.0,-48.9,13.5,91.0501,74.3097,-118.178,74.3048,-118.178,101.913,101.913,CLASS_add_scds.pro,2.1,27,1,"0,1,2,3,4,5,6,7,8,9,10,11,13,",74.8547,-119.748,73.6993,-119.377,73.7447,-116.713,74.9035,-116.884,1.63812255859375,0.0358141541613754,1.583984375,1.6865234375,3354.875,73.34738772249688,8
ch2_cla_l1_20250801T015509069_20250801T015517069.fits,/home/saurabh/moon_project/data/CLASS/ch2_cla_l1_2025_08/cla/data/calibrated/2025/08/01/ch2_cla_l1_20250801T015509069_20250801T015517069.fits,2025-08-01T01:55:09.069,2025-08-01T01:55:17.069,2025-08-01T01:55:13.069,8.0,-49.0,13.5,91.1704,74.7201,-118.278,74.7151,-118.277,101.562,101.562,CLASS_add_scds.pro,2.1,28,1,"0,1,2,3,4,5,6,7,8,9,10,11,13,",75.2645,-119.896,74.1086,-119.505,74.1552,-116.77,75.3148,-116.95,1.71112060546875,0.0423692270872632,1.64794921875,1.767578125,3504.375,86.77217707471512,8
ch2_cla_l1_20250801T015517069_20250801T015525069.fits,/home/saurabh/moon_project/data/CLASS/ch2_cla_l1_2025_08/cla/data/calibrated/2025/08/01/ch2_cla_l1_20250801T015517069_20250801T015525069.fits,2025-08-01T01:55:17.069,2025-08-01T01:55:25.069,2025-08-01T01:55:21.069,8.0,-49.0,13.5,91.291,75.1304,-118.383,75.1254,-118.382,101.21,101.21,CLASS_add_scds.pro,2.1,29,1,"0,1,2,3,4,5,6,7,8,9,10,11,13,",75.6744,-120.052,74.5176,-119.639,74.5655,-116.83,75.7261,-117.019,1.67022705078125,0.0541504550959498,1.5966796875,1.77392578125,3420.625,110.9001320365052,8
ch2_cla_l1_20250801T015525069_20250801T015533069.fits,/home/saurabh/moon_project/data/CLASS/ch2_cla_l1_2025_08/cla/data/calibrated/2025/08/01/ch2_cla_l1_20250801T015525069_20250801T015533069.fits,2025-08-01T01:55:25.069,2025-08-01T01:55:33.069,2025-08-01T01:55:29.069,8.0,-49.0,13.5,91.4121,75.5406,-118.493,75.5356,-118.492,100.859,100.859,CLASS_add_scds.pro,2.1,30,1,"0,1,2,3,4,5,6,7,8,9,10,11,13,",76.084,-120.217,74.9266,-119.78,74.9758,-116.893,76.1373,-117.093,1.6990966796875,0.0558672949847857,1.60986328125,1.77783203125,3479.75,114.41622012884112,8
ch2_cla_l1_20250801T015533069_20250801T015541069.fits,/home/saurabh/moon_project/data/CLASS/ch2_cla_l1_2025_08/cla/data/calibrated/2025/08/01/ch2_cla_l1_20250801T015533069_20250801T015541069.fits,2025-08-01T01:55:33.069,2025-08-01T01:55:41.069,2025-08-01T01:55:37.069,8.0,-49.0,13.5,91.5335,75.9506,-118.61,75.9457,-118.609,100.507,100.507,CLASS_add_scds.pro,2.1,31,1,"0,1,2,3,4,5,6,7,8,9,10,11,13,",76.4935,-120.392,75.3355,-119.929,75.3861,-116.96,76.5484,-117.171,1.6595458984375,0.0398179170867448,1.5927734375,1.72412109375,3398.75,81.54709419365335,8
ch2_cla_l1_20250801T015541069_20250801T015549069.fits,/home/saurabh/moon_project/data/CLASS/ch2_cla_l1_2025_08/cla/data/calibrated/2025/08/01/ch2_cla_l1_20250801T015541069_20250801T015549069.fits,2025-08-01T01:55:41.069,2025-08-01T01:55:49.069,2025-08-01T01:55:45.069,8.0,-49.0,13.5,91.6553,76.3606,-118.733,76.3556,-118.732,100.156,100.156,CLASS_add_scds.pro,2.1,32,1,"0,1,2,3,4,5,6,7,8,9,10,11,13,",76.9027,-120.577,75.7441,-120.086,75.7963,-117.03,76.9595,-117.253,1.7188720703125,0.0596204631458336,1.6298828125,1.80615234375,3520.25,122.1027085226672,8
ch2_cla_l1_20250801T015549069_20250801T015557069.fits,/home/saurabh/moon_project/data/CLASS/ch2_cla_l1_2025_08/cla/data/calibrated/2025/08/01/ch2_cla_l1_20250801T015549069_20250801T015557069.fits,2025-08-01T01:55:49.069,2025-08-01T01:55:57.069,2025-08-01T01:55:53.069,8.0,-49.0,13.5,91.7775,76.7705,-118.864,76.7655,-118.863,99.8037,99.8037,CLASS_add_scds.pro,2.1,33,1,"0,1,2,3,4,5,6,7,8,9,10,11,13,",77.3118,-120.775,76.1526,-120.253,76.2063,-117.103,77.3705,-117.34,1.667236328125,0.08575856790632,1.53173828125,1.76806640625,3414.5,175.63354707214353,8
ch2_cla_l1_20250801T015557069_20250801T015605069.fits,/home/saurabh/moon_project/data/CLASS/ch2_cla_l1_2025_08/cla/data/calibrated/2025/08/01/ch2_cla_l1_20250801T015557069_20250801T015605069.fits,2025-08-01T01:55:57.069,2025-08-01T01:56:05.069,2025-08-01T01:56:01.069,8.0,-49.0,13.5,91.9,77.1802,-119.003,77.1752,-119.002,99.4518,99.4518,CLASS_add_scds.pro,2.1,34,1,"0,1,2,3,4,5,6,7,8,9,10,11,13,",77.7207,-120.985,76.5609,-120.429,76.6164,-117.182,77.7814,-117.434,1.70611572265625,0.0726161101720178,1.6123046875,1.826171875,3494.125,148.7177936322925,8
ch2_cla_l1_20250801T015605069_20250801T015613069.fits,/home/saurabh/moon_project/data/CLASS/ch2_cla_l1_2025_08/cla/data/calibrated/2025/08/01/ch2_cla_l1_20250801T015605069_20250801T015613069.fits,2025-08-01T01:56:05.069,2025-08-01T01:56:13.069,2025-08-01T01:56:09.069,8.0,-49.0,13.5,92.0228,77.5898,-119.151,77.5848,-119.15,99.0999,99.0999,CLASS_add_scds.pro,2.1,35,1,"0,1,2,3,4,5,6,7,8,9,10,11,13,",78.1294,-121.209,76.9691,-120.616,77.0263,-117.264,78.1922,-117.533,1.69927978515625,0.1088087840376582,1.55078125,1.8662109375,3480.125,222.84038970912405,8
ch2_cla_l1_20250801T015613069_20250801T015621069.fits,/home/saurabh/moon_project/data/CLASS/ch2_cla_l1_2025_08/cla/data/calibrated/2025/08/01/ch2_cla_l1_20250801T015613069_20250801T015621069.fits,2025-08-01T01:56:13.069,2025-08-01T01:56:21.069,2025-08-01T01:56:17.069,8.0,-49.0,13.5,92.1461,77.9993,-119.309,77.9943,-119.307,98.7478,98.7478,CLASS_add_scds.pro,2.1,36,1,"0,1,2,3,4,5,6,7,8,9,10,11,13,",78.5378,-121.45,77.377,-120.815,77.4362,-117.352,78.6029,-117.639,1.71319580078125,0.0574199635416452,1.63818359375,1.80322265625,3508.625,117.59608533328942,8
ch2_cla_l1_20250801T015621069_20250801T015629069.fits,/home/saurabh/moon_project/data/CLASS/ch2_cla_l1_2025_08/cla/data/calibrated/2025/08/01/ch2_cla_l1_20250801T015621069_20250801T015629069.fits,2025-08-01T01:56:21.069,2025-08-01T01:56:29.069,2025-08-01T01:56:25.069,8.0,-49.1,13.5,92.2696,78.4086,-119.477,78.4036,-119.476,98.3957,98.3957,CLASS_add_scds.pro,2.1,37,1,"0,1,2,3,4,5,6,7,8,9,10,11,12,13,14,",78.9459,-121.707,77.7848,-121.027,77.8459,-117.446,79.0135,-117.752,1.70428466796875,0.061551630389757,1.61572265625,1.810546875,3490.375,126.05773903822237,8
ch2_cla_l1_20250801T015629069_20250801T015637069.fits,/home/saurabh/moon_project/data/CLASS/ch2_cla_l1_2025_08/cla/data/calibrated/2025/08/01/ch2_cla_l1_20250801T015629069_20250801T015637069.fits,2025-08-01T01:56:29.069,2025-08-01T01:56:37.069,2025-08-01T01:56:33.069,8.0,-49.2,13.5,92.3935,78.8177,-119.658,78.8128,-119.656,98.0435,98.0435,CLASS_add_scds.pro,2.1,38,1,"0,1,2,3,4,5,6,7,8,9,10,11,12,13,14,15,",79.3538,-121.984,78.1922,-121.253,78.2556,-117.545,79.424,-117.874,1.71356201171875,0.0446846425822557,1.64599609375,1.7861328125,3509.375,91.5141480084598,8
ch2_cla_l1_20250801T015637069_20250801T015645069.fits,/home/saurabh/moon_project/data/CLASS/ch2_cla_l1_2025_08/cla/data/calibrated/2025/08/01/ch2_cla_l1_20250801T015637069_20250801T015645069.fits,2025-08-01T01:56:37.069,2025-08-01T01:56:45.069,2025-08-01T01:56:41.069,8.0,-49.2,13.5,92.5177,79.2267,-119.852,79.2217,-119.85,97.6913,97.6913,CLASS_add_scds.pro,2.1,39,1,"0,1,2,3,4,5,6,7,8,9,10,11,12,13,14,15,",79.7614,-122.283,78.5995,-121.495,78.6652,-117.652,79.8345,-118.006,1.75152587890625,0.0653158144523796,1.63232421875,1.83154296875,3587.125,133.76678799847355,8
ch2_cla_l1_20250801T015645069_20250801T015653069.fits,/home/saurabh/moon_project/data/CLASS/ch2_cla_l1_2025_08/cla/data/calibrated/2025/08/01/ch2_cla_l1_20250801T015645069_20250801T015653069.fits,2025-08-01T01:56:45.069,2025-08-01T01:56:53.069,2025-08-01T01:56:49.069,8.0,-49.2,13.5,92.6423,79.6355,-120.061,79.6305,-120.059,97.339,97.339,CLASS_add_scds.pro,2.1,40,1,"0,1,2,3,4,5,6,7,8,9,10,11,12,13,14,15,",80.1685,-122.606,79.0065,-121.755,79.0747,-117.766,80.2448,-118.148,1.72637939453125,0.0393949800518858,1.6767578125,1.78466796875,3535.625,80.6809191462623,8
ch2_cla_l1_20250801T015653069_20250801T015701069.fits,/home/saurabh/moon_project/data/CLASS/ch2_cla_l1_2025_08/cla/data/calibrated/2025/08/01/ch2_cla_l1_20250801T015653069_20250801T015701069.fits,2025-08-01T01:56:53.069,2025-08-01T01:57:01.069,2025-08-01T01:56:57.069,8.0,-49.2,13.5,92.7671,80.0441,-120.287,80.0391,-120.285,96.9866,96.9866,CLASS_add_scds.pro,2.1,41,1,"0,1,2,3,4,5,6,7,8,9,10,11,12,13,14,15,",80.5754,-122.957,79.4132,-122.035,79.484,-117.889,80.655,-118.303,1.7332763671875,0.0632285839163785,1.63671875,1.8193359375,3549.75,129.49213986074324,8
ch2_cla_l1_20250801T015701069_20250801T015709069.fits,/home/saurabh/moon_project/data/CLASS/ch2_cla_l1_2025_08/cla/data/calibrated/2025/08/01/ch2_cla_l1_20250801T015701069_20250801T015709069.fits,2025-08-01T01:57:01.069,2025-08-01T01:57:09.069,2025-08-01T01:57:05.069,8.0,-49.2,13.5,92.8923,80.4525,-120.532,80.4473,-120.529,96.6342,96.6342,CLASS_add_scds.pro,2.1,42,1,"0,1,2,3,4,5,6,7,8,9,10,11,12,13,14,15,",80.9817,-123.339,79.8196,-122.336,79.8933,-118.021,81.065,-118.471,1.725341796875,0.0350213262240661,1.68017578125,1.779296875,3533.5,71.72367610688757,8
ch2_cla_l1_20250801T015709069_20250801T015717069.fits,/home/saurabh/moon_project/data/CLASS/ch2_cla_l1_2025_08/cla/data/calibrated/2025/08/01/ch2_cla_l1_20250801T015709069_20250801T015717069.fits,2025-08-01T01:57:09.069,2025-08-01T01:57:17.069,2025-08-01T01:57:13.069,8.0,-49.2,13.5,93.0177,80.8606,-120.798,80.8555,-120.796,96.2818,96.2818,CLASS_add_scds.pro,2.1,43,1,"0,1,2,3,4,5,6,7,8,9,10,11,12,13,14,15,",81.3876,-123.757,80.2255,-122.663,80.3024,-118.165,81.4749,-118.655,1.7047119140625,0.0917986373964083,1.55908203125,1.81005859375,3491.25,188.0036093878443,8
ch2_cla_l1_20250801T015717069_20250801T015725069.fits,/home/saurabh/moon_project/data/CLASS/ch2_cla_l1_2025_08/cla/data/calibrated/2025/08/01/ch2_cla_l1_20250801T015717069_20250801T015725069.fits,2025-08-01T01:57:17.069,2025-08-01T01:57:25.069,2025-08-01T01:57:21.069,8.0,-49.3,13.5,93.1435,81.2685,-121.089,81.2634,-121.086,95.9293,95.9293,CLASS_add_scds.pro,2.1,44,1,"0,1,2,3,4,5,6,7,8,9,10,11,12,13,14,15,",81.7929,-124.216,80.6311,-123.017,80.7115,-118.32,81.8847,-118.857,1.5914306640625,0.0580886138613144,1.50244140625,1.67578125,3259.25,118.96548118797196,8
ch2_cla_l1_20250801T015725069_20250801T015733069.fits,/home/saurabh/moon_project/data/CLASS/ch2_cla_l1_2025_08/cla/data/calibrated/2025/08/01/ch2_cla_l1_20250801T015725069_20250801T015733069.fits,2025-08-01T01:57:25.069,2025-08-01T01:57:33.069,2025-08-01T01:57:29.069,8.0,-49.3,13.5,93.2695,81.676,-121.408,81.671,-121.405,95.5768,95.5768,CLASS_add_scds.pro,2.1,45,1,"0,1,2,3,4,5,6,7,8,9,10,11,12,13,14,15,",82.1976,-124.723,81.0363,-123.404,81.1204,-118.49,82.2944,-119.08,1.64697265625,0.0625207049270328,1.56787109375,1.740234375,3373.0,128.04240369056316,8
ch2_cla_l1_20250801T015733069_20250801T015741069.fits,/home/saurabh/moon_project/data/CLASS/ch2_cla_l1_2025_08/cla/data/calibrated/2025/08/01/ch2_cla_l1_20250801T015733069_20250801T015741069.fits,2025-08-01T01:57:33.069,2025-08-01T01:57:41.069,2025-08-01T01:57:37.069,8.0,-49.3,13.5,93.3958,82.0833,-121.76,82.0783,-121.756,95.2243,95.2243,CLASS_add_scds.pro,2.1,46,1,"0,1,2,3,4,5,6,7,8,9,10,11,12,13,14,15,",82.6016,-125.284,81.441,-123.826,81.5292,-118.675,82.7039,-119.328,1.61236572265625,0.0577892109272569,1.52001953125,1.70068359375,3302.125,118.35230397902212,8
ch2_cla_l1_20250801T015741069_20250801T015749069.fits,/home/saurabh/moon_project/data/CLASS/ch2_cla_l1_2025_08/cla/data/calibrated/2025/08/01/ch2_cla_l1_20250801T015741069_20250801T015749069.fits,2025-08-01T01:57:41.069,2025-08-01T01:57:49.069,2025-08-01T01:57:45.069,8.0,-49.3,13.5,93.5224,82.4901,-122.149,82.4851,-122.144,94.8717,94.8717,CLASS_add_scds.pro,2.1,47,1,"0,1,2,3,4,5,6,7,8,9,10,11,12,13,14,15,",83.0047,-125.909,81.8451,-124.29,81.9379,-118.879,83.1131,-119.604,1.65826416015625,0.0802495364611641,1.54931640625,1.78369140625,3396.125,164.35105067246408,8
ch2_cla_l1_20250801T015749069_20250801T015757069.fits,/home/saurabh/moon_project/data/CLASS/ch2_cla_l1_2025_08/cla/data/calibrated/2025/08/01/ch2_cla_l1_20250801T015749069_20250801T015757069.fits,2025-08-01T01:57:49.069,2025-08-01T01:57:57.069,2025-08-01T01:57:53.069,8.0,-49.4,13.5,93.6493,82.8966,-122.582,82.8915,-122.577,94.5191,94.5191,CLASS_add_scds.pro,2.1,48,1,"0,1,2,3,4,5,6,7,8,9,10,11,12,13,14,15,",83.407,-126.61,82.2485,-124.801,82.3463,-119.104,83.5222,-119.915,1.6038818359375,0.0750364986800689,1.5146484375,1.71923828125,3284.75,153.67474929678127,8
ch2_cla_l1_20250801T015757069_20250801T015805069.fits,/home/saurabh/moon_project/data/CLASS/ch2_cla_l1_2025_08/cla/data/calibrated/2025/08/01/ch2_cla_l1_20250801T015757069_20250801T015805069.fits,2025-08-01T01:57:57.069,2025-08-01T01:58:05.069,2025-08-01T01:58:01.069,8.0,-49.4,13.5,93.7764,83.3025,-123.067,83.2974,-123.062,94.1666,94.1666,CLASS_add_scds.pro,2.1,49,1,"0,1,2,3,4,5,6,7,8,9,10,11,12,13,14,15,",83.8079,-127.402,82.6514,-125.368,82.7547,-119.353,83.9308,-120.267,1.67822265625,0.0793878129158672,1.58154296875,1.796875,3437.0,162.58624085169603,8
ch2_cla_l1_20250801T015805069_20250801T015813069.fits,/home/saurabh/moon_project/data/CLASS/ch2_cla_l1_2025_08/cla/data/calibrated/2025/08/01/ch2_cla_l1_20250801T015805069_20250801T015813069.fits,2025-08-01T01:58:05.069,2025-08-01T01:58:13.069,2025-08-01T01:58:09.069,8.0,-49.4,13.5,93.9038,83.7078,-123.614,83.7027,-123.608,93.814,93.814,CLASS_add_scds.pro,2.1,50,1,"0,1,2,3,4,5,6,7,8,9,10,11,12,13,14,15,",84.2075,-128.303,83.0532,-126.002,83.1626,-119.633,84.3393,-120.67,1.620849609375,0.0738456353537903,1.52880859375,1.73388671875,3319.5,151.23586120456258,8
ch2_cla_l1_20250801T015813069_20250801T015821069.fits,/home/saurabh/moon_project/data/CLASS/ch2_cla_l1_2025_08/cla/data/calibrated/2025/08/01/ch2_cla_l1_20250801T015813069_20250801T015821069.fits,2025-08-01T01:58:13.069,2025-08-01T01:58:21.069,2025-08-01T01:58:17.069,8.0,-49.5,13.5,94.0314,84.1124,-124.236,84.1074,-124.229,93.4614,93.4614,CLASS_add_scds.pro,2.1,51,1,"0,1,2,3,4,5,6,7,8,9,10,11,12,13,14,15,",84.6055,-129.336,83.4541,-126.712,83.5705,-119.947,84.7474,-121.134,1.65850830078125,0.0441216216914864,1.5927734375,1.728515625,3396.625,90.3610812241642,8
ch2_cla_l1_20250801T015821069_20250801T015829069.fits,/home/saurabh/moon_project/data/CLASS/ch2_cla_l1_2025_08/cla/data/calibrated/2025/08/01/ch2_cla_l1_20250801T015821069_20250801T015829069.fits,2025-08-01T01:58:21.069,2025-08-01T01:58:29.069,2025-08-01T01:58:25.069,8.0,-49.5,13.5,94.1593,84.5162,-124.949,84.5112,-124.941,93.1088,93.1088,CLASS_add_scds.pro,2.1,52,1,"0,1,2,3,4,5,6,7,8,9,10,11,12,13,14,15,",85.0013,-130.533,83.8538,-127.513,83.9781,-120.302,85.1549,-121.676,1.62860107421875,0.0572982346704321,1.54443359375,1.71240234375,3335.375,117.34678460504512,8
ch2_cla_l1_20250801T015829069_20250801T015837069.fits,/home/saurabh/moon_project/data/CLASS/ch2_cla_l1_2025_08/cla/data/calibrated/2025/08/01/ch2_cla_l1_20250801T015829069_20250801T015837069.fits,2025-08-01T01:58:29.069,2025-08-01T01:58:37.069,2025-08-01T01:58:33.069,8.0,-49.5,13.5,94.2875,84.919,-125.774,84.9139,-125.765,92.7563,92.7563,CLASS_add_scds.pro,2.1,53,1,"0,1,2,3,4,5,6,7,8,9,10,11,12,13,14,15,",85.3946,-131.934,84.252,-128.426,84.3853,-120.709,85.562,-122.316,1.6837158203125,0.0443086649495537,1.62451171875,1.76123046875,3448.25,90.74414581668616,8
ch2_cla_l1_20250801T015837069_20250801T015845069.fits,/home/saurabh/moon_project/data/CLASS/ch2_cla_l1_2025_08/cla/data/calibrated/2025/08/01/ch2_cla_l1_20250801T015837069_20250801T015845069.fits,2025-08-01T01:58:37.069,2025-08-01T01:58:45.069,2025-08-01T01:58:41.069,8.0,-49.5,13.5,94.4159,85.3204,-126.741,85.3155,-126.73,92.4037,92.4037,CLASS_add_scds.pro,2.1,54,1,"0,1,2,3,4,5,6,7,8,9,10,11,12,13,14,15,",85.7845,-133.595,84.6486,-129.474,84.7922,-121.179,85.9683,-123.085,1.64385986328125,0.0773617931199039,1.5537109375,1.79345703125,3366.625,158.43695230956337,8
ch2_cla_l1_20250801T015845069_20250801T015853069.fits,/home/saurabh/moon_project/data/CLASS/ch2_cla_l1_2025_08/cla/data/calibrated/2025/08/01/ch2_cla_l1_20250801T015845069_20250801T015853069.fits,2025-08-01T01:58:45.069,2025-08-01T01:58:53.069,2025-08-01T01:58:49.069,8.0,-49.5,13.5,94.5445,85.7203,-127.888,85.7153,-127.874,92.0512,92.0512,CLASS_add_scds.pro,2.1,55,1,"0,1,2,3,4,5,6,7,8,9,10,11,12,13,14,15,",86.1702,-135.591,85.0431,-130.688,85.1986,-121.727,86.3738,-124.023,1.6702880859375,0.0358239601608782,1.62353515625,1.7275390625,3420.75,73.36747040947857,8
ch2_cla_l1_20250801T015853069_20250801T015901069.fits,/home/saurabh/moon_project/data/CLASS/ch2_cla_l1_2025_08/cla/data/calibrated/2025/08/01/ch2_cla_l1_20250801T015853069_20250801T015901069.fits,2025-08-01T01:58:53.069,2025-08-01T01:59:01.069,2025-08-01T01:58:57.069,8.0,-49.6,13.5,94.6734,86.118,-129.269,86.1132,-129.251,91.6987,91.6987,CLASS_add_scds.pro,2.1,56,1,"0,1,2,3,4,5,6,7,8,9,10,11,12,13,14,15,",86.5502,-138.03,85.4349,-132.11,85.6044,-122.376,86.778,-125.198,1.662841796875,0.0658101486761041,1.57763671875,1.75341796875,3405.5,134.7791844886612,8
ch2_cla_l1_20250801T015901069_20250801T015909069.fits,/home/saurabh/moon_project/data/CLASS/ch2_cla_l1_2025_08/cla/data/calibrated/2025/08/01/ch2_cla_l1_20250801T015901069_20250801T015909069.fits,2025-08-01T01:59:01.069,2025-08-01T01:59:09.069,2025-08-01T01:59:05.069,8.0,-49.6,13.5,94.8024,86.5129,-130.964,86.5081,-130.942,91.3462,91.3462,CLASS_add_scds.pro,2.1,57,1,"0,1,2,3,4,5,6,7,8,9,10,11,12,13,14,15,",86.9221,-141.062,85.8234,-133.797,86.0097,-123.156,87.1801,-126.707,1.69268798828125,0.0368939218627297,1.64306640625,1.74560546875,3466.625,75.55875197487052,8
ch2_cla_l1_20250801T015909069_20250801T015917069.fits,/home/saurabh/moon_project/data/CLASS/ch2_cla_l1_2025_08/cla/data/calibrated/2025/08/01/ch2_cla_l1_20250801T015909069_20250801T015917069.fits,2025-08-01T01:59:09.069,2025-08-01T01:59:17.069,2025-08-01T01:59:13.069,8.0,-49.6,13.5,94.9317,86.904,-133.087,86.8989,-133.059,90.9937,90.9937,CLASS_add_scds.pro,2.1,58,1,"0,1,2,3,4,5,6,7,8,9,10,11,12,13,14,15,",87.2832,-144.915,86.2072,-135.828,86.4135,-124.111,87.5799,-128.715,1.690185546875,0.0811961739795074,1.544921875,1.7890625,3461.5,166.28976431003116,8
ch2_cla_l1_20250801T015917069_20250801T015925069.fits,/home/saurabh/moon_project/data/CLASS/ch2_cla_l1_2025_08/cla/data/calibrated/2025/08/01/ch2_cla_l1_20250801T015917069_20250801T015925069.fits,2025-08-01T01:59:17.069,2025-08-01T01:59:25.069,2025-08-01T01:59:21.069,8.0,-49.6,13.5,95.0612,87.2895,-135.818,87.2846,-135.78,90.6413,90.6413,CLASS_add_scds.pro,2.1,59,1,"0,1,2,3,4,5,6,7,8,9,10,11,12,13,14,15,",87.6283,-149.913,86.5854,-138.31,86.8165,-125.307,87.9754,-131.508,1.68145751953125,0.0573000179330687,1.5947265625,1.77294921875,3443.625,117.35043672692488,8
ch2_cla_l1_20250801T015925069_20250801T015933069.fits,/home/saurabh/moon_project/data/CLASS/ch2_cla_l1_2025_08/cla/data/calibrated/2025/08/01/ch2_cla_l1_20250801T015925069_20250801T015933069.fits,2025-08-01T01:59:25.069,2025-08-01T01:59:33.069,2025-08-01T01:59:29.069,8.0,-49.6,13.5,95.1909,87.6669,-139.442,87.6621,-139.391,90.2889,90.2889,CLASS_add_scds.pro,2.1,60,1,"0,1,2,3,4,5,6,7,8,9,10,11,12,13,14,15,",87.9494,-156.54,86.9554,-141.401,87.2174,-126.845,88.3637,-135.639,1.69403076171875,0.0726074324296424,1.572265625,1.8017578125,3469.375,148.70002161590773,8
ch2_cla_l1_20250801T015933069_20250801T015941069.fits,/home/saurabh/moon_project/data/CLASS/ch2_cla_l1_2025_08/cla/data/calibrated/2025/08/01/ch2_cla_l1_20250801T015933069_20250801T015941069.fits,2025-08-01T01:59:33.069,2025-08-01T01:59:41.069,2025-08-01T01:59:37.069,8.0,-49.6,13.5,95.3208,88.0313,-144.431,88.0267,-144.357,89.9366,89.9366,CLASS_add_scds.pro,2.1,61,1,"0,1,2,3,4,5,6,7,8,9,10,11,12,13,14,15,",88.2333,-165.454,87.3143,-145.332,87.6157,-128.899,88.7384,-142.278,1.6859130859375,0.0674529096042689,1.61181640625,1.7978515625,3452.75,138.1435588695429,8
ch2_cla_l1_20250801T015941069_20250801T015949069.fits,/home/saurabh/moon_project/data/CLASS/ch2_cla_l1_2025_08/cla/data/calibrated/2025/08/01/ch2_cla_l1_20250801T015941069_20250801T015949069.fits,2025-08-01T01:59:41.069,2025-08-01T01:59:49.069,2025-08-01T01:59:45.069,8.0,-49.6,13.5,95.4509,88.3741,-151.598,88.37,-151.492,89.5843,89.5843,CLASS_add_scds.pro,2.1,62,1,"0,1,2,3,4,5,6,7,8,9,10,11,12,13,14,15,",88.4593,-177.352,87.6566,-150.442,88.0097,-131.771,89.0823,-154.167,1.69219970703125,0.0776316460308593,1.5634765625,1.8154296875,3465.625,158.98961107119996,8
ch2_cla_l1_20250801T015949069_20250801T015957069.fits,/home/saurabh/moon_project/data/CLASS/ch2_cla_l1_2025_08/cla/data/calibrated/2025/08/01/ch2_cla_l1_20250801T015949069_20250801T015957069.fits,2025-08-01T01:59:49.069,2025-08-01T01:59:57.069,2025-08-01T01:59:53.069,8.0,-49.6,13.5,95.5812,88.6786,-162.307,88.675,-162.146,89.2321,89.2321,CLASS_add_scds.pro,2.1,63,1,"0,1,2,3,4,5,6,7,8,9,10,11,12,13,14,15,",88.5993,167.58,87.9741,-157.219,88.3963,-136.039,89.3455,-177.557,1.69122314453125,0.0781842415855862,1.5966796875,1.81005859375,3463.625,160.12132676728072,8
ch2_cla_l1_20250801T015957069_20250801T020005069.fits,/home/saurabh/moon_project/data/CLASS/ch2_cla_l1_2025_08/cla/data/calibrated/2025/08/01/ch2_cla_l1_20250801T015957069_20250801T020005069.fits,2025-08-01T01:59:57.069,2025-08-01T02:00:05.069,2025-08-01T02:00:01.069,8.0,-49.6,13.5,95.7116,88.9119,-178.424,88.9095,-178.178,88.88,88.88,CLASS_add_scds.pro,2.1,64,1,"0,1,2,3,4,5,6,7,8,9,10,11,12,13,14,15,",89.408,144.498,88.2531,-166.326,88.7683,-142.942,89.1075,-155.403,1.73297119140625,0.0836798383778389,1.58154296875,1.83984375,3549.125,171.3763089978142,8
ch2_cla_l1_20250801T020005069_20250801T020013069.fits,/home/saurabh/moon_project/data/CLASS/ch2_cla_l1_2025_08/cla/data/calibrated/2025/08/01/ch2_cla_l1_20250801T020005069_20250801T020013069.fits,2025-08-01T02:00:05.069,2025-08-01T02:00:13.069,2025-08-01T02:00:09.069,8.0,-49.6,13.5,95.8422,89.022,159.552,89.0215,159.855,88.5279,88.5279,CLASS_add_scds.pro,2.1,65,1,"0,1,2,3,4,5,6,7,8,9,10,11,12,13,14,15,",89.408,144.498,89.2201,113.414,88.535,134.448,89.1075,-155.403,1.67706298828125,0.0449187947040532,1.61767578125,1.74658203125,3434.625,91.99369155390106,8
ch2_cla_l1_20250801T020013069_20250801T020021069.fits,/home/saurabh/moon_project/data/CLASS/ch2_cla_l1_2025_08/cla/data/calibrated/2025/08/01/ch2_cla_l1_20250801T020013069_20250801T020021069.fits,2025-08-01T02:00:13.069,2025-08-01T02:00:21.069,2025-08-01T02:00:17.069,8.0,-49.6,13.5,95.9729,88.9686,136.252,88.9702,136.526,88.1759,88.1759,CLASS_add_scds.pro,2.1,66,1,"0,1,2,3,4,5,6,7,8,9,10,11,12,13,14,15,",88.9039,97.225,89.2201,113.414,88.535,134.448,89.4029,141.682,1.737548828125,0.075616734941425,1.59326171875,1.837890625,3558.5,154.86307316003848,8
ch2_cla_l1_20250801T020021069_20250801T020029069.fits,/home/saurabh/moon_project/data/CLASS/ch2_cla_l1_2025_08/cla/data/calibrated/2025/08/01/ch2_cla_l1_20250801T020021069_20250801T020029069.fits,2025-08-01T02:00:21.069,2025-08-01T02:00:29.069,2025-08-01T02:00:25.069,8.0,-49.6,13.5,96.1038,88.773,117.877,88.776,118.071,87.8239,87.8239,CLASS_add_scds.pro,2.1,67,1,"0,1,2,3,4,5,6,7,8,9,10,11,12,13,14,15,",88.9039,97.225,88.0837,110.902,88.5236,133.435,89.4029,141.682,1.7034912109375,0.0437812771225786,1.64306640625,1.77587890625,3488.75,89.66405554704102,8
ch2_cla_l1_20250801T020029069_20250801T020037069.fits,/home/saurabh/moon_project/data/CLASS/ch2_cla_l1_2025_08/cla/data/calibrated/2025/08/01/ch2_cla_l1_20250801T020029069_20250801T020037069.fits,2025-08-01T02:00:29.069,2025-08-01T02:00:37.069,2025-08-01T02:00:33.069,8.0,-49.6,13.5,96.2348,88.4894,105.448,88.4934,105.58,87.472,87.472,CLASS_add_scds.pro,2.1,68,1,"0,1,2,3,4,5,6,7,8,9,10,11,12,13,14,15,",88.5406,88.6546,88.1578,83.5656,87.7778,103.335,89.2018,111.834,1.7584228515625,0.070502976861966,1.619140625,1.85400390625,3601.25,144.39009661330655,8
ch2_cla_l1_20250801T020037069_20250801T020045069.fits,/home/saurabh/moon_project/data/CLASS/ch2_cla_l1_2025_08/cla/data/calibrated/2025/08/01/ch2_cla_l1_20250801T020037069_20250801T020045069.fits,2025-08-01T02:00:37.069,2025-08-01T02:00:45.069,2025-08-01T02:00:41.069,8.0,-49.6,13.5,96.3659,88.1582,97.2043,88.1625,97.2924,87.1203,87.1203,CLASS_add_scds.pro,2.1,69,1,"0,1,2,3,4,5,6,7,8,9,10,11,12,13,14,15,",88.8815,96.427,87.7657,80.2454,87.4429,97.6728,88.3279,120.332,1.6943359375,0.0408850427158645,1.62939453125,1.75439453125,3470.0,83.7325674820906,8
ch2_cla_l1_20250801T020045069_20250801T020053069.fits,/home/saurabh/moon_project/data/CLASS/ch2_cla_l1_2025_08/cla/data/calibrated/2025/08/01/ch2_cla_l1_20250801T020045069_20250801T020053069.fits,2025-08-01T02:00:45.069,2025-08-01T02:00:53.069,2025-08-01T02:00:49.069,8.0,-49.6,13.5,96.4972,87.8007,91.5524,87.8053,91.6147,86.7686,86.7686,CLASS_add_scds.pro,2.1,70,1,"0,1,2,3,4,5,6,7,8,9,10,11,12,13,14,15,",88.5172,88.2089,87.3683,77.9198,87.0889,93.3528,88.0646,110.377,1.764404296875,0.0364116967276557,1.70947265625,1.8203125,3613.5,74.57115489823893,8
ch2_cla_l1_20250801T020053069_20250801T020101069.fits,/home/saurabh/moon_project/data/CLASS/ch2_cla_l1_2025_08/cla/data/calibrated/2025/08/01/ch2_cla_l1_20250801T020053069_20250801T020101069.fits,2025-08-01T02:00:53.069,2025-08-01T02:01:01.069,2025-08-01T02:00:57.069,8.0,-49.7,13.5,96.6285,87.4279,87.5079,87.4326,87.5535,86.417,86.417,CLASS_add_scds.pro,2.1,71,1,"0,1,2,3,4,5,6,7,8,9,10,11,12,13,14,15,",88.1348,83.2883,86.9681,76.205,86.7222,89.9837,87.7576,102.969,1.70855712890625,0.0352340926363544,1.662109375,1.76025390625,3499.125,72.15942171925398,8
ch2_cla_l1_20250801T020101069_20250801T020109069.fits,/home/saurabh/moon_project/data/CLASS/ch2_cla_l1_2025_08/cla/data/calibrated/2025/08/01/ch2_cla_l1_20250801T020101069_20250801T020109069.fits,2025-08-01T02:01:01.069,2025-08-01T02:01:09.069,2025-08-01T02:01:05.069,8.0,-49.7,13.5,96.76,87.0456,84.4976,87.0506,84.5326,86.0655,86.0655,CLASS_add_scds.pro,2.1,72,1,"0,1,2,3,4,5,6,7,8,9,10,11,12,13,14,15,",87.7435,80.0572,86.5654,74.8909,86.3463,87.2999,87.4225,97.4146,1.7662353515625,0.0430145020094116,1.7001953125,1.83251953125,3617.25,88.09370011527498,8
ch2_cla_l1_20250801T020109069_20250801T020117069.fits,/home/saurabh/moon_project/data/CLASS/ch2_cla_l1_2025_08/cla/data/calibrated/2025/08/01/ch2_cla_l1_20250801T020109069_20250801T020117069.fits,2025-08-01T02:01:09.069,2025-08-01T02:01:17.069,2025-08-01T02:01:13.069,8.0,-49.8,13.5,96.8916,86.6572,82.1814,86.6622,82.2093,85.7141,85.7141,CLASS_add_scds.pro,2.1,73,1,"0,1,2,3,4,5,6,7,8,9,10,11,12,13,14,15,",87.3469,77.7831,86.1618,73.8526,85.9642,85.1209,87.0687,93.1658,1.71527099609375,0.0438673023338353,1.64501953125,1.77978515625,3512.875,89.84023517969472,8
ch2_cla_l1_20250801T020117069_20250801T020125069.fits,/home/saurabh/moon_project/data/CLASS/ch2_cla_l1_2025_08/cla/data/calibrated/2025/08/01/ch2_cla_l1_20250801T020117069_20250801T020125069.fits,2025-08-01T02:01:17.069,2025-08-01T02:01:25.069,2025-08-01T02:01:21.069,8.0,-49.8,13.5,97.0232,86.2644,80.3492,86.2697,80.3715,85.3628,85.3628,CLASS_add_scds.pro,2.1,74,1,"0,1,2,3,4,5,6,7,8,9,10,11,12,13,14,15,",86.9477,76.1042,85.7568,73.0116,85.577,83.3202,86.7026,89.8491,1.77374267578125,0.052072682881185,1.6875,1.84619140625,3632.625,106.6448545406669,8
ch2_cla_l1_20250801T020125069_20250801T020133069.fits,/home/saurabh/moon_project/data/CLASS/ch2_cla_l1_2025_08/cla/data/calibrated/2025/08/01/ch2_cla_l1_20250801T020125069_20250801T020133069.fits,2025-08-01T02:01:25.069,2025-08-01T02:01:33.069,2025-08-01T02:01:29.069,8.0,-49.9,13.5,97.1549,85.8687,78.8663,85.8739,78.8851,85.0116,85.0116,CLASS_add_scds.pro,2.1,75,1,"0,1,2,3,4,5,6,7,8,9,10,11,12,13,14,15,",86.5461,74.8128,85.3512,72.3165,85.1862,81.8103,86.3274,87.1998,1.67181396484375,0.1103859521109956,1.50634765625,1.82177734375,3423.875,226.07042992331895,8
ch2_cla_l1_20250801T020133069_20250801T020141069.fits,/home/saurabh/moon_project/data/CLASS/ch2_cla_l1_2025_08/cla/data/calibrated/2025/08/01/ch2_cla_l1_20250801T020133069_20250801T020141069.fits,2025-08-01T02:01:33.069,2025-08-01T02:01:41.069,2025-08-01T02:01:37.069,8.0,-49.9,13.5,97.2867,85.4708,77.6428,85.4759,77.6591,84.6606,84.6606,CLASS_add_scds.pro,2.1,76,1,"0,1,2,3,4,5,6,7,8,9,10,11,12,13,14,15,",86.1432,73.7901,84.9451,71.7321,84.7927,80.5272,85.9459,85.0452,1.6322021484375,0.0719547137710311,1.5478515625,1.74560546875,3342.75,147.36325380307187,8
ch2_cla_l1_20250801T020141069_20250801T020149069.fits,/home/saurabh/moon_project/data/CLASS/ch2_cla_l1_2025_08/cla/data/calibrated/2025/08/01/ch2_cla_l1_20250801T020141069_20250801T020149069.fits,2025-08-01T02:01:41.069,2025-08-01T02:01:49.069,2025-08-01T02:01:45.069,8.0,-49.9,13.5,97.4186,85.0711,76.617,85.0763,76.6308,84.3096,84.3096,CLASS_add_scds.pro,2.1,77,1,"0,1,2,3,4,5,6,7,8,9,10,11,12,13,14,15,",85.7394,72.96,84.5388,71.2345,84.3972,79.4251,85.5598,83.2626,1.6285400390625,0.1057260593831962,1.48388671875,1.783203125,3335.25,216.526969616786,8
ch2_cla_l1_20250801T020149069_20250801T020157069.fits,/home/saurabh/moon_project/data/CLASS/ch2_cla_l1_2025_08/cla/data/calibrated/2025/08/01/ch2_cla_l1_20250801T020149069_20250801T020157069.fits,2025-08-01T02:01:49.069,2025-08-01T02:01:57.069,2025-08-01T02:01:53.069,8.0,-49.9,13.5,97.5506,84.6702,75.7448,84.6754,75.7565,83.9588,83.9588,CLASS_add_scds.pro,2.1,78,1,"0,1,2,3,4,5,6,7,8,9,10,11,12,13,14,15,",85.3352,72.2739,84.1322,70.8046,84.0,78.4677,85.1703,81.7672,1.65509033203125,0.0725201282371708,1.5654296875,1.76318359375,3389.625,148.5212226297258,8
ch2_cla_l1_20250801T020157069_20250801T020205069.fits,/home/saurabh/moon_project/data/CLASS/ch2_cla_l1_2025_08/cla/data/calibrated/2025/08/01/ch2_cla_l1_20250801T020157069_20250801T020205069.fits,2025-08-01T02:01:57.069,2025-08-01T02:02:05.069,2025-08-01T02:02:01.069,8.0,-49.9,13.5,97.6825,84.2684,74.9943,84.2737,75.004,83.6082,83.6082,CLASS_add_scds.pro,2.1,79,1,"0,1,2,3,4,5,6,7,8,9,10,11,12,13,14,15,",84.9304,71.6956,83.7253,70.4303,83.6013,77.6293,84.778,80.4945,1.63629150390625,0.1065423605545504,1.4990234375,1.8125,3351.125,218.1987544157194,8
ch2_cla_l1_20250801T020205069_20250801T020213069.fits,/home/saurabh/moon_project/data/CLASS/ch2_cla_l1_2025_08/cla/data/calibrated/2025/08/01/ch2_cla_l1_20250801T020205069_20250801T020213069.fits,2025-08-01T02:02:05.069,2025-08-01T02:02:13.069,2025-08-01T02:02:09.069,8.0,-49.9,13.5,97.8146,83.8657,74.342,83.8709,74.3505,83.2576,83.2576,CLASS_add_scds.pro,2.1,80,1,"0,1,2,3,4,5,6,7,8,9,10,11,12,13,14,15,",84.5252,71.2029,83.3181,70.1014,83.2014,76.8895,84.3836,79.4001,1.650146484375,0.0476725708934406,1.580078125,1.72900390625,3379.5,97.6334251897664,8
ch2_cla_l1_20250801T020213069_20250801T020221069.fits,/home/saurabh/moon_project/data/CLASS/ch2_cla_l1_2025_08/cla/data/calibrated/2025/08/01/ch2_cla_l1_20250801T020213069_20250801T020221069.fits,2025-08-01T02:02:13.069,2025-08-01T02:02:21.069,2025-08-01T02:02:17.069,8.0,-50.0,13.5,97.9467,83.4624,73.7697,83.4676,73.7773,82.9072,82.9072,CLASS_add_scds.pro,2.1,81,1,"0,1,2,3,4,5,6,7,8,9,10,11,12,13,14,15,",84.1196,70.7779,82.9109,69.8098,82.8006,76.2316,83.9873,78.4495,1.65606689453125,0.0582655296908003,1.5673828125,1.74853515625,3391.625,119.3278048067591,8
ch2_cla_l1_20250801T020221069_20250801T020229069.fits,/home/saurabh/moon_project/data/CLASS/ch2_cla_l1_2025_08/cla/data/calibrated/2025/08/01/ch2_cla_l1_20250801T020221069_20250801T020229069.fits,2025-08-01T02:02:21.069,2025-08-01T02:02:29.069,2025-08-01T02:02:25.069,8.0,-50.0,13.5,98.0788,83.0585,73.2636,83.0638,73.2708,82.557,82.557,CLASS_add_scds.pro,2.1,82,1,"0,1,2,3,4,5,6,7,8,9,10,11,12,13,14,15,",83.7139,70.407,82.5037,69.5496,82.3991,75.6432,83.5898,77.6163,1.665771484375,0.0443664714515646,1.59228515625,1.73876953125,3411.5,90.86253353280438,8
ch2_cla_l1_20250801T020229069_20250801T020237069.fits,/home/saurabh/moon_project/data/CLASS/ch2_cla_l1_2025_08/cla/data/calibrated/2025/08/01/ch2_cla_l1_20250801T020229069_20250801T020237069.fits,2025-08-01T02:02:29.069,2025-08-01T02:02:37.069,2025-08-01T02:02:33.069,8.0,-50.0,13.5,98.2109,82.6543,72.8128,82.6596,72.819,82.2069,82.2069,CLASS_add_scds.pro,2.1,83,1,"0,1,2,3,4,5,6,7,8,9,10,11,12,13,14,15,",83.3081,70.0807,82.0962,69.3156,81.9968,75.1133,83.1912,76.8804,1.66461181640625,0.06239060637566,1.5732421875,1.75439453125,3409.125,127.77596185735185,8
ch2_cla_l1_20250801T020237069_20250801T020245069.fits,/home/saurabh/moon_project/data/CLASS/ch2_cla_l1_2025_08/cla/data/calibrated/2025/08/01/ch2_cla_l1_20250801T020237069_20250801T020245069.fits,2025-08-01T02:02:37.069,2025-08-01T02:02:45.069,2025-08-01T02:02:41.069,8.0,-50.0,13.5,98.343,82.2497,72.4088,82.255,72.4146,81.8569,81.8569,CLASS_add_scds.pro,2.1,84,1,"0,1,2,3,4,5,6,7,8,9,10,11,12,13,14,15,",82.902,69.7913,81.6888,69.1038,81.594,74.6335,82.7915,76.2256,1.65771484375,0.0359324196962298,1.603515625,1.7099609375,3395.0,73.58959553787867,8
ch2_cla_l1_20250801T020245069_20250801T020253069.fits,/home/saurabh/moon_project/data/CLASS/ch2_cla_l1_2025_08/cla/data/calibrated/2025/08/01/ch2_cla_l1_20250801T020245069_20250801T020253069.fits,2025-08-01T02:02:45.069,2025-08-01T02:02:53.069,2025-08-01T02:02:49.069,8.0,-50.0,13.5,98.4752,81.8449,72.0445,81.8502,72.0495,81.5071,81.5071,CLASS_add_scds.pro,2.1,85,1,"0,1,2,3,4,5,6,7,8,9,10,11,12,13,14,15,",82.4959,69.5324,81.2813,68.912,81.1908,74.198,82.3911,75.6391,1.69451904296875,0.0501107606928597,1.6103515625,1.75439453125,3470.375,102.62683789897676,8
ch2_cla_l1_20250801T020253069_20250801T020301069.fits,/home/saurabh/moon_project/data/CLASS/ch2_cla_l1_2025_08/cla/data/calibrated/2025/08/01/ch2_cla_l1_20250801T020253069_20250801T020301069.fits,2025-08-01T02:02:53.069,2025-08-01T02:03:01.069,2025-08-01T02:02:57.069,8.0,-50.0,13.5,98.6074,81.4398,71.7145,81.4452,71.7193,81.1575,81.1575,CLASS_add_scds.pro,2.1,86,1,"0,1,2,3,4,5,6,7,8,9,10,11,12,13,14,15,",82.0898,69.3003,80.8737,68.737,80.7871,73.8004,81.9901,75.1116,1.66241455078125,0.0441123572886135,1.5869140625,1.7255859375,3404.625,90.34210772708056,8
ch2_cla_l1_20250801T020301069_20250801T020309069.fits,/home/saurabh/moon_project/data/CLASS/ch2_cla_l1_2025_08/cla/data/calibrated/2025/08/01/ch2_cla_l1_20250801T020301069_20250801T020309069.fits,2025-08-01T02:03:01.069,2025-08-01T02:03:09.069,2025-08-01T02:03:05.069,8.0,-50.0,13.5,98.7395,81.0345,71.414,81.0398,71.4186,80.8081,80.8081,CLASS_add_scds.pro,2.1,87,1,"0,1,2,3,4,5,6,7,8,9,10,11,12,13,14,15,",81.6834,69.0901,80.4662,68.5765,80.3831,73.436,81.5884,74.6337,1.68707275390625,0.0499518008885693,1.625,1.7724609375,3455.125,102.30128821979012,8
ch2_cla_l1_20250801T020309069_20250801T020317069.fits,/home/saurabh/moon_project/data/CLASS/ch2_cla_l1_2025_08/cla/data/calibrated/2025/08/01/ch2_cla_l1_20250801T020309069_20250801T020317069.fits,2025-08-01T02:03:09.069,2025-08-01T02:03:17.069,2025-08-01T02:03:13.069,8.0,-50.0,13.5,98.8717,80.629,71.1392,80.6343,71.1434,80.4588,80.4588,CLASS_add_scds.pro,2.1,88,1,"0,1,2,3,4,5,6,7,8,9,10,11,12,13,14,15,",81.2772,68.8995,80.0587,68.4288,79.9788,73.1007,81.1864,74.1997,1.662109375,0.0609399368860845,1.56103515625,1.75830078125,3404.0,124.80499074270112,8
ch2_cla_l1_20250801T020317069_20250801T020325069.fits,/home/saurabh/moon_project/data/CLASS/ch2_cla_l1_2025_08/cla/data/calibrated/2025/08/01/ch2_cla_l1_20250801T020317069_20250801T020325069.fits,2025-08-01T02:03:17.069,2025-08-01T02:03:25.069,2025-08-01T02:03:21.069,8.0,-50.0,13.5,99.0038,80.2234,70.8869,80.2288,70.8912,80.1097,80.1097,CLASS_add_scds.pro,2.1,89,1,"0,1,2,3,4,5,6,7,8,9,10,11,12,13,14,15,",80.8709,68.7255,79.6511,68.2925,79.5742,72.7912,80.784,73.8033,1.7230224609375,0.0636066821825109,1.642578125,1.826171875,3528.75,130.26648510978234,8
ch2_cla_l1_20250801T020325069_20250801T020333069.fits,/home/saurabh/moon_project/data/CLASS/ch2_cla_l1_2025_08/cla/data/calibrated/2025/08/01/ch2_cla_l1_20250801T020325069_20250801T020333069.fits,2025-08-01T02:03:25.069,2025-08-01T02:03:33.069,2025-08-01T02:03:29.069,8.0,-50.0,13.5,99.1359,79.8177,70.6545,79.8231,70.6581,79.7608,79.7608,CLASS_add_scds.pro,2.1,90,1,"0,1,2,3,4,5,6,7,8,9,10,11,12,13,14,15,",80.4645,68.5659,79.2437,68.166,79.1695,72.5045,80.3811,73.4397,1.6507568359375,0.0790200326295264,1.5478515625,1.77734375,3380.75,161.83302682527005,8
ch2_cla_l1_20250801T020333069_20250801T020341069.fits,/home/saurabh/moon_project/data/CLASS/ch2_cla_l1_2025_08/cla/data/calibrated/2025/08/01/ch2_cla_l1_20250801T020333069_20250801T020341069.fits,2025-08-01T02:03:33.069,2025-08-01T02:03:41.069,2025-08-01T02:03:37.069,8.0,-50.0,13.5,99.268,79.4119,70.4397,79.4172,70.4429,79.4121,79.4121,CLASS_add_scds.pro,2.1,91,1,"0,1,2,3,4,5,6,7,8,9,10,11,12,13,14,15,",80.0582,68.4187,78.8361,68.0486,78.7645,72.2383,79.9781,73.105,1.7276611328125,0.0734157866405686,1.6298828125,1.8369140625,3538.25,150.35553103988465,8
ch2_cla_l1_20250801T020341069_20250801T020349069.fits,/home/saurabh/moon_project/data/CLASS/ch2_cla_l1_2025_08/cla/data/calibrated/2025/08/01/ch2_cla_l1_20250801T020341069_20250801T020349069.fits,2025-08-01T02:03:41.069,2025-08-01T02:03:49.069,2025-08-01T02:03:45.069,8.0,-50.0,13.5,99.4,79.0061,70.2405,79.0114,70.2437,79.0636,79.0636,CLASS_add_scds.pro,2.1,92,1,"0,1,2,3,4,5,6,7,8,9,10,11,12,13,14,15,",79.6518,68.283,78.4286,67.9393,78.3594,71.9907,79.5747,72.7961,1.67340087890625,0.0793274843867434,1.57177734375,1.787109375,3427.125,162.4626880240506,8
ch2_cla_l1_20250801T020349069_20250801T020357069.fits,/home/saurabh/moon_project/data/CLASS/ch2_cla_l1_2025_08/cla/data/calibrated/2025/08/01/ch2_cla_l1_20250801T020349069_20250801T020357069.fits,2025-08-01T02:03:49.069,2025-08-01T02:03:57.069,2025-08-01T02:03:53.069,8.0,-50.0,13.5,99.532,78.6001,70.0552,78.6055,70.0583,78.7153,78.7153,CLASS_add_scds.pro,2.1,93,1,"0,1,2,3,4,5,6,7,8,9,10,11,12,13,14,15,",79.2456,68.1574,78.0211,67.837,77.9541,71.7594,79.1712,72.5102,1.732177734375,0.0560877078498852,1.642578125,1.81982421875,3547.5,114.86762567656488,8
ch2_cla_l1_20250801T020357069_20250801T020405069.fits,/home/saurabh/moon_project/data/CLASS/ch2_cla_l1_2025_08/cla/data/calibrated/2025/08/01/ch2_cla_l1_20250801T020357069_20250801T020405069.fits,2025-08-01T02:03:57.069,2025-08-01T02:04:05.069,2025-08-01T02:04:01.069,8.0,-50.0,13.5,99.6639,78.1942,69.8825,78.1995,69.8853,78.3672,78.3672,CLASS_add_scds.pro,2.1,94,1,"0,1,2,3,4,5,6,7,8,9,10,11,12,13,14,15,",78.8392,68.0406,77.6137,67.7412,77.5488,71.5429,78.7674,72.2445,1.6778564453125,0.0549365232205054,1.5966796875,1.75146484375,3436.25,112.50999955559506,8
ch2_cla_l1_20250801T020405069_20250801T020413069.fits,/home/saurabh/moon_project/data/CLASS/ch2_cla_l1_2025_08/cla/data/calibrated/2025/08/01/ch2_cla_l1_20250801T020405069_20250801T020413069.fits,2025-08-01T02:04:05.069,2025-08-01T02:04:13.069,2025-08-01T02:04:09.069,8.0,-50.1,13.5,99.7957,77.7882,69.721,77.7935,69.7236,78.0193,78.0193,CLASS_add_scds.pro,2.1,95,1,"0,1,2,3,4,5,6,7,8,9,10,11,12,13,14,15,",78.4329,67.9315,77.2061,67.6512,77.1432,71.3399,78.3635,71.997,1.73736572265625,0.0455157433854801,1.6689453125,1.80517578125,3558.125,93.21624245346332,8
ch2_cla_l1_20250801T020413069_20250801T020421069.fits,/home/saurabh/moon_project/data/CLASS/ch2_cla_l1_2025_08/cla/data/calibrated/2025/08/01/ch2_cla_l1_20250801T020413069_20250801T020421069.fits,2025-08-01T02:04:13.069,2025-08-01T02:04:21.069,2025-08-01T02:04:17.069,8.0,-50.1,13.5,99.9275,77.3821,69.5697,77.3873,69.572,77.6716,77.6716,CLASS_add_scds.pro,2.1,96,1,"0,1,2,3,4,5,6,7,8,9,10,11,12,13,14,15,",78.0265,67.8294,76.7988,67.5666,76.7376,71.1493,77.9593,71.7657,1.7166748046875,0.0781057061485536,1.611328125,1.86083984375,3515.75,159.96048619223794,8
ch2_cla_l1_20250801T020421069_20250801T020429069.fits,/home/saurabh/moon_project/data/CLASS/ch2_cla_l1_2025_08/cla/data/calibrated/2025/08/01/ch2_cla_l1_20250801T020421069_20250801T020429069.fits,2025-08-01T02:04:21.069,2025-08-01T02:04:29.069,2025-08-01T02:04:25.069,8.0,-50.1,13.5,100.059,76.9761,69.4276,76.9813,69.4298,77.3242,77.3242,CLASS_add_scds.pro,2.1,97,1,"0,1,2,3,4,5,6,7,8,9,10,11,12,13,14,15,",77.6203,67.7342,76.3914,67.4869,76.332,70.9699,77.5552,71.5497,1.7427978515625,0.0338057006897701,1.69677734375,1.78955078125,3569.25,69.23407501264924,8
ch2_cla_l1_20250801T020429069_20250801T020437069.fits,/home/saurabh/moon_project/data/CLASS/ch2_cla_l1_2025_08/cla/data/calibrated/2025/08/01/ch2_cla_l1_20250801T020429069_20250801T020437069.fits,2025-08-01T02:04:29.069,2025-08-01T02:04:37.069,2025-08-01T02:04:33.069,8.0,-50.2,13.5,100.191,76.57,69.294,76.5753,69.2961,76.977,76.977,CLASS_add_scds.pro,2.1,98,1,"0,1,2,3,4,5,6,7,8,9,10,11,12,13,14,15,",77.2141,67.6444,75.9842,67.4115,75.9263,70.8006,77.151,71.3469,1.70440673828125,0.0505641025354598,1.64599609375,1.791015625,3490.625,103.55528199262184,8
ch2_cla_l1_20250801T020437069_20250801T020445069.fits,/home/saurabh/moon_project/data/CLASS/ch2_cla_l1_2025_08/cla/data/calibrated/2025/08/01/ch2_cla_l1_20250801T020437069_20250801T020445069.fits,2025-08-01T02:04:37.069,2025-08-01T02:04:45.069,2025-08-01T02:04:41.069,8.0,-50.1,13.5,100.322,76.1639,69.1679,76.1693,69.1702,76.63,76.63,CLASS_add_scds.pro,2.1,99,1,"0,1,2,3,4,5,6,7,8,9,10,11,12,13,14,15,",76.808,67.5603,75.577,67.3402,75.5207,70.6406,76.7466,71.1565,1.7490234375,0.0354946741296026,1.68896484375,1.79345703125,3582.0,72.69309261742627,8
ch2_cla_l1_20250801T020445069_20250801T020453069.fits,/home/saurabh/moon_project/data/CLASS/ch2_cla_l1_2025_08/cla/data/calibrated/2025/08/01/ch2_cla_l1_20250801T020445069_20250801T020453069.fits,2025-08-01T02:04:45.069,2025-08-01T02:04:53.069,2025-08-01T02:04:49.069,8.0,-50.2,13.5,100.454,75.7578,69.0489,75.7634,69.0512,76.2832,76.2832,CLASS_add_scds.pro,2.1,100,1,"0,1,2,3,4,5,6,7,8,9,10,11,12,13,14,15,",76.4019,67.4809,75.1697,67.2726,75.1148,70.4893,76.3423,70.9773,1.74249267578125,0.0644678866834008,1.66015625,1.830078125,3568.625,132.03023192760492,8
ch2_cla_l1_20250801T020453069_20250801T020501069.fits,/home/saurabh/moon_project/data/CLASS/ch2_cla_l1_2025_08/cla/data/calibrated/2025/08/01/ch2_cla_l1_20250801T020453069_20250801T020501069.fits,2025-08-01T02:04:53.069,2025-08-01T02:05:01.069,2025-08-01T02:04:57.069,8.0,-50.2,13.5,100.585,75.3517,68.9363,75.3571,68.9383,75.9367,75.9367,CLASS_add_scds.pro,2.1,101,1,"0,1,2,3,4,5,6,7,8,9,10,11,12,13,14,15,",75.9958,67.4059,74.7624,67.2083,74.7089,70.3456,75.9377,70.8081,1.73736572265625,0.0531560198195088,1.65869140625,1.826171875,3558.125,108.86352859035416,8
ch2_cla_l1_20250801T020501069_20250801T020509069.fits,/home/saurabh/moon_project/data/CLASS/ch2_cla_l1_2025_08/cla/data/calibrated/2025/08/01/ch2_cla_l1_20250801T020501069_20250801T020509069.fits,2025-08-01T02:05:01.069,2025-08-01T02:05:09.069,2025-08-01T02:05:05.069,8.0,-50.2,13.5,100.716,74.9457,68.8296,74.9511,68.8314,75.5905,75.5905,CLASS_add_scds.pro,2.1,102,1,"0,1,2,3,4,5,6,7,8,9,10,11,12,13,14,15,",75.5896,67.3346,74.3554,67.147,74.3031,70.2093,75.5331,70.6481,1.748291015625,0.0760886607618127,1.61865234375,1.86279296875,3580.5,155.82957724019258,8
ch2_cla_l1_20250801T020509069_20250801T020517069.fits,/home/saurabh/moon_project/data/CLASS/ch2_cla_l1_2025_08/cla/data/calibrated/2025/08/01/ch2_cla_l1_20250801T020509069_20250801T020517069.fits,2025-08-01T02:05:09.069,2025-08-01T02:05:17.069,2025-08-01T02:05:13.069,8.0,-50.3,13.5,100.848,74.5396,68.7283,74.545,68.73,75.2445,75.2445,CLASS_add_scds.pro,2.1,103,1,"0,1,2,3,4,5,6,7,8,9,10,11,12,13,14,15,",75.1836,67.2672,73.9482,67.0889,73.8972,70.0799,75.1285,70.4967,1.7574462890625,0.0604318677949407,1.658203125,1.8369140625,3599.25,123.76446524403867,8
ch2_cla_l1_20250801T020517069_20250801T020525069.fits,/home/saurabh/moon_project/data/CLASS/ch2_cla_l1_2025_08/cla/data/calibrated/2025/08/01/ch2_cla_l1_20250801T020517069_20250801T020525069.fits,2025-08-01T02:05:17.069,2025-08-01T02:05:25.069,2025-08-01T02:05:21.069,8.0,-50.3,13.5,100.979,74.1336,68.632,74.139,68.6338,74.8987,74.8987,CLASS_add_scds.pro,2.1,104,1,"0,1,2,3,4,5,6,7,8,9,10,11,12,13,14,15,",74.7776,67.2032,73.5412,67.0334,73.4913,69.9567,74.7239,70.3532,1.74822998046875,0.0806768543784647,1.60498046875,1.87353515625,3580.375,165.22619776709573,8
ch2_cla_l1_20250801T020525069_20250801T020533069.fits,/home/saurabh/moon_project/data/CLASS/ch2_cla_l1_2025_08/cla/data/calibrated/2025/08/01/ch2_cla_l1_20250801T020525069_20250801T020533069.fits,2025-08-01T02:05:25.069,2025-08-01T02:05:33.069,2025-08-01T02:05:29.069,8.0,-50.3,13.5,101.109,73.7275,68.5404,73.7329,68.5419,74.5533,74.5533,CLASS_add_scds.pro,2.1,105,1,"0,1,2,3,4,5,6,7,8,9,10,11,12,13,14,15,",74.3717,67.1423,73.1341,66.9802,73.0853,69.8391,74.3192,70.2171,1.75140380859375,0.0745965905317316,1.64892578125,1.85595703125,3586.875,152.7738174089863,8
ch2_cla_l1_20250801T020533069_20250801T020541069.fits,/home/saurabh/moon_project/data/CLASS/ch2_cla_l1_2025_08/cla/data/calibrated/2025/08/01/ch2_cla_l1_20250801T020533069_20250801T020541069.fits,2025-08-01T02:05:33.069,2025-08-01T02:05:41.069,2025-08-01T02:05:37.069,8.0,-50.3,13.5,101.24,73.3215,68.453,73.3269,68.4545,74.2081,74.2081,CLASS_add_scds.pro,2.1,106,1,"0,1,2,3,4,5,6,7,8,9,10,11,12,13,14,15,",73.9657,67.084,72.7271,66.9295,72.6794,69.727,73.9145,70.0874,1.7730712890625,0.0779520572907861,1.6416015625,1.8984375,3631.25,159.64581333152998,8
ch2_cla_l1_20250801T020541069_20250801T020549069.fits,/home/saurabh/moon_project/data/CLASS/ch2_cla_l1_2025_08/cla/data/calibrated/2025/08/01/ch2_cla_l1_20250801T020541069_20250801T020549069.fits,2025-08-01T02:05:41.069,2025-08-01T02:05:49.069,2025-08-01T02:05:45.069,8.0,-50.3,13.5,101.371,72.9155,68.3697,72.9209,68.3711,73.8631,73.8631,CLASS_add_scds.pro,2.1,107,1,"0,1,2,3,4,5,6,7,8,9,10,11,12,13,14,15,",73.5598,67.0287,72.3202,66.8809,72.2735,69.6199,73.5098,69.9641,1.70587158203125,0.0873300020086233,1.5810546875,1.85205078125,3493.625,178.85184411366058,8
ch2_cla_l1_20250801T020549069_20250801T020557069.fits,/home/saurabh/moon_project/data/CLASS/ch2_cla_l1_2025_08/cla/data/calibrated/2025/08/01/ch2_cla_l1_20250801T020549069_20250801T020557069.fits,2025-08-01T02:05:49.069,2025-08-01T02:05:57.069,2025-08-01T02:05:53.069,8.0,-50.3,13.5,101.501,72.5096,68.29,72.515,68.2913,73.5185,73.5185,CLASS_add_scds.pro,2.1,108,1,"0,1,2,3,4,5,6,7,8,9,10,11,12,13,14,15,",73.154,66.9758,71.9134,66.8344,71.8676,69.5175,73.1051,69.8467,1.65283203125,0.0708841969353845,1.533203125,1.75390625,3385.0,145.17083532366763,8
ch2_cla_l1_20250801T020557069_20250801T020605069.fits,/home/saurabh/moon_project/data/CLASS/ch2_cla_l1_2025_08/cla/data/calibrated/2025/08/01/ch2_cla_l1_20250801T020557069_20250801T020605069.fits,2025-08-01T02:05:57.069,2025-08-01T02:06:05.069,2025-08-01T02:06:01.069,8.0,-50.4,13.5,101.632,72.1037,68.2139,72.1091,68.2151,73.1742,73.1742,CLASS_add_scds.pro,2.1,109,1,"0,1,2,3,4,5,6,7,8,9,10,11,12,13,14,15,",72.7483,66.9251,71.5065,66.7896,71.4616,69.4194,72.7004,69.7344,1.629638671875,0.0440165593086661,1.56494140625,1.703125,3337.5,90.14591346414832,8
ch2_cla_l1_20250801T020605069_20250801T020613069.fits,/home/saurabh/moon_project/data/CLASS/ch2_cla_l1_2025_08/cla/data/calibrated/2025/08/01/ch2_cla_l1_20250801T020605069_20250801T020613069.fits,2025-08-01T02:06:05.069,2025-08-01T02:06:13.069,2025-08-01T02:06:09.069,8.0,-50.3,13.5,101.762,71.6978,68.1409,71.7031,68.1422,72.8301,72.8301,CLASS_add_scds.pro,2.1,110,1,"0,1,2,3,4,5,6,7,8,9,10,11,12,13,14,15,",72.3425,66.8767,71.0996,66.7467,71.0557,69.3254,72.2956,69.6273,1.69189453125,0.0739152482205353,1.5458984375,1.78466796875,3465.0,151.37842835565633,8
ch2_cla_l1_20250801T020613069_20250801T020621069.fits,/home/saurabh/moon_project/data/CLASS/ch2_cla_l1_2025_08/cla/data/calibrated/2025/08/01/ch2_cla_l1_20250801T020613069_20250801T020621069.fits,2025-08-01T02:06:13.069,2025-08-01T02:06:21.069,2025-08-01T02:06:17.069,8.0,-50.3,13.5,101.892,71.2919,68.071,71.2973,68.0723,72.4864,72.4864,CLASS_add_scds.pro,2.1,111,1,"0,1,2,3,4,5,6,7,8,9,10,11,12,13,14,15,",71.9367,66.8302,70.693,66.7054,70.6498,69.2354,71.8908,69.5248,1.63323974609375,0.0318453481474512,1.57958984375,1.68115234375,3344.875,65.21927300598016,8
ch2_cla_l1_20250801T020621069_20250801T020629069.fits,/home/saurabh/moon_project/data/CLASS/ch2_cla_l1_2025_08/cla/data/calibrated/2025/08/01/ch2_cla_l1_20250801T020621069_20250801T020629069.fits,2025-08-01T02:06:21.069,2025-08-01T02:06:29.069,2025-08-01T02:06:25.069,8.0,-50.4,13.5,102.022,70.8861,68.0038,70.8915,68.005,72.1429,72.1429,CLASS_add_scds.pro,2.1,112,1,"0,1,2,3,4,5,6,7,8,9,10,11,12,13,14,15,",71.5312,66.7858,70.2863,66.6656,70.2439,69.1488,71.4862,69.4269,1.6895751953125,0.0396602132599604,1.63037109375,1.75,3460.25,81.22411675639904,8
ch2_cla_l1_20250801T020629069_20250801T020637069.fits,/home/saurabh/moon_project/data/CLASS/ch2_cla_l1_2025_08/cla/data/calibrated/2025/08/01/ch2_cla_l1_20250801T020629069_20250801T020637069.fits,2025-08-01T02:06:29.069,2025-08-01T02:06:37.069,2025-08-01T02:06:33.069,8.0,-50.4,13.5,102.151,70.4803,67.9394,70.4857,67.9406,71.7998,71.7998,CLASS_add_scds.pro,2.1,113,1,"0,1,2,3,4,5,6,7,8,9,10,11,12,13,14,15,",71.1256,66.7429,69.8797,66.6273,69.8381,69.0656,71.0814,69.3328,1.6378173828125,0.0324107270764322,1.5927734375,1.68408203125,3354.25,66.3771690525332,8
ch2_cla_l1_20250801T020637069_20250801T020645069.fits,/home/saurabh/moon_project/data/CLASS/ch2_cla_l1_2025_08/cla/data/calibrated/2025/08/01/ch2_cla_l1_20250801T020637069_20250801T020645069.fits,2025-08-01T02:06:37.069,2025-08-01T02:06:45.069,2025-08-01T02:06:41.069,8.0,-50.4,13.5,102.281,70.0745,67.8774,70.0799,67.8784,71.457,71.457,CLASS_add_scds.pro,2.1,114,1,"0,1,2,3,4,5,6,7,8,9,10,11,12,13,14,15,",70.7201,66.7016,69.4731,66.5902,69.4322,68.9855,70.6767,69.2426,1.7088623046875,0.0347986349323553,1.65185546875,1.7578125,3499.75,71.2676043414638,8
ch2_cla_l1_20250801T020645069_20250801T020653069.fits,/home/saurabh/moon_project/data/CLASS/ch2_cla_l1_2025_08/cla/data/calibrated/2025/08/01/ch2_cla_l1_20250801T020645069_20250801T020653069.fits,2025-08-01T02:06:45.069,2025-08-01T02:06:53.069,2025-08-01T02:06:49.069,8.0,-50.4,13.5,102.41,69.6688,67.8177,69.6743,67.8189,71.1145,71.1145,CLASS_add_scds.pro,2.1,115,1,"0,1,2,3,4,5,6,7,8,9,10,11,12,13,14,15,",70.3145,66.662,69.0666,66.5545,69.0264,68.9085,70.272,69.156,1.6314697265625,0.0551598835840106,1.53955078125,1.70556640625,3341.25,112.96744158005374,8
ch2_cla_l1_20250801T020653069_20250801T020701069.fits,/home/saurabh/moon_project/data/CLASS/ch2_cla_l1_2025_08/cla/data/calibrated/2025/08/01/ch2_cla_l1_20250801T020653069_20250801T020701069.fits,2025-08-01T02:06:53.069,2025-08-01T02:07:01.069,2025-08-01T02:06:57.069,8.0,-50.4,13.5,102.539,69.2631,67.7603,69.2685,67.7613,70.7724,70.7724,CLASS_add_scds.pro,2.1,116,1,"0,1,2,3,4,5,6,7,8,9,10,11,12,13,14,15,",69.9091,66.6237,68.6601,66.52,68.6206,68.8342,69.8674,69.0727,1.70172119140625,0.0622441299459055,1.59716796875,1.78857421875,3485.125,127.4759781292146,8
ch2_cla_l1_20250801T020701069_20250801T020709069.fits,/home/saurabh/moon_project/data/CLASS/ch2_cla_l1_2025_08/cla/data/calibrated/2025/08/01/ch2_cla_l1_20250801T020701069_20250801T020709069.fits,2025-08-01T02:07:01.069,2025-08-01T02:07:09.069,2025-08-01T02:07:05.069,8.0,-50.4,13.5,102.668,68.8575,67.7049,68.8629,67.7059,70.4306,70.4306,CLASS_add_scds.pro,2.1,117,1,"0,1,2,3,4,5,6,7,8,9,10,11,12,13,14,15,",69.5037,66.5867,68.2536,66.4866,68.2148,68.7627,69.4627,68.9925,1.6610107421875,0.0428471019880872,1.5927734375,1.73095703125,3401.75,87.75086487160274,8
ch2_cla_l1_20250801T020709069_20250801T020717069.fits,/home/saurabh/moon_project/data/CLASS/ch2_cla_l1_2025_08/cla/data/calibrated/2025/08/01/ch2_cla_l1_20250801T020709069_20250801T020717069.fits,2025-08-01T02:07:09.069,2025-08-01T02:07:17.069,2025-08-01T02:07:13.069,8.0,-50.4,13.5,102.797,68.4519,67.6515,68.4573,67.6525,70.0892,70.0892,CLASS_add_scds.pro,2.1,118,1,"0,1,2,3,4,5,6,7,8,9,10,11,12,13,14,15,",69.0983,66.5511,67.8473,66.4543,67.8092,68.6937,69.058,68.9155,1.70458984375,0.06864526871502,1.6201171875,1.802734375,3491.0,140.58551032836107,8
ch2_cla_l1_20250801T020717069_20250801T020725069.fits,/home/saurabh/moon_project/data/CLASS/ch2_cla_l1_2025_08/cla/data/calibrated/2025/08/01/ch2_cla_l1_20250801T020717069_20250801T020725069.fits,2025-08-01T02:07:17.069,2025-08-01T02:07:25.069,2025-08-01T02:07:21.069,8.0,-50.4,13.5,102.925,68.0463,67.5999,68.0518,67.6008,69.7481,69.7481,CLASS_add_scds.pro,2.1,119,1,"0,1,2,3,4,5,6,7,8,9,10,11,12,13,14,15,",68.6931,66.5166,67.441,66.423,67.4034,68.6269,68.6535,68.8411,1.67022705078125,0.0864748072946961,1.54443359375,1.77734375,3420.625,177.10040533953776,8
ch2_cla_l1_20250801T020725069_20250801T020733069.fits,/home/saurabh/moon_project/data/CLASS/ch2_cla_l1_2025_08/cla/data/calibrated/2025/08/01/ch2_cla_l1_20250801T020725069_20250801T020733069.fits,2025-08-01T02:07:25.069,2025-08-01T02:07:33.069,2025-08-01T02:07:29.069,8.0,-50.4,13.5,103.053,67.6408,67.55,67.6463,67.5509,69.4073,69.4073,CLASS_add_scds.pro,2.1,120,1,"0,1,2,3,4,5,6,7,8,9,10,11,12,13,14,15,",68.2878,66.4832,67.0347,66.3926,66.9977,68.5625,68.2489,68.7694,1.71307373046875,0.0819310984726,1.607421875,1.85302734375,3508.375,167.79488967188482,8
ch2_cla_l1_20250801T020733069_20250801T020741069.fits,/home/saurabh/moon_project/data/CLASS/ch2_cla_l1_2025_08/cla/data/calibrated/2025/08/01/ch2_cla_l1_20250801T020733069_20250801T020741069.fits,2025-08-01T02:07:33.069,2025-08-01T02:07:41.069,2025-08-01T02:07:37.069,8.0,-50.4,13.5,103.182,67.2353,67.5018,67.2408,67.5027,69.067,69.067,CLASS_add_scds.pro,2.1,121,1,"0,1,2,3,4,5,6,7,8,9,10,11,12,13,14,15,",67.8826,66.451,66.6285,66.3632,66.5921,68.5002,67.8443,68.7003,1.70184326171875,0.1041585078904401,1.55078125,1.85595703125,3485.375,213.3166241596213,8
ch2_cla_l1_20250801T020741069_20250801T020749069.fits,/home/saurabh/moon_project/data/CLASS/ch2_cla_l1_2025_08/cla/data/calibrated/2025/08/01/ch2_cla_l1_20250801T020741069_20250801T020749069.fits,2025-08-01T02:07:41.069,2025-08-01T02:07:49.069,2025-08-01T02:07:45.069,8.0,-50.4,13.5,103.309,66.8299,67.4552,66.8354,67.456,68.727,68.727,CLASS_add_scds.pro,2.1,122,1,"0,1,2,3,4,5,6,7,8,9,10,11,12,13,14,15,",67.4775,66.4198,66.2224,66.3347,66.1865,68.4399,67.4397,68.6336,1.69622802734375,0.0436103284557515,1.6298828125,1.7685546875,3473.875,89.31395267737926,8
ch2_cla_l1_20250801T020749069_20250801T020757069.fits,/home/saurabh/moon_project/data/CLASS/ch2_cla_l1_2025_08/cla/data/calibrated/2025/08/01/ch2_cla_l1_20250801T020749069_20250801T020757069.fits,2025-08-01T02:07:49.069,2025-08-01T02:07:57.069,2025-08-01T02:07:53.069,8.0,-50.4,13.5,103.437,66.4245,67.4101,66.43,67.4109,68.3874,68.3874,CLASS_add_scds.pro,2.1,123,1,"0,1,2,3,4,5,6,7,8,9,10,11,12,13,14,15,",67.0725,66.3896,65.8162,66.3069,65.7809,68.3816,67.0353,68.5692,1.708251953125,0.05917793785721,1.61572265625,1.8076171875,3498.5,121.19641673156607,8
ch2_cla_l1_20250801T020757069_20250801T020805069.fits,/home/saurabh/moon_project/data/CLASS/ch2_cla_l1_2025_08/cla/data/calibrated/2025/08/01/ch2_cla_l1_20250801T020757069_20250801T020805069.fits,2025-08-01T02:07:57.069,2025-08-01T02:08:05.069,2025-08-01T02:08:01.069,8.0,-50.4,13.5,103.564,66.0191,67.3663,66.0246,67.3672,68.0482,68.0482,CLASS_add_scds.pro,2.1,124,1,"0,1,2,3,4,5,6,7,8,9,10,11,12,13,14,15,",66.6673,66.3601,65.4102,66.28,65.3753,68.3251,66.6307,68.5067,1.7197265625,0.0466185320221667,1.65087890625,1.78857421875,3522.0,95.47475358139748,8
ch2_cla_l1_20250801T020805069_20250801T020813069.fits,/home/saurabh/moon_project/data/CLASS/ch2_cla_l1_2025_08/cla/data/calibrated/2025/08/01/ch2_cla_l1_20250801T020805069_20250801T020813069.fits,2025-08-01T02:08:05.069,2025-08-01T02:08:13.069,2025-08-01T02:08:09.069,8.0,-50.4,13.5,103.691,65.6138,67.3239,65.6194,67.3248,67.7094,67.7094,CLASS_add_scds.pro,2.1,125,1,"0,1,2,3,4,5,6,7,8,9,10,11,12,13,14,15,",66.2624,66.3317,65.0041,66.2537,64.9698,68.2702,66.2263,68.4465,1.7138671875,0.0738341037119991,1.623046875,1.83544921875,3510.0,151.21224440217418,8
ch2_cla_l1_20250801T020813069_20250801T020821069.fits,/home/saurabh/moon_project/data/CLASS/ch2_cla_l1_2025_08/cla/data/calibrated/2025/08/01/ch2_cla_l1_20250801T020813069_20250801T020821069.fits,2025-08-01T02:08:13.069,2025-08-01T02:08:21.069,2025-08-01T02:08:17.069,8.0,-50.4,13.5,103.818,65.2086,67.2828,65.2141,67.2835,67.371,67.371,CLASS_add_scds.pro,2.1,126,1,"0,1,2,3,4,5,6,7,8,9,10,11,12,13,14,15,",65.8573,66.3039,64.5983,66.2283,64.5644,68.2172,65.8218,68.3879,1.70831298828125,0.035540643981299,1.66015625,1.7666015625,3498.625,72.78723887370055,8
ch2_cla_l1_20250801T020821069_20250801T020829069.fits,/home/saurabh/moon_project/data/CLASS/ch2_cla_l1_2025_08/cla/data/calibrated/2025/08/01/ch2_cla_l1_20250801T020821069_20250801T020829069.fits,2025-08-01T02:08:21.069,2025-08-01T02:08:29.069,2025-08-01T02:08:25.069,8.0,-50.4,13.5,103.945,64.8034,67.2428,64.8089,67.2436,67.033,67.033,CLASS_add_scds.pro,2.1,127,1,"0,1,2,3,4,5,6,7,8,9,10,11,12,13,14,15,",65.4526,66.2771,64.1925,66.2034,64.159,68.1656,65.4175,68.3314,1.73004150390625,0.0630687651446006,1.63525390625,1.80859375,3543.125,129.16483101614222,8
ch2_cla_l1_20250801T020829069_20250801T020837069.fits,/home/saurabh/moon_project/data/CLASS/ch2_cla_l1_2025_08/cla/data/calibrated/2025/08/01/ch2_cla_l1_20250801T020829069_20250801T020837069.fits,2025-08-01T02:08:29.069,2025-08-01T02:08:37.069,2025-08-01T02:08:33.069,8.0,-50.4,13.5,104.071,64.3982,67.2041,64.4037,67.2047,66.6954,66.6954,CLASS_add_scds.pro,2.1,128,1,"0,1,2,3,4,5,6,7,8,9,10,11,12,13,14,15,",65.0479,66.251,63.7867,66.179,63.7537,68.1154,65.0133,68.2767,1.72442626953125,0.0355368104397304,1.67724609375,1.78466796875,3531.625,72.77938778056796,8
ch2_cla_l1_20250801T020837069_20250801T020845069.fits,/home/saurabh/moon_project/data/CLASS/ch2_cla_l1_2025_08/cla/data/calibrated/2025/08/01/ch2_cla_l1_20250801T020837069_20250801T020845069.fits,2025-08-01T02:08:37.069,2025-08-01T02:08:45.069,2025-08-01T02:08:41.069,8.0,-50.4,13.5,104.197,63.9931,67.1664,63.9988,67.1671,66.3582,66.3582,CLASS_add_scds.pro,2.1,129,1,"0,1,2,3,4,5,6,7,8,9,10,11,12,13,14,15,",64.6431,66.2253,63.3808,66.1555,63.3482,68.0668,64.609,68.2232,1.75439453125,0.0481149083245117,1.66796875,1.81689453125,3593.0,98.5393322486001,8
ch2_cla_l1_20250801T020845069_20250801T020853069.fits,/home/saurabh/moon_project/data/CLASS/ch2_cla_l1_2025_08/cla/data/calibrated/2025/08/01/ch2_cla_l1_20250801T020845069_20250801T020853069.fits,2025-08-01T02:08:45.069,2025-08-01T02:08:53.069,2025-08-01T02:08:49.069,8.0,-50.4,13.5,104.323,63.588,67.1297,63.5936,67.1304,66.0215,66.0215,CLASS_add_scds.pro,2.1,130,1,"0,1,2,3,4,5,6,7,8,9,10,11,12,13,14,15,",64.2383,66.2005,62.9751,66.1326,62.9429,68.0196,64.2047,68.1716,1.7171630859375,0.0601256170464925,1.6298828125,1.80712890625,3516.75,123.13726371121663,8
ch2_cla_l1_20250801T020853069_20250801T020901069.fits,/home/saurabh/moon_project/data/CLASS/ch2_cla_l1_2025_08/cla/data/calibrated/2025/08/01/ch2_cla_l1_20250801T020853069_20250801T020901069.fits,2025-08-01T02:08:53.069,2025-08-01T02:09:01.069,2025-08-01T02:08:57.069,8.0,-50.4,13.5,104.448,63.183,67.0941,63.1886,67.0948,65.6853,65.6853,CLASS_add_scds.pro,2.1,131,1,"0,1,2,3,4,5,6,7,8,9,10,11,12,13,14,15,",63.8336,66.1765,62.5694,66.11,62.5376,67.9736,63.8004,68.1216,1.77215576171875,0.0655929058770698,1.6884765625,1.86865234375,3629.375,134.334271236239,8
ch2_cla_l1_20250801T020901069_20250801T020909069.fits,/home/saurabh/moon_project/data/CLASS/ch2_cla_l1_2025_08/cla/data/calibrated/2025/08/01/ch2_cla_l1_20250801T020901069_20250801T020909069.fits,2025-08-01T02:09:01.069,2025-08-01T02:09:09.069,2025-08-01T02:09:05.069,8.0,-50.4,13.5,104.573,62.778,67.0594,62.7836,67.0601,65.3494,65.3494,CLASS_add_scds.pro,2.1,132,1,"0,1,2,3,4,5,6,7,8,9,10,11,12,13,14,15,",63.4289,66.1528,62.1641,66.0881,62.1326,67.929,63.3962,68.0728,1.70782470703125,0.0675796256619319,1.63671875,1.81103515625,3497.625,138.40307335563656,8
ch2_cla_l1_20250801T020909069_20250801T020917069.fits,/home/saurabh/moon_project/data/CLASS/ch2_cla_l1_2025_08/cla/data/calibrated/2025/08/01/ch2_cla_l1_20250801T020909069_20250801T020917069.fits,2025-08-01T02:09:09.069,2025-08-01T02:09:17.069,2025-08-01T02:09:13.069,8.0,-50.4,13.5,104.698,62.3731,67.0256,62.3788,67.0263,65.0141,65.0141,CLASS_add_scds.pro,2.1,133,1,"0,1,2,3,4,5,6,7,8,9,10,11,12,13,14,15,",63.0247,66.13,61.7584,66.0667,61.7273,67.8855,62.9923,68.0257,1.75982666015625,0.0996953128703365,1.58447265625,1.8896484375,3604.125,204.17600075844928,8
ch2_cla_l1_20250801T020917069_20250801T020925069.fits,/home/saurabh/moon_project/data/CLASS/ch2_cla_l1_2025_08/cla/data/calibrated/2025/08/01/ch2_cla_l1_20250801T020917069_20250801T020925069.fits,2025-08-01T02:09:17.069,2025-08-01T02:09:25.069,2025-08-01T02:09:21.069,8.0,-50.3,13.5,104.823,61.9682,66.9927,61.9738,66.9933,64.6792,64.6792,CLASS_add_scds.pro,2.1,134,1,"0,1,2,3,4,5,6,7,8,9,10,11,12,13,14,15,",62.62,66.1075,61.3528,66.0457,61.3221,67.843,62.588,67.9796,1.72161865234375,0.0753050447583033,1.62939453125,1.8330078125,3525.875,154.2247316650052,8
ch2_cla_l1_20250801T020925069_20250801T020933069.fits,/home/saurabh/moon_project/data/CLASS/ch2_cla_l1_2025_08/cla/data/calibrated/2025/08/01/ch2_cla_l1_20250801T020925069_20250801T020933069.fits,2025-08-01T02:09:25.069,2025-08-01T02:09:33.069,2025-08-01T02:09:29.069,8.0,-50.4,13.5,104.947,61.5634,66.9606,61.5691,66.9612,64.3448,64.3448,CLASS_add_scds.pro,2.1,135,1,"0,1,2,3,4,5,6,7,8,9,10,11,12,13,14,15,",62.2154,66.0855,60.9474,66.0252,60.9171,67.8018,62.1839,67.9347,1.794921875,0.0803536913902557,1.6875,1.916015625,3676.0,164.56435996724375,8
ch2_cla_l1_20250801T020933069_20250801T020941069.fits,/home/saurabh/moon_project/data/CLASS/ch2_cla_l1_2025_08/cla/data/calibrated/2025/08/01/ch2_cla_l1_20250801T020933069_20250801T020941069.fits,2025-08-01T02:09:33.069,2025-08-01T02:09:41.069,2025-08-01T02:09:37.069,8.0,-50.2,13.5,105.072,61.1586,66.9294,61.1643,66.9299,64.0108,64.0108,CLASS_add_scds.pro,2.1,136,1,"0,1,2,3,4,5,6,7,8,9,10,11,12,13,14,15,",61.811,66.0641,60.5419,66.0051,60.5119,67.7615,61.7799,67.8912,1.72796630859375,0.054933229453709,1.65380859375,1.8173828125,3538.875,112.50325392119618,8
ch2_cla_l1_20250801T020941069_20250801T020949069.fits,/home/saurabh/moon_project/data/CLASS/ch2_cla_l1_2025_08/cla/data/calibrated/2025/08/01/ch2_cla_l1_20250801T020941069_20250801T020949069.fits,2025-08-01T02:09:41.069,2025-08-01T02:09:49.069,2025-08-01T02:09:45.069,8.0,-50.3,13.5,105.195,60.7539,66.8988,60.7595,66.8994,63.6774,63.6774,CLASS_add_scds.pro,2.1,137,1,"0,1,2,3,4,5,6,7,8,9,10,11,12,13,14,15,",61.4065,66.0431,60.1365,65.9855,60.1069,67.7223,61.3758,67.8486,1.79278564453125,0.0425705229245937,1.7265625,1.86865234375,3671.625,87.18443094956805,8
ch2_cla_l1_20250801T020949069_20250801T020957069.fits,/home/saurabh/moon_project/data/CLASS/ch2_cla_l1_2025_08/cla/data/calibrated/2025/08/01/ch2_cla_l1_20250801T020949069_20250801T020957069.fits,2025-08-01T02:09:49.069,2025-08-01T02:09:57.069,2025-08-01T02:09:53.069,8.0,-50.2,13.5,105.319,60.3492,66.8691,60.3548,66.8696,63.3445,63.3445,CLASS_add_scds.pro,2.1,138,1,"0,1,2,3,4,5,6,7,8,9,10,11,12,13,14,15,",61.0022,66.0226,59.7312,65.9664,59.7019,67.6842,60.9718,67.8073,1.74993896484375,0.055543659370828,1.6767578125,1.83447265625,3583.875,113.7534143914559,8
ch2_cla_l1_20250801T020957069_20250801T021005069.fits,/home/saurabh/moon_project/data/CLASS/ch2_cla_l1_2025_08/cla/data/calibrated/2025/08/01/ch2_cla_l1_20250801T020957069_20250801T021005069.fits,2025-08-01T02:09:57.069,2025-08-01T02:10:05.069,2025-08-01T02:10:01.069,8.0,-50.2,13.5,105.442,59.9445,66.84,59.9501,66.8405,63.0121,63.0121,CLASS_add_scds.pro,2.1,139,1,"0,1,2,3,4,5,6,7,8,9,10,11,12,13,14,15,",60.5979,66.0027,59.326,65.9475,59.297,67.6468,60.5678,67.7671,1.74176025390625,0.0617585135151513,1.65771484375,1.84033203125,3567.125,126.48143567902989,8
ch2_cla_l1_20250801T021005069_20250801T021013069.fits,/home/saurabh/moon_project/data/CLASS/ch2_cla_l1_2025_08/cla/data/calibrated/2025/08/01/ch2_cla_l1_20250801T021005069_20250801T021013069.fits,2025-08-01T02:10:05.069,2025-08-01T02:10:13.069,2025-08-01T02:10:09.069,8.0,-50.2,13.5,105.565,59.5399,66.8116,59.5456,66.8122,62.6802,62.6802,CLASS_add_scds.pro,2.1,140,1,"0,1,2,3,4,5,6,7,8,9,10,11,12,13,14,15,",60.1937,65.9831,58.9207,65.9289,58.892,67.6103,60.1639,67.7278,1.62945556640625,0.0521070108635199,1.5703125,1.72509765625,3337.125,106.71515824848876,8
ch2_cla_l1_20250801T021013069_20250801T021021069.fits,/home/saurabh/moon_project/data/CLASS/ch2_cla_l1_2025_08/cla/data/calibrated/2025/08/01/ch2_cla_l1_20250801T021013069_20250801T021021069.fits,2025-08-01T02:10:13.069,2025-08-01T02:10:21.069,2025-08-01T02:10:17.069,8.0,-50.2,13.5,105.687,59.1354,66.7838,59.141,66.7845,62.3488,62.3488,CLASS_add_scds.pro,2.1,141,1,"0,1,2,3,4,5,6,7,8,9,10,11,12,13,14,15,",59.7894,65.9637,58.5156,65.9111,58.4872,67.5749,59.76,67.6893,1.66998291015625,0.0352253915174969,1.62060546875,1.7177734375,3420.125,72.14160182783381,8
ch2_cla_l1_20250801T021021069_20250801T021029069.fits,/home/saurabh/moon_project/data/CLASS/ch2_cla_l1_2025_08/cla/data/calibrated/2025/08/01/ch2_cla_l1_20250801T021021069_20250801T021029069.fits,2025-08-01T02:10:21.069,2025-08-01T02:10:29.069,2025-08-01T02:10:25.069,8.0,-50.1,13.5,105.81,58.7309,66.7567,58.7365,66.7572,62.018,62.018,CLASS_add_scds.pro,2.1,142,1,"0,1,2,3,4,5,6,7,8,9,10,11,12,13,14,15,",59.3854,65.9452,58.1105,65.8933,58.0824,67.5401,59.3563,67.6522,1.666015625,0.0677879898950358,1.57763671875,1.7666015625,3412.0,138.8298033050335,8
ch2_cla_l1_20250801T021029069_20250801T021037069.fits,/home/saurabh/moon_project/data/CLASS/ch2_cla_l1_2025_08/cla/data/calibrated/2025/08/01/ch2_cla_l1_20250801T021029069_20250801T021037069.fits,2025-08-01T02:10:29.069,2025-08-01T02:10:37.069,2025-08-01T02:10:33.069,8.0,-50.1,13.5,105.932,58.3264,66.7301,58.3321,66.7307,61.6877,61.6877,CLASS_add_scds.pro,2.1,143,1,"0,1,2,3,4,5,6,7,8,9,10,11,12,13,14,15,",58.9813,65.9267,57.7056,65.8759,57.6777,67.5062,58.9525,67.6156,1.67242431640625,0.0406807966940588,1.60693359375,1.7353515625,3425.125,83.31427162943247,8
ch2_cla_l1_20250801T021037069_20250801T021045069.fits,/home/saurabh/moon_project/data/CLASS/ch2_cla_l1_2025_08/cla/data/calibrated/2025/08/01/ch2_cla_l1_20250801T021037069_20250801T021045069.fits,2025-08-01T02:10:37.069,2025-08-01T02:10:45.069,2025-08-01T02:10:41.069,8.0,-50.1,13.5,106.053,57.922,66.7042,57.9277,66.7047,61.358,61.358,CLASS_add_scds.pro,2.1,144,1,"0,1,2,3,4,5,6,7,8,9,10,11,12,13,14,15,",58.5774,65.9086,57.3005,65.8587,57.273,67.4729,58.5488,67.58,1.65582275390625,0.0693287836141372,1.55712890625,1.7822265625,3391.125,141.985348841753,8
ch2_cla_l1_20250801T021045069_20250801T021053069.fits,/home/saurabh/moon_project/data/CLASS/ch2_cla_l1_2025_08/cla/data/calibrated/2025/08/01/ch2_cla_l1_20250801T021045069_20250801T021053069.fits,2025-08-01T02:10:45.069,2025-08-01T02:10:53.069,2025-08-01T02:10:49.069,8.0,-50.1,13.5,106.174,57.5177,66.6788,57.5234,66.6793,61.0288,61.0288,CLASS_add_scds.pro,2.1,145,1,"0,1,2,3,4,5,6,7,8,9,10,11,12,13,14,15,",58.1733,65.8908,56.8956,65.842,56.8684,67.4405,58.1451,67.5451,1.6763916015625,0.0566693313089673,1.58447265625,1.75830078125,3433.25,116.0587905207652,8
ch2_cla_l1_20250801T021053069_20250801T021101069.fits,/home/saurabh/moon_project/data/CLASS/ch2_cla_l1_2025_08/cla/data/calibrated/2025/08/01/ch2_cla_l1_20250801T021053069_20250801T021101069.fits,2025-08-01T02:10:53.069,2025-08-01T02:11:01.069,2025-08-01T02:10:57.069,8.0,-50.1,13.5,106.295,57.1134,66.6539,57.119,66.6544,60.7003,60.7003,CLASS_add_scds.pro,2.1,146,1,"0,1,2,3,4,5,6,7,8,9,10,11,12,13,14,15,",57.7695,65.8735,56.4907,65.8255,56.4637,67.4088,57.7415,67.5112,1.69830322265625,0.0745573137517194,1.56689453125,1.80615234375,3478.125,152.6933785635214,8
ch2_cla_l1_20250801T021101069_20250801T021109069.fits,/home/saurabh/moon_project/data/CLASS/ch2_cla_l1_2025_08/cla/data/calibrated/2025/08/01/ch2_cla_l1_20250801T021101069_20250801T021109069.fits,2025-08-01T02:11:01.069,2025-08-01T02:11:09.069,2025-08-01T02:11:05.069,8.0,-50.1,13.5,106.416,56.7091,66.6295,56.7148,66.63,60.3723,60.3723,CLASS_add_scds.pro,2.1,147,1,"0,1,2,3,4,5,6,7,8,9,10,11,12,13,14,15,",57.3656,65.8565,56.0859,65.8093,56.0591,67.3777,57.3379,67.4779,1.67523193359375,0.0743546639674841,1.576171875,1.78271484375,3430.875,152.27835180540742,8
ch2_cla_l1_20250801T021109069_20250801T021117069.fits,/home/saurabh/moon_project/data/CLASS/ch2_cla_l1_2025_08/cla/data/calibrated/2025/08/01/ch2_cla_l1_20250801T021109069_20250801T021117069.fits,2025-08-01T02:11:09.069,2025-08-01T02:11:17.069,2025-08-01T02:11:13.069,8.0,-50.1,13.5,106.536,56.3049,66.6056,56.3105,66.606,60.0449,60.0449,CLASS_add_scds.pro,2.1,148,1,"0,1,2,3,4,5,6,7,8,9,10,11,12,13,14,15,",56.9617,65.8397,55.6811,65.7932,55.6546,67.3471,56.9343,67.4454,1.69659423828125,0.0812837708684081,1.5517578125,1.8232421875,3474.625,166.46916273849985,8
ch2_cla_l1_20250801T021117069_20250801T021125069.fits,/home/saurabh/moon_project/data/CLASS/ch2_cla_l1_2025_08/cla/data/calibrated/2025/08/01/ch2_cla_l1_20250801T021117069_20250801T021125069.fits,2025-08-01T02:11:17.069,2025-08-01T02:11:25.069,2025-08-01T02:11:21.069,8.0,-50.1,13.5,106.656,55.9008,66.5822,55.9065,66.5825,59.7182,59.7182,CLASS_add_scds.pro,2.1,149,1,"0,1,2,3,4,5,6,7,8,9,10,11,12,13,14,15,",56.5579,65.823,55.2764,65.7777,55.2502,67.3175,56.5308,67.4134,1.69476318359375,0.0775502177996184,1.5869140625,1.81494140625,3470.875,158.82284605361858,8
ch2_cla_l1_20250801T021125069_20250801T021133069.fits,/home/saurabh/moon_project/data/CLASS/ch2_cla_l1_2025_08/cla/data/calibrated/2025/08/01/ch2_cla_l1_20250801T021125069_20250801T021133069.fits,2025-08-01T02:11:25.069,2025-08-01T02:11:33.069,2025-08-01T02:11:29.069,8.0,-50.1,13.5,106.775,55.4967,66.5593,55.5023,66.5597,59.392,59.392,CLASS_add_scds.pro,2.1,150,1,"0,1,2,3,4,5,6,7,8,9,10,11,12,13,14,15,",56.1542,65.8069,54.8717,65.7622,54.8457,67.2883,56.1274,67.3824,1.7196044921875,0.0895478487760336,1.587890625,1.85205078125,3521.75,183.3939942933169,8
ch2_cla_l1_20250801T021133069_20250801T021141069.fits,/home/saurabh/moon_project/data/CLASS/ch2_cla_l1_2025_08/cla/data/calibrated/2025/08/01/ch2_cla_l1_20250801T021133069_20250801T021141069.fits,2025-08-01T02:11:33.069,2025-08-01T02:11:41.069,2025-08-01T02:11:37.069,8.0,-50.1,13.5,106.894,55.0926,66.5368,55.0982,66.5372,59.0665,59.0665,CLASS_add_scds.pro,2.1,151,1,"0,1,2,3,4,5,6,7,8,9,10,11,12,13,14,15,",55.7505,65.791,54.4671,65.7472,54.4413,67.2598,55.7239,67.3519,1.688232421875,0.044620617367761,1.6171875,1.74951171875,3457.5,91.38302436917452,8
ch2_cla_l1_20250801T021141069_20250801T021149069.fits,/home/saurabh/moon_project/data/CLASS/ch2_cla_l1_2025_08/cla/data/calibrated/2025/08/01/ch2_cla_l1_20250801T021141069_20250801T021149069.fits,2025-08-01T02:11:41.069,2025-08-01T02:11:49.069,2025-08-01T02:11:45.069,8.0,-50.1,13.5,107.012,54.6886,66.5147,54.6943,66.5153,58.7417,58.7417,CLASS_add_scds.pro,2.1,152,1,"0,1,2,3,4,5,6,7,8,9,10,11,12,13,14,15,",55.3469,65.7755,54.0625,65.7325,54.0369,67.232,55.3205,67.3222,1.7227783203125,0.0751580480412029,1.6015625,1.83642578125,3528.25,153.92368238838364,8
ch2_cla_l1_20250801T021149069_20250801T021157069.fits,/home/saurabh/moon_project/data/CLASS/ch2_cla_l1_2025_08/cla/data/calibrated/2025/08/01/ch2_cla_l1_20250801T021149069_20250801T021157069.fits,2025-08-01T02:11:49.069,2025-08-01T02:11:57.069,2025-08-01T02:11:53.069,8.0,-50.1,13.5,107.131,54.2846,66.4931,54.2903,66.4936,58.4175,58.4175,CLASS_add_scds.pro,2.1,153,1,"0,1,2,3,4,5,6,7,8,9,10,11,12,13,14,15,",54.9432,65.7603,53.658,65.7177,53.6327,67.2045,54.9171,67.2931,1.701904296875,0.046831383167255,1.6357421875,1.775390625,3485.5,95.91067272653832,8
ch2_cla_l1_20250801T021157069_20250801T021205069.fits,/home/saurabh/moon_project/data/CLASS/ch2_cla_l1_2025_08/cla/data/calibrated/2025/08/01/ch2_cla_l1_20250801T021157069_20250801T021205069.fits,2025-08-01T02:11:57.069,2025-08-01T02:12:05.069,2025-08-01T02:12:01.069,8.0,-50.1,13.5,107.248,53.8807,66.4718,53.8864,66.4723,58.0939,58.0939,CLASS_add_scds.pro,2.1,154,1,"0,1,2,3,4,5,6,7,8,9,10,11,12,13,14,15,",54.5398,65.7451,53.2536,65.7032,53.2285,67.1775,54.5139,67.2645,1.7288818359375,0.0573005008904822,1.62060546875,1.7978515625,3540.75,117.3514258237076,8
ch2_cla_l1_20250801T021205069_20250801T021213069.fits,/home/saurabh/moon_project/data/CLASS/ch2_cla_l1_2025_08/cla/data/calibrated/2025/08/01/ch2_cla_l1_20250801T021205069_20250801T021213069.fits,2025-08-01T02:12:05.069,2025-08-01T02:12:13.069,2025-08-01T02:12:09.069,8.0,-50.1,13.5,107.366,53.4768,66.4509,53.4825,66.4514,57.7711,57.7711,CLASS_add_scds.pro,2.1,155,1,"0,1,2,3,4,5,6,7,8,9,10,11,12,13,14,15,",54.1363,65.7301,52.8491,65.6889,52.8242,67.151,54.1106,67.2363,1.6937255859375,0.0368336927876834,1.64306640625,1.744140625,3468.75,75.43540282917564,8
ch2_cla_l1_20250801T021213069_20250801T021221069.fits,/home/saurabh/moon_project/data/CLASS/ch2_cla_l1_2025_08/cla/data/calibrated/2025/08/01/ch2_cla_l1_20250801T021213069_20250801T021221069.fits,2025-08-01T02:12:13.069,2025-08-01T02:12:21.069,2025-08-01T02:12:17.069,8.0,-50.1,13.5,107.483,53.073,66.4304,53.0788,66.4308,57.4489,57.4489,CLASS_add_scds.pro,2.1,156,1,"0,1,2,3,4,5,6,7,8,9,10,11,12,13,14,15,",53.7328,65.7154,52.445,65.6748,52.4203,67.1251,53.7074,67.2088,1.769287109375,0.0373973713649738,1.72265625,1.83154296875,3623.5,76.58981655546643,8
ch2_cla_l1_20250801T021221069_20250801T021229069.fits,/home/saurabh/moon_project/data/CLASS/ch2_cla_l1_2025_08/cla/data/calibrated/2025/08/01/ch2_cla_l1_20250801T021221069_20250801T021229069.fits,2025-08-01T02:12:21.069,2025-08-01T02:12:29.069,2025-08-01T02:12:25.069,8.0,-50.1,13.5,107.599,52.6692,66.4103,52.675,66.4105,57.1274,57.1274,CLASS_add_scds.pro,2.1,157,1,"0,1,2,3,4,5,6,7,8,9,10,11,12,13,14,15,",53.3297,65.7011,52.0408,65.6609,52.0162,67.0996,53.3044,67.1819,1.7198486328125,0.0394872191655187,1.65625,1.77392578125,3522.25,80.86982485098241,8
ch2_cla_l1_20250801T021229069_20250801T021237069.fits,/home/saurabh/moon_project/data/CLASS/ch2_cla_l1_2025_08/cla/data/calibrated/2025/08/01/ch2_cla_l1_20250801T021229069_20250801T021237069.fits,2025-08-01T02:12:29.069,2025-08-01T02:12:37.069,2025-08-01T02:12:33.069,8.0,-50.1,13.5,107.715,52.2655,66.3905,52.2713,66.3908,56.8067,56.8067,CLASS_add_scds.pro,2.1,158,1,"0,1,2,3,4,5,6,7,8,9,10,11,12,13,14,15,",52.9264,65.6866,51.6363,65.6473,51.612,67.0747,52.9013,67.1553,1.76434326171875,0.0624787090004126,1.65869140625,1.8564453125,3613.375,127.95639603284506,8
ch2_cla_l1_20250801T021237069_20250801T021245069.fits,/home/saurabh/moon_project/data/CLASS/ch2_cla_l1_2025_08/cla/data/calibrated/2025/08/01/ch2_cla_l1_20250801T021237069_20250801T021245069.fits,2025-08-01T02:12:37.069,2025-08-01T02:12:45.069,2025-08-01T02:12:41.069,8.0,-50.1,13.5,107.831,51.8618,66.371,51.8675,66.3713,56.4867,56.4867,CLASS_add_scds.pro,2.1,159,1,"0,1,2,3,4,5,6,7,8,9,10,11,12,13,14,15,",52.5229,65.6727,51.2321,65.6339,51.2079,67.0503,52.4981,67.1294,1.722900390625,0.0485567234122357,1.642578125,1.802734375,3528.5,99.44416954825888,8
ch2_cla_l1_20250801T021245069_20250801T021253069.fits,/home/saurabh/moon_project/data/CLASS/ch2_cla_l1_2025_08/cla/data/calibrated/2025/08/01/ch2_cla_l1_20250801T021245069_20250801T021253069.fits,2025-08-01T02:12:45.069,2025-08-01T02:12:53.069,2025-08-01T02:12:49.069,8.0,-49.9,13.5,107.946,51.4581,66.3519,51.4639,66.3522,56.1674,56.1674,CLASS_add_scds.pro,2.1,160,1,"0,1,2,3,4,5,6,7,8,9,10,11,12,13,14,15,",52.1196,65.6589,50.828,65.6207,50.804,67.0263,52.0949,67.104,1.7821044921875,0.0575354044179377,1.6865234375,1.8720703125,3649.75,117.8325082479364,8
ch2_cla_l1_20250801T021253069_20250801T021301069.fits,/home/saurabh/moon_project/data/CLASS/ch2_cla_l1_2025_08/cla/data/calibrated/2025/08/01/ch2_cla_l1_20250801T021253069_20250801T021301069.fits,2025-08-01T02:12:53.069,2025-08-01T02:13:01.069,2025-08-01T02:12:57.069,8.0,-49.8,13.5,108.061,51.0545,66.3331,51.0603,66.3335,55.8489,55.8489,CLASS_add_scds.pro,2.1,161,1,"0,1,2,3,4,5,6,7,8,9,10,11,12,13,14,15,",51.7164,65.6453,50.4238,65.6076,50.4,67.0027,51.692,67.079,1.7294921875,0.0860709603143695,1.59912109375,1.83349609375,3542.0,176.27332672382886,8
ch2_cla_l1_20250801T021301069_20250801T021309069.fits,/home/saurabh/moon_project/data/CLASS/ch2_cla_l1_2025_08/cla/data/calibrated/2025/08/01/ch2_cla_l1_20250801T021301069_20250801T021309069.fits,2025-08-01T02:13:01.069,2025-08-01T02:13:09.069,2025-08-01T02:13:05.069,8.0,-49.8,13.5,108.175,50.651,66.3146,50.6568,66.3149,55.5312,55.5312,CLASS_add_scds.pro,2.1,162,1,"0,1,2,3,4,5,6,7,8,9,10,11,12,13,14,15,",51.3133,65.6319,50.0197,65.5947,49.9961,66.9795,51.289,67.0545,1.77154541015625,0.0709439638528632,1.67822265625,1.8818359375,3628.125,145.293237970664,8
ch2_cla_l1_20250801T021309069_20250801T021317069.fits,/home/saurabh/moon_project/data/CLASS/ch2_cla_l1_2025_08/cla/data/calibrated/2025/08/01/ch2_cla_l1_20250801T021309069_20250801T021317069.fits,2025-08-01T02:13:09.069,2025-08-01T02:13:17.069,2025-08-01T02:13:13.069,8.0,-49.8,13.5,108.288,50.2475,66.2963,50.2533,66.2967,55.2142,55.2142,CLASS_add_scds.pro,2.1,163,1,"0,1,2,3,4,5,6,7,8,9,10,11,12,13,14,15,",50.9101,65.6187,49.6157,65.5819,49.5923,66.9566,50.886,67.0304,1.75006103515625,0.0843378530201613,1.6201171875,1.84716796875,3584.125,172.72392298529053,8
ch2_cla_l1_20250801T021317069_20250801T021325069.fits,/home/saurabh/moon_project/data/CLASS/ch2_cla_l1_2025_08/cla/data/calibrated/2025/08/01/ch2_cla_l1_20250801T021317069_20250801T021325069.fits,2025-08-01T02:13:17.069,2025-08-01T02:13:25.069,2025-08-01T02:13:21.069,8.0,-49.8,13.5,108.402,49.844,66.2784,49.8498,66.2788,54.8981,54.8981,CLASS_add_scds.pro,2.1,164,1,"0,1,2,3,4,5,6,7,8,9,10,11,12,13,14,15,",50.507,65.6056,49.2118,65.5693,49.1885,66.9342,50.4831,67.0067,1.77691650390625,0.0609116705624371,1.69287109375,1.876953125,3639.125,124.74710131187132,8
ch2_cla_l1_20250801T021325069_20250801T021333069.fits,/home/saurabh/moon_project/data/CLASS/ch2_cla_l1_2025_08/cla/data/calibrated/2025/08/01/ch2_cla_l1_20250801T021325069_20250801T021333069.fits,2025-08-01T02:13:25.069,2025-08-01T02:13:33.069,2025-08-01T02:13:29.069,8.0,-49.8,13.5,108.514,49.4406,66.2608,49.4464,66.2611,54.5828,54.5828,CLASS_add_scds.pro,2.1,165,1,"0,1,2,3,4,5,6,7,8,9,10,11,12,13,14,15,",50.104,65.5927,48.8079,65.5569,48.7848,66.9122,50.0803,66.9835,1.75531005859375,0.0771667293227397,1.64013671875,1.88037109375,3594.875,158.03746165297102,8
ch2_cla_l1_20250801T021333069_20250801T021341069.fits,/home/saurabh/moon_project/data/CLASS/ch2_cla_l1_2025_08/cla/data/calibrated/2025/08/01/ch2_cla_l1_20250801T021333069_20250801T021341069.fits,2025-08-01T02:13:33.069,2025-08-01T02:13:41.069,2025-08-01T02:13:37.069,8.0,-49.8,13.5,108.626,49.0373,66.2434,49.043,66.2437,54.2683,54.2683,CLASS_add_scds.pro,2.1,166,1,"0,1,2,3,4,5,6,7,8,9,10,11,12,13,14,15,",49.7011,65.58,48.4041,65.5446,48.3811,66.8905,49.6775,66.9606,1.7825927734375,0.0479232207055184,1.7060546875,1.86328125,3650.75,98.14675600490172,8
ch2_cla_l1_20250801T021341069_20250801T021349069.fits,/home/saurabh/moon_project/data/CLASS/ch2_cla_l1_2025_08/cla/data/calibrated/2025/08/01/ch2_cla_l1_20250801T021341069_20250801T021349069.fits,2025-08-01T02:13:41.069,2025-08-01T02:13:49.069,2025-08-01T02:13:45.069,8.0,-49.7,13.5,108.738,48.6339,66.2262,48.6397,66.2266,53.9546,53.9546,CLASS_add_scds.pro,2.1,167,1,"0,1,2,3,4,5,6,7,8,9,10,11,12,13,14,15,",49.2982,65.5674,48.0002,65.5324,47.9774,66.8692,49.2748,66.9382,1.79742431640625,0.0688713674479963,1.6923828125,1.91064453125,3681.125,141.0485605334965,8
ch2_cla_l1_20250801T021349069_20250801T021357069.fits,/home/saurabh/moon_project/data/CLASS/ch2_cla_l1_2025_08/cla/data/calibrated/2025/08/01/ch2_cla_l1_20250801T021349069_20250801T021357069.fits,2025-08-01T02:13:49.069,2025-08-01T02:13:57.069,2025-08-01T02:13:53.069,8.0,-49.7,13.5,108.849,48.2307,66.2094,48.2364,66.2097,53.6418,53.6418,CLASS_add_scds.pro,2.1,168,1,"0,1,2,3,4,5,6,7,8,9,10,11,12,13,14,15,",48.8952,65.5549,47.5965,65.5204,47.5738,66.8482,48.872,66.916,1.78839111328125,0.0327704309155805,1.74658203125,1.84375,3662.625,67.11384251510903,8
ch2_cla_l1_20250801T021357069_20250801T021405069.fits,/home/saurabh/moon_project/data/CLASS/ch2_cla_l1_2025_08/cla/data/calibrated/2025/08/01/ch2_cla_l1_20250801T021357069_20250801T021405069.fits,2025-08-01T02:13:57.069,2025-08-01T02:14:05.069,2025-08-01T02:14:01.069,8.0,-49.7,13.5,108.96,47.8274,66.1928,47.8332,66.1931,53.3299,53.3299,CLASS_add_scds.pro,2.1,169,1,"0,1,2,3,4,5,6,7,8,9,10,11,12,13,14,15,",48.4924,65.5427,47.1928,65.5086,47.1703,66.8276,48.4693,66.8943,1.8031005859375,0.0668539136740207,1.6943359375,1.88623046875,3692.75,136.9168152043944,8
ch2_cla_l1_20250801T021405069_20250801T021413069.fits,/home/saurabh/moon_project/data/CLASS/ch2_cla_l1_2025_08/cla/data/calibrated/2025/08/01/ch2_cla_l1_20250801T021405069_20250801T021413069.fits,2025-08-01T02:14:05.069,2025-08-01T02:14:13.069,2025-08-01T02:14:09.069,8.0,-49.7,13.5,109.07,47.4243,66.1764,47.4301,66.1767,53.0188,53.0188,CLASS_add_scds.pro,2.1,170,1,"0,1,2,3,4,5,6,7,8,9,10,11,12,13,14,15,",48.0896,65.5306,46.7891,65.4968,46.7667,66.8072,48.0667,66.873,1.8023681640625,0.0361504824524957,1.74853515625,1.853515625,3691.25,74.03618806271122,8
ch2_cla_l1_20250801T021413069_20250801T021421069.fits,/home/saurabh/moon_project/data/CLASS/ch2_cla_l1_2025_08/cla/data/calibrated/2025/08/01/ch2_cla_l1_20250801T021413069_20250801T021421069.fits,2025-08-01T02:14:13.069,2025-08-01T02:14:21.069,2025-08-01T02:14:17.069,8.0,-49.7,13.5,109.179,47.0211,66.1602,47.027,66.1606,52.7087,52.7087,CLASS_add_scds.pro,2.1,171,1,"0,1,2,3,4,5,6,7,8,9,10,11,12,13,14,15,",47.6868,65.5185,46.3855,65.4852,46.3633,66.7872,47.6641,66.8519,1.75872802734375,0.1115992979289823,1.595703125,1.8818359375,3601.875,228.5553621585557,8
ch2_cla_l1_20250801T021421069_20250801T021429069.fits,/home/saurabh/moon_project/data/CLASS/ch2_cla_l1_2025_08/cla/data/calibrated/2025/08/01/ch2_cla_l1_20250801T021421069_20250801T021429069.fits,2025-08-01T02:14:21.069,2025-08-01T02:14:29.069,2025-08-01T02:14:25.069,8.0,-49.7,13.5,109.288,46.618,66.1443,46.6239,66.1447,52.3995,52.3995,CLASS_add_scds.pro,2.1,172,1,"0,1,2,3,4,5,6,7,8,9,10,11,12,13,14,15,",47.2842,65.5067,45.982,65.4737,45.9599,66.7675,47.2616,66.8313,1.666259765625,0.0595828898461319,1.57275390625,1.74658203125,3412.5,122.02575840487825,8
ch2_cla_l1_20250801T021429069_20250801T021437069.fits,/home/saurabh/moon_project/data/CLASS/ch2_cla_l1_2025_08/cla/data/calibrated/2025/08/01/ch2_cla_l1_20250801T021429069_20250801T021437069.fits,2025-08-01T02:14:29.069,2025-08-01T02:14:37.069,2025-08-01T02:14:33.069,8.0,-49.7,13.5,109.397,46.215,66.1286,46.2208,66.1289,52.0912,52.0912,CLASS_add_scds.pro,2.1,173,1,"0,1,2,3,4,5,6,7,8,9,10,11,12,13,14,15,",46.8815,65.495,45.5785,65.4624,45.5565,66.7481,46.859,66.8108,1.705810546875,0.0545771517038665,1.63330078125,1.79150390625,3493.5,111.7740066895187,8
ch2_cla_l1_20250801T021437069_20250801T021445069.fits,/home/saurabh/moon_project/data/CLASS/ch2_cla_l1_2025_08/cla/data/calibrated/2025/08/01/ch2_cla_l1_20250801T021437069_20250801T021445069.fits,2025-08-01T02:14:37.069,2025-08-01T02:14:45.069,2025-08-01T02:14:41.069,8.0,-49.6,13.5,109.505,45.812,66.1131,45.8177,66.1134,51.7839,51.7839,CLASS_add_scds.pro,2.1,174,1,"0,1,2,3,4,5,6,7,8,9,10,11,12,13,14,15,",46.4789,65.4834,45.1749,65.451,45.1532,66.7289,46.4566,66.7908,1.6839599609375,0.0608239929782438,1.58154296875,1.7685546875,3448.75,124.56753761944331,8
ch2_cla_l1_20250801T021445069_20250801T021453069.fits,/home/saurabh/moon_project/data/CLASS/ch2_cla_l1_2025_08/cla/data/calibrated/2025/08/01/ch2_cla_l1_20250801T021445069_20250801T021453069.fits,2025-08-01T02:14:45.069,2025-08-01T02:14:53.069,2025-08-01T02:14:49.069,8.0,-49.5,13.5,109.612,45.409,66.0978,45.4149,66.098,51.4776,51.4776,CLASS_add_scds.pro,2.1,175,1,"0,1,2,3,4,5,6,7,8,9,10,11,12,13,14,15,",46.0762,65.4717,44.7716,65.4399,44.7499,66.7101,46.0542,66.7708,1.70880126953125,0.1011417392427628,1.52978515625,1.85009765625,3499.625,207.1382819691784,8
ch2_cla_l1_20250801T021453069_20250801T021501069.fits,/home/saurabh/moon_project/data/CLASS/ch2_cla_l1_2025_08/cla/data/calibrated/2025/08/01/ch2_cla_l1_20250801T021453069_20250801T021501069.fits,2025-08-01T02:14:53.069,2025-08-01T02:15:01.069,2025-08-01T02:14:57.069,8.0,-49.5,13.5,109.719,45.0061,66.0827,45.0119,66.083,51.1722,51.1722,CLASS_add_scds.pro,2.1,176,1,"0,1,2,3,4,5,6,7,8,9,10,11,12,13,14,15,",45.6738,65.4604,44.3683,65.4289,44.3467,66.6915,45.6518,66.7515,1.67083740234375,0.0806010382394407,1.5654296875,1.7890625,3421.875,165.07092631437467,8
ch2_cla_l1_20250801T021501069_20250801T021509069.fits,/home/saurabh/moon_project/data/CLASS/ch2_cla_l1_2025_08/cla/data/calibrated/2025/08/01/ch2_cla_l1_20250801T021501069_20250801T021509069.fits,2025-08-01T02:15:01.069,2025-08-01T02:15:09.069,2025-08-01T02:15:05.069,8.0,-49.5,13.5,109.825,44.6033,66.0678,44.6092,66.068,50.8679,50.8679,CLASS_add_scds.pro,2.1,177,1,"0,1,2,3,4,5,6,7,8,9,10,11,12,13,14,15,",45.2714,65.4493,43.9649,65.4179,43.9435,66.6731,45.2495,66.7324,1.74749755859375,0.0771534868074548,1.6484375,1.87255859375,3578.875,158.01034098166758,8
ch2_cla_l1_20250801T021509069_20250801T021517069.fits,/home/saurabh/moon_project/data/CLASS/ch2_cla_l1_2025_08/cla/data/calibrated/2025/08/01/ch2_cla_l1_20250801T021509069_20250801T021517069.fits,2025-08-01T02:15:09.069,2025-08-01T02:15:17.069,2025-08-01T02:15:13.069,8.0,-49.5,13.5,109.931,44.2004,66.0531,44.2063,66.0533,50.5646,50.5646,CLASS_add_scds.pro,2.1,178,1,"0,1,2,3,4,5,6,7,8,9,10,11,12,13,14,15,",44.8689,65.438,43.5617,65.4071,43.5404,66.6552,44.8471,66.7133,1.69970703125,0.0756932687508385,1.599609375,1.8115234375,3481.0,155.01981440171724,8
ch2_cla_l1_20250801T021517069_20250801T021525069.fits,/home/saurabh/moon_project/data/CLASS/ch2_cla_l1_2025_08/cla/data/calibrated/2025/08/01/ch2_cla_l1_20250801T021517069_20250801T021525069.fits,2025-08-01T02:15:17.069,2025-08-01T02:15:25.069,2025-08-01T02:15:21.069,8.0,-49.4,13.5,110.036,43.7977,66.0386,43.8036,66.0388,50.2623,50.2623,CLASS_add_scds.pro,2.1,179,1,"0,1,2,3,4,5,6,7,8,9,10,11,12,13,14,15,",44.4665,65.4271,43.1584,65.3964,43.1372,66.6374,44.4449,66.6949,1.73638916015625,0.0466692359291661,1.6630859375,1.81640625,3556.125,95.57859518293232,8
ch2_cla_l1_20250801T021525069_20250801T021533069.fits,/home/saurabh/moon_project/data/CLASS/ch2_cla_l1_2025_08/cla/data/calibrated/2025/08/01/ch2_cla_l1_20250801T021525069_20250801T021533069.fits,2025-08-01T02:15:25.069,2025-08-01T02:15:33.069,2025-08-01T02:15:29.069,8.0,-49.4,13.5,110.14,43.3949,66.0243,43.4008,66.0245,49.9611,49.9611,CLASS_add_scds.pro,2.1,180,1,"0,1,2,3,4,5,6,7,8,9,10,11,12,13,14,15,",44.0641,65.4162,42.7552,65.3859,42.7341,66.6199,44.0426,66.6766,1.7025146484375,0.0540716567660079,1.6142578125,1.77587890625,3486.75,110.7387530567842,8
ch2_cla_l1_20250801T021533069_20250801T021541069.fits,/home/saurabh/moon_project/data/CLASS/ch2_cla_l1_2025_08/cla/data/calibrated/2025/08/01/ch2_cla_l1_20250801T021533069_20250801T021541069.fits,2025-08-01T02:15:33.069,2025-08-01T02:15:41.069,2025-08-01T02:15:37.069,8.0,-49.4,13.5,110.244,42.9922,66.0101,42.9981,66.0105,49.6611,49.6611,CLASS_add_scds.pro,2.1,181,1,"0,1,2,3,4,5,6,7,8,9,10,11,12,13,14,15,",43.6618,65.4055,42.352,65.3753,42.3311,66.6026,43.6404,66.6585,1.7601318359375,0.0475529285479745,1.68310546875,1.8349609375,3604.75,97.3883976662518,8
ch2_cla_l1_20250801T021541069_20250801T021549069.fits,/home/saurabh/moon_project/data/CLASS/ch2_cla_l1_2025_08/cla/data/calibrated/2025/08/01/ch2_cla_l1_20250801T021541069_20250801T021549069.fits,2025-08-01T02:15:41.069,2025-08-01T02:15:49.069,2025-08-01T02:15:45.069,8.0,-49.3,13.5,110.347,42.5896,65.9961,42.5955,65.9964,49.3621,49.3621,CLASS_add_scds.pro,2.1,182,1,"0,1,2,3,4,5,6,7,8,9,10,11,12,13,14,15,",43.2594,65.3947,41.949,65.3649,41.9281,66.5855,43.2382,66.6407,1.706787109375,0.0522601079543987,1.640625,1.80908203125,3495.5,107.02870109060866,8
ch2_cla_l1_20250801T021549069_20250801T021557069.fits,/home/saurabh/moon_project/data/CLASS/ch2_cla_l1_2025_08/cla/data/calibrated/2025/08/01/ch2_cla_l1_20250801T021549069_20250801T021557069.fits,2025-08-01T02:15:49.069,2025-08-01T02:15:57.069,2025-08-01T02:15:53.069,8.0,-49.3,13.5,110.45,42.187,65.9823,42.1928,65.9825,49.0642,49.0642,CLASS_add_scds.pro,2.1,183,1,"0,1,2,3,4,5,6,7,8,9,10,11,12,13,14,15,",42.8573,65.3842,41.5459,65.3546,41.5252,66.5687,42.8361,66.6232,1.75213623046875,0.0388034953186279,1.6904296875,1.79638671875,3588.375,79.46955841255011,8
ch2_cla_l1_20250801T021557069_20250801T021605069.fits,/home/saurabh/moon_project/data/CLASS/ch2_cla_l1_2025_08/cla/data/calibrated/2025/08/01/ch2_cla_l1_20250801T021557069_20250801T021605069.fits,2025-08-01T02:15:57.069,2025-08-01T02:16:05.069,2025-08-01T02:16:01.069,8.0,-49.3,13.5,110.552,41.7844,65.9686,41.7903,65.9688,48.7675,48.7675,CLASS_add_scds.pro,2.1,184,1,"0,1,2,3,4,5,6,7,8,9,10,11,12,13,14,15,",42.4551,65.3737,41.143,65.3443,41.1224,66.552,42.434,66.6058,1.73046875,0.0521289444071677,1.658203125,1.81982421875,3544.0,106.76007814587943,8
ch2_cla_l1_20250801T021605069_20250801T021613069.fits,/home/saurabh/moon_project/data/CLASS/ch2_cla_l1_2025_08/cla/data/calibrated/2025/08/01/ch2_cla_l1_20250801T021605069_20250801T021613069.fits,2025-08-01T02:16:05.069,2025-08-01T02:16:13.069,2025-08-01T02:16:09.069,8.0,-49.2,13.5,110.654,41.3819,65.9551,41.3879,65.9553,48.472,48.472,CLASS_add_scds.pro,2.1,185,1,"0,1,2,3,4,5,6,7,8,9,10,11,12,13,14,15,",42.053,65.3632,40.74,65.3342,40.7195,66.5357,42.0321,66.5886,1.7740478515625,0.0335112309123953,1.72607421875,1.8212890625,3633.25,68.63100090858566,8
ch2_cla_l1_20250801T021613069_20250801T021621069.fits,/home/saurabh/moon_project/data/CLASS/ch2_cla_l1_2025_08/cla/data/calibrated/2025/08/01/ch2_cla_l1_20250801T021613069_20250801T021621069.fits,2025-08-01T02:16:13.069,2025-08-01T02:16:21.069,2025-08-01T02:16:17.069,8.0,-49.2,13.5,110.755,40.9794,65.9417,40.9854,65.942,48.1776,48.1776,CLASS_add_scds.pro,2.1,186,1,"0,1,2,3,4,5,6,7,8,9,10,11,12,13,14,15,",41.6508,65.3529,40.3371,65.3241,40.3167,66.5195,41.63,66.5718,1.7535400390625,0.0788599593417765,1.63916015625,1.87109375,3591.25,161.50519673195836,8
ch2_cla_l1_20250801T021621069_20250801T021629069.fits,/home/saurabh/moon_project/data/CLASS/ch2_cla_l1_2025_08/cla/data/calibrated/2025/08/01/ch2_cla_l1_20250801T021621069_20250801T021629069.fits,2025-08-01T02:16:21.069,2025-08-01T02:16:29.069,2025-08-01T02:16:25.069,8.0,-49.1,13.5,110.855,40.577,65.9285,40.5829,65.9288,47.8845,47.8845,CLASS_add_scds.pro,2.1,187,1,"0,1,2,3,4,5,6,7,8,9,10,11,12,13,14,15,",41.2488,65.3427,39.9344,65.3141,39.914,66.5035,41.2281,66.5552,1.76336669921875,0.0607596670574156,1.66845703125,1.853515625,3611.375,124.43579813358716,8
ch2_cla_l1_20250801T021629069_20250801T021637069.fits,/home/saurabh/moon_project/data/CLASS/ch2_cla_l1_2025_08/cla/data/calibrated/2025/08/01/ch2_cla_l1_20250801T021629069_20250801T021637069.fits,2025-08-01T02:16:29.069,2025-08-01T02:16:37.069,2025-08-01T02:16:33.069,8.0,-49.1,13.5,110.954,40.1746,65.9154,40.1806,65.9156,47.5926,47.5926,CLASS_add_scds.pro,2.1,188,1,"0,1,2,3,4,5,6,7,8,9,10,11,12,13,14,15,",40.8468,65.3326,39.5316,65.304,39.5114,66.4876,40.8262,66.5388,1.7716064453125,0.073316902925078,1.65966796875,1.8955078125,3628.25,150.1530171905599,8
ch2_cla_l1_20250801T021637069_20250801T021645069.fits,/home/saurabh/moon_project/data/CLASS/ch2_cla_l1_2025_08/cla/data/calibrated/2025/08/01/ch2_cla_l1_20250801T021637069_20250801T021645069.fits,2025-08-01T02:16:37.069,2025-08-01T02:16:45.069,2025-08-01T02:16:41.069,8.0,-49.1,13.5,111.053,39.7722,65.9025,39.7782,65.9026,47.302,47.302,CLASS_add_scds.pro,2.1,189,1,"0,1,2,3,4,5,6,7,8,9,10,11,12,13,14,15,",40.4448,65.3223,39.1287,65.2944,39.1086,66.4722,40.4244,66.5223,1.7685546875,0.0658918702468484,1.685546875,1.861328125,3622.0,134.9465502655456,8
ch2_cla_l1_20250801T021645069_20250801T021653069.fits,/home/saurabh/moon_project/data/CLASS/ch2_cla_l1_2025_08/cla/data/calibrated/2025/08/01/ch2_cla_l1_20250801T021645069_20250801T021653069.fits,2025-08-01T02:16:45.069,2025-08-01T02:16:53.069,2025-08-01T02:16:49.069,8.0,-49.1,13.5,111.152,39.3699,65.8897,39.3759,65.89,47.0127,47.0127,CLASS_add_scds.pro,2.1,190,1,"0,1,2,3,4,5,6,7,8,9,10,11,12,13,14,15,",40.0429,65.3126,38.7259,65.2846,38.7059,66.4568,40.0225,66.5066,1.76104736328125,0.0877901744534232,1.63330078125,1.89599609375,3606.625,179.79427728061074,8
ch2_cla_l1_20250801T021653069_20250801T021701069.fits,/home/saurabh/moon_project/data/CLASS/ch2_cla_l1_2025_08/cla/data/calibrated/2025/08/01/ch2_cla_l1_20250801T021653069_20250801T021701069.fits,2025-08-01T02:16:53.069,2025-08-01T02:17:01.069,2025-08-01T02:16:57.069,8.0,-49.1,13.5,111.25,38.9677,65.8771,38.9736,65.8774,46.7246,46.7246,CLASS_add_scds.pro,2.1,191,1,"0,1,2,3,4,5,6,7,8,9,10,11,12,13,14,15,",39.6409,65.3026,38.3233,65.2749,38.3033,66.4415,39.6206,66.4907,1.77276611328125,0.074535611308662,1.6708984375,1.8837890625,3630.625,152.64893196013992,8
ch2_cla_l1_20250801T021701069_20250801T021709069.fits,/home/saurabh/moon_project/data/CLASS/ch2_cla_l1_2025_08/cla/data/calibrated/2025/08/01/ch2_cla_l1_20250801T021701069_20250801T021709069.fits,2025-08-01T02:17:01.069,2025-08-01T02:17:09.069,2025-08-01T02:17:05.069,8.0,-49.0,13.5,111.347,38.5654,65.8645,38.5714,65.8648,46.4379,46.4379,CLASS_add_scds.pro,2.1,192,1,"0,1,2,3,4,5,6,7,8,9,10,11,12,13,14,15,",39.239,65.2928,37.9207,65.2652,37.9008,66.4265,39.2188,66.4751,1.7921142578125,0.0710578049077959,1.6552734375,1.88916015625,3670.25,145.52638445116602,8
ch2_cla_l1_20250801T021709069_20250801T021717069.fits,/home/saurabh/moon_project/data/CLASS/ch2_cla_l1_2025_08/cla/data/calibrated/2025/08/01/ch2_cla_l1_20250801T021709069_20250801T021717069.fits,2025-08-01T02:17:09.069,2025-08-01T02:17:17.069,2025-08-01T02:17:13.069,8.0,-48.9,13.5,111.443,38.1633,65.8521,38.1692,65.8524,46.1526,46.1526,CLASS_add_scds.pro,2.1,193,1,"0,1,2,3,4,5,6,7,8,9,10,11,12,13,14,15,",38.8372,65.283,37.5182,65.2556,37.4984,66.4116,38.8171,66.4596,1.76263427734375,0.0402117471118724,1.70751953125,1.83447265625,3609.875,82.35365808511483,8
ch2_cla_l1_20250801T021717069_20250801T021725069.fits,/home/saurabh/moon_project/data/CLASS/ch2_cla_l1_2025_08/cla/data/calibrated/2025/08/01/ch2_cla_l1_20250801T021717069_20250801T021725069.fits,2025-08-01T02:17:17.069,2025-08-01T02:17:25.069,2025-08-01T02:17:21.069,8.0,-48.9,13.5,111.539,37.7611,65.8399,37.7671,65.8401,45.8686,45.8686,CLASS_add_scds.pro,2.1,194,1,"0,1,2,3,4,5,6,7,8,9,10,11,12,13,14,15,",38.4355,65.2733,37.1156,65.2462,37.0959,66.397,38.4154,66.4444,1.80450439453125,0.076161562043319,1.67724609375,1.9033203125,3695.625,155.97887906471732,8
ch2_cla_l1_20250801T021725069_20250801T021733069.fits,/home/saurabh/moon_project/data/CLASS/ch2_cla_l1_2025_08/cla/data/calibrated/2025/08/01/ch2_cla_l1_20250801T021725069_20250801T021733069.fits,2025-08-01T02:17:25.069,2025-08-01T02:17:33.069,2025-08-01T02:17:29.069,8.0,-48.8,13.5,111.634,37.359,65.8277,37.3649,65.828,45.5861,45.5861,CLASS_add_scds.pro,2.1,195,1,"0,1,2,3,4,5,6,7,8,9,10,11,12,13,14,15,",38.0337,65.2637,36.7129,65.2367,36.6933,66.3825,38.0138,66.4294,1.78973388671875,0.0441239374882697,1.72509765625,1.86181640625,3665.375,90.36582397597635,8
ch2_cla_l1_20250801T021733069_20250801T021741069.fits,/home/saurabh/moon_project/data/CLASS/ch2_cla_l1_2025_08/cla/data/calibrated/2025/08/01/ch2_cla_l1_20250801T021733069_20250801T021741069.fits,2025-08-01T02:17:33.069,2025-08-01T02:17:41.069,2025-08-01T02:17:37.069,8.0,-48.8,13.5,111.729,36.9569,65.8157,36.9628,65.8148,45.305,45.305,CLASS_add_scds.pro,2.1,196,1,"0,1,2,3,4,5,6,7,8,9,10,11,12,13,14,15,",37.6318,65.2542,36.3099,65.2082,36.2913,66.3491,37.612,66.4144,1.84197998046875,0.0691440621446119,1.71337890625,1.9345703125,3772.375,141.60703927216534,8
ch2_cla_l1_20250801T021741069_20250801T021749069.fits,/home/saurabh/moon_project/data/CLASS/ch2_cla_l1_2025_08/cla/data/calibrated/2025/08/01/ch2_cla_l1_20250801T021741069_20250801T021749069.fits,2025-08-01T02:17:41.069,2025-08-01T02:17:49.069,2025-08-01T02:17:45.069,8.0,-48.8,13.5,111.823,36.5549,65.8037,36.5609,65.7467,45.0254,45.0254,CLASS_add_scds.pro,2.1,197,1,"0,1,2,3,4,5,6,7,8,9,10,11,12,13,14,15,",37.2301,65.2252,35.9061,65.1008,35.8914,66.2377,37.2102,66.3802,1.7750244140625,0.0341535195588155,1.71826171875,1.82763671875,3635.25,69.94640805645419,8
ch2_cla_l1_20250801T021749069_20250801T021757069.fits,/home/saurabh/moon_project/data/CLASS/ch2_cla_l1_2025_08/cla/data/calibrated/2025/08/01/ch2_cla_l1_20250801T021749069_20250801T021757069.fits,2025-08-01T02:17:49.069,2025-08-01T02:17:57.069,2025-08-01T02:17:53.069,8.0,-48.7,13.5,111.916,36.1529,65.7919,36.1603,65.6001,44.7472,44.7472,CLASS_add_scds.pro,2.1,198,1,"0,1,2,3,4,5,6,7,8,9,10,11,12,13,14,15,",36.83,65.1161,35.5024,64.9323,35.4935,66.0682,36.8089,66.2668,1.8472900390625,0.0368281442216855,1.80078125,1.90234375,3783.25,75.42403936601191,8
ch2_cla_l1_20250801T021757069_20250801T021805069.fits,/home/saurabh/moon_project/data/CLASS/ch2_cla_l1_2025_08/cla/data/calibrated/2025/08/01/ch2_cla_l1_20250801T021757069_20250801T021805069.fits,2025-08-01T02:17:57.069,2025-08-01T02:18:05.069,2025-08-01T02:18:01.069,8.0,-48.7,13.5,112.008,35.751,65.7802,35.7612,65.4398,44.4706,44.4706,CLASS_add_scds.pro,2.1,199,1,"0,1,2,3,4,5,6,7,8,9,10,11,12,13,14,15,",36.4328,64.9455,35.0999,64.7948,35.0954,65.9312,36.4091,66.0949,1.796142578125,0.0364425521223436,1.7421875,1.849609375,3678.5,74.63434674655976,8
ch2_cla_l1_20250801T021805069_20250801T021813069.fits,/home/saurabh/moon_project/data/CLASS/ch2_cla_l1_2025_08/cla/data/calibrated/2025/08/01/ch2_cla_l1_20250801T021805069_20250801T021813069.fits,2025-08-01T02:18:05.069,2025-08-01T02:18:13.069,2025-08-01T02:18:09.069,8.0,-48.7,13.5,112.1,35.3491,65.7686,35.362,65.3341,44.1955,44.1955,CLASS_add_scds.pro,2.1,200,1,"0,1,2,3,4,5,6,7,8,9,10,11,12,13,14,15,",36.0365,64.8067,34.6979,64.7175,34.6957,65.8528,36.0104,65.9563,1.85345458984375,0.0444458086839454,1.77099609375,1.91455078125,3795.875,91.0250161847202,8
ch2_cla_l1_20250801T021813069_20250801T021821069.fits,/home/saurabh/moon_project/data/CLASS/ch2_cla_l1_2025_08/cla/data/calibrated/2025/08/01/ch2_cla_l1_20250801T021813069_20250801T021821069.fits,2025-08-01T02:18:13.069,2025-08-01T02:18:21.069,2025-08-01T02:18:17.069,8.0,-48.7,13.5,112.191,34.9472,65.7571,34.9615,65.2812,43.922,43.922,CLASS_add_scds.pro,2.1,201,1,"0,1,2,3,4,5,6,7,8,9,10,11,12,13,14,15,",35.6386,64.7287,34.2958,64.6846,34.2943,65.8168,35.611,65.8771,1.78155517578125,0.0567553256124528,1.6845703125,1.86328125,3648.625,116.23490685430332,8
ch2_cla_l1_20250801T021821069_20250801T021829069.fits,/home/saurabh/moon_project/data/CLASS/ch2_cla_l1_2025_08/cla/data/calibrated/2025/08/01/ch2_cla_l1_20250801T021821069_20250801T021829069.fits,2025-08-01T02:18:21.069,2025-08-01T02:18:29.069,2025-08-01T02:18:25.069,8.0,-48.7,13.5,112.282,34.5454,65.7457,34.5599,65.2603,43.6501,43.6501,CLASS_add_scds.pro,2.1,202,1,"0,1,2,3,4,5,6,7,8,9,10,11,12,13,14,15,",35.2385,64.6957,33.8934,64.6743,33.892,65.8022,35.2103,65.8408,1.8585205078125,0.0605922827551782,1.7578125,1.93359375,3806.25,124.092995082605,8
ch2_cla_l1_20250801T021829069_20250801T021837069.fits,/home/saurabh/moon_project/data/CLASS/ch2_cla_l1_2025_08/cla/data/calibrated/2025/08/01/ch2_cla_l1_20250801T021829069_20250801T021837069.fits,2025-08-01T02:18:29.069,2025-08-01T02:18:37.069,2025-08-01T02:18:33.069,8.0,-48.6,13.5,112.372,34.1436,65.7344,34.1577,65.2527,43.3799,43.3799,CLASS_add_scds.pro,2.1,203,1,"0,1,2,3,4,5,6,7,8,9,10,11,12,13,14,15,",34.837,64.6854,33.4909,64.6715,33.4893,65.7948,34.8087,65.826,1.74383544921875,0.1024406739584999,1.5791015625,1.8603515625,3571.375,209.7985002670079,8
ch2_cla_l1_20250801T021837069_20250801T021845069.fits,/home/saurabh/moon_project/data/CLASS/ch2_cla_l1_2025_08/cla/data/calibrated/2025/08/01/ch2_cla_l1_20250801T021837069_20250801T021845069.fits,2025-08-01T02:18:37.069,2025-08-01T02:18:45.069,2025-08-01T02:18:41.069,8.0,-48.5,13.5,112.461,33.7418,65.7232,33.7554,65.2483,43.1113,43.1113,CLASS_add_scds.pro,2.1,204,1,"0,1,2,3,4,5,6,7,8,9,10,11,12,13,14,15,",34.435,64.6828,33.0885,64.6692,33.0868,65.788,34.4068,65.8185,1.7183837890625,0.0758374597014659,1.61767578125,1.830078125,3519.25,155.31511746860224,8
ch2_cla_l1_20250801T021845069_20250801T021853069.fits,/home/saurabh/moon_project/data/CLASS/ch2_cla_l1_2025_08/cla/data/calibrated/2025/08/01/ch2_cla_l1_20250801T021845069_20250801T021853069.fits,2025-08-01T02:18:45.069,2025-08-01T02:18:53.069,2025-08-01T02:18:49.069,8.0,-48.4,13.5,112.549,33.3401,65.7121,33.3534,65.2428,42.8444,42.8444,CLASS_add_scds.pro,2.1,205,1,"0,1,2,3,4,5,6,7,8,9,10,11,12,13,14,15,",34.0331,64.6806,32.6862,64.6651,32.6844,65.7796,34.005,65.8115,1.70159912109375,0.084133257024031,1.57861328125,1.80029296875,3484.875,172.3049103852155,8
ch2_cla_l1_20250801T021853069_20250801T021901069.fits,/home/saurabh/moon_project/data/CLASS/ch2_cla_l1_2025_08/cla/data/calibrated/2025/08/01/ch2_cla_l1_20250801T021853069_20250801T021901069.fits,2025-08-01T02:18:53.069,2025-08-01T02:19:01.069,2025-08-01T02:18:57.069,8.0,-48.4,13.5,112.637,32.9384,65.7011,32.9515,65.2355,42.5792,42.5792,CLASS_add_scds.pro,2.1,206,1,"0,1,2,3,4,5,6,7,8,9,10,11,12,13,14,15,",33.6314,64.6766,32.2841,64.6593,32.2823,65.7695,33.6034,65.8029,1.74346923828125,0.0762165483536475,1.65234375,1.8642578125,3570.625,156.09149102827024,8
ch2_cla_l1_20250801T021901069_20250801T021909069.fits,/home/saurabh/moon_project/data/CLASS/ch2_cla_l1_2025_08/cla/data/calibrated/2025/08/01/ch2_cla_l1_20250801T021901069_20250801T021909069.fits,2025-08-01T02:19:01.069,2025-08-01T02:19:09.069,2025-08-01T02:19:05.069,8.0,-48.3,13.5,112.724,32.5368,65.6902,32.5498,65.227,42.3158,42.3158,CLASS_add_scds.pro,2.1,207,1,"0,1,2,3,4,5,6,7,8,9,10,11,12,13,14,15,",33.23,64.6707,31.8821,64.6525,31.8804,65.7587,33.202,65.7927,1.722412109375,0.1016861718054461,1.59326171875,1.8935546875,3527.5,208.25327985755368,8
ch2_cla_l1_20250801T021909069_20250801T021917069.fits,/home/saurabh/moon_project/data/CLASS/ch2_cla_l1_2025_08/cla/data/calibrated/2025/08/01/ch2_cla_l1_20250801T021909069_20250801T021917069.fits,2025-08-01T02:19:09.069,2025-08-01T02:19:17.069,2025-08-01T02:19:13.069,8.0,-48.3,13.5,112.81,32.1352,65.6794,32.1482,65.2178,42.0542,42.0542,CLASS_add_scds.pro,2.1,208,1,"0,1,2,3,4,5,6,7,8,9,10,11,12,13,14,15,",32.8287,64.6639,31.4802,64.6452,31.4785,65.7475,32.8007,65.7816,1.7349853515625,0.0447119314687378,1.67236328125,1.81494140625,3553.25,91.57003564797508,8
ch2_cla_l1_20250801T021917069_20250801T021925069.fits,/home/saurabh/moon_project/data/CLASS/ch2_cla_l1_2025_08/cla/data/calibrated/2025/08/01/ch2_cla_l1_20250801T021917069_20250801T021925069.fits,2025-08-01T02:19:17.069,2025-08-01T02:19:25.069,2025-08-01T02:19:21.069,8.0,-48.3,13.5,112.896,31.7336,65.6686,31.7467,65.2084,41.7945,41.7945,CLASS_add_scds.pro,2.1,209,1,"0,1,2,3,4,5,6,7,8,9,10,11,12,13,14,15,",32.4276,64.6566,31.0783,64.6378,31.0766,65.7363,32.3995,65.7702,1.72637939453125,0.0771245660807191,1.60595703125,1.83740234375,3535.625,157.95111133331278,8
ch2_cla_l1_20250801T021925069_20250801T021933069.fits,/home/saurabh/moon_project/data/CLASS/ch2_cla_l1_2025_08/cla/data/calibrated/2025/08/01/ch2_cla_l1_20250801T021925069_20250801T021933069.fits,2025-08-01T02:19:25.069,2025-08-01T02:19:33.069,2025-08-01T02:19:29.069,8.0,-48.3,13.5,112.981,31.3321,65.6579,31.3451,65.1992,41.5366,41.5366,CLASS_add_scds.pro,2.1,210,1,"0,1,2,3,4,5,6,7,8,9,10,11,12,13,14,15,",32.0264,64.6493,30.6765,64.6306,30.6748,65.7253,31.9984,65.7588,1.75225830078125,0.0443909828523406,1.68896484375,1.8232421875,3588.625,90.91273288159366,8
ch2_cla_l1_20250801T021933069_20250801T021941069.fits,/home/saurabh/moon_project/data/CLASS/ch2_cla_l1_2025_08/cla/data/calibrated/2025/08/01/ch2_cla_l1_20250801T021933069_20250801T021941069.fits,2025-08-01T02:19:33.069,2025-08-01T02:19:41.069,2025-08-01T02:19:37.069,8.0,-48.3,13.5,113.065,30.9306,65.6474,30.9437,65.1901,41.2806,41.2806,CLASS_add_scds.pro,2.1,211,1,"0,1,2,3,4,5,6,7,8,9,10,11,12,13,14,15,",31.6253,64.6421,30.2747,64.6235,30.273,65.7145,31.5973,65.7477,1.73040771484375,0.0618984359130705,1.64697265625,1.8212890625,3543.875,126.7679967499684,8
ch2_cla_l1_20250801T021941069_20250801T021949069.fits,/home/saurabh/moon_project/data/CLASS/ch2_cla_l1_2025_08/cla/data/calibrated/2025/08/01/ch2_cla_l1_20250801T021941069_20250801T021949069.fits,2025-08-01T02:19:41.069,2025-08-01T02:19:49.069,2025-08-01T02:19:45.069,8.0,-48.3,13.5,113.148,30.5291,65.6368,30.5422,65.1811,41.0265,41.0265,CLASS_add_scds.pro,2.1,212,1,"0,1,2,3,4,5,6,7,8,9,10,11,12,13,14,15,",31.2242,64.635,29.8729,64.6165,29.8712,65.7038,31.1961,65.7367,1.7479248046875,0.0359312348206051,1.7001953125,1.80078125,3579.75,73.58716891259935,8
ch2_cla_l1_20250801T021949069_20250801T021957069.fits,/home/saurabh/moon_project/data/CLASS/ch2_cla_l1_2025_08/cla/data/calibrated/2025/08/01/ch2_cla_l1_20250801T021949069_20250801T021957069.fits,2025-08-01T02:19:49.069,2025-08-01T02:19:57.069,2025-08-01T02:19:53.069,8.0,-48.2,13.5,113.231,30.1277,65.6264,30.1407,65.1723,40.7744,40.7744,CLASS_add_scds.pro,2.1,213,1,"0,1,2,3,4,5,6,7,8,9,10,11,12,13,14,15,",30.8231,64.628,29.4711,64.6095,29.4695,65.6933,30.795,65.7259,1.76727294921875,0.0671143485262291,1.669921875,1.8447265625,3619.375,137.4501857817172,8
ch2_cla_l1_20250801T021957069_20250801T022005069.fits,/home/saurabh/moon_project/data/CLASS/ch2_cla_l1_2025_08/cla/data/calibrated/2025/08/01/ch2_cla_l1_20250801T021957069_20250801T022005069.fits,2025-08-01T02:19:57.069,2025-08-01T02:20:05.069,2025-08-01T02:20:01.069,8.0,-48.1,13.5,113.313,29.7263,65.6161,29.7393,65.1634,40.5244,40.5244,CLASS_add_scds.pro,2.1,214,1,"0,1,2,3,4,5,6,7,8,9,10,11,12,13,14,15,",30.422,64.621,29.0694,64.6025,29.0677,65.6828,30.394,65.7151,1.74798583984375,0.045681565710988,1.6787109375,1.8369140625,3579.875,93.55584657610356,8
ch2_cla_l1_20250801T022005069_20250801T022013069.fits,/home/saurabh/moon_project/data/CLASS/ch2_cla_l1_2025_08/cla/data/calibrated/2025/08/01/ch2_cla_l1_20250801T022005069_20250801T022013069.fits,2025-08-01T02:20:05.069,2025-08-01T02:20:13.069,2025-08-01T02:20:09.069,8.0,-48.1,13.5,113.394,29.3249,65.6058,29.3379,65.1547,40.2763,40.2763,CLASS_add_scds.pro,2.1,215,1,"0,1,2,3,4,5,6,7,8,9,10,11,12,13,14,15,",30.0209,64.6141,28.6677,64.5955,28.6661,65.6724,29.9929,65.7045,1.77294921875,0.0505964669043651,1.703125,1.85546875,3631.0,103.62156422013987,8
ch2_cla_l1_20250801T022013069_20250801T022021069.fits,/home/saurabh/moon_project/data/CLASS/ch2_cla_l1_2025_08/cla/data/calibrated/2025/08/01/ch2_cla_l1_20250801T022013069_20250801T022021069.fits,2025-08-01T02:20:13.069,2025-08-01T02:20:21.069,2025-08-01T02:20:17.069,8.0,-48.0,13.5,113.475,28.9236,65.5956,28.9366,65.1459,40.0304,40.0304,CLASS_add_scds.pro,2.1,216,1,"0,1,2,3,4,5,6,7,8,9,10,11,12,13,14,15,",29.62,64.6071,28.266,64.5884,28.2644,65.6621,29.5919,65.694,1.753662109375,0.0562974275734523,1.6552734375,1.8310546875,3591.5,115.29713167043045,8
ch2_cla_l1_20250801T022021069_20250801T022029069.fits,/home/saurabh/moon_project/data/CLASS/ch2_cla_l1_2025_08/cla/data/calibrated/2025/08/01/ch2_cla_l1_20250801T022021069_20250801T022029069.fits,2025-08-01T02:20:21.069,2025-08-01T02:20:29.069,2025-08-01T02:20:25.069,8.0,-48.0,13.5,113.554,28.5223,65.5854,28.5353,65.1372,39.7866,39.7866,CLASS_add_scds.pro,2.1,217,1,"0,1,2,3,4,5,6,7,8,9,10,11,12,13,14,15,",29.219,64.6001,27.8645,64.5814,27.8629,65.6518,29.1909,65.6834,1.806396484375,0.0672431588524672,1.7216796875,1.91552734375,3699.5,137.71398932985298,8
ch2_cla_l1_20250801T022029069_20250801T022037069.fits,/home/saurabh/moon_project/data/CLASS/ch2_cla_l1_2025_08/cla/data/calibrated/2025/08/01/ch2_cla_l1_20250801T022029069_20250801T022037069.fits,2025-08-01T02:20:29.069,2025-08-01T02:20:37.069,2025-08-01T02:20:33.069,8.0,-48.0,13.5,113.633,28.1211,65.5753,28.1341,65.1284,39.5449,39.5449,CLASS_add_scds.pro,2.1,218,1,"0,1,2,3,4,5,6,7,8,9,10,11,12,13,14,15,",28.8181,64.5931,27.4629,64.5743,27.4613,65.6415,28.79,65.673,1.740478515625,0.0749253219113898,1.6435546875,1.85498046875,3564.5,153.44705927452634,8
ch2_cla_l1_20250801T022037069_20250801T022045069.fits,/home/saurabh/moon_project/data/CLASS/ch2_cla_l1_2025_08/cla/data/calibrated/2025/08/01/ch2_cla_l1_20250801T022037069_20250801T022045069.fits,2025-08-01T02:20:37.069,2025-08-01T02:20:45.069,2025-08-01T02:20:41.069,8.0,-48.0,13.5,113.712,27.7198,65.5653,27.7328,65.1198,39.3054,39.3054,CLASS_add_scds.pro,2.1,219,1,"0,1,2,3,4,5,6,7,8,9,10,11,12,13,14,15,",28.4172,64.586,27.0614,64.5673,27.0598,65.6314,28.3891,65.6626,1.79986572265625,0.1003365566674028,1.62890625,1.93603515625,3686.125,205.48926805484092,8
ch2_cla_l1_20250801T022045069_20250801T022053069.fits,/home/saurabh/moon_project/data/CLASS/ch2_cla_l1_2025_08/cla/data/calibrated/2025/08/01/ch2_cla_l1_20250801T022045069_20250801T022053069.fits,2025-08-01T02:20:45.069,2025-08-01T02:20:53.069,2025-08-01T02:20:49.069,8.0,-48.0,13.5,113.789,27.3186,65.5554,27.3316,65.1112,39.0682,39.0682,CLASS_add_scds.pro,2.1,220,1,"0,1,2,3,4,5,6,7,8,9,10,11,12,13,14,15,",28.0163,64.579,26.6599,64.5603,26.6583,65.6213,27.9882,65.6523,1.7635498046875,0.0744536847536834,1.673828125,1.86962890625,3611.75,152.48114637554374,8
ch2_cla_l1_20250801T022053069_20250801T022101069.fits,/home/saurabh/moon_project/data/CLASS/ch2_cla_l1_2025_08/cla/data/calibrated/2025/08/01/ch2_cla_l1_20250801T022053069_20250801T022101069.fits,2025-08-01T02:20:53.069,2025-08-01T02:21:01.069,2025-08-01T02:20:57.069,8.0,-48.0,13.5,113.866,26.9175,65.5455,26.9305,65.1026,38.8333,38.8333,CLASS_add_scds.pro,2.1,221,1,"0,1,2,3,4,5,6,7,8,9,10,11,12,13,14,15,",27.6155,64.572,26.2584,64.5532,26.2569,65.6113,27.5874,65.6421,1.81884765625,0.063508212404886,1.7275390625,1.91796875,3725.0,130.06481900520657,8
ch2_cla_l1_20250801T022101069_20250801T022109069.fits,/home/saurabh/moon_project/data/CLASS/ch2_cla_l1_2025_08/cla/data/calibrated/2025/08/01/ch2_cla_l1_20250801T022101069_20250801T022109069.fits,2025-08-01T02:21:01.069,2025-08-01T02:21:09.069,2025-08-01T02:21:05.069,8.0,-47.9,13.5,113.942,26.5164,65.5357,26.5293,65.094,38.6007,38.6007,CLASS_add_scds.pro,2.1,222,1,"0,1,2,3,4,5,6,7,8,9,10,11,12,13,14,15,",27.2146,64.565,25.857,64.5462,25.8554,65.6013,27.1866,65.6319,1.75323486328125,0.0503447077373289,1.67578125,1.83447265625,3590.625,103.10596144604968,8
ch2_cla_l1_20250801T022109069_20250801T022117069.fits,/home/saurabh/moon_project/data/CLASS/ch2_cla_l1_2025_08/cla/data/calibrated/2025/08/01/ch2_cla_l1_20250801T022109069_20250801T022117069.fits,2025-08-01T02:21:09.069,2025-08-01T02:21:17.069,2025-08-01T02:21:13.069,8.0,-47.7,13.5,114.017,26.1153,65.5259,26.1282,65.0855,38.3705,38.3705,CLASS_add_scds.pro,2.1,223,1,"0,1,2,3,4,5,6,7,8,9,10,11,12,13,14,15,",26.8139,64.558,25.4556,64.5392,25.4541,65.5915,26.7858,65.6218,1.8258056640625,0.0491685607089666,1.75244140625,1.90673828125,3739.25,100.69721233196364,8
ch2_cla_l1_20250801T022117069_20250801T022125069.fits,/home/saurabh/moon_project/data/CLASS/ch2_cla_l1_2025_08/cla/data/calibrated/2025/08/01/ch2_cla_l1_20250801T022117069_20250801T022125069.fits,2025-08-01T02:21:17.069,2025-08-01T02:21:25.069,2025-08-01T02:21:21.069,8.0,-47.7,13.5,114.092,25.7142,65.5162,25.7272,65.077,38.1426,38.1426,CLASS_add_scds.pro,2.1,224,1,"0,1,2,3,4,5,6,7,8,9,10,11,12,13,14,15,",26.4131,64.551,25.0543,64.5321,25.0527,65.5816,26.385,65.6118,1.787841796875,0.0563965598667939,1.69970703125,1.87158203125,3661.5,115.500154607194,8
ch2_cla_l1_20250801T022125069_20250801T022133069.fits,/home/saurabh/moon_project/data/CLASS/ch2_cla_l1_2025_08/cla/data/calibrated/2025/08/01/ch2_cla_l1_20250801T022125069_20250801T022133069.fits,2025-08-01T02:21:25.069,2025-08-01T02:21:33.069,2025-08-01T02:21:29.069,8.0,-47.6,13.5,114.166,25.3132,65.5066,25.3261,65.0685,37.9172,37.9172,CLASS_add_scds.pro,2.1,225,1,"0,1,2,3,4,5,6,7,8,9,10,11,12,13,14,15,",26.0124,64.544,24.653,64.5251,24.6514,65.5719,25.9843,65.6019,1.8226318359375,0.0343424754658121,1.7705078125,1.875,3732.75,70.33338975398324,8
ch2_cla_l1_20250801T022133069_20250801T022141069.fits,/home/saurabh/moon_project/data/CLASS/ch2_cla_l1_2025_08/cla/data/calibrated/2025/08/01/ch2_cla_l1_20250801T022133069_20250801T022141069.fits,2025-08-01T02:21:33.069,2025-08-01T02:21:41.069,2025-08-01T02:21:37.069,8.0,-47.6,13.5,114.239,24.9122,65.497,24.9251,65.0601,37.6944,37.6944,CLASS_add_scds.pro,2.1,226,1,"0,1,2,3,4,5,6,7,8,9,10,11,12,13,14,15,",25.6117,64.537,24.2517,64.518,24.2501,65.5622,25.5836,65.592,1.798095703125,0.0552149656412887,1.7314453125,1.90234375,3682.5,113.0802496333593,8
ch2_cla_l1_20250801T022141069_20250801T022149069.fits,/home/saurabh/moon_project/data/CLASS/ch2_cla_l1_2025_08/cla/data/calibrated/2025/08/01/ch2_cla_l1_20250801T022141069_20250801T022149069.fits,2025-08-01T02:21:41.069,2025-08-01T02:21:49.069,2025-08-01T02:21:45.069,8.0,-47.6,13.5,114.311,24.5112,65.4875,24.5241,65.0517,37.474,37.474,CLASS_add_scds.pro,2.1,227,1,"0,1,2,3,4,5,6,7,8,9,10,11,12,13,14,15,",25.211,64.53,23.8505,64.511,23.8489,65.5525,25.1829,65.5821,1.83978271484375,0.0324943611996322,1.79541015625,1.88525390625,3767.875,66.5484517368468,8
ch2_cla_l1_20250801T022149069_20250801T022157069.fits,/home/saurabh/moon_project/data/CLASS/ch2_cla_l1_2025_08/cla/data/calibrated/2025/08/01/ch2_cla_l1_20250801T022149069_20250801T022157069.fits,2025-08-01T02:21:49.069,2025-08-01T02:21:57.069,2025-08-01T02:21:53.069,8.0,-47.6,13.5,114.382,24.1103,65.478,24.1232,65.0433,37.2563,37.2563,CLASS_add_scds.pro,2.1,228,1,"0,1,2,3,4,5,6,7,8,9,10,11,12,13,14,15,",24.8104,64.523,23.4493,64.5039,23.4477,65.5429,24.7822,65.5724,1.81158447265625,0.047487480908751,1.75244140625,1.89990234375,3710.125,97.25436090112214,8
ch2_cla_l1_20250801T022157069_20250801T022205069.fits,/home/saurabh/moon_project/data/CLASS/ch2_cla_l1_2025_08/cla/data/calibrated/2025/08/01/ch2_cla_l1_20250801T022157069_20250801T022205069.fits,2025-08-01T02:21:57.069,2025-08-01T02:22:05.069,2025-08-01T02:22:01.069,8.0,-47.6,13.5,114.453,23.7093,65.4686,23.7223,65.035,37.0412,37.0412,CLASS_add_scds.pro,2.1,229,1,"0,1,2,3,4,5,6,7,8,9,10,11,12,13,14,15,",24.4098,64.516,23.0481,64.4969,23.0465,65.5334,24.3816,65.5627,1.82080078125,0.0595491536998518,1.72265625,1.908203125,3729.0,121.95666677729665,8
ch2_cla_l1_20250801T022205069_20250801T022213069.fits,/home/saurabh/moon_project/data/CLASS/ch2_cla_l1_2025_08/cla/data/calibrated/2025/08/01/ch2_cla_l1_20250801T022205069_20250801T022213069.fits,2025-08-01T02:22:05.069,2025-08-01T02:22:13.069,2025-08-01T02:22:09.069,8.0,-47.6,13.5,114.523,23.3085,65.4592,23.3214,65.0267,36.8287,36.8287,CLASS_add_scds.pro,2.1,230,1,"0,1,2,3,4,5,6,7,8,9,10,11,12,13,14,15,",24.0092,64.509,22.6469,64.4898,22.6454,65.5239,23.981,65.553,1.81884765625,0.0752116169707692,1.70703125,1.94921875,3725.0,154.03339155613537,8
ch2_cla_l1_20250801T022213069_20250801T022221069.fits,/home/saurabh/moon_project/data/CLASS/ch2_cla_l1_2025_08/cla/data/calibrated/2025/08/01/ch2_cla_l1_20250801T022213069_20250801T022221069.fits,2025-08-01T02:22:13.069,2025-08-01T02:22:21.069,2025-08-01T02:22:17.069,8.0,-47.5,13.5,114.592,22.9076,65.4499,22.9206,65.0184,36.619,36.619,CLASS_add_scds.pro,2.1,231,1,"0,1,2,3,4,5,6,7,8,9,10,11,12,13,14,15,",23.6087,64.502,22.2458,64.4828,22.2443,65.5145,23.5804,65.5434,1.8431396484375,0.0564434961996918,1.75537109375,1.92626953125,3774.75,115.59628021696892,8
ch2_cla_l1_20250801T022221069_20250801T022229069.fits,/home/saurabh/moon_project/data/CLASS/ch2_cla_l1_2025_08/cla/data/calibrated/2025/08/01/ch2_cla_l1_20250801T022221069_20250801T022229069.fits,2025-08-01T02:22:21.069,2025-08-01T02:22:29.069,2025-08-01T02:22:25.069,8.0,-47.4,13.5,114.66,22.5068,65.4406,22.5197,65.0101,36.4121,36.4121,CLASS_add_scds.pro,2.1,232,1,"0,1,2,3,4,5,6,7,8,9,10,11,12,13,14,15,",23.2081,64.4949,21.8448,64.4757,21.8432,65.5051,23.1799,65.5339,1.8203125,0.0907512818493288,1.68994140625,1.9697265625,3728.0,185.85862522742545,8
ch2_cla_l1_20250801T022229069_20250801T022237069.fits,/home/saurabh/moon_project/data/CLASS/ch2_cla_l1_2025_08/cla/data/calibrated/2025/08/01/ch2_cla_l1_20250801T022229069_20250801T022237069.fits,2025-08-01T02:22:29.069,2025-08-01T02:22:37.069,2025-08-01T02:22:33.069,8.0,-47.3,13.5,114.728,22.106,65.4314,22.1189,65.0018,36.2079,36.2079,CLASS_add_scds.pro,2.1,233,1,"0,1,2,3,4,5,6,7,8,9,10,11,12,13,14,15,",22.8076,64.4879,21.4437,64.4686,21.4421,65.4957,22.7794,65.5244,1.8341064453125,0.0769432055945385,1.728515625,1.9521484375,3756.25,157.57968505761502,8
ch2_cla_l1_20250801T022237069_20250801T022245069.fits,/home/saurabh/moon_project/data/CLASS/ch2_cla_l1_2025_08/cla/data/calibrated/2025/08/01/ch2_cla_l1_20250801T022237069_20250801T022245069.fits,2025-08-01T02:22:37.069,2025-08-01T02:22:45.069,2025-08-01T02:22:41.069,8.0,-47.3,13.5,114.795,21.7052,65.4222,21.7182,64.9936,36.0067,36.0067,CLASS_add_scds.pro,2.1,234,1,"0,1,2,3,4,5,6,7,8,9,10,11,12,13,14,15,",22.4072,64.4809,21.0427,64.4615,21.0411,65.4865,22.3789,65.5149,1.85565185546875,0.0791557704865187,1.71630859375,1.98388671875,3800.375,162.11101795639044,8
ch2_cla_l1_20250801T022245069_20250801T022253069.fits,/home/saurabh/moon_project/data/CLASS/ch2_cla_l1_2025_08/cla/data/calibrated/2025/08/01/ch2_cla_l1_20250801T022245069_20250801T022253069.fits,2025-08-01T02:22:45.069,2025-08-01T02:22:53.069,2025-08-01T02:22:49.069,8.0,-47.3,13.5,114.86,21.3045,65.413,21.3174,64.9854,35.8083,35.8083,CLASS_add_scds.pro,2.1,235,1,"0,1,2,3,4,5,6,7,8,9,10,11,12,13,14,15,",22.0067,64.4738,20.6417,64.4544,20.6401,65.4772,21.9784,65.5055,1.79083251953125,0.0862211771996542,1.66259765625,1.9365234375,3667.625,176.58097090489193,8
ch2_cla_l1_20250801T022253069_20250801T022301069.fits,/home/saurabh/moon_project/data/CLASS/ch2_cla_l1_2025_08/cla/data/calibrated/2025/08/01/ch2_cla_l1_20250801T022253069_20250801T022301069.fits,2025-08-01T02:22:53.069,2025-08-01T02:23:01.069,2025-08-01T02:22:57.069,8.0,-47.3,13.5,114.925,20.9038,65.4039,20.9167,64.9772,35.613,35.613,CLASS_add_scds.pro,2.1,236,1,"0,1,2,3,4,5,6,7,8,9,10,11,12,13,14,15,",21.6063,64.4668,20.2408,64.4473,20.2392,65.468,21.5779,65.4962,1.737548828125,0.0774414678239036,1.61376953125,1.8525390625,3558.5,158.60012610335465,8
ch2_cla_l1_20250801T022301069_20250801T022309069.fits,/home/saurabh/moon_project/data/CLASS/ch2_cla_l1_2025_08/cla/data/calibrated/2025/08/01/ch2_cla_l1_20250801T022301069_20250801T022309069.fits,2025-08-01T02:23:01.069,2025-08-01T02:23:09.069,2025-08-01T02:23:05.069,8.0,-47.3,13.5,114.99,20.5031,65.3949,20.516,64.969,35.4206,35.4206,CLASS_add_scds.pro,2.1,237,1,"0,1,2,3,4,5,6,7,8,9,10,11,12,13,14,15,",21.2059,64.4597,19.8399,64.4402,19.8382,65.4589,21.1775,65.4869,1.71832275390625,0.0475132944389677,1.65087890625,1.7978515625,3519.125,97.30722701100586,8
ch2_cla_l1_20250801T022309069_20250801T022317069.fits,/home/saurabh/moon_project/data/CLASS/ch2_cla_l1_2025_08/cla/data/calibrated/2025/08/01/ch2_cla_l1_20250801T022309069_20250801T022317069.fits,2025-08-01T02:23:09.069,2025-08-01T02:23:17.069,2025-08-01T02:23:13.069,8.0,-47.3,13.5,115.053,20.1024,65.3858,20.1154,64.9609,35.2313,35.2313,CLASS_add_scds.pro,2.1,238,1,"0,1,2,3,4,5,6,7,8,9,10,11,12,13,14,15,",20.8055,64.4526,19.439,64.433,19.4373,65.4497,20.7771,65.4776,1.76007080078125,0.0752781286311325,1.64208984375,1.869140625,3604.625,154.1696074365595,8
ch2_cla_l1_20250801T022317069_20250801T022325069.fits,/home/saurabh/moon_project/data/CLASS/ch2_cla_l1_2025_08/cla/data/calibrated/2025/08/01/ch2_cla_l1_20250801T022317069_20250801T022325069.fits,2025-08-01T02:23:17.069,2025-08-01T02:23:25.069,2025-08-01T02:23:21.069,8.0,-47.2,13.5,115.116,19.7018,65.3769,19.7147,64.9527,35.0451,35.0451,CLASS_add_scds.pro,2.1,239,1,"0,1,2,3,4,5,6,7,8,9,10,11,12,13,14,15,",20.4051,64.4455,19.0367,64.4285,19.0352,65.4432,20.3767,65.4684,1.72650146484375,0.0365008605698813,1.67578125,1.77294921875,3535.875,74.753762447117,8
ch2_cla_l1_20250801T022325069_20250801T022333069.fits,/home/saurabh/moon_project/data/CLASS/ch2_cla_l1_2025_08/cla/data/calibrated/2025/08/01/ch2_cla_l1_20250801T022325069_20250801T022333069.fits,2025-08-01T02:23:25.069,2025-08-01T02:23:33.069,2025-08-01T02:23:29.069,8.0,-47.1,13.5,115.177,19.3012,65.3679,19.3131,64.9467,34.8621,34.8621,CLASS_add_scds.pro,2.1,240,1,"0,1,2,3,4,5,6,7,8,9,10,11,12,13,14,15,",20.0032,64.4409,18.6366,64.4204,18.635,65.4333,19.9751,65.4616,1.76531982421875,0.0560019807830165,1.662109375,1.84033203125,3615.375,114.6920566436179,8
ch2_cla_l1_20250801T022333069_20250801T022341069.fits,/home/saurabh/moon_project/data/CLASS/ch2_cla_l1_2025_08/cla/data/calibrated/2025/08/01/ch2_cla_l1_20250801T022333069_20250801T022341069.fits,2025-08-01T02:23:33.069,2025-08-01T02:23:41.069,2025-08-01T02:23:37.069,8.0,-46.9,13.5,115.238,18.9006,65.359,18.913,64.9376,34.6822,34.6822,CLASS_add_scds.pro,2.1,241,1,"0,1,2,3,4,5,6,7,8,9,10,11,12,13,14,15,",19.6037,64.433,18.2361,64.4123,18.2345,65.4234,19.5754,65.4517,1.727783203125,0.0387974054449419,1.67236328125,1.7880859375,3538.5,79.45708635124102,8
ch2_cla_l1_20250801T022341069_20250801T022349069.fits,/home/saurabh/moon_project/data/CLASS/ch2_cla_l1_2025_08/cla/data/calibrated/2025/08/01/ch2_cla_l1_20250801T022341069_20250801T022349069.fits,2025-08-01T02:23:41.069,2025-08-01T02:23:49.069,2025-08-01T02:23:45.069,8.0,-46.9,13.5,115.298,18.5001,65.3501,18.5127,64.9288,34.5057,34.5057,CLASS_add_scds.pro,2.1,242,1,"0,1,2,3,4,5,6,7,8,9,10,11,12,13,14,15,",19.2038,64.425,17.8356,64.4046,17.8339,65.4139,19.1754,65.4418,1.79864501953125,0.0353590550118914,1.74462890625,1.8505859375,3683.625,72.41534466435373,8
ch2_cla_l1_20250801T022349069_20250801T022357069.fits,/home/saurabh/moon_project/data/CLASS/ch2_cla_l1_2025_08/cla/data/calibrated/2025/08/01/ch2_cla_l1_20250801T022349069_20250801T022357069.fits,2025-08-01T02:23:49.069,2025-08-01T02:23:57.069,2025-08-01T02:23:53.069,8.0,-46.9,13.5,115.357,18.0995,65.3413,18.1124,64.9204,34.3324,34.3324,CLASS_add_scds.pro,2.1,243,1,"0,1,2,3,4,5,6,7,8,9,10,11,12,13,14,15,",18.8038,64.4174,17.4349,64.3972,17.4332,65.4048,18.7753,65.4323,1.71710205078125,0.0588460304947623,1.625,1.802734375,3516.625,120.5166704532732,8
ch2_cla_l1_20250801T022357069_20250801T022405069.fits,/home/saurabh/moon_project/data/CLASS/ch2_cla_l1_2025_08/cla/data/calibrated/2025/08/01/ch2_cla_l1_20250801T022357069_20250801T022405069.fits,2025-08-01T02:23:57.069,2025-08-01T02:24:05.069,2025-08-01T02:24:01.069,8.0,-46.9,13.5,115.416,17.699,65.3325,17.712,64.9123,34.1625,34.1625,CLASS_add_scds.pro,2.1,244,1,"0,1,2,3,4,5,6,7,8,9,10,11,12,13,14,15,",18.4036,64.41,17.0342,64.39,17.0325,65.3959,18.3751,65.423,1.78472900390625,0.0584321837196319,1.68505859375,1.87890625,3655.125,119.66911225780623,8
ch2_cla_l1_20250801T022405069_20250801T022413069.fits,/home/saurabh/moon_project/data/CLASS/ch2_cla_l1_2025_08/cla/data/calibrated/2025/08/01/ch2_cla_l1_20250801T022405069_20250801T022413069.fits,2025-08-01T02:24:05.069,2025-08-01T02:24:13.069,2025-08-01T02:24:09.069,8.0,-46.9,13.5,115.473,17.2986,65.3237,17.3115,64.9042,33.996,33.996,CLASS_add_scds.pro,2.1,245,1,"0,1,2,3,4,5,6,7,8,9,10,11,12,13,14,15,",18.0034,64.4028,16.6336,64.3827,16.6319,65.387,17.9749,65.414,1.75262451171875,0.0488050569811985,1.67626953125,1.82763671875,3589.375,99.95275669749468,8
ch2_cla_l1_20250801T022413069_20250801T022421069.fits,/home/saurabh/moon_project/data/CLASS/ch2_cla_l1_2025_08/cla/data/calibrated/2025/08/01/ch2_cla_l1_20250801T022413069_20250801T022421069.fits,2025-08-01T02:24:13.069,2025-08-01T02:24:21.069,2025-08-01T02:24:17.069,8.0,-46.9,13.5,115.53,16.8981,65.315,16.911,64.8961,33.833,33.833,CLASS_add_scds.pro,2.1,246,1,"0,1,2,3,4,5,6,7,8,9,10,11,12,13,14,15,",17.6033,64.3956,16.2329,64.3755,16.2312,65.3782,17.5747,65.4051,1.79156494140625,0.0692398049599838,1.7041015625,1.90283203125,3669.125,141.80312055804697,8
ch2_cla_l1_20250801T022421069_20250801T022429069.fits,/home/saurabh/moon_project/data/CLASS/ch2_cla_l1_2025_08/cla/data/calibrated/2025/08/01/ch2_cla_l1_20250801T022421069_20250801T022429069.fits,2025-08-01T02:24:21.069,2025-08-01T02:24:29.069,2025-08-01T02:24:25.069,8.0,-46.9,13.5,115.585,16.4977,65.3063,16.5106,64.8881,33.6735,33.6735,CLASS_add_scds.pro,2.1,247,1,"0,1,2,3,4,5,6,7,8,9,10,11,12,13,14,15,",17.203,64.3884,15.8355,64.3677,15.8336,65.3688,17.1745,65.3962,1.7396240234375,0.0753784214988341,1.626953125,1.84619140625,3562.75,154.37500722961232,8
ch2_cla_l1_20250801T022429069_20250801T022437069.fits,/home/saurabh/moon_project/data/CLASS/ch2_cla_l1_2025_08/cla/data/calibrated/2025/08/01/ch2_cla_l1_20250801T022429069_20250801T022437069.fits,2025-08-01T02:24:29.069,2025-08-01T02:24:37.069,2025-08-01T02:24:33.069,8.0,-46.8,13.5,115.64,16.0973,65.2976,16.114,64.8793,33.5176,33.5176,CLASS_add_scds.pro,2.1,248,1,"0,1,2,3,4,5,6,7,8,9,10,11,12,13,14,15,",16.8061,64.3807,15.4353,64.3602,15.4334,65.3598,16.7774,65.3869,1.79864501953125,0.0732114600257679,1.70458984375,1.912109375,3683.625,149.9370701327727,8
ch2_cla_l1_20250801T022437069_20250801T022445069.fits,/home/saurabh/moon_project/data/CLASS/ch2_cla_l1_2025_08/cla/data/calibrated/2025/08/01/ch2_cla_l1_20250801T022437069_20250801T022445069.fits,2025-08-01T02:24:37.069,2025-08-01T02:24:45.069,2025-08-01T02:24:41.069,8.0,-46.6,13.5,115.694,15.6969,65.2889,15.7104,64.8717,33.3652,33.3652,CLASS_add_scds.pro,2.1,249,1,"0,1,2,3,4,5,6,7,8,9,10,11,12,13,14,15,",16.4064,64.3732,15.0295,64.3538,15.0277,65.3521,16.3775,65.3779,1.76812744140625,0.0802002882122274,1.6357421875,1.86474609375,3621.125,164.2501902586417,8
ch2_cla_l1_20250801T022445069_20250801T022453069.fits,/home/saurabh/moon_project/data/CLASS/ch2_cla_l1_2025_08/cla/data/calibrated/2025/08/01/ch2_cla_l1_20250801T022445069_20250801T022453069.fits,2025-08-01T02:24:45.069,2025-08-01T02:24:53.069,2025-08-01T02:24:49.069,8.0,-46.6,13.5,115.747,15.2965,65.2803,15.3071,64.8645,33.2166,33.2166,CLASS_add_scds.pro,2.1,250,1,"0,1,2,3,4,5,6,7,8,9,10,11,12,13,14,15,",16.001,64.367,14.6284,64.347,14.6267,65.3438,15.9723,65.3699,1.79095458984375,0.048648131907387,1.72412109375,1.857421875,3667.875,99.6313741463286,8
ch2_cla_l1_20250801T022453069_20250801T022501069.fits,/home/saurabh/moon_project/data/CLASS/ch2_cla_l1_2025_08/cla/data/calibrated/2025/08/01/ch2_cla_l1_20250801T022453069_20250801T022501069.fits,2025-08-01T02:24:53.069,2025-08-01T02:25:01.069,2025-08-01T02:24:57.069,8.0,-46.6,13.5,115.799,14.8962,65.2717,14.9075,64.8566,33.0716,33.0716,CLASS_add_scds.pro,2.1,251,1,"0,1,2,3,4,5,6,7,8,9,10,11,12,13,14,15,",15.6003,64.3602,14.2289,64.3396,14.2271,65.3351,15.5717,65.3615,1.782958984375,0.0797191909476205,1.654296875,1.8896484375,3651.5,163.26490306072697,8
ch2_cla_l1_20250801T022501069_20250801T022509069.fits,/home/saurabh/moon_project/data/CLASS/ch2_cla_l1_2025_08/cla/data/calibrated/2025/08/01/ch2_cla_l1_20250801T022501069_20250801T022509069.fits,2025-08-01T02:25:01.069,2025-08-01T02:25:09.069,2025-08-01T02:25:05.069,8.0,-46.6,13.5,115.851,14.4959,65.2632,14.508,64.8484,32.9304,32.9304,CLASS_add_scds.pro,2.1,252,1,"0,1,2,3,4,5,6,7,8,9,10,11,12,13,14,15,",15.2013,64.3529,13.8291,64.332,13.8273,65.3262,15.1726,65.3527,1.80462646484375,0.0459002462569848,1.74169921875,1.8837890625,3695.875,94.00370433430498,8
ch2_cla_l1_20250801T022509069_20250801T022517069.fits,/home/saurabh/moon_project/data/CLASS/ch2_cla_l1_2025_08/cla/data/calibrated/2025/08/01/ch2_cla_l1_20250801T022509069_20250801T022517069.fits,2025-08-01T02:25:09.069,2025-08-01T02:25:17.069,2025-08-01T02:25:13.069,8.0,-46.6,13.5,115.901,14.0956,65.2546,14.1082,64.8402,32.793,32.793,CLASS_add_scds.pro,2.1,253,1,"0,1,2,3,4,5,6,7,8,9,10,11,12,13,14,15,",14.8019,64.3454,13.429,64.3245,13.4271,65.3175,14.7731,65.3438,1.7943115234375,0.0729909894350323,1.701171875,1.916015625,3674.75,149.4855463629463,8
ch2_cla_l1_20250801T022517069_20250801T022525069.fits,/home/saurabh/moon_project/data/CLASS/ch2_cla_l1_2025_08/cla/data/calibrated/2025/08/01/ch2_cla_l1_20250801T022517069_20250801T022525069.fits,2025-08-01T02:25:17.069,2025-08-01T02:25:25.069,2025-08-01T02:25:21.069,8.0,-46.6,13.5,115.951,13.6953,65.2461,13.7082,64.8322,32.6594,32.6594,CLASS_add_scds.pro,2.1,254,1,"0,1,2,3,4,5,6,7,8,9,10,11,12,13,14,15,",14.4022,64.3379,13.0287,64.3171,13.0268,65.3088,14.3734,65.335,1.7913818359375,0.0347398592039979,1.73828125,1.84375,3668.75,71.14723164978783,8
ch2_cla_l1_20250801T022525069_20250801T022533069.fits,/home/saurabh/moon_project/data/CLASS/ch2_cla_l1_2025_08/cla/data/calibrated/2025/08/01/ch2_cla_l1_20250801T022525069_20250801T022533069.fits,2025-08-01T02:25:25.069,2025-08-01T02:25:33.069,2025-08-01T02:25:29.069,8.0,-46.5,13.5,116.0,13.2951,65.2376,13.308,64.8241,32.5298,32.5298,CLASS_add_scds.pro,2.1,255,1,"0,1,2,3,4,5,6,7,8,9,10,11,12,13,14,15,",14.0024,64.3306,12.6283,64.3097,12.6264,65.3003,13.9735,65.3263,1.8172607421875,0.0601488381315604,1.728515625,1.8974609375,3721.75,123.1848204934358,8
ch2_cla_l1_20250801T022533069_20250801T022541069.fits,/home/saurabh/moon_project/data/CLASS/ch2_cla_l1_2025_08/cla/data/calibrated/2025/08/01/ch2_cla_l1_20250801T022533069_20250801T022541069.fits,2025-08-01T02:25:33.069,2025-08-01T02:25:41.069,2025-08-01T02:25:37.069,8.0,-46.5,13.5,116.047,12.8948,65.2291,12.9078,64.8162,32.4041,32.4041,CLASS_add_scds.pro,2.1,256,1,"0,1,2,3,4,5,6,7,8,9,10,11,12,13,14,15,",13.6024,64.3232,12.228,64.3023,12.226,65.2918,13.5735,65.3177,1.80902099609375,0.0381560187376848,1.7509765625,1.86669921875,3704.875,78.14352637477857,8
ch2_cla_l1_20250801T022541069_20250801T022549069.fits,/home/saurabh/moon_project/data/CLASS/ch2_cla_l1_2025_08/cla/data/calibrated/2025/08/01/ch2_cla_l1_20250801T022541069_20250801T022549069.fits,2025-08-01T02:25:41.069,2025-08-01T02:25:49.069,2025-08-01T02:25:45.069,8.0,-46.3,13.5,116.094,12.4946,65.2207,12.5076,64.8082,32.2824,32.2824,CLASS_add_scds.pro,2.1,257,1,"0,1,2,3,4,5,6,7,8,9,10,11,12,13,14,15,",13.2024,64.3159,11.8276,64.2949,11.8256,65.2833,13.1735,65.3091,1.81866455078125,0.0537330879016393,1.74951171875,1.89404296875,3724.625,110.04536402255728,8
ch2_cla_l1_20250801T022549069_20250801T022557069.fits,/home/saurabh/moon_project/data/CLASS/ch2_cla_l1_2025_08/cla/data/calibrated/2025/08/01/ch2_cla_l1_20250801T022549069_20250801T022557069.fits,2025-08-01T02:25:49.069,2025-08-01T02:25:57.069,2025-08-01T02:25:53.069,8.0,-46.2,13.5,116.141,12.0944,65.2123,12.1074,64.8002,32.1647,32.1647,CLASS_add_scds.pro,2.1,258,1,"0,1,2,3,4,5,6,7,8,9,10,11,12,13,14,15,",12.8025,64.3086,11.4273,64.2875,11.4253,65.2748,12.7735,65.3006,1.8006591796875,0.0547595425406281,1.71142578125,1.88623046875,3687.75,112.14754312320636,8
ch2_cla_l1_20250801T022557069_20250801T022605069.fits,/home/saurabh/moon_project/data/CLASS/ch2_cla_l1_2025_08/cla/data/calibrated/2025/08/01/ch2_cla_l1_20250801T022557069_20250801T022605069.fits,2025-08-01T02:25:57.069,2025-08-01T02:26:05.069,2025-08-01T02:26:01.069,8.0,-46.2,13.5,116.186,11.6943,65.2039,11.7073,64.7923,32.0511,32.0511,CLASS_add_scds.pro,2.1,259,1,"0,1,2,3,4,5,6,7,8,9,10,11,12,13,14,15,",12.4025,64.3012,11.027,64.28,11.0249,65.2664,12.3735,65.2921,1.838623046875,0.0534687875475388,1.765625,1.92431640625,3765.5,109.50407689735964,8
ch2_cla_l1_20250801T022605069_20250801T022613069.fits,/home/saurabh/moon_project/data/CLASS/ch2_cla_l1_2025_08/cla/data/calibrated/2025/08/01/ch2_cla_l1_20250801T022605069_20250801T022613069.fits,2025-08-01T02:26:05.069,2025-08-01T02:26:13.069,2025-08-01T02:26:09.069,8.0,-46.2,13.5,116.23,11.2941,65.1955,11.3071,64.7843,31.9416,31.9416,CLASS_add_scds.pro,2.1,260,1,"0,1,2,3,4,5,6,7,8,9,10,11,12,13,14,15,",12.0026,64.2938,10.6267,64.2725,10.6246,65.2579,11.9735,65.2836,1.80078125,0.0597923126616201,1.72705078125,1.89404296875,3688.0,122.45465633099812,8
ch2_cla_l1_20250801T022613069_20250801T022621069.fits,/home/saurabh/moon_project/data/CLASS/ch2_cla_l1_2025_08/cla/data/calibrated/2025/08/01/ch2_cla_l1_20250801T022613069_20250801T022621069.fits,2025-08-01T02:26:13.069,2025-08-01T02:26:21.069,2025-08-01T02:26:17.069,8.0,-46.2,13.5,116.274,10.894,65.1871,10.907,64.7764,31.8363,31.8363,CLASS_add_scds.pro,2.1,261,1,"0,1,2,3,4,5,6,7,8,9,10,11,12,13,14,15,",11.6027,64.2864,10.2264,64.265,10.2243,65.2495,11.5736,65.2751,1.83892822265625,0.101268447426644,1.66455078125,1.96484375,3766.125,207.397780329767,8
ch2_cla_l1_20250801T022621069_20250801T022629069.fits,/home/saurabh/moon_project/data/CLASS/ch2_cla_l1_2025_08/cla/data/calibrated/2025/08/01/ch2_cla_l1_20250801T022621069_20250801T022629069.fits,2025-08-01T02:26:21.069,2025-08-01T02:26:29.069,2025-08-01T02:26:25.069,8.0,-46.2,13.5,116.316,10.4939,65.1788,10.5069,64.7684,31.7353,31.7353,CLASS_add_scds.pro,2.1,262,1,"0,1,2,3,4,5,6,7,8,9,10,11,12,13,14,15,",11.2028,64.279,9.8262,64.2575,9.8241,65.2411,11.1737,65.2666,1.8031005859375,0.076206632516149,1.70263671875,1.912109375,3692.75,156.0711833930732,8
ch2_cla_l1_20250801T022629069_20250801T022637069.fits,/home/saurabh/moon_project/data/CLASS/ch2_cla_l1_2025_08/cla/data/calibrated/2025/08/01/ch2_cla_l1_20250801T022629069_20250801T022637069.fits,2025-08-01T02:26:29.069,2025-08-01T02:26:37.069,2025-08-01T02:26:33.069,8.0,-46.2,13.5,116.358,10.0938,65.1704,10.1068,64.7605,31.6384,31.6384,CLASS_add_scds.pro,2.1,263,1,"0,1,2,3,4,5,6,7,8,9,10,11,12,13,14,15,",10.8029,64.2715,9.426,64.2499,9.4238,65.2328,10.7737,65.2582,1.875732421875,0.0720177600996822,1.78076171875,1.9833984375,3841.5,147.49237268414933,8
ch2_cla_l1_20250801T022637069_20250801T022645069.fits,/home/saurabh/moon_project/data/CLASS/ch2_cla_l1_2025_08/cla/data/calibrated/2025/08/01/ch2_cla_l1_20250801T022637069_20250801T022645069.fits,2025-08-01T02:26:37.069,2025-08-01T02:26:45.069,2025-08-01T02:26:41.069,8.0,-46.0,13.5,116.399,9.6938,65.1621,9.7068,64.7525,31.5459,31.5459,CLASS_add_scds.pro,2.1,264,1,"0,1,2,3,4,5,6,7,8,9,10,11,12,13,14,15,",10.403,64.264,9.0258,64.2423,9.0236,65.2244,10.3738,65.2498,1.80633544921875,0.0553437003501404,1.73388671875,1.89404296875,3699.375,113.34389831708756,8
ch2_cla_l1_20250801T022645069_20250801T022653069.fits,/home/saurabh/moon_project/data/CLASS/ch2_cla_l1_2025_08/cla/data/calibrated/2025/08/01/ch2_cla_l1_20250801T022645069_20250801T022653069.fits,2025-08-01T02:26:45.069,2025-08-01T02:26:53.069,2025-08-01T02:26:49.069,8.0,-45.8,13.5,116.439,9.2937,65.1538,9.3067,64.7446,31.4576,31.4576,CLASS_add_scds.pro,2.1,265,1,"0,1,2,3,4,5,6,7,8,9,10,11,12,13,14,15,",10.0032,64.2565,8.6256,64.2347,8.6234,65.2161,9.9739,65.2414,1.8651123046875,0.0468079223257219,1.79150390625,1.9345703125,3819.75,95.86262492307864,8
ch2_cla_l1_20250801T022653069_20250801T022701069.fits,/home/saurabh/moon_project/data/CLASS/ch2_cla_l1_2025_08/cla/data/calibrated/2025/08/01/ch2_cla_l1_20250801T022653069_20250801T022701069.fits,2025-08-01T02:26:53.069,2025-08-01T02:27:01.069,2025-08-01T02:26:57.069,8.0,-45.8,13.5,116.478,8.8937,65.1456,8.9067,64.7366,31.3737,31.3737,CLASS_add_scds.pro,2.1,266,1,"0,1,2,3,4,5,6,7,8,9,10,11,12,13,14,15,",9.6034,64.249,8.2255,64.2271,8.2232,65.2078,9.5741,65.233,1.81280517578125,0.0467439818650502,1.74072265625,1.88330078125,3712.625,95.73167485962298,8
ch2_cla_l1_20250801T022701069_20250801T022709069.fits,/home/saurabh/moon_project/data/CLASS/ch2_cla_l1_2025_08/cla/data/calibrated/2025/08/01/ch2_cla_l1_20250801T022701069_20250801T022709069.fits,2025-08-01T02:27:01.069,2025-08-01T02:27:09.069,2025-08-01T02:27:05.069,8.0,-45.8,13.5,116.516,8.4937,65.1373,8.5067,64.7286,31.2943,31.2943,CLASS_add_scds.pro,2.1,267,1,"0,1,2,3,4,5,6,7,8,9,10,11,12,13,14,15,",9.2035,64.2415,7.8253,64.2195,7.8231,65.1995,9.1742,65.2247,1.82342529296875,0.062946867820498,1.7275390625,1.92529296875,3734.375,128.91518529638003,8
ch2_cla_l1_20250801T022709069_20250801T022717069.fits,/home/saurabh/moon_project/data/CLASS/ch2_cla_l1_2025_08/cla/data/calibrated/2025/08/01/ch2_cla_l1_20250801T022709069_20250801T022717069.fits,2025-08-01T02:27:09.069,2025-08-01T02:27:17.069,2025-08-01T02:27:13.069,8.0,-45.8,13.5,116.554,8.0937,65.129,8.1067,64.7207,31.2192,31.2192,CLASS_add_scds.pro,2.1,268,1,"0,1,2,3,4,5,6,7,8,9,10,11,12,13,14,15,",8.8037,64.2339,7.4252,64.2118,7.4229,65.1912,8.7743,65.2164,1.689697265625,0.0585117310998778,1.61669921875,1.7978515625,3460.5,119.83202529254976,8
ch2_cla_l1_20250801T022717069_20250801T022725069.fits,/home/saurabh/moon_project/data/CLASS/ch2_cla_l1_2025_08/cla/data/calibrated/2025/08/01/ch2_cla_l1_20250801T022717069_20250801T022725069.fits,2025-08-01T02:27:17.069,2025-08-01T02:27:25.069,2025-08-01T02:27:21.069,8.0,-45.8,13.5,116.59,7.6937,65.1208,7.7067,64.7127,31.1486,31.1486,CLASS_add_scds.pro,2.1,269,1,"0,1,2,3,4,5,6,7,8,9,10,11,12,13,14,15,",8.4039,64.2263,7.0252,64.2041,7.0228,65.1829,8.3745,65.208,1.7471923828125,0.0320142215563973,1.70068359375,1.79345703125,3578.25,65.56512574750174,8
ch2_cla_l1_20250801T022725069_20250801T022733069.fits,/home/saurabh/moon_project/data/CLASS/ch2_cla_l1_2025_08/cla/data/calibrated/2025/08/01/ch2_cla_l1_20250801T022725069_20250801T022733069.fits,2025-08-01T02:27:25.069,2025-08-01T02:27:33.069,2025-08-01T02:27:29.069,8.0,-45.8,13.5,116.626,7.2937,65.1126,7.3068,64.7047,31.0825,31.0825,CLASS_add_scds.pro,2.1,270,1,"0,1,2,3,4,5,6,7,8,9,10,11,12,13,14,15,",8.0041,64.2187,6.6251,64.1964,6.6227,65.1747,7.9747,65.1997,1.72412109375,0.0494457313556537,1.66357421875,1.81103515625,3531.0,101.26485781637888,8
ch2_cla_l1_20250801T022733069_20250801T022741069.fits,/home/saurabh/moon_project/data/CLASS/ch2_cla_l1_2025_08/cla/data/calibrated/2025/08/01/ch2_cla_l1_20250801T022733069_20250801T022741069.fits,2025-08-01T02:27:33.069,2025-08-01T02:27:41.069,2025-08-01T02:27:37.069,8.0,-45.7,13.5,116.66,6.8938,65.1044,6.9068,64.6967,31.021,31.021,CLASS_add_scds.pro,2.1,271,1,"0,1,2,3,4,5,6,7,8,9,10,11,12,13,14,15,",7.6044,64.2111,6.225,64.1886,6.2226,65.1665,7.5749,65.1915,1.75,0.0447448654943431,1.669921875,1.81494140625,3584.0,91.63748453241485,8
ch2_cla_l1_20250801T022741069_20250801T022749069.fits,/home/saurabh/moon_project/data/CLASS/ch2_cla_l1_2025_08/cla/data/calibrated/2025/08/01/ch2_cla_l1_20250801T022741069_20250801T022749069.fits,2025-08-01T02:27:41.069,2025-08-01T02:27:49.069,2025-08-01T02:27:45.069,8.0,-45.6,13.5,116.694,6.4938,65.0962,6.5069,64.6888,30.9639,30.9639,CLASS_add_scds.pro,2.1,272,1,"0,1,2,3,4,5,6,7,8,9,10,11,12,13,14,15,",7.2046,64.2034,5.825,64.1809,5.8226,65.1583,7.1751,65.1832,1.73187255859375,0.0678449621597444,1.6328125,1.85546875,3546.875,138.9464825031566,8
ch2_cla_l1_20250801T022749069_20250801T022757069.fits,/home/saurabh/moon_project/data/CLASS/ch2_cla_l1_2025_08/cla/data/calibrated/2025/08/01/ch2_cla_l1_20250801T022749069_20250801T022757069.fits,2025-08-01T02:27:49.069,2025-08-01T02:27:57.069,2025-08-01T02:27:53.069,8.0,-45.5,13.5,116.727,6.0939,65.088,6.107,64.6808,30.9114,30.9114,CLASS_add_scds.pro,2.1,273,1,"0,1,2,3,4,5,6,7,8,9,10,11,12,13,14,15,",6.8049,64.1957,5.425,64.1731,5.4225,65.1501,6.7753,65.175,1.75970458984375,0.0529750197502165,1.68359375,1.8486328125,3603.875,108.49284044844356,8
ch2_cla_l1_20250801T022757069_20250801T022805069.fits,/home/saurabh/moon_project/data/CLASS/ch2_cla_l1_2025_08/cla/data/calibrated/2025/08/01/ch2_cla_l1_20250801T022757069_20250801T022805069.fits,2025-08-01T02:27:57.069,2025-08-01T02:28:05.069,2025-08-01T02:28:01.069,8.0,-45.5,13.5,116.759,5.694,65.0798,5.7071,64.6728,30.8636,30.8636,CLASS_add_scds.pro,2.1,274,1,"0,1,2,3,4,5,6,7,8,9,10,11,12,13,14,15,",6.4052,64.188,5.025,64.1652,5.0225,65.1419,6.3755,65.1667,1.76336669921875,0.0711402908407834,1.65185546875,1.8818359375,3611.375,145.69531564192445,8
ch2_cla_l1_20250801T022805069_20250801T022813069.fits,/home/saurabh/moon_project/data/CLASS/ch2_cla_l1_2025_08/cla/data/calibrated/2025/08/01/ch2_cla_l1_20250801T022805069_20250801T022813069.fits,2025-08-01T02:28:05.069,2025-08-01T02:28:13.069,2025-08-01T02:28:09.069,8.0,-45.5,13.5,116.791,5.2941,65.0717,5.3072,64.6648,30.8203,30.8203,CLASS_add_scds.pro,2.1,275,1,"0,1,2,3,4,5,6,7,8,9,10,11,12,13,14,15,",6.0054,64.1803,4.6251,64.1573,4.6225,65.1337,5.9758,65.1585,1.74713134765625,0.0756772649553616,1.654296875,1.86669921875,3578.125,154.98703862858062,8
ch2_cla_l1_20250801T022813069_20250801T022821069.fits,/home/saurabh/moon_project/data/CLASS/ch2_cla_l1_2025_08/cla/data/calibrated/2025/08/01/ch2_cla_l1_20250801T022813069_20250801T022821069.fits,2025-08-01T02:28:13.069,2025-08-01T02:28:21.069,2025-08-01T02:28:17.069,8.0,-45.5,13.5,116.821,4.8942,65.0635,4.9073,64.6568,30.7817,30.7817,CLASS_add_scds.pro,2.1,276,1,"0,1,2,3,4,5,6,7,8,9,10,11,12,13,14,15,",5.6057,64.1725,4.2251,64.1495,4.2225,65.1255,5.576,65.1503,1.75238037109375,0.0893638303181227,1.63232421875,1.90234375,3588.875,183.01712449151543,8
ch2_cla_l1_20250801T022821069_20250801T022829069.fits,/home/saurabh/moon_project/data/CLASS/ch2_cla_l1_2025_08/cla/data/calibrated/2025/08/01/ch2_cla_l1_20250801T022821069_20250801T022829069.fits,2025-08-01T02:28:21.069,2025-08-01T02:28:29.069,2025-08-01T02:28:25.069,8.0,-45.5,13.5,116.851,4.4944,65.0554,4.5075,64.6488,30.7477,30.7477,CLASS_add_scds.pro,2.1,277,1,"0,1,2,3,4,5,6,7,8,9,10,11,12,13,14,15,",5.206,64.1647,3.8252,64.1415,3.8225,65.1174,5.1762,65.1421,1.7657470703125,0.0745565428521025,1.67236328125,1.8837890625,3616.25,152.69179976110607,8
ch2_cla_l1_20250801T022829069_20250801T022837069.fits,/home/saurabh/moon_project/data/CLASS/ch2_cla_l1_2025_08/cla/data/calibrated/2025/08/01/ch2_cla_l1_20250801T022829069_20250801T022837069.fits,2025-08-01T02:28:29.069,2025-08-01T02:28:37.069,2025-08-01T02:28:33.069,8.0,-45.5,13.5,116.879,4.0945,65.0472,4.1076,64.6407,30.7184,30.7184,CLASS_add_scds.pro,2.1,278,1,"0,1,2,3,4,5,6,7,8,9,10,11,12,13,14,15,",4.8063,64.1569,3.4253,64.1336,3.4226,65.1092,4.7765,65.134,1.776123046875,0.0862820147692975,1.64111328125,1.92138671875,3637.5,176.70556624752132,8
ch2_cla_l1_20250801T022837069_20250801T022845069.fits,/home/saurabh/moon_project/data/CLASS/ch2_cla_l1_2025_08/cla/data/calibrated/2025/08/01/ch2_cla_l1_20250801T022837069_20250801T022845069.fits,2025-08-01T02:28:37.069,2025-08-01T02:28:45.069,2025-08-01T02:28:41.069,8.0,-45.3,13.5,116.907,3.6947,65.0391,3.7078,64.6327,30.6937,30.6937,CLASS_add_scds.pro,2.1,279,1,"0,1,2,3,4,5,6,7,8,9,10,11,12,13,14,15,",4.4066,64.149,3.0254,64.1256,3.0226,65.1011,4.3768,65.1258,1.75390625,0.0472167139197731,1.68115234375,1.83935546875,3592.0,96.69983010769536,8
ch2_cla_l1_20250801T022845069_20250801T022853069.fits,/home/saurabh/moon_project/data/CLASS/ch2_cla_l1_2025_08/cla/data/calibrated/2025/08/01/ch2_cla_l1_20250801T022845069_20250801T022853069.fits,2025-08-01T02:28:45.069,2025-08-01T02:28:53.069,2025-08-01T02:28:49.069,8.0,-45.2,13.5,116.933,3.2948,65.031,3.308,64.6246,30.6738,30.6738,CLASS_add_scds.pro,2.1,280,1,"0,1,2,3,4,5,6,7,8,9,10,11,12,13,14,15,",4.007,64.1412,2.6255,64.1176,2.6227,65.0929,3.977,65.1176,1.7890625,0.075345994231839,1.66162109375,1.8916015625,3664.0,154.3085961868063,8
ch2_cla_l1_20250801T022853069_20250801T022901069.fits,/home/saurabh/moon_project/data/CLASS/ch2_cla_l1_2025_08/cla/data/calibrated/2025/08/01/ch2_cla_l1_20250801T022853069_20250801T022901069.fits,2025-08-01T02:28:53.069,2025-08-01T02:29:01.069,2025-08-01T02:28:57.069,8.0,-45.2,13.5,116.959,2.895,65.0228,2.9082,64.6166,30.6585,30.6585,CLASS_add_scds.pro,2.1,281,1,"0,1,2,3,4,5,6,7,8,9,10,11,12,13,14,15,",3.6073,64.1332,2.2256,64.1095,2.2228,65.0848,3.5773,65.1095,1.7701416015625,0.0519887701526479,1.6962890625,1.86279296875,3625.25,106.4730012726231,8
ch2_cla_l1_20250801T022901069_20250801T022909069.fits,/home/saurabh/moon_project/data/CLASS/ch2_cla_l1_2025_08/cla/data/calibrated/2025/08/01/ch2_cla_l1_20250801T022901069_20250801T022909069.fits,2025-08-01T02:29:01.069,2025-08-01T02:29:09.069,2025-08-01T02:29:05.069,8.0,-45.2,13.5,116.984,2.4952,65.0147,2.5084,64.6085,30.648,30.648,CLASS_add_scds.pro,2.1,282,1,"0,1,2,3,4,5,6,7,8,9,10,11,12,13,14,15,",3.2077,64.1253,1.8258,64.1014,1.8229,65.0767,3.1777,65.1013,1.798828125,0.0599243222676708,1.68359375,1.8701171875,3684.0,122.72501200418996,8
ch2_cla_l1_20250801T022909069_20250801T022917069.fits,/home/saurabh/moon_project/data/CLASS/ch2_cla_l1_2025_08/cla/data/calibrated/2025/08/01/ch2_cla_l1_20250801T022909069_20250801T022917069.fits,2025-08-01T02:29:09.069,2025-08-01T02:29:17.069,2025-08-01T02:29:13.069,8.0,-45.2,13.5,117.008,2.0954,65.0066,2.1086,64.6004,30.6421,30.6421,CLASS_add_scds.pro,2.1,283,1,"0,1,2,3,4,5,6,7,8,9,10,11,12,13,14,15,",2.808,64.1173,1.4259,64.0933,1.423,65.0686,2.7779,65.0932,1.76019287109375,0.0379348945719556,1.703125,1.81298828125,3604.875,77.69066408336516,8
ch2_cla_l1_20250801T022917069_20250801T022925069.fits,/home/saurabh/moon_project/data/CLASS/ch2_cla_l1_2025_08/cla/data/calibrated/2025/08/01/ch2_cla_l1_20250801T022917069_20250801T022925069.fits,2025-08-01T02:29:17.069,2025-08-01T02:29:25.069,2025-08-01T02:29:21.069,8.0,-45.2,13.5,117.032,1.6956,64.9985,1.7088,64.5923,30.641,30.641,CLASS_add_scds.pro,2.1,284,1,"0,1,2,3,4,5,6,7,8,9,10,11,12,13,14,15,",2.4083,64.1093,1.0261,64.0852,1.0231,65.0605,2.3782,65.0851,1.81988525390625,0.0584921910380335,1.71240234375,1.88916015625,3727.125,119.79200724589266,8
ch2_cla_l1_20250801T022925069_20250801T022933069.fits,/home/saurabh/moon_project/data/CLASS/ch2_cla_l1_2025_08/cla/data/calibrated/2025/08/01/ch2_cla_l1_20250801T022925069_20250801T022933069.fits,2025-08-01T02:29:25.069,2025-08-01T02:29:33.069,2025-08-01T02:29:29.069,8.0,-45.1,13.5,117.054,1.2958,64.9904,1.3091,64.5842,30.6446,30.6446,CLASS_add_scds.pro,2.1,285,1,"0,1,2,3,4,5,6,7,8,9,10,11,12,13,14,15,",2.0087,64.1013,0.6263,64.077,0.6233,65.0524,1.9786,65.077,1.77716064453125,0.0354485245613786,1.72509765625,1.8359375,3639.625,72.59857830170348,8
ch2_cla_l1_20250801T023125069_20250801T023133069.fits,/home/saurabh/moon_project/data/CLASS/ch2_cla_l1_2025_08/cla/data/calibrated/2025/08/01/ch2_cla_l1_20250801T023125069_20250801T023133069.fits,2025-08-01T02:31:25.069,2025-08-01T02:31:33.069,2025-08-01T02:31:29.069,8.0,-44.4,13.5,117.28,-4.6999,64.8687,-4.6864,64.4605,31.257,31.257,CLASS_add_scds.pro,2.1,300,1,"0,1,2,3,4,5,6,7,8,9,10,11,12,13,14,15,",-3.9852,63.9762,-5.3694,63.9496,-5.3733,64.931,-4.0162,64.9556,1.70770263671875,0.0600775534800884,1.60791015625,1.79248046875,3497.375,123.03882952722108,8
ch2_cla_l1_20250801T024053069_20250801T024101069.fits,/home/saurabh/moon_project/data/CLASS/ch2_cla_l1_2025_08/cla/data/calibrated/2025/08/01/ch2_cla_l1_20250801T024053069_20250801T024101069.fits,2025-08-01T02:40:53.069,2025-08-01T02:41:01.069,2025-08-01T02:40:57.069,8.0,-41.3,13.5,115.579,-33.0905,64.2209,-33.0752,63.751,45.1149,45.1149,CLASS_add_scds.pro,2.1,371,1,"0,1,2,3,4,5,6,7,8,9,10,11,12,13,14,15,",-32.3762,63.1845,-33.7456,63.1743,-33.7576,64.3297,-32.4137,64.3248,1.614013671875,0.059729049703538,1.51171875,1.6923828125,3305.5,122.325093792846,8
ch2_cla_l1_20250801T024101069_20250801T024109069.fits,/home/saurabh/moon_project/data/CLASS/ch2_cla_l1_2025_08/cla/data/calibrated/2025/08/01/ch2_cla_l1_20250801T024101069_20250801T024109069.fits,2025-08-01T02:41:01.069,2025-08-01T02:41:09.069,2025-08-01T02:41:05.069,8.0,-41.3,13.5,115.524,-33.4909,64.2099,-33.4762,63.8177,45.3938,45.3938,CLASS_add_scds.pro,2.1,372,1,"0,1,2,3,4,5,6,7,8,9,10,11,12,13,14,15,",-32.7779,63.2093,-34.1448,63.2846,-34.1593,64.4391,-32.8143,64.352,1.6881103515625,0.0597927398863814,1.591796875,1.77685546875,3457.25,122.45553128730911,8
ch2_cla_l1_20250801T024109069_20250801T024117069.fits,/home/saurabh/moon_project/data/CLASS/ch2_cla_l1_2025_08/cla/data/calibrated/2025/08/01/ch2_cla_l1_20250801T024109069_20250801T024117069.fits,2025-08-01T02:41:09.069,2025-08-01T02:41:17.069,2025-08-01T02:41:13.069,8.0,-41.1,13.5,115.467,-33.8913,64.1987,-33.879,63.9563,45.6741,45.6741,CLASS_add_scds.pro,2.1,373,1,"0,1,2,3,4,5,6,7,8,9,10,11,12,13,14,15,",-33.1832,63.3188,-34.5461,63.4323,-34.5635,64.587,-33.2154,64.4607,1.6363525390625,0.0591075351259191,1.54833984375,1.724609375,3351.25,121.05223193788233,8
ch2_cla_l1_20250801T024117069_20250801T024125069.fits,/home/saurabh/moon_project/data/CLASS/ch2_cla_l1_2025_08/cla/data/calibrated/2025/08/01/ch2_cla_l1_20250801T024117069_20250801T024125069.fits,2025-08-01T02:41:17.069,2025-08-01T02:41:25.069,2025-08-01T02:41:21.069,8.0,-41.0,13.5,115.41,-34.2917,64.1874,-34.2831,64.0823,45.9559,45.9559,CLASS_add_scds.pro,2.1,374,1,"0,1,2,3,4,5,6,7,8,9,10,11,12,13,14,15,",-33.5913,63.4649,-34.9484,63.5308,-34.9677,64.689,-33.6176,64.607,1.69287109375,0.0686259153147714,1.60888671875,1.79833984375,3467.0,140.54587456465188,8
ch2_cla_l1_20250801T024125069_20250801T024133069.fits,/home/saurabh/moon_project/data/CLASS/ch2_cla_l1_2025_08/cla/data/calibrated/2025/08/01/ch2_cla_l1_20250801T024125069_20250801T024133069.fits,2025-08-01T02:41:25.069,2025-08-01T02:41:33.069,2025-08-01T02:41:29.069,8.0,-41.0,13.5,115.351,-34.6922,64.1761,-34.6862,64.1506,46.239,46.239,CLASS_add_scds.pro,2.1,375,1,"0,1,2,3,4,5,6,7,8,9,10,11,12,13,14,15,",-33.9976,63.5623,-35.35,63.5717,-35.3701,64.7348,-34.0199,64.7078,1.640380859375,0.0754832908885744,1.51611328125,1.73974609375,3359.5,154.5897797398004,8
ch2_cla_l1_20250801T024133069_20250801T024141069.fits,/home/saurabh/moon_project/data/CLASS/ch2_cla_l1_2025_08/cla/data/calibrated/2025/08/01/ch2_cla_l1_20250801T024133069_20250801T024141069.fits,2025-08-01T02:41:33.069,2025-08-01T02:41:41.069,2025-08-01T02:41:37.069,8.0,-41.0,13.5,115.292,-35.0927,64.1646,-35.0877,64.1714,46.5235,46.5235,CLASS_add_scds.pro,2.1,376,1,"0,1,2,3,4,5,6,7,8,9,10,11,12,13,14,15,",-34.4012,63.6027,-35.7505,63.5747,-35.7709,64.7431,-34.4214,64.753,1.691162109375,0.0733931665609584,1.5986328125,1.80615234375,3463.5,150.30920511684286,8
ch2_cla_l1_20250801T024141069_20250801T024149069.fits,/home/saurabh/moon_project/data/CLASS/ch2_cla_l1_2025_08/cla/data/calibrated/2025/08/01/ch2_cla_l1_20250801T024141069_20250801T024149069.fits,2025-08-01T02:41:41.069,2025-08-01T02:41:49.069,2025-08-01T02:41:45.069,8.0,-41.0,13.5,115.232,-35.4932,64.153,-35.4882,64.1664,46.8093,46.8093,CLASS_add_scds.pro,2.1,377,1,"0,1,2,3,4,5,6,7,8,9,10,11,12,13,14,15,",-34.8026,63.6058,-36.1504,63.5604,-36.1708,64.7341,-34.8222,64.7611,1.67327880859375,0.0838355840646104,1.53955078125,1.7841796875,3426.875,171.69527616432217,8
ch2_cla_l1_20250801T024149069_20250801T024157069.fits,/home/saurabh/moon_project/data/CLASS/ch2_cla_l1_2025_08/cla/data/calibrated/2025/08/01/ch2_cla_l1_20250801T024149069_20250801T024157069.fits,2025-08-01T02:41:49.069,2025-08-01T02:41:57.069,2025-08-01T02:41:53.069,8.0,-41.0,13.5,115.171,-35.8937,64.1414,-35.8883,64.1513,47.0964,47.0964,CLASS_add_scds.pro,2.1,378,1,"0,1,2,3,4,5,6,7,8,9,10,11,12,13,14,15,",-35.2031,63.5918,-36.5502,63.541,-36.5706,64.72,-35.2226,64.7521,1.68182373046875,0.048187721089366,1.61279296875,1.76416015625,3444.375,98.68845279102167,8
ch2_cla_l1_20250801T024157069_20250801T024205069.fits,/home/saurabh/moon_project/data/CLASS/ch2_cla_l1_2025_08/cla/data/calibrated/2025/08/01/ch2_cla_l1_20250801T024157069_20250801T024205069.fits,2025-08-01T02:41:57.069,2025-08-01T02:42:05.069,2025-08-01T02:42:01.069,8.0,-41.0,13.5,115.109,-36.2943,64.1296,-36.2884,64.1345,47.3848,47.3848,CLASS_add_scds.pro,2.1,379,1,"0,1,2,3,4,5,6,7,8,9,10,11,12,13,14,15,",-35.6033,63.5727,-36.9502,63.5218,-36.9706,64.7064,-35.6231,64.7381,1.66058349609375,0.0742308814667429,1.5771484375,1.79638671875,3400.875,152.02484524388956,8
ch2_cla_l1_20250801T024205069_20250801T024213069.fits,/home/saurabh/moon_project/data/CLASS/ch2_cla_l1_2025_08/cla/data/calibrated/2025/08/01/ch2_cla_l1_20250801T024205069_20250801T024213069.fits,2025-08-01T02:42:05.069,2025-08-01T02:42:13.069,2025-08-01T02:42:09.069,8.0,-41.0,13.5,115.047,-36.6949,64.1177,-36.6887,64.1192,47.6745,47.6745,CLASS_add_scds.pro,2.1,380,1,"0,1,2,3,4,5,6,7,8,9,10,11,12,13,14,15,",-36.0036,63.5539,-37.3502,63.5044,-37.3707,64.6946,-36.0236,64.7246,1.7015380859375,0.0476209237092428,1.63720703125,1.78564453125,3484.75,97.52765175652932,8
ch2_cla_l1_20250801T024213069_20250801T024221069.fits,/home/saurabh/moon_project/data/CLASS/ch2_cla_l1_2025_08/cla/data/calibrated/2025/08/01/ch2_cla_l1_20250801T024213069_20250801T024221069.fits,2025-08-01T02:42:13.069,2025-08-01T02:42:21.069,2025-08-01T02:42:17.069,8.0,-40.9,13.5,114.984,-37.0955,64.1057,-37.0892,64.1056,47.9653,47.9653,CLASS_add_scds.pro,2.1,381,1,"0,1,2,3,4,5,6,7,8,9,10,11,12,13,14,15,",-36.4042,63.5369,-37.7505,63.4884,-37.771,64.6844,-36.4244,64.713,1.67999267578125,0.0831590572863668,1.58544921875,1.81396484375,3440.625,170.30974932247923,8
ch2_cla_l1_20250801T024221069_20250801T024229069.fits,/home/saurabh/moon_project/data/CLASS/ch2_cla_l1_2025_08/cla/data/calibrated/2025/08/01/ch2_cla_l1_20250801T024221069_20250801T024229069.fits,2025-08-01T02:42:21.069,2025-08-01T02:42:29.069,2025-08-01T02:42:25.069,8.0,-40.9,13.5,114.919,-37.4962,64.0936,-37.4898,64.0931,48.2574,48.2574,CLASS_add_scds.pro,2.1,382,1,"0,1,2,3,4,5,6,7,8,9,10,11,12,13,14,15,",-36.8049,63.5213,-38.1508,63.4731,-38.1715,64.6749,-36.8252,64.7029,1.68707275390625,0.0388381509975298,1.63037109375,1.74853515625,3455.125,79.54053324294117,8
ch2_cla_l1_20250801T024229069_20250801T024237069.fits,/home/saurabh/moon_project/data/CLASS/ch2_cla_l1_2025_08/cla/data/calibrated/2025/08/01/ch2_cla_l1_20250801T024229069_20250801T024237069.fits,2025-08-01T02:42:29.069,2025-08-01T02:42:37.069,2025-08-01T02:42:33.069,8.0,-40.8,13.5,114.854,-37.8968,64.0813,-37.8905,64.081,48.5507,48.5507,CLASS_add_scds.pro,2.1,383,1,"0,1,2,3,4,5,6,7,8,9,10,11,12,13,14,15,",-37.2058,63.5064,-38.5512,63.458,-38.572,64.6657,-37.2262,64.6936,1.6993408203125,0.0559020345405846,1.611328125,1.78271484375,3480.25,114.4873667391173,8
ch2_cla_l1_20250801T024237069_20250801T024245069.fits,/home/saurabh/moon_project/data/CLASS/ch2_cla_l1_2025_08/cla/data/calibrated/2025/08/01/ch2_cla_l1_20250801T024237069_20250801T024245069.fits,2025-08-01T02:42:37.069,2025-08-01T02:42:45.069,2025-08-01T02:42:41.069,8.0,-40.8,13.5,114.789,-38.2975,64.069,-38.2913,64.0689,48.8451,48.8451,CLASS_add_scds.pro,2.1,384,1,"0,1,2,3,4,5,6,7,8,9,10,11,12,13,14,15,",-37.6067,63.4917,-38.9516,63.4426,-38.9725,64.6565,-37.6272,64.6845,1.71051025390625,0.0343649688550628,1.6611328125,1.75439453125,3503.125,70.37945621516876,8
ch2_cla_l1_20250801T024253069_20250801T024301069.fits,/home/saurabh/moon_project/data/CLASS/ch2_cla_l1_2025_08/cla/data/calibrated/2025/08/01/ch2_cla_l1_20250801T024253069_20250801T024301069.fits,2025-08-01T02:42:53.069,2025-08-01T02:43:01.069,2025-08-01T02:42:57.069,8.0,-40.8,13.5,114.655,-39.099,64.0439,-39.0928,64.0441,49.4374,49.4374,CLASS_add_scds.pro,2.1,386,1,"0,1,2,3,4,5,6,7,8,9,10,11,12,13,14,15,",-38.4086,63.4616,-39.7524,63.4111,-39.7735,64.6375,-38.4294,64.6661,1.701171875,0.0566261912027811,1.61083984375,1.78662109375,3484.0,115.9704395832958,8
ch2_cla_l1_20250801T024309069_20250801T024317069.fits,/home/saurabh/moon_project/data/CLASS/ch2_cla_l1_2025_08/cla/data/calibrated/2025/08/01/ch2_cla_l1_20250801T024309069_20250801T024317069.fits,2025-08-01T02:43:09.069,2025-08-01T02:43:17.069,2025-08-01T02:43:13.069,8.0,-40.7,13.5,114.517,-39.9006,64.0183,-39.8944,64.0185,50.0341,50.0341,CLASS_add_scds.pro,2.1,388,1,"0,1,2,3,4,5,6,7,8,9,10,11,12,13,14,15,",-39.2106,63.4303,-40.5533,63.3784,-40.5746,64.6178,-39.2316,64.647,1.702392578125,0.0675458810682156,1.61669921875,1.80126953125,3486.5,138.33396442770558,8
ch2_cla_l1_20250801T024325069_20250801T024333069.fits,/home/saurabh/moon_project/data/CLASS/ch2_cla_l1_2025_08/cla/data/calibrated/2025/08/01/ch2_cla_l1_20250801T024325069_20250801T024333069.fits,2025-08-01T02:43:25.069,2025-08-01T02:43:33.069,2025-08-01T02:43:29.069,8.0,-40.7,13.5,114.377,-40.7023,63.9921,-40.6961,63.9922,50.6351,50.6351,CLASS_add_scds.pro,2.1,390,1,"0,1,2,3,4,5,6,7,8,9,10,11,12,13,14,15,",-40.0127,63.3981,-41.3542,63.3449,-41.3758,64.5979,-40.0339,64.6275,1.70751953125,0.0752899197577253,1.625,1.828125,3497.0,154.1937556638215,8
ch2_cla_l1_20250801T024413069_20250801T024421069.fits,/home/saurabh/moon_project/data/CLASS/ch2_cla_l1_2025_08/cla/data/calibrated/2025/08/01/ch2_cla_l1_20250801T024413069_20250801T024421069.fits,2025-08-01T02:44:13.069,2025-08-01T02:44:21.069,2025-08-01T02:44:17.069,8.0,-40.4,13.5,113.937,-43.1081,63.9099,-43.1019,63.9101,52.4619,52.4619,CLASS_add_scds.pro,2.1,396,1,"0,1,2,3,4,5,6,7,8,9,10,11,12,13,14,15,",-42.4198,63.297,-43.7578,63.2392,-43.7802,64.5364,-42.4417,64.5675,1.59674072265625,0.0602267543968586,1.5263671875,1.712890625,3270.125,123.34439300476647,8
ch2_cla_l1_20250801T024421069_20250801T024429069.fits,/home/saurabh/moon_project/data/CLASS/ch2_cla_l1_2025_08/cla/data/calibrated/2025/08/01/ch2_cla_l1_20250801T024421069_20250801T024429069.fits,2025-08-01T02:44:21.069,2025-08-01T02:44:29.069,2025-08-01T02:44:25.069,8.0,-40.4,13.5,113.86,-43.5092,63.8957,-43.503,63.8958,52.7697,52.7697,CLASS_add_scds.pro,2.1,397,1,"0,1,2,3,4,5,6,7,8,9,10,11,12,13,14,15,",-42.8211,63.2793,-44.1585,63.2207,-44.181,64.5257,-42.8431,64.5572,1.6480712890625,0.0334369536127285,1.59716796875,1.69775390625,3375.25,68.47888099886814,8
ch2_cla_l1_20250801T024429069_20250801T024437069.fits,/home/saurabh/moon_project/data/CLASS/ch2_cla_l1_2025_08/cla/data/calibrated/2025/08/01/ch2_cla_l1_20250801T024429069_20250801T024437069.fits,2025-08-01T02:44:29.069,2025-08-01T02:44:37.069,2025-08-01T02:44:33.069,8.0,-40.3,13.5,113.784,-43.9103,63.8812,-43.9041,63.8814,53.0783,53.0783,CLASS_add_scds.pro,2.1,398,1,"0,1,2,3,4,5,6,7,8,9,10,11,12,13,14,15,",-43.2224,63.2613,-44.5592,63.2019,-44.5818,64.515,-43.2445,64.5468,1.61859130859375,0.0529325686541841,1.5498046875,1.720703125,3314.875,108.4059006037692,8
ch2_cla_l1_20250801T024437069_20250801T024445069.fits,/home/saurabh/moon_project/data/CLASS/ch2_cla_l1_2025_08/cla/data/calibrated/2025/08/01/ch2_cla_l1_20250801T024437069_20250801T024445069.fits,2025-08-01T02:44:37.069,2025-08-01T02:44:45.069,2025-08-01T02:44:41.069,8.0,-40.3,13.5,113.706,-44.3114,63.8666,-44.3053,63.8668,53.3879,53.3879,CLASS_add_scds.pro,2.1,399,1,"0,1,2,3,4,5,6,7,8,9,10,11,12,13,14,15,",-43.6238,63.2432,-44.96,63.1829,-44.9827,64.5042,-43.646,64.5363,1.65972900390625,0.043433463133487,1.5849609375,1.72509765625,3399.125,88.9517324973815,8
ch2_cla_l1_20250801T024445069_20250801T024453069.fits,/home/saurabh/moon_project/data/CLASS/ch2_cla_l1_2025_08/cla/data/calibrated/2025/08/01/ch2_cla_l1_20250801T024445069_20250801T024453069.fits,2025-08-01T02:44:45.069,2025-08-01T02:44:53.069,2025-08-01T02:44:49.069,8.0,-40.2,13.5,113.628,-44.7126,63.8518,-44.7064,63.8519,53.6983,53.6983,CLASS_add_scds.pro,2.1,400,1,"0,1,2,3,4,5,6,7,8,9,10,11,12,13,14,15,",-44.0252,63.2247,-45.3607,63.1636,-45.3836,64.4933,-44.0476,64.5257,1.62127685546875,0.0524980608912882,1.5283203125,1.69140625,3320.375,107.5160287053583,8
ch2_cla_l1_20250801T024453069_20250801T024501069.fits,/home/saurabh/moon_project/data/CLASS/ch2_cla_l1_2025_08/cla/data/calibrated/2025/08/01/ch2_cla_l1_20250801T024453069_20250801T024501069.fits,2025-08-01T02:44:53.069,2025-08-01T02:45:01.069,2025-08-01T02:44:57.069,8.0,-40.2,13.5,113.549,-45.1138,63.8368,-45.1076,63.8369,54.0096,54.0096,CLASS_add_scds.pro,2.1,401,1,"0,1,2,3,4,5,6,7,8,9,10,11,12,13,14,15,",-44.4266,63.2061,-45.7615,63.144,-45.7846,64.4823,-44.4491,64.515,1.6611328125,0.0610326450376254,1.5556640625,1.74755859375,3402.0,124.99485703705687,8
ch2_cla_l1_20250801T024501069_20250801T024509069.fits,/home/saurabh/moon_project/data/CLASS/ch2_cla_l1_2025_08/cla/data/calibrated/2025/08/01/ch2_cla_l1_20250801T024501069_20250801T024509069.fits,2025-08-01T02:45:01.069,2025-08-01T02:45:09.069,2025-08-01T02:45:05.069,8.0,-40.2,13.5,113.469,-45.515,63.8216,-45.5089,63.8217,54.3217,54.3217,CLASS_add_scds.pro,2.1,402,1,"0,1,2,3,4,5,6,7,8,9,10,11,12,13,14,15,",-44.828,63.1871,-46.1623,63.1241,-46.1855,64.4711,-44.8507,64.5042,1.65478515625,0.0708774696279288,1.55517578125,1.78173828125,3389.0,145.15705779799833,8
ch2_cla_l1_20250801T024509069_20250801T024517069.fits,/home/saurabh/moon_project/data/CLASS/ch2_cla_l1_2025_08/cla/data/calibrated/2025/08/01/ch2_cla_l1_20250801T024509069_20250801T024517069.fits,2025-08-01T02:45:09.069,2025-08-01T02:45:17.069,2025-08-01T02:45:13.069,8.0,-40.2,13.5,113.388,-45.9163,63.8062,-45.9102,63.8064,54.6346,54.6346,CLASS_add_scds.pro,2.1,403,1,"0,1,2,3,4,5,6,7,8,9,10,11,12,13,14,15,",-45.2295,63.1678,-46.5632,63.1039,-46.5865,64.4599,-45.2524,64.4932,1.6502685546875,0.0764467081111998,1.55126953125,1.7705078125,3379.75,156.56285821173734,8
ch2_cla_l1_20250801T024517069_20250801T024525069.fits,/home/saurabh/moon_project/data/CLASS/ch2_cla_l1_2025_08/cla/data/calibrated/2025/08/01/ch2_cla_l1_20250801T024517069_20250801T024525069.fits,2025-08-01T02:45:17.069,2025-08-01T02:45:25.069,2025-08-01T02:45:21.069,8.0,-40.2,13.5,113.307,-46.3176,63.7906,-46.3115,63.7908,54.9484,54.9484,CLASS_add_scds.pro,2.1,404,1,"0,1,2,3,4,5,6,7,8,9,10,11,12,13,14,15,",-45.6311,63.1483,-46.9641,63.0834,-46.9876,64.4485,-45.654,64.4822,1.6552734375,0.0850919268093418,1.52685546875,1.79052734375,3390.0,174.26826610553218,8
ch2_cla_l1_20250801T024525069_20250801T024533069.fits,/home/saurabh/moon_project/data/CLASS/ch2_cla_l1_2025_08/cla/data/calibrated/2025/08/01/ch2_cla_l1_20250801T024525069_20250801T024533069.fits,2025-08-01T02:45:25.069,2025-08-01T02:45:33.069,2025-08-01T02:45:29.069,8.0,-40.1,13.5,113.225,-46.7189,63.7748,-46.7128,63.7749,55.2629,55.2629,CLASS_add_scds.pro,2.1,405,1,"0,1,2,3,4,5,6,7,8,9,10,11,12,13,14,15,",-46.0326,63.1285,-47.365,63.0625,-47.3886,64.437,-46.0558,64.4711,1.66339111328125,0.0737999306471318,1.5712890625,1.7802734375,3406.625,151.14225796532597,8
ch2_cla_l1_20250801T024533069_20250801T024541069.fits,/home/saurabh/moon_project/data/CLASS/ch2_cla_l1_2025_08/cla/data/calibrated/2025/08/01/ch2_cla_l1_20250801T024533069_20250801T024541069.fits,2025-08-01T02:45:33.069,2025-08-01T02:45:41.069,2025-08-01T02:45:37.069,8.0,-40.1,13.5,113.142,-47.1203,63.7587,-47.1142,63.7589,55.5782,55.5782,CLASS_add_scds.pro,2.1,406,1,"0,1,2,3,4,5,6,7,8,9,10,11,12,13,14,15,",-46.4342,63.1084,-47.7659,63.0413,-47.7897,64.4254,-46.4575,64.4598,1.6754150390625,0.0854465281783037,1.5439453125,1.81982421875,3431.25,174.99448970916606,8
ch2_cla_l1_20250801T024541069_20250801T024549069.fits,/home/saurabh/moon_project/data/CLASS/ch2_cla_l1_2025_08/cla/data/calibrated/2025/08/01/ch2_cla_l1_20250801T024541069_20250801T024549069.fits,2025-08-01T02:45:41.069,2025-08-01T02:45:49.069,2025-08-01T02:45:45.069,8.0,-40.0,13.5,113.058,-47.5217,63.7424,-47.5156,63.7426,55.8943,55.8943,CLASS_add_scds.pro,2.1,407,1,"0,1,2,3,4,5,6,7,8,9,10,11,12,13,14,15,",-46.8359,63.0879,-48.1669,63.0198,-48.1909,64.4136,-46.8593,64.4485,1.65667724609375,0.0464307074527054,1.58642578125,1.7294921875,3392.875,95.09008886314072,8
ch2_cla_l1_20250801T024549069_20250801T024557069.fits,/home/saurabh/moon_project/data/CLASS/ch2_cla_l1_2025_08/cla/data/calibrated/2025/08/01/ch2_cla_l1_20250801T024549069_20250801T024557069.fits,2025-08-01T02:45:49.069,2025-08-01T02:45:57.069,2025-08-01T02:45:53.069,8.0,-39.9,13.5,112.974,-47.9231,63.7259,-47.917,63.7261,56.2111,56.2111,CLASS_add_scds.pro,2.1,408,1,"0,1,2,3,4,5,6,7,8,9,10,11,12,13,14,15,",-47.2375,63.0672,-48.5678,62.9979,-48.592,64.4017,-47.2611,64.437,1.68389892578125,0.0616572302823991,1.5810546875,1.77392578125,3448.625,126.27400761835352,8
ch2_cla_l1_20250801T024557069_20250801T024605069.fits,/home/saurabh/moon_project/data/CLASS/ch2_cla_l1_2025_08/cla/data/calibrated/2025/08/01/ch2_cla_l1_20250801T024557069_20250801T024605069.fits,2025-08-01T02:45:57.069,2025-08-01T02:46:05.069,2025-08-01T02:46:01.069,8.0,-39.9,13.5,112.889,-48.3246,63.7092,-48.3185,63.7093,56.5287,56.5287,CLASS_add_scds.pro,2.1,409,1,"0,1,2,3,4,5,6,7,8,9,10,11,12,13,14,15,",-47.6392,63.0461,-48.9689,62.9757,-48.9932,64.3896,-47.663,64.4253,1.6748046875,0.0485090018052154,1.6044921875,1.7548828125,3430.0,99.34643569708118,8
ch2_cla_l1_20250801T024605069_20250801T024613069.fits,/home/saurabh/moon_project/data/CLASS/ch2_cla_l1_2025_08/cla/data/calibrated/2025/08/01/ch2_cla_l1_20250801T024605069_20250801T024613069.fits,2025-08-01T02:46:05.069,2025-08-01T02:46:13.069,2025-08-01T02:46:09.069,8.0,-39.9,13.5,112.803,-48.7261,63.6922,-48.72,63.6924,56.847,56.847,CLASS_add_scds.pro,2.1,410,1,"0,1,2,3,4,5,6,7,8,9,10,11,12,13,14,15,",-48.041,63.0247,-49.3699,62.9531,-49.3944,64.3774,-48.0649,64.4136,1.68463134765625,0.0552781189231511,1.58154296875,1.75244140625,3450.125,113.20958755461356,8
ch2_cla_l1_20250801T024613069_20250801T024621069.fits,/home/saurabh/moon_project/data/CLASS/ch2_cla_l1_2025_08/cla/data/calibrated/2025/08/01/ch2_cla_l1_20250801T024613069_20250801T024621069.fits,2025-08-01T02:46:13.069,2025-08-01T02:46:21.069,2025-08-01T02:46:17.069,8.0,-39.9,13.5,112.717,-49.1276,63.6749,-49.1215,63.6751,57.166,57.166,CLASS_add_scds.pro,2.1,411,1,"0,1,2,3,4,5,6,7,8,9,10,11,12,13,14,15,",-48.4427,63.0029,-49.771,62.9301,-49.7957,64.3651,-48.4668,64.4017,1.66064453125,0.0348751394461457,1.6162109375,1.7099609375,3401.0,71.42428558570657,8
ch2_cla_l1_20250801T024629069_20250801T024637069.fits,/home/saurabh/moon_project/data/CLASS/ch2_cla_l1_2025_08/cla/data/calibrated/2025/08/01/ch2_cla_l1_20250801T024629069_20250801T024637069.fits,2025-08-01T02:46:29.069,2025-08-01T02:46:37.069,2025-08-01T02:46:33.069,8.0,-39.9,13.5,112.542,-49.9308,63.6396,-49.9247,63.6398,57.806,57.806,CLASS_add_scds.pro,2.1,413,1,"0,1,2,3,4,5,6,7,8,9,10,11,12,13,14,15,",-49.2464,62.9582,-50.5732,62.8829,-50.5983,64.3399,-49.2708,64.3774,1.6834716796875,0.0354483444064004,1.634765625,1.73193359375,3447.75,72.59820934430822,8
ch2_cla_l1_20250801T024645069_20250801T024653069.fits,/home/saurabh/moon_project/data/CLASS/ch2_cla_l1_2025_08/cla/data/calibrated/2025/08/01/ch2_cla_l1_20250801T024645069_20250801T024653069.fits,2025-08-01T02:46:45.069,2025-08-01T02:46:53.069,2025-08-01T02:46:49.069,8.0,-39.8,13.5,112.365,-50.7341,63.6032,-50.728,63.6034,58.4488,58.4488,CLASS_add_scds.pro,2.1,415,1,"0,1,2,3,4,5,6,7,8,9,10,11,12,13,14,15,",-50.0501,62.912,-51.3756,62.8341,-51.4011,64.3141,-50.075,64.3526,1.67486572265625,0.0585410835083212,1.57421875,1.76171875,3430.125,119.892139025042,8
ch2_cla_l1_20250801T024701069_20250801T024709069.fits,/home/saurabh/moon_project/data/CLASS/ch2_cla_l1_2025_08/cla/data/calibrated/2025/08/01/ch2_cla_l1_20250801T024701069_20250801T024709069.fits,2025-08-01T02:47:01.069,2025-08-01T02:47:09.069,2025-08-01T02:47:05.069,8.0,-39.8,13.5,112.185,-51.5376,63.5656,-51.5315,63.5658,59.0942,59.0942,CLASS_add_scds.pro,2.1,417,1,"0,1,2,3,4,5,6,7,8,9,10,11,12,13,14,15,",-50.8541,62.8642,-52.1781,62.7834,-52.204,64.2875,-50.8793,64.3271,1.6632080078125,0.0752581332192354,1.5693359375,1.7802734375,3406.25,154.1286568329941,8
ch2_cla_l1_20250801T024717069_20250801T024725069.fits,/home/saurabh/moon_project/data/CLASS/ch2_cla_l1_2025_08/cla/data/calibrated/2025/08/01/ch2_cla_l1_20250801T024717069_20250801T024725069.fits,2025-08-01T02:47:17.069,2025-08-01T02:47:25.069,2025-08-01T02:47:21.069,8.0,-39.6,13.5,112.002,-52.3412,63.5267,-52.3351,63.5269,59.742,59.742,CLASS_add_scds.pro,2.1,419,1,"0,1,2,3,4,5,6,7,8,9,10,11,12,13,14,15,",-51.6581,62.8147,-52.9807,62.7308,-53.007,64.2602,-51.6838,64.3009,1.69390869140625,0.0759320238169539,1.5751953125,1.78955078125,3469.125,155.50878477712163,8
ch2_cla_l1_20250801T024733069_20250801T024741069.fits,/home/saurabh/moon_project/data/CLASS/ch2_cla_l1_2025_08/cla/data/calibrated/2025/08/01/ch2_cla_l1_20250801T024733069_20250801T024741069.fits,2025-08-01T02:47:33.069,2025-08-01T02:47:41.069,2025-08-01T02:47:37.069,8.0,-39.6,13.5,111.816,-53.1449,63.4864,-53.1388,63.4866,60.3923,60.3923,CLASS_add_scds.pro,2.1,421,1,"0,1,2,3,4,5,6,7,8,9,10,11,12,13,14,15,",-52.4624,62.7633,-53.7834,62.6762,-53.8102,64.2321,-52.4884,64.274,1.7032470703125,0.076755287630854,1.61328125,1.8388671875,3488.25,157.19482906798902,8
ch2_cla_l1_20250801T024821069_20250801T024829069.fits,/home/saurabh/moon_project/data/CLASS/ch2_cla_l1_2025_08/cla/data/calibrated/2025/08/01/ch2_cla_l1_20250801T024821069_20250801T024829069.fits,2025-08-01T02:48:21.069,2025-08-01T02:48:29.069,2025-08-01T02:48:25.069,8.0,-39.5,13.5,111.244,-55.5571,63.3565,-55.551,63.3568,62.3569,62.3569,CLASS_add_scds.pro,2.1,427,1,"0,1,2,3,4,5,6,7,8,9,10,11,12,13,14,15,",-54.8759,62.5967,-56.1923,62.4986,-56.2207,64.1422,-54.9034,64.1884,1.69830322265625,0.1123302928096133,1.5615234375,1.83154296875,3478.125,230.05243967408825,8
ch2_cla_l1_20250801T024829069_20250801T024837069.fits,/home/saurabh/moon_project/data/CLASS/ch2_cla_l1_2025_08/cla/data/calibrated/2025/08/01/ch2_cla_l1_20250801T024829069_20250801T024837069.fits,2025-08-01T02:48:29.069,2025-08-01T02:48:37.069,2025-08-01T02:48:33.069,8.0,-39.4,13.5,111.147,-55.9592,63.3334,-55.9532,63.3336,62.6862,62.6862,CLASS_add_scds.pro,2.1,428,1,"0,1,2,3,4,5,6,7,8,9,10,11,12,13,14,15,",-55.2783,62.567,-56.5912,62.4669,-56.6199,64.1262,-55.306,64.1733,1.6053466796875,0.0631342450268904,1.51806640625,1.6943359375,3287.75,129.29893381507168,8
ch2_cla_l1_20250801T024837069_20250801T024845069.fits,/home/saurabh/moon_project/data/CLASS/ch2_cla_l1_2025_08/cla/data/calibrated/2025/08/01/ch2_cla_l1_20250801T024837069_20250801T024845069.fits,2025-08-01T02:48:37.069,2025-08-01T02:48:45.069,2025-08-01T02:48:41.069,8.0,-39.4,13.5,111.049,-56.3614,63.3098,-56.3519,63.3103,63.016,63.016,CLASS_add_scds.pro,2.1,429,1,"0,1,2,3,4,5,6,7,8,9,10,11,12,13,14,15,",-55.678,62.5368,-56.9922,62.4345,-57.0212,64.1101,-55.7061,64.1582,1.63714599609375,0.0560375485533767,1.57861328125,1.7421875,3352.875,114.76489943731552,8
ch2_cla_l1_20250801T024845069_20250801T024853069.fits,/home/saurabh/moon_project/data/CLASS/ch2_cla_l1_2025_08/cla/data/calibrated/2025/08/01/ch2_cla_l1_20250801T024845069_20250801T024853069.fits,2025-08-01T02:48:45.069,2025-08-01T02:48:53.069,2025-08-01T02:48:49.069,8.0,-39.4,13.5,110.95,-56.7637,63.2857,-56.756,63.2862,63.3464,63.3464,CLASS_add_scds.pro,2.1,430,1,"0,1,2,3,4,5,6,7,8,9,10,11,12,13,14,15,",-56.0798,62.506,-57.3985,62.4007,-57.4277,64.0936,-56.1082,64.1428,1.63104248046875,0.0538742554928953,1.5380859375,1.70556640625,3340.375,110.33447524944972,8
ch2_cla_l1_20250801T024853069_20250801T024901069.fits,/home/saurabh/moon_project/data/CLASS/ch2_cla_l1_2025_08/cla/data/calibrated/2025/08/01/ch2_cla_l1_20250801T024853069_20250801T024901069.fits,2025-08-01T02:48:53.069,2025-08-01T02:49:01.069,2025-08-01T02:48:57.069,8.0,-39.3,13.5,110.851,-57.1659,63.2612,-57.1584,63.2615,63.6772,63.6772,CLASS_add_scds.pro,2.1,431,1,"0,1,2,3,4,5,6,7,8,9,10,11,12,13,14,15,",-56.487,62.4737,-57.7984,62.3667,-57.8281,64.0766,-56.5155,64.1263,1.64691162109375,0.0801879714240078,1.4912109375,1.74072265625,3372.875,164.22496547636808,8
ch2_cla_l1_20250801T024901069_20250801T024909069.fits,/home/saurabh/moon_project/data/CLASS/ch2_cla_l1_2025_08/cla/data/calibrated/2025/08/01/ch2_cla_l1_20250801T024901069_20250801T024909069.fits,2025-08-01T02:49:01.069,2025-08-01T02:49:09.069,2025-08-01T02:49:05.069,8.0,-39.3,13.5,110.751,-57.5682,63.2361,-57.564,63.2359,64.0085,64.0085,CLASS_add_scds.pro,2.1,432,1,"0,1,2,3,4,5,6,7,8,9,10,11,12,13,14,15,",-56.8877,62.4417,-58.2027,62.3315,-58.2326,64.0595,-56.9168,64.1106,1.621826171875,0.0732505575574526,1.52880859375,1.72998046875,3321.5,150.01714187766297,8
ch2_cla_l1_20250801T024909069_20250801T024917069.fits,/home/saurabh/moon_project/data/CLASS/ch2_cla_l1_2025_08/cla/data/calibrated/2025/08/01/ch2_cla_l1_20250801T024909069_20250801T024917069.fits,2025-08-01T02:49:09.069,2025-08-01T02:49:17.069,2025-08-01T02:49:13.069,8.0,-39.3,13.5,110.65,-57.9706,63.2105,-57.9664,63.2104,64.3403,64.3403,CLASS_add_scds.pro,2.1,433,1,"0,1,2,3,4,5,6,7,8,9,10,11,12,13,14,15,",-57.2929,62.4079,-58.6039,62.2962,-58.634,64.0423,-57.322,64.0934,1.67413330078125,0.0976980719250454,1.5078125,1.79638671875,3428.625,200.0856513024931,8
ch2_cla_l1_20250801T024917069_20250801T024925069.fits,/home/saurabh/moon_project/data/CLASS/ch2_cla_l1_2025_08/cla/data/calibrated/2025/08/01/ch2_cla_l1_20250801T024917069_20250801T024925069.fits,2025-08-01T02:49:17.069,2025-08-01T02:49:25.069,2025-08-01T02:49:21.069,8.0,-39.3,13.5,110.549,-58.373,63.1843,-58.3681,63.1843,64.6726,64.6726,CLASS_add_scds.pro,2.1,434,1,"0,1,2,3,4,5,6,7,8,9,10,11,12,13,14,15,",-57.6949,62.3742,-59.005,62.2599,-59.0354,64.0247,-57.7243,64.0769,1.6378173828125,0.0749756501043112,1.54736328125,1.75439453125,3354.25,153.5501314136294,8
ch2_cla_l1_20250801T024925069_20250801T024933069.fits,/home/saurabh/moon_project/data/CLASS/ch2_cla_l1_2025_08/cla/data/calibrated/2025/08/01/ch2_cla_l1_20250801T024925069_20250801T024933069.fits,2025-08-01T02:49:25.069,2025-08-01T02:49:33.069,2025-08-01T02:49:29.069,8.0,-39.2,13.5,110.447,-58.7754,63.1575,-58.7698,63.1579,65.0053,65.0053,CLASS_add_scds.pro,2.1,435,1,"0,1,2,3,4,5,6,7,8,9,10,11,12,13,14,15,",-58.0969,62.3397,-59.4062,62.2228,-59.437,64.0067,-58.1265,64.06,1.66058349609375,0.0738153897904863,1.51611328125,1.74609375,3400.875,151.17391829091608,8
ch2_cla_l1_20250801T024933069_20250801T024941069.fits,/home/saurabh/moon_project/data/CLASS/ch2_cla_l1_2025_08/cla/data/calibrated/2025/08/01/ch2_cla_l1_20250801T024933069_20250801T024941069.fits,2025-08-01T02:49:33.069,2025-08-01T02:49:41.069,2025-08-01T02:49:37.069,8.0,-39.2,13.5,110.345,-59.1779,63.1302,-59.1721,63.1305,65.3385,65.3385,CLASS_add_scds.pro,2.1,436,1,"0,1,2,3,4,5,6,7,8,9,10,11,12,13,14,15,",-58.499,62.3046,-59.8079,62.1849,-59.839,63.9885,-58.529,64.0429,1.62109375,0.0466375239195493,1.54931640625,1.69189453125,3320.0,95.51364898723712,8
ch2_cla_l1_20250801T024941069_20250801T024949069.fits,/home/saurabh/moon_project/data/CLASS/ch2_cla_l1_2025_08/cla/data/calibrated/2025/08/01/ch2_cla_l1_20250801T024941069_20250801T024949069.fits,2025-08-01T02:49:41.069,2025-08-01T02:49:49.069,2025-08-01T02:49:45.069,8.0,-39.2,13.5,110.242,-59.5804,63.1022,-59.5744,63.1028,65.6721,65.6721,CLASS_add_scds.pro,2.1,437,1,"0,1,2,3,4,5,6,7,8,9,10,11,12,13,14,15,",-58.9015,62.2685,-60.2097,62.1456,-60.2412,63.9696,-58.9318,64.0254,1.69293212890625,0.0488500491376714,1.61962890625,1.76513671875,3467.125,100.04490063395107,8
ch2_cla_l1_20250801T024949069_20250801T024957069.fits,/home/saurabh/moon_project/data/CLASS/ch2_cla_l1_2025_08/cla/data/calibrated/2025/08/01/ch2_cla_l1_20250801T024949069_20250801T024957069.fits,2025-08-01T02:49:49.069,2025-08-01T02:49:57.069,2025-08-01T02:49:53.069,8.0,-39.2,13.5,110.139,-59.9829,63.0736,-59.9771,63.0739,66.0062,66.0062,CLASS_add_scds.pro,2.1,438,1,"0,1,2,3,4,5,6,7,8,9,10,11,12,13,14,15,",-59.3043,62.2312,-60.6116,62.1054,-60.6434,63.9503,-59.3349,64.0073,1.63250732421875,0.0323098827144276,1.58447265625,1.6796875,3343.375,66.17063979914786,8
ch2_cla_l1_20250801T024957069_20250801T025005069.fits,/home/saurabh/moon_project/data/CLASS/ch2_cla_l1_2025_08/cla/data/calibrated/2025/08/01/ch2_cla_l1_20250801T024957069_20250801T025005069.fits,2025-08-01T02:49:57.069,2025-08-01T02:50:05.069,2025-08-01T02:50:01.069,8.0,-39.2,13.5,110.035,-60.3855,63.0442,-60.3796,63.0446,66.3407,66.3407,CLASS_add_scds.pro,2.1,439,1,"0,1,2,3,4,5,6,7,8,9,10,11,12,13,14,15,",-59.707,62.1931,-61.0121,62.0645,-61.0443,63.9308,-59.738,63.9888,1.68475341796875,0.0387507944860623,1.6259765625,1.7431640625,3450.375,79.36162710745576,8
ch2_cla_l1_20250801T025005069_20250801T025013069.fits,/home/saurabh/moon_project/data/CLASS/ch2_cla_l1_2025_08/cla/data/calibrated/2025/08/01/ch2_cla_l1_20250801T025005069_20250801T025013069.fits,2025-08-01T02:50:05.069,2025-08-01T02:50:13.069,2025-08-01T02:50:09.069,8.0,-39.2,13.5,109.93,-60.7882,63.0142,-60.7821,63.0146,66.6756,66.6756,CLASS_add_scds.pro,2.1,440,1,"0,1,2,3,4,5,6,7,8,9,10,11,12,13,14,15,",-60.1084,62.1545,-61.4159,62.0217,-61.4485,63.9103,-60.1398,63.9704,1.6490478515625,0.0587596180472294,1.5791015625,1.76416015625,3377.25,120.3396977607259,8
ch2_cla_l1_20250801T025013069_20250801T025021069.fits,/home/saurabh/moon_project/data/CLASS/ch2_cla_l1_2025_08/cla/data/calibrated/2025/08/01/ch2_cla_l1_20250801T025013069_20250801T025021069.fits,2025-08-01T02:50:13.069,2025-08-01T02:50:21.069,2025-08-01T02:50:17.069,8.0,-39.2,13.5,109.825,-61.1908,62.9835,-61.1853,62.9835,67.0109,67.0109,CLASS_add_scds.pro,2.1,441,1,"0,1,2,3,4,5,6,7,8,9,10,11,12,13,14,15,",-60.5131,62.1139,-61.8178,61.9782,-61.8508,63.8897,-60.5448,63.9505,1.70660400390625,0.0386438551729316,1.65234375,1.765625,3495.125,79.14261539416404,8
ch2_cla_l1_20250801T025021069_20250801T025029069.fits,/home/saurabh/moon_project/data/CLASS/ch2_cla_l1_2025_08/cla/data/calibrated/2025/08/01/ch2_cla_l1_20250801T025021069_20250801T025029069.fits,2025-08-01T02:50:21.069,2025-08-01T02:50:29.069,2025-08-01T02:50:25.069,8.0,-39.2,13.5,109.719,-61.5935,62.9519,-61.5878,62.9521,67.3467,67.3467,CLASS_add_scds.pro,2.1,442,1,"0,1,2,3,4,5,6,7,8,9,10,11,12,13,14,15,",-60.9159,62.0728,-62.2198,61.9337,-62.2531,63.8688,-60.9479,63.9308,1.66607666015625,0.0691640092346889,1.55810546875,1.775390625,3412.125,141.64789091264296,8
ch2_cla_l1_20250801T025029069_20250801T025037069.fits,/home/saurabh/moon_project/data/CLASS/ch2_cla_l1_2025_08/cla/data/calibrated/2025/08/01/ch2_cla_l1_20250801T025029069_20250801T025037069.fits,2025-08-01T02:50:29.069,2025-08-01T02:50:37.069,2025-08-01T02:50:33.069,8.0,-39.1,13.5,109.613,-61.9963,62.9196,-61.9905,62.9198,67.6828,67.6828,CLASS_add_scds.pro,2.1,443,1,"0,1,2,3,4,5,6,7,8,9,10,11,12,13,14,15,",-61.3188,62.0308,-62.6218,61.8881,-62.6556,63.8474,-61.3512,63.9108,1.69097900390625,0.0626580759726214,1.59033203125,1.78271484375,3463.125,128.32373959192876,8
ch2_cla_l1_20250801T025037069_20250801T025045069.fits,/home/saurabh/moon_project/data/CLASS/ch2_cla_l1_2025_08/cla/data/calibrated/2025/08/01/ch2_cla_l1_20250801T025037069_20250801T025045069.fits,2025-08-01T02:50:37.069,2025-08-01T02:50:45.069,2025-08-01T02:50:41.069,8.0,-39.0,13.5,109.506,-62.3991,62.8864,-62.3931,62.8869,68.0193,68.0193,CLASS_add_scds.pro,2.1,444,1,"0,1,2,3,4,5,6,7,8,9,10,11,12,13,14,15,",-61.7217,61.9877,-63.0239,61.8411,-63.0581,63.8254,-61.7545,63.8904,1.68743896484375,0.0725705991148882,1.57763671875,1.8095703125,3455.875,148.6245869872911,8
ch2_cla_l1_20250801T025045069_20250801T025053069.fits,/home/saurabh/moon_project/data/CLASS/ch2_cla_l1_2025_08/cla/data/calibrated/2025/08/01/ch2_cla_l1_20250801T025045069_20250801T025053069.fits,2025-08-01T02:50:45.069,2025-08-01T02:50:53.069,2025-08-01T02:50:49.069,8.0,-39.0,13.5,109.399,-62.8019,62.8524,-62.796,62.8528,68.3562,68.3562,CLASS_add_scds.pro,2.1,445,1,"0,1,2,3,4,5,6,7,8,9,10,11,12,13,14,15,",-62.1247,61.9434,-63.4259,61.7927,-63.4605,63.8028,-62.1579,63.8694,1.69439697265625,0.0680269527693963,1.61083984375,1.791015625,3470.125,139.3191992717238,8
ch2_cla_l1_20250801T025053069_20250801T025101069.fits,/home/saurabh/moon_project/data/CLASS/ch2_cla_l1_2025_08/cla/data/calibrated/2025/08/01/ch2_cla_l1_20250801T025053069_20250801T025101069.fits,2025-08-01T02:50:53.069,2025-08-01T02:51:01.069,2025-08-01T02:50:57.069,8.0,-39.0,13.5,109.291,-63.2048,62.8174,-63.1988,62.8178,68.6935,68.6935,CLASS_add_scds.pro,2.1,446,1,"0,1,2,3,4,5,6,7,8,9,10,11,12,13,14,15,",-62.5276,61.8979,-63.8269,61.7434,-63.8621,63.78,-62.5613,63.848,1.677734375,0.1037387961347457,1.5322265625,1.83984375,3436.0,212.4570544839592,8
ch2_cla_l1_20250801T025101069_20250801T025109069.fits,/home/saurabh/moon_project/data/CLASS/ch2_cla_l1_2025_08/cla/data/calibrated/2025/08/01/ch2_cla_l1_20250801T025101069_20250801T025109069.fits,2025-08-01T02:51:01.069,2025-08-01T02:51:09.069,2025-08-01T02:51:05.069,8.0,-39.0,13.5,109.183,-63.6077,62.7815,-63.601,62.7821,69.0312,69.0312,CLASS_add_scds.pro,2.1,447,1,"0,1,2,3,4,5,6,7,8,9,10,11,12,13,14,15,",-62.9296,61.8516,-64.2304,61.6917,-64.266,63.7559,-62.9637,63.8265,1.70135498046875,0.0735141609107492,1.60888671875,1.80712890625,3484.375,150.55700154521446,8
ch2_cla_l1_20250801T025117069_20250801T025125069.fits,/home/saurabh/moon_project/data/CLASS/ch2_cla_l1_2025_08/cla/data/calibrated/2025/08/01/ch2_cla_l1_20250801T025117069_20250801T025125069.fits,2025-08-01T02:51:17.069,2025-08-01T02:51:25.069,2025-08-01T02:51:21.069,8.0,-38.9,13.5,108.965,-64.4136,62.7066,-64.4079,62.7069,69.7076,69.7076,CLASS_add_scds.pro,2.1,449,1,"0,1,2,3,4,5,6,7,8,9,10,11,12,13,14,15,",-63.7372,61.7534,-65.0348,61.5846,-65.0714,63.7066,-63.7721,63.7804,1.6903076171875,0.0464324037835637,1.62451171875,1.7587890625,3461.75,95.09356294873862,8
ch2_cla_l1_20250801T025125069_20250801T025133069.fits,/home/saurabh/moon_project/data/CLASS/ch2_cla_l1_2025_08/cla/data/calibrated/2025/08/01/ch2_cla_l1_20250801T025125069_20250801T025133069.fits,2025-08-01T02:51:25.069,2025-08-01T02:51:33.069,2025-08-01T02:51:29.069,8.0,-38.9,13.5,108.855,-64.8166,62.6675,-64.8108,62.6678,70.0463,70.0463,CLASS_add_scds.pro,2.1,450,1,"0,1,2,3,4,5,6,7,8,9,10,11,12,13,14,15,",-64.1403,61.7024,-65.4369,61.5285,-65.474,63.6808,-64.1757,63.7567,1.71197509765625,0.061677942012302,1.6044921875,1.8017578125,3506.125,126.31642524119452,8
ch2_cla_l1_20250801T025133069_20250801T025141069.fits,/home/saurabh/moon_project/data/CLASS/ch2_cla_l1_2025_08/cla/data/calibrated/2025/08/01/ch2_cla_l1_20250801T025133069_20250801T025141069.fits,2025-08-01T02:51:33.069,2025-08-01T02:51:41.069,2025-08-01T02:51:37.069,8.0,-38.9,13.5,108.744,-65.2197,62.6273,-65.2135,62.6277,70.3854,70.3854,CLASS_add_scds.pro,2.1,451,1,"0,1,2,3,4,5,6,7,8,9,10,11,12,13,14,15,",-64.5434,61.6498,-65.8392,61.4707,-65.8769,63.6544,-64.5793,63.7323,1.71240234375,0.0451661098876912,1.64453125,1.78759765625,3507.0,92.5001930499916,8
ch2_cla_l1_20250801T025149069_20250801T025157069.fits,/home/saurabh/moon_project/data/CLASS/ch2_cla_l1_2025_08/cla/data/calibrated/2025/08/01/ch2_cla_l1_20250801T025149069_20250801T025157069.fits,2025-08-01T02:51:49.069,2025-08-01T02:51:57.069,2025-08-01T02:51:53.069,8.0,-38.9,13.5,108.522,-66.0259,62.5432,-66.02,62.5436,71.0646,71.0646,CLASS_add_scds.pro,2.1,453,1,"0,1,2,3,4,5,6,7,8,9,10,11,12,13,14,15,",-65.3499,61.5401,-66.6439,61.3495,-66.6827,63.5994,-65.3868,63.6818,1.69683837890625,0.0366452092287166,1.63818359375,1.7578125,3475.125,75.04938850041161,8
ch2_cla_l1_20250801T025221069_20250801T025229069.fits,/home/saurabh/moon_project/data/CLASS/ch2_cla_l1_2025_08/cla/data/calibrated/2025/08/01/ch2_cla_l1_20250801T025221069_20250801T025229069.fits,2025-08-01T02:52:21.069,2025-08-01T02:52:29.069,2025-08-01T02:52:25.069,8.0,-38.9,13.5,108.071,-67.6388,62.3582,-67.6333,62.3586,72.4267,72.4267,CLASS_add_scds.pro,2.1,457,1,"0,1,2,3,4,5,6,7,8,9,10,11,12,13,14,15,",-66.9629,61.2988,-68.2538,61.0812,-68.2951,63.4786,-67.0022,63.5719,1.7052001953125,0.0619096119171991,1.60302734375,1.79296875,3492.25,126.79088520642394,8
ch2_cla_l1_20250801T025237069_20250801T025245069.fits,/home/saurabh/moon_project/data/CLASS/ch2_cla_l1_2025_08/cla/data/calibrated/2025/08/01/ch2_cla_l1_20250801T025237069_20250801T025245069.fits,2025-08-01T02:52:37.069,2025-08-01T02:52:45.069,2025-08-01T02:52:41.069,8.0,-38.9,13.5,107.842,-68.4454,62.2561,-68.4395,62.2567,73.1096,73.1096,CLASS_add_scds.pro,2.1,459,1,"0,1,2,3,4,5,6,7,8,9,10,11,12,13,14,15,",-67.7705,61.1652,-69.0581,60.9323,-69.1009,63.412,-67.811,63.5115,1.64892578125,0.0908188123916049,1.51025390625,1.7685546875,3377.0,185.99692777800695,8
ch2_cla_l1_20250801T025245069_20250801T025253069.fits,/home/saurabh/moon_project/data/CLASS/ch2_cla_l1_2025_08/cla/data/calibrated/2025/08/01/ch2_cla_l1_20250801T025245069_20250801T025253069.fits,2025-08-01T02:52:45.069,2025-08-01T02:52:53.069,2025-08-01T02:52:49.069,8.0,-38.9,13.5,107.727,-68.8488,62.2023,-68.8433,62.2026,73.4515,73.4515,CLASS_add_scds.pro,2.1,460,1,"0,1,2,3,4,5,6,7,8,9,10,11,12,13,14,15,",-68.1734,61.095,-69.4608,60.8537,-69.5044,63.3772,-68.2146,63.4799,1.64703369140625,0.0784653742096033,1.548828125,1.7666015625,3373.125,160.69708638126758,8
ch2_cla_l1_20250801T025253069_20250801T025301069.fits,/home/saurabh/moon_project/data/CLASS/ch2_cla_l1_2025_08/cla/data/calibrated/2025/08/01/ch2_cla_l1_20250801T025253069_20250801T025301069.fits,2025-08-01T02:52:53.069,2025-08-01T02:53:01.069,2025-08-01T02:52:57.069,8.0,-38.9,13.5,107.612,-69.2523,62.1466,-69.246,62.1474,73.7936,73.7936,CLASS_add_scds.pro,2.1,461,1,"0,1,2,3,4,5,6,7,8,9,10,11,12,13,14,15,",-68.5772,61.0223,-69.8631,60.7722,-69.9075,63.3411,-68.6191,63.4474,1.6077880859375,0.0757669157199164,1.4892578125,1.7080078125,3292.75,155.17064339438878,8
ch2_cla_l1_20250801T025301069_20250801T025309069.fits,/home/saurabh/moon_project/data/CLASS/ch2_cla_l1_2025_08/cla/data/calibrated/2025/08/01/ch2_cla_l1_20250801T025301069_20250801T025309069.fits,2025-08-01T02:53:01.069,2025-08-01T02:53:09.069,2025-08-01T02:53:05.069,8.0,-38.9,13.5,107.496,-69.6557,62.0888,-69.6501,62.0893,74.1361,74.1361,CLASS_add_scds.pro,2.1,462,1,"0,1,2,3,4,5,6,7,8,9,10,11,12,13,14,15,",-68.9806,60.9469,-70.2657,60.6873,-70.3109,63.3036,-69.0232,63.4137,1.66156005859375,0.0765796686613394,1.56298828125,1.7744140625,3402.875,156.83516141842318,8
ch2_cla_l1_20250801T025309069_20250801T025317069.fits,/home/saurabh/moon_project/data/CLASS/ch2_cla_l1_2025_08/cla/data/calibrated/2025/08/01/ch2_cla_l1_20250801T025309069_20250801T025317069.fits,2025-08-01T02:53:09.069,2025-08-01T02:53:17.069,2025-08-01T02:53:13.069,8.0,-38.9,13.5,107.38,-70.0592,62.0288,-70.0536,62.0295,74.4788,74.4788,CLASS_add_scds.pro,2.1,463,1,"0,1,2,3,4,5,6,7,8,9,10,11,12,13,14,15,",-69.3842,60.8688,-70.6682,60.5993,-70.7142,63.265,-69.4276,63.3789,1.62274169921875,0.074897558777406,1.50244140625,1.73291015625,3323.375,153.39020037612758,8
ch2_cla_l1_20250801T025317069_20250801T025325069.fits,/home/saurabh/moon_project/data/CLASS/ch2_cla_l1_2025_08/cla/data/calibrated/2025/08/01/ch2_cla_l1_20250801T025317069_20250801T025325069.fits,2025-08-01T02:53:17.069,2025-08-01T02:53:25.069,2025-08-01T02:53:21.069,8.0,-38.9,13.5,107.263,-70.4627,61.9665,-70.4571,61.9672,74.8218,74.8218,CLASS_add_scds.pro,2.1,464,1,"0,1,2,3,4,5,6,7,8,9,10,11,12,13,14,15,",-69.7877,60.7877,-71.0705,60.5073,-71.1175,63.2245,-69.8318,63.343,1.64947509765625,0.0418658208648656,1.5908203125,1.72412109375,3378.125,85.74120113124478,8
ch2_cla_l1_20250801T025325069_20250801T025333069.fits,/home/saurabh/moon_project/data/CLASS/ch2_cla_l1_2025_08/cla/data/calibrated/2025/08/01/ch2_cla_l1_20250801T025325069_20250801T025333069.fits,2025-08-01T02:53:25.069,2025-08-01T02:53:33.069,2025-08-01T02:53:29.069,8.0,-38.8,13.5,107.146,-70.8662,61.9016,-70.8605,61.9025,75.165,75.165,CLASS_add_scds.pro,2.1,465,1,"0,1,2,3,4,5,6,7,8,9,10,11,12,13,14,15,",-70.1911,60.7034,-71.4729,60.4116,-71.5208,63.1826,-70.2361,63.3057,1.63116455078125,0.0787718830714907,1.53173828125,1.767578125,3340.625,161.32481653041305,8
ch2_cla_l1_20250801T025333069_20250801T025341069.fits,/home/saurabh/moon_project/data/CLASS/ch2_cla_l1_2025_08/cla/data/calibrated/2025/08/01/ch2_cla_l1_20250801T025333069_20250801T025341069.fits,2025-08-01T02:53:33.069,2025-08-01T02:53:41.069,2025-08-01T02:53:37.069,8.0,-38.8,13.5,107.029,-71.2698,61.8342,-71.2641,61.8349,75.5085,75.5085,CLASS_add_scds.pro,2.1,466,1,"0,1,2,3,4,5,6,7,8,9,10,11,12,13,14,15,",-70.5946,60.6156,-71.8754,60.3112,-71.9243,63.1385,-70.6404,63.267,1.66998291015625,0.0422561309280795,1.6025390625,1.74072265625,3420.125,86.54055614070698,8
ch2_cla_l1_20250801T025341069_20250801T025349069.fits,/home/saurabh/moon_project/data/CLASS/ch2_cla_l1_2025_08/cla/data/calibrated/2025/08/01/ch2_cla_l1_20250801T025341069_20250801T025349069.fits,2025-08-01T02:53:41.069,2025-08-01T02:53:49.069,2025-08-01T02:53:45.069,8.0,-38.8,13.5,106.911,-71.6734,61.7639,-71.6677,61.7644,75.8522,75.8522,CLASS_add_scds.pro,2.1,467,1,"0,1,2,3,4,5,6,7,8,9,10,11,12,13,14,15,",-70.9982,60.5238,-72.2778,60.2071,-72.3278,63.0932,-71.0449,63.2263,1.6387939453125,0.0636810697290567,1.56201171875,1.73583984375,3356.25,130.41883080510814,8
ch2_cla_l1_20250801T025349069_20250801T025357069.fits,/home/saurabh/moon_project/data/CLASS/ch2_cla_l1_2025_08/cla/data/calibrated/2025/08/01/ch2_cla_l1_20250801T025349069_20250801T025357069.fits,2025-08-01T02:53:49.069,2025-08-01T02:53:57.069,2025-08-01T02:53:53.069,8.0,-38.8,13.5,106.792,-72.077,61.6906,-72.0711,61.6916,76.1962,76.1962,CLASS_add_scds.pro,2.1,468,1,"0,1,2,3,4,5,6,7,8,9,10,11,12,13,14,15,",-71.4017,60.4288,-72.6805,60.0981,-72.7314,63.0459,-71.4493,63.1847,1.65863037109375,0.0387178200383874,1.603515625,1.71533203125,3396.875,79.29409543861745,8
ch2_cla_l1_20250801T025357069_20250801T025405069.fits,/home/saurabh/moon_project/data/CLASS/ch2_cla_l1_2025_08/cla/data/calibrated/2025/08/01/ch2_cla_l1_20250801T025357069_20250801T025405069.fits,2025-08-01T02:53:57.069,2025-08-01T02:54:05.069,2025-08-01T02:54:01.069,8.0,-38.7,13.5,106.673,-72.4807,61.6141,-72.4751,61.6147,76.5404,76.5404,CLASS_add_scds.pro,2.1,469,1,"0,1,2,3,4,5,6,7,8,9,10,11,12,13,14,15,",-71.8054,60.3292,-73.0828,59.9841,-73.1349,62.9965,-71.854,63.141,1.66656494140625,0.0574149213756721,1.58642578125,1.74169921875,3413.125,117.58575897737666,8
ch2_cla_l1_20250801T025405069_20250801T025413069.fits,/home/saurabh/moon_project/data/CLASS/ch2_cla_l1_2025_08/cla/data/calibrated/2025/08/01/ch2_cla_l1_20250801T025405069_20250801T025413069.fits,2025-08-01T02:54:05.069,2025-08-01T02:54:13.069,2025-08-01T02:54:09.069,8.0,-38.7,13.5,106.554,-72.8844,61.5341,-72.8787,61.535,76.8848,76.8848,CLASS_add_scds.pro,2.1,470,1,"0,1,2,3,4,5,6,7,8,9,10,11,12,13,14,15,",-72.2089,60.2257,-73.4852,59.8647,-73.5385,62.9449,-72.2585,63.0959,1.66595458984375,0.0423648055135972,1.5947265625,1.72802734375,3411.875,86.76312169184719,8
ch2_cla_l1_20250801T025413069_20250801T025421069.fits,/home/saurabh/moon_project/data/CLASS/ch2_cla_l1_2025_08/cla/data/calibrated/2025/08/01/ch2_cla_l1_20250801T025413069_20250801T025421069.fits,2025-08-01T02:54:13.069,2025-08-01T02:54:21.069,2025-08-01T02:54:17.069,8.0,-38.7,13.5,106.435,-73.2881,61.4505,-73.2822,61.4517,77.2295,77.2295,CLASS_add_scds.pro,2.1,471,1,"0,1,2,3,4,5,6,7,8,9,10,11,12,13,14,15,",-72.6124,60.1175,-73.8862,59.7407,-73.9408,62.8916,-72.6631,63.0488,1.6737060546875,0.0531959316607478,1.6025390625,1.763671875,3427.75,108.94526804121156,8
ch2_cla_l1_20250801T025421069_20250801T025429069.fits,/home/saurabh/moon_project/data/CLASS/ch2_cla_l1_2025_08/cla/data/calibrated/2025/08/01/ch2_cla_l1_20250801T025421069_20250801T025429069.fits,2025-08-01T02:54:21.069,2025-08-01T02:54:29.069,2025-08-01T02:54:25.069,8.0,-38.6,13.5,106.314,-73.6918,61.3628,-73.6861,61.3641,77.5744,77.5744,CLASS_add_scds.pro,2.1,472,1,"0,1,2,3,4,5,6,7,8,9,10,11,12,13,14,15,",-73.0145,60.0054,-74.2906,59.6076,-74.3463,62.834,-73.0664,63.0008,1.671142578125,0.0575201589183253,1.58349609375,1.74853515625,3422.5,117.8012854647302,8
ch2_cla_l1_20250801T025429069_20250801T025437069.fits,/home/saurabh/moon_project/data/CLASS/ch2_cla_l1_2025_08/cla/data/calibrated/2025/08/01/ch2_cla_l1_20250801T025429069_20250801T025437069.fits,2025-08-01T02:54:29.069,2025-08-01T02:54:37.069,2025-08-01T02:54:33.069,8.0,-38.6,13.5,106.194,-74.0955,61.2709,-74.09,61.272,77.9195,77.9195,CLASS_add_scds.pro,2.1,473,1,"0,1,2,3,4,5,6,7,8,9,10,11,12,13,14,15,",-73.42,59.8848,-74.6927,59.4688,-74.7498,62.7741,-73.4729,62.9476,1.697509765625,0.0527175795840047,1.6328125,1.796875,3476.5,107.96560298804164,8
ch2_cla_l1_20250801T025437069_20250801T025445069.fits,/home/saurabh/moon_project/data/CLASS/ch2_cla_l1_2025_08/cla/data/calibrated/2025/08/01/ch2_cla_l1_20250801T025437069_20250801T025445069.fits,2025-08-01T02:54:37.069,2025-08-01T02:54:45.069,2025-08-01T02:54:41.069,8.0,-38.7,13.5,106.073,-74.4992,61.1744,-74.4937,61.1752,78.2648,78.2648,CLASS_add_scds.pro,2.1,474,1,"0,1,2,3,4,5,6,7,8,9,10,11,12,13,14,15,",-73.8233,59.7598,-75.0949,59.3234,-75.1535,62.7118,-73.8775,62.8933,1.65911865234375,0.072234246352842,1.5634765625,1.767578125,3397.875,147.93573653062043,8
ch2_cla_l1_20250801T025445069_20250801T025453069.fits,/home/saurabh/moon_project/data/CLASS/ch2_cla_l1_2025_08/cla/data/calibrated/2025/08/01/ch2_cla_l1_20250801T025445069_20250801T025453069.fits,2025-08-01T02:54:45.069,2025-08-01T02:54:53.069,2025-08-01T02:54:49.069,8.0,-38.7,13.5,105.952,-74.903,61.0729,-74.8974,61.0739,78.6103,78.6103,CLASS_add_scds.pro,2.1,475,1,"0,1,2,3,4,5,6,7,8,9,10,11,12,13,14,15,",-74.2268,59.6293,-75.4972,59.1697,-75.5573,62.646,-74.2822,62.8371,1.69415283203125,0.0780822364389656,1.53759765625,1.78466796875,3469.625,159.91242022700158,8
ch2_cla_l1_20250801T025453069_20250801T025501069.fits,/home/saurabh/moon_project/data/CLASS/ch2_cla_l1_2025_08/cla/data/calibrated/2025/08/01/ch2_cla_l1_20250801T025453069_20250801T025501069.fits,2025-08-01T02:54:53.069,2025-08-01T02:55:01.069,2025-08-01T02:54:57.069,8.0,-38.6,13.5,105.83,-75.3067,60.9659,-75.3011,60.9673,78.9561,78.9561,CLASS_add_scds.pro,2.1,476,1,"0,1,2,3,4,5,6,7,8,9,10,11,12,13,14,15,",-74.6302,59.4917,-75.8993,59.0076,-75.9611,62.5767,-74.687,62.7778,1.6796875,0.073562358238879,1.58837890625,1.78759765625,3440.0,150.65570967322432,8
ch2_cla_l1_20250801T025509069_20250801T025517069.fits,/home/saurabh/moon_project/data/CLASS/ch2_cla_l1_2025_08/cla/data/calibrated/2025/08/01/ch2_cla_l1_20250801T025509069_20250801T025517069.fits,2025-08-01T02:55:09.069,2025-08-01T02:55:17.069,2025-08-01T02:55:13.069,8.0,-38.7,13.5,105.586,-76.1143,60.734,-76.1081,60.7361,79.6481,79.6481,CLASS_add_scds.pro,2.1,478,1,"0,1,2,3,4,5,6,7,8,9,10,11,12,13,14,15,",-75.4371,59.1942,-76.7028,58.6551,-76.7681,62.4267,-75.4968,62.6499,1.66925048828125,0.0441848764556044,1.61279296875,1.7470703125,3418.625,90.49062698107784,8
ch2_cla_l1_20250801T025525069_20250801T025533069.fits,/home/saurabh/moon_project/data/CLASS/ch2_cla_l1_2025_08/cla/data/calibrated/2025/08/01/ch2_cla_l1_20250801T025525069_20250801T025533069.fits,2025-08-01T02:55:25.069,2025-08-01T02:55:33.069,2025-08-01T02:55:29.069,8.0,-38.7,13.5,105.34,-76.9217,60.4743,-76.9164,60.4754,80.3409,80.3409,CLASS_add_scds.pro,2.1,480,1,"0,1,2,3,4,5,6,7,8,9,10,11,12,13,14,15,",-76.2439,58.862,-77.5075,58.2556,-77.5769,62.2564,-76.307,62.5075,1.69134521484375,0.0444864052048872,1.62255859375,1.75732421875,3463.875,91.10815785960898,8
ch2_cla_l1_20250801T025541069_20250801T025549069.fits,/home/saurabh/moon_project/data/CLASS/ch2_cla_l1_2025_08/cla/data/calibrated/2025/08/01/ch2_cla_l1_20250801T025541069_20250801T025549069.fits,2025-08-01T02:55:41.069,2025-08-01T02:55:49.069,2025-08-01T02:55:45.069,8.0,-38.7,13.5,105.093,-77.7292,60.1813,-77.7236,60.1832,81.0344,81.0344,CLASS_add_scds.pro,2.1,482,1,"0,1,2,3,4,5,6,7,8,9,10,11,12,13,14,15,",-77.0502,58.4895,-78.311,57.8034,-78.3848,62.0647,-77.117,62.3486,1.697265625,0.0567901591766025,1.6328125,1.80615234375,3476.0,116.30624599368194,8
ch2_cla_l1_20250801T025653069_20250801T025701069.fits,/home/saurabh/moon_project/data/CLASS/ch2_cla_l1_2025_08/cla/data/calibrated/2025/08/01/ch2_cla_l1_20250801T025653069_20250801T025701069.fits,2025-08-01T02:56:53.069,2025-08-01T02:57:01.069,2025-08-01T02:56:57.069,8.0,-38.8,13.5,103.965,-81.3595,58.1998,-81.3539,58.204,84.1627,84.1627,CLASS_add_scds.pro,2.1,491,1,"0,1,2,3,4,5,6,7,8,9,10,11,12,13,14,15,",-80.6717,56.0285,-81.9144,54.6727,-82.0199,60.7419,-80.7633,61.305,1.7081298828125,0.0862009543217174,1.58544921875,1.85595703125,3498.25,176.53955445087735,8
ch2_cla_l1_20250801T025701069_20250801T025709069.fits,/home/saurabh/moon_project/data/CLASS/ch2_cla_l1_2025_08/cla/data/calibrated/2025/08/01/ch2_cla_l1_20250801T025701069_20250801T025709069.fits,2025-08-01T02:57:01.069,2025-08-01T02:57:09.069,2025-08-01T02:57:05.069,8.0,-38.8,13.5,103.839,-81.7622,57.8734,-81.7565,57.8784,84.511,84.511,CLASS_add_scds.pro,2.1,492,1,"0,1,2,3,4,5,6,7,8,9,10,11,12,13,14,15,",-81.0718,55.6359,-82.3142,54.1411,-82.4251,60.5159,-81.1674,61.14,1.62255859375,0.0707061887346761,1.51611328125,1.7314453125,3323.0,144.80627452861685,8
ch2_cla_l1_20250801T025709069_20250801T025717069.fits,/home/saurabh/moon_project/data/CLASS/ch2_cla_l1_2025_08/cla/data/calibrated/2025/08/01/ch2_cla_l1_20250801T025709069_20250801T025717069.fits,2025-08-01T02:57:09.069,2025-08-01T02:57:17.069,2025-08-01T02:57:13.069,8.0,-38.8,13.5,103.712,-82.1647,57.5138,-82.1594,57.5181,84.8594,84.8594,CLASS_add_scds.pro,2.1,493,1,"0,1,2,3,4,5,6,7,8,9,10,11,12,13,14,15,",-81.4739,55.2004,-82.7121,53.5547,-82.8289,60.2665,-81.5739,60.9543,1.635986328125,0.0481389703802767,1.57763671875,1.72216796875,3350.5,98.5886113388067,8
ch2_cla_l1_20250801T025717069_20250801T025725069.fits,/home/saurabh/moon_project/data/CLASS/ch2_cla_l1_2025_08/cla/data/calibrated/2025/08/01/ch2_cla_l1_20250801T025717069_20250801T025725069.fits,2025-08-01T02:57:17.069,2025-08-01T02:57:25.069,2025-08-01T02:57:21.069,8.0,-38.8,13.5,103.584,-82.5669,57.1156,-82.5615,57.1201,85.2079,85.2079,CLASS_add_scds.pro,2.1,494,1,"0,1,2,3,4,5,6,7,8,9,10,11,12,13,14,15,",-81.8742,54.7244,-83.1092,52.9019,-83.2327,59.9888,-81.979,60.7518,1.66619873046875,0.064933768211459,1.552734375,1.76220703125,3412.375,132.98435729706816,8
ch2_cla_l1_20250801T025725069_20250801T025733069.fits,/home/saurabh/moon_project/data/CLASS/ch2_cla_l1_2025_08/cla/data/calibrated/2025/08/01/ch2_cla_l1_20250801T025725069_20250801T025733069.fits,2025-08-01T02:57:25.069,2025-08-01T02:57:33.069,2025-08-01T02:57:29.069,8.0,-38.8,13.5,103.457,-82.9688,56.6721,-82.9633,56.6777,85.5565,85.5565,CLASS_add_scds.pro,2.1,495,1,"0,1,2,3,4,5,6,7,8,9,10,11,12,13,14,15,",-82.274,54.2006,-83.5052,52.1704,-83.6362,59.6768,-82.3841,60.5295,1.638916015625,0.0374556142524404,1.58544921875,1.6923828125,3356.5,76.70909798899811,8
ch2_cla_l1_20250801T025733069_20250801T025741069.fits,/home/saurabh/moon_project/data/CLASS/ch2_cla_l1_2025_08/cla/data/calibrated/2025/08/01/ch2_cla_l1_20250801T025733069_20250801T025741069.fits,2025-08-01T02:57:33.069,2025-08-01T02:57:41.069,2025-08-01T02:57:37.069,8.0,-38.8,13.5,103.329,-83.3703,56.1753,-83.3647,56.1824,85.9053,85.9053,CLASS_add_scds.pro,2.1,496,1,"0,1,2,3,4,5,6,7,8,9,10,11,12,13,14,15,",-82.6729,53.6208,-83.9001,51.3438,-84.0397,59.3228,-82.789,60.2833,1.66748046875,0.0491250736148661,1.572265625,1.728515625,3415.0,100.60815076324582,8
ch2_cla_l1_20250801T025741069_20250801T025749069.fits,/home/saurabh/moon_project/data/CLASS/ch2_cla_l1_2025_08/cla/data/calibrated/2025/08/01/ch2_cla_l1_20250801T025741069_20250801T025749069.fits,2025-08-01T02:57:41.069,2025-08-01T02:57:49.069,2025-08-01T02:57:45.069,8.0,-38.8,13.5,103.201,-83.7712,55.6149,-83.7658,55.6226,86.2541,86.2541,CLASS_add_scds.pro,2.1,497,1,"0,1,2,3,4,5,6,7,8,9,10,11,12,13,14,15,",-83.0712,52.974,-84.2938,50.4027,-84.443,58.9174,-83.1938,60.0078,1.6458740234375,0.0424413641982772,1.58984375,1.7158203125,3370.75,86.91991387807185,8
ch2_cla_l1_20250801T025749069_20250801T025757069.fits,/home/saurabh/moon_project/data/CLASS/ch2_cla_l1_2025_08/cla/data/calibrated/2025/08/01/ch2_cla_l1_20250801T025749069_20250801T025757069.fits,2025-08-01T02:57:49.069,2025-08-01T02:57:57.069,2025-08-01T02:57:53.069,8.0,-38.8,13.5,103.073,-84.1716,54.9778,-84.1661,54.9869,86.603,86.603,CLASS_add_scds.pro,2.1,498,1,"0,1,2,3,4,5,6,7,8,9,10,11,12,13,14,15,",-83.4686,52.2479,-84.6845,49.3293,-84.8448,58.4531,-83.5987,59.6973,1.70391845703125,0.0600854899827678,1.5869140625,1.7744140625,3489.625,123.05508348470846,8
ch2_cla_l1_20250801T025757069_20250801T025805069.fits,/home/saurabh/moon_project/data/CLASS/ch2_cla_l1_2025_08/cla/data/calibrated/2025/08/01/ch2_cla_l1_20250801T025757069_20250801T025805069.fits,2025-08-01T02:57:57.069,2025-08-01T02:58:05.069,2025-08-01T02:58:01.069,8.0,-38.8,13.5,102.944,-84.5712,54.2472,-84.5655,54.2589,86.9521,86.9521,CLASS_add_scds.pro,2.1,499,1,"0,1,2,3,4,5,6,7,8,9,10,11,12,13,14,15,",-83.8637,51.4338,-85.076,48.0698,-85.2491,57.9012,-84.0021,59.3497,1.63671875,0.0570570198857317,1.54931640625,1.71923828125,3352.0,116.8527767259787,8
ch2_cla_l1_20250801T025805069_20250801T025813069.fits,/home/saurabh/moon_project/data/CLASS/ch2_cla_l1_2025_08/cla/data/calibrated/2025/08/01/ch2_cla_l1_20250801T025805069_20250801T025813069.fits,2025-08-01T02:58:05.069,2025-08-01T02:58:13.069,2025-08-01T02:58:09.069,8.0,-38.8,13.5,102.816,-84.9698,53.4011,-84.9647,53.4123,87.3012,87.3012,CLASS_add_scds.pro,2.1,500,1,"0,1,2,3,4,5,6,7,8,9,10,11,12,13,14,15,",-84.2603,50.4943,-85.4629,46.6057,-85.6512,57.2542,-84.4082,58.942,1.7064208984375,0.0599713372841191,1.6064453125,1.79638671875,3494.75,122.821298757876,8
ch2_cla_l1_20250801T025813069_20250801T025821069.fits,/home/saurabh/moon_project/data/CLASS/ch2_cla_l1_2025_08/cla/data/calibrated/2025/08/01/ch2_cla_l1_20250801T025813069_20250801T025821069.fits,2025-08-01T02:58:13.069,2025-08-01T02:58:21.069,2025-08-01T02:58:17.069,8.0,-38.8,13.5,102.687,-85.3672,52.4101,-85.362,52.4233,87.6504,87.6504,CLASS_add_scds.pro,2.1,501,1,"0,1,2,3,4,5,6,7,8,9,10,11,12,13,14,15,",-84.6534,49.4256,-85.8465,44.8696,-86.0527,56.4755,-84.8123,58.4782,1.65283203125,0.0586779761085597,1.5546875,1.7373046875,3385.0,120.17249507033034,8
ch2_cla_l1_20250801T025829069_20250801T025837069.fits,/home/saurabh/moon_project/data/CLASS/ch2_cla_l1_2025_08/cla/data/calibrated/2025/08/01/ch2_cla_l1_20250801T025829069_20250801T025837069.fits,2025-08-01T02:58:29.069,2025-08-01T02:58:37.069,2025-08-01T02:58:33.069,8.0,-38.8,13.5,102.428,-86.1568,49.8167,-86.1515,49.8371,88.349,88.349,CLASS_add_scds.pro,2.1,503,1,"0,1,2,3,4,5,6,7,8,9,10,11,12,13,14,15,",-85.4329,46.738,-86.5986,40.2359,-86.8529,54.3271,-85.6195,57.2945,1.64263916015625,0.074719311357591,1.54833984375,1.75439453125,3364.125,153.02514966034644,8
ch2_cla_l1_20250801T025845069_20250801T025853069.fits,/home/saurabh/moon_project/data/CLASS/ch2_cla_l1_2025_08/cla/data/calibrated/2025/08/01/ch2_cla_l1_20250801T025845069_20250801T025853069.fits,2025-08-01T02:58:45.069,2025-08-01T02:58:53.069,2025-08-01T02:58:49.069,8.0,-39.0,13.5,102.169,-86.9348,45.8978,-86.9296,45.9292,89.0479,89.0479,CLASS_add_scds.pro,2.1,505,1,"0,1,2,3,4,5,6,7,8,9,10,11,12,13,14,15,",-86.1985,42.9602,-87.3164,33.049,-87.6462,50.7223,-86.4242,55.5826,1.67889404296875,0.0751286708532485,1.5576171875,1.78759765625,3438.375,153.86351790745312,8
ch2_cla_l1_20250801T025853069_20250801T025901069.fits,/home/saurabh/moon_project/data/CLASS/ch2_cla_l1_2025_08/cla/data/calibrated/2025/08/01/ch2_cla_l1_20250801T025853069_20250801T025901069.fits,2025-08-01T02:58:53.069,2025-08-01T02:59:01.069,2025-08-01T02:58:57.069,8.0,-38.9,13.5,102.039,-87.3161,43.094,-87.3109,43.1383,89.3975,89.3975,CLASS_add_scds.pro,2.1,506,1,"0,1,2,3,4,5,6,7,8,9,10,11,12,13,14,15,",-86.5733,40.441,-87.6525,27.8477,-88.0374,47.8335,-86.8251,54.4,1.7047119140625,0.0418310781778201,1.638671875,1.771484375,3491.25,85.67004810817572,8
ch2_cla_l1_20250801T025901069_20250801T025909069.fits,/home/saurabh/moon_project/data/CLASS/ch2_cla_l1_2025_08/cla/data/calibrated/2025/08/01/ch2_cla_l1_20250801T025901069_20250801T025909069.fits,2025-08-01T02:59:01.069,2025-08-01T02:59:09.069,2025-08-01T02:59:05.069,8.0,-39.0,13.5,101.909,-87.6891,39.3744,-87.684,39.4332,89.7471,89.7471,CLASS_add_scds.pro,2.1,507,1,"0,1,2,3,4,5,6,7,8,9,10,11,12,13,14,15,",-86.9399,37.3109,-87.963,20.9924,-88.4211,43.5303,-87.2243,52.8768,1.683837890625,0.0785957323608185,1.5830078125,1.8251953125,3448.5,160.96405987495646,8
ch2_cla_l1_20250801T025917069_20250801T025925069.fits,/home/saurabh/moon_project/data/CLASS/ch2_cla_l1_2025_08/cla/data/calibrated/2025/08/01/ch2_cla_l1_20250801T025917069_20250801T025925069.fits,2025-08-01T02:59:17.069,2025-08-01T02:59:25.069,2025-08-01T02:59:21.069,8.0,-39.0,13.5,101.648,-88.3858,26.9189,-88.3814,27.0367,90.4465,90.4465,CLASS_add_scds.pro,2.1,509,1,"0,1,2,3,4,5,6,7,8,9,10,11,12,13,14,15,",-87.6333,28.2194,-88.4459,-0.152,-89.1266,23.8167,-88.0136,48.0126,1.70196533203125,0.085720407318453,1.60107421875,1.83642578125,3485.625,175.55539418819183,8
ch2_cla_l1_20250801T025933069_20250801T025941069.fits,/home/saurabh/moon_project/data/CLASS/ch2_cla_l1_2025_08/cla/data/calibrated/2025/08/01/ch2_cla_l1_20250801T025933069_20250801T025941069.fits,2025-08-01T02:59:33.069,2025-08-01T02:59:41.069,2025-08-01T02:59:37.069,8.0,-39.0,13.5,101.386,-88.908,-0.2388,-88.9056,0.0285,91.146,91.146,CLASS_add_scds.pro,2.1,511,1,"0,1,2,3,4,5,6,7,8,9,10,11,12,13,14,15,",-88.5709,-15.0542,-89.4075,-40.131,-89.11,24.6699,-88.2216,12.4388,1.7054443359375,0.0644936702406317,1.6259765625,1.80859375,3492.75,132.08303665281386,8
ch2_cla_l1_20250801T030117069_20250801T030125069.fits,/home/saurabh/moon_project/data/CLASS/ch2_cla_l1_2025_08/cla/data/calibrated/2025/08/01/ch2_cla_l1_20250801T030117069_20250801T030125069.fits,2025-08-01T03:01:17.069,2025-08-01T03:01:25.069,2025-08-01T03:01:21.069,8.0,-39.0,13.5,99.6736,-85.0711,-103.765,-85.0763,-103.751,95.6948,95.6948,CLASS_add_scds.pro,2.1,524,1,"0,3,4,5,8,9,10,11,12,13,14,15,",-84.5329,-109.264,-85.751,-107.51,-85.564,-96.9446,-84.3866,-100.912,1.59820556640625,0.0320564171149884,1.54443359375,1.6494140625,3273.125,65.65154225149627,8
ch2_cla_l1_20250801T030125069_20250801T030133069.fits,/home/saurabh/moon_project/data/CLASS/ch2_cla_l1_2025_08/cla/data/calibrated/2025/08/01/ch2_cla_l1_20250801T030125069_20250801T030133069.fits,2025-08-01T03:01:25.069,2025-08-01T03:01:33.069,2025-08-01T03:01:29.069,8.0,-39.0,13.5,99.5413,-84.6713,-104.647,-84.6766,-104.637,96.0447,96.0447,CLASS_add_scds.pro,2.1,525,1,"0,3,4,5,8,9,10,11,12,13,14,15,",-84.1282,-109.684,-85.3465,-108.192,-85.1753,-98.4824,-83.9918,-101.887,1.6712646484375,0.0383379635670129,1.61083984375,1.72705078125,3422.75,78.51614938524249,8
ch2_cla_l1_20250801T030133069_20250801T030141069.fits,/home/saurabh/moon_project/data/CLASS/ch2_cla_l1_2025_08/cla/data/calibrated/2025/08/01/ch2_cla_l1_20250801T030133069_20250801T030141069.fits,2025-08-01T03:01:33.069,2025-08-01T03:01:41.069,2025-08-01T03:01:37.069,8.0,-39.1,13.5,99.4089,-84.2704,-105.407,-84.2758,-105.397,96.3945,96.3945,CLASS_add_scds.pro,2.1,526,1,"0,3,4,5,8,9,10,11,12,13,14,15,",-83.723,-110.05,-84.9414,-108.765,-84.7837,-99.7907,-83.5953,-102.742,1.63427734375,0.0521472357238463,1.5732421875,1.73876953125,3347.0,106.79753876243724,8
ch2_cla_l1_20250801T030141069_20250801T030149069.fits,/home/saurabh/moon_project/data/CLASS/ch2_cla_l1_2025_08/cla/data/calibrated/2025/08/01/ch2_cla_l1_20250801T030141069_20250801T030149069.fits,2025-08-01T03:01:41.069,2025-08-01T03:01:49.069,2025-08-01T03:01:45.069,8.0,-39.1,13.5,99.2764,-83.8686,-106.068,-83.8738,-106.059,96.7443,96.7443,CLASS_add_scds.pro,2.1,527,1,"0,3,4,5,8,9,10,11,12,13,14,15,",-83.3175,-110.372,-84.5357,-109.253,-84.3895,-100.915,-83.1975,-103.497,1.67218017578125,0.0457489920005561,1.5947265625,1.74072265625,3424.625,93.6939356171389,8
ch2_cla_l1_20250801T030149069_20250801T030157069.fits,/home/saurabh/moon_project/data/CLASS/ch2_cla_l1_2025_08/cla/data/calibrated/2025/08/01/ch2_cla_l1_20250801T030149069_20250801T030157069.fits,2025-08-01T03:01:49.069,2025-08-01T03:01:57.069,2025-08-01T03:01:53.069,8.0,-39.1,13.5,99.144,-83.466,-106.649,-83.4712,-106.641,97.094,97.094,CLASS_add_scds.pro,2.1,528,1,"0,3,4,5,8,9,10,11,12,13,14,15,",-82.9119,-110.658,-84.1296,-109.675,-83.9934,-101.893,-82.7988,-104.17,1.64080810546875,0.051533544758154,1.5556640625,1.70849609375,3360.375,105.54069966469945,8
ch2_cla_l1_20250801T030157069_20250801T030205069.fits,/home/saurabh/moon_project/data/CLASS/ch2_cla_l1_2025_08/cla/data/calibrated/2025/08/01/ch2_cla_l1_20250801T030157069_20250801T030205069.fits,2025-08-01T03:01:57.069,2025-08-01T03:02:05.069,2025-08-01T03:02:01.069,8.0,-39.1,13.5,99.0115,-83.0628,-107.162,-83.068,-107.155,97.4437,97.4437,CLASS_add_scds.pro,2.1,529,1,"0,3,4,5,8,9,10,11,12,13,14,15,",-82.5061,-110.914,-83.7233,-110.044,-83.596,-102.752,-82.3992,-104.772,1.677001953125,0.0638211799120879,1.57666015625,1.771484375,3434.5,130.70577645995604,8
ch2_cla_l1_20250801T030205069_20250801T030213069.fits,/home/saurabh/moon_project/data/CLASS/ch2_cla_l1_2025_08/cla/data/calibrated/2025/08/01/ch2_cla_l1_20250801T030205069_20250801T030213069.fits,2025-08-01T03:02:05.069,2025-08-01T03:02:13.069,2025-08-01T03:02:09.069,8.0,-39.1,13.5,98.879,-82.659,-107.619,-82.6644,-107.613,97.7934,97.7934,CLASS_add_scds.pro,2.1,530,1,"0,3,4,5,8,9,10,11,12,13,14,15,",-82.1001,-111.143,-83.3168,-110.368,-83.1972,-103.509,-81.9987,-105.315,1.66131591796875,0.0472707392099938,1.583984375,1.73583984375,3402.375,96.81047390206732,8
ch2_cla_l1_20250801T030213069_20250801T030221069.fits,/home/saurabh/moon_project/data/CLASS/ch2_cla_l1_2025_08/cla/data/calibrated/2025/08/01/ch2_cla_l1_20250801T030213069_20250801T030221069.fits,2025-08-01T03:02:13.069,2025-08-01T03:02:21.069,2025-08-01T03:02:17.069,8.0,-39.1,13.5,98.7465,-82.2548,-108.029,-82.2598,-108.024,98.143,98.143,CLASS_add_scds.pro,2.1,531,1,"0,3,4,5,8,9,10,11,12,13,14,15,",-81.6938,-111.351,-82.91,-110.655,-82.7972,-104.183,-81.5974,-105.806,1.66943359375,0.074376905767197,1.5751953125,1.7890625,3419.0,152.32390301121958,8
ch2_cla_l1_20250801T030221069_20250801T030229069.fits,/home/saurabh/moon_project/data/CLASS/ch2_cla_l1_2025_08/cla/data/calibrated/2025/08/01/ch2_cla_l1_20250801T030221069_20250801T030229069.fits,2025-08-01T03:02:21.069,2025-08-01T03:02:29.069,2025-08-01T03:02:25.069,8.0,-39.0,13.5,98.614,-81.8501,-108.399,-81.8553,-108.394,98.4925,98.4925,CLASS_add_scds.pro,2.1,532,1,"0,3,4,5,8,9,10,11,",-81.2874,-111.54,-82.5028,-110.911,-82.3962,-104.786,-81.1956,-106.253,1.6597900390625,0.1061209239225082,1.51220703125,1.81591796875,3399.25,217.3356521932969,8
ch2_cla_l1_20250801T030229069_20250801T030237069.fits,/home/saurabh/moon_project/data/CLASS/ch2_cla_l1_2025_08/cla/data/calibrated/2025/08/01/ch2_cla_l1_20250801T030229069_20250801T030237069.fits,2025-08-01T03:02:29.069,2025-08-01T03:02:37.069,2025-08-01T03:02:33.069,8.0,-39.0,13.5,98.4816,-81.4451,-108.734,-81.4504,-108.73,98.842,98.842,CLASS_add_scds.pro,2.1,533,1,"0,3,4,5,8,9,10,11,",-80.881,-111.712,-82.0956,-111.142,-81.9946,-105.329,-80.7933,-106.66,1.68115234375,0.0756505094018137,1.58251953125,1.7978515625,3443.0,154.9322432549145,8
ch2_cla_l1_20250801T030237069_20250801T030245069.fits,/home/saurabh/moon_project/data/CLASS/ch2_cla_l1_2025_08/cla/data/calibrated/2025/08/01/ch2_cla_l1_20250801T030237069_20250801T030245069.fits,2025-08-01T03:02:37.069,2025-08-01T03:02:45.069,2025-08-01T03:02:41.069,8.0,-39.0,13.5,98.3491,-81.0398,-109.039,-81.0451,-109.035,99.1914,99.1914,CLASS_add_scds.pro,2.1,534,1,"0,3,4,5,8,9,10,11,",-80.4743,-111.87,-81.6882,-111.351,-81.5922,-105.821,-80.3904,-107.034,1.681640625,0.0922070646423026,1.572265625,1.84912109375,3444.0,188.8400683874358,8
ch2_cla_l1_20250801T030245069_20250801T030253069.fits,/home/saurabh/moon_project/data/CLASS/ch2_cla_l1_2025_08/cla/data/calibrated/2025/08/01/ch2_cla_l1_20250801T030245069_20250801T030253069.fits,2025-08-01T03:02:45.069,2025-08-01T03:02:53.069,2025-08-01T03:02:49.069,8.0,-39.1,13.5,98.2167,-80.6341,-109.318,-80.6394,-109.314,99.5407,99.5407,CLASS_add_scds.pro,2.1,535,1,"0,3,4,5,8,9,10,11,",-80.0675,-112.015,-81.2806,-111.539,-81.1891,-106.268,-79.9872,-107.379,1.67535400390625,0.0502197324968852,1.61279296875,1.76123046875,3431.125,102.85001215362108,8
ch2_cla_l1_20250801T030253069_20250801T030301069.fits,/home/saurabh/moon_project/data/CLASS/ch2_cla_l1_2025_08/cla/data/calibrated/2025/08/01/ch2_cla_l1_20250801T030253069_20250801T030301069.fits,2025-08-01T03:02:53.069,2025-08-01T03:03:01.069,2025-08-01T03:02:57.069,8.0,-39.1,13.5,98.0844,-80.2283,-109.575,-80.2336,-109.571,99.8899,99.8899,CLASS_add_scds.pro,2.1,536,1,"0,3,4,5,8,9,10,11,",-79.6605,-112.149,-80.8729,-111.713,-80.7855,-106.676,-79.5833,-107.696,1.70001220703125,0.0593227629940859,1.59423828125,1.78173828125,3481.625,121.49301861188805,8
ch2_cla_l1_20250801T030301069_20250801T030309069.fits,/home/saurabh/moon_project/data/CLASS/ch2_cla_l1_2025_08/cla/data/calibrated/2025/08/01/ch2_cla_l1_20250801T030301069_20250801T030309069.fits,2025-08-01T03:03:01.069,2025-08-01T03:03:09.069,2025-08-01T03:03:05.069,8.0,-39.1,13.5,97.9521,-79.8222,-109.811,-79.8275,-109.807,100.239,100.239,CLASS_add_scds.pro,2.1,537,1,"0,3,4,5,8,9,10,11,",-79.2536,-112.273,-80.4649,-111.87,-80.3813,-107.05,-79.1794,-107.991,1.68548583984375,0.0494260526786332,1.60546875,1.765625,3451.875,101.22455588584084,8
ch2_cla_l1_20250801T030309069_20250801T030317069.fits,/home/saurabh/moon_project/data/CLASS/ch2_cla_l1_2025_08/cla/data/calibrated/2025/08/01/ch2_cla_l1_20250801T030309069_20250801T030317069.fits,2025-08-01T03:03:09.069,2025-08-01T03:03:17.069,2025-08-01T03:03:13.069,8.0,-39.2,13.5,97.8198,-79.4158,-110.029,-79.4211,-110.026,100.588,100.588,CLASS_add_scds.pro,2.1,538,1,"0,3,4,5,8,9,10,11,",-78.8465,-112.389,-80.057,-112.016,-79.9768,-107.394,-78.7751,-108.264,1.69110107421875,0.0605412142168515,1.5966796875,1.7744140625,3463.375,123.98840671611195,8
ch2_cla_l1_20250801T030317069_20250801T030325069.fits,/home/saurabh/moon_project/data/CLASS/ch2_cla_l1_2025_08/cla/data/calibrated/2025/08/01/ch2_cla_l1_20250801T030317069_20250801T030325069.fits,2025-08-01T03:03:17.069,2025-08-01T03:03:25.069,2025-08-01T03:03:21.069,8.0,-39.3,13.5,97.6877,-79.0093,-110.231,-79.0145,-110.229,100.937,100.937,CLASS_add_scds.pro,2.1,539,1,"0,3,4,5,8,9,10,11,",-78.4392,-112.497,-79.6489,-112.151,-79.572,-107.713,-78.3704,-108.519,1.6839599609375,0.0378704753441046,1.62939453125,1.74072265625,3448.75,77.55873350472623,8
ch2_cla_l1_20250801T030333069_20250801T030341069.fits,/home/saurabh/moon_project/data/CLASS/ch2_cla_l1_2025_08/cla/data/calibrated/2025/08/01/ch2_cla_l1_20250801T030333069_20250801T030341069.fits,2025-08-01T03:03:33.069,2025-08-01T03:03:41.069,2025-08-01T03:03:37.069,8.0,-39.2,13.5,97.4235,-78.1957,-110.595,-78.201,-110.593,101.635,101.635,CLASS_add_scds.pro,2.1,541,1,"0,3,4,5,8,10,11,",-77.6246,-112.692,-78.8324,-112.391,-78.7613,-108.281,-77.5604,-108.979,1.69976806640625,0.0397062927825046,1.64111328125,1.7626953125,3481.125,81.31848761856942,8
ch2_cla_l1_20250801T030349069_20250801T030357069.fits,/home/saurabh/moon_project/data/CLASS/ch2_cla_l1_2025_08/cla/data/calibrated/2025/08/01/ch2_cla_l1_20250801T030349069_20250801T030357069.fits,2025-08-01T03:03:49.069,2025-08-01T03:03:57.069,2025-08-01T03:03:53.069,8.0,-39.2,13.5,97.1596,-77.3815,-110.913,-77.3869,-110.911,102.332,102.332,CLASS_add_scds.pro,2.1,543,1,"0,3,4,5,8,10,11,",-76.8096,-112.864,-78.0154,-112.6,-77.9491,-108.773,-76.7494,-109.384,1.686767578125,0.0528936654654013,1.60205078125,1.76513671875,3454.5,108.326226873142,8
ch2_cla_l1_20250801T030405069_20250801T030413069.fits,/home/saurabh/moon_project/data/CLASS/ch2_cla_l1_2025_08/cla/data/calibrated/2025/08/01/ch2_cla_l1_20250801T030405069_20250801T030413069.fits,2025-08-01T03:04:05.069,2025-08-01T03:04:13.069,2025-08-01T03:04:09.069,8.0,-39.2,13.5,96.896,-76.5668,-111.193,-76.572,-111.192,103.029,103.029,CLASS_add_scds.pro,2.1,545,1,"0,3,4,8,10,11,",-75.9942,-113.017,-77.1981,-112.783,-77.1362,-109.204,-75.9375,-109.743,1.681396484375,0.0704629892212431,1.58544921875,1.78662109375,3443.5,144.30820192510592,8
ch2_cla_l1_20250801T030437069_20250801T030445069.fits,/home/saurabh/moon_project/data/CLASS/ch2_cla_l1_2025_08/cla/data/calibrated/2025/08/01/ch2_cla_l1_20250801T030437069_20250801T030445069.fits,2025-08-01T03:04:37.069,2025-08-01T03:04:45.069,2025-08-01T03:04:41.069,8.0,-39.3,13.5,96.37,-74.9357,-111.666,-74.941,-111.664,104.42,104.42,CLASS_add_scds.pro,2.1,549,1,"0,3,4,5,8,10,",-74.3625,-113.278,-75.5626,-113.09,-75.5078,-109.923,-74.3119,-110.352,1.70111083984375,0.0564764867315867,1.6103515625,1.78466796875,3483.875,115.6638448262896,8
ch2_cla_l1_20250801T030533069_20250801T030541069.fits,/home/saurabh/moon_project/data/CLASS/ch2_cla_l1_2025_08/cla/data/calibrated/2025/08/01/ch2_cla_l1_20250801T030533069_20250801T030541069.fits,2025-08-01T03:05:33.069,2025-08-01T03:05:41.069,2025-08-01T03:05:37.069,8.0,-39.5,13.5,95.4543,-72.0774,-112.292,-72.0826,-112.29,106.85,106.85,CLASS_add_scds.pro,2.1,556,1,"0,3,4,8,10,11,",-71.5042,-113.63,-72.6974,-113.496,-72.6519,-110.863,-71.4617,-111.165,1.63037109375,0.0588009033445138,1.53173828125,1.72314453125,3339.0,120.42425004956436,8
ch2_cla_l1_20250801T030541069_20250801T030549069.fits,/home/saurabh/moon_project/data/CLASS/ch2_cla_l1_2025_08/cla/data/calibrated/2025/08/01/ch2_cla_l1_20250801T030541069_20250801T030549069.fits,2025-08-01T03:05:41.069,2025-08-01T03:05:49.069,2025-08-01T03:05:45.069,8.0,-39.5,13.5,95.324,-71.6687,-112.366,-71.6741,-112.365,107.196,107.196,CLASS_add_scds.pro,2.1,557,1,"0,3,4,8,10,11,",-71.0957,-113.673,-72.2879,-113.543,-72.2435,-110.973,-71.0542,-111.262,1.64056396484375,0.0736828436370035,1.517578125,1.748046875,3359.875,150.90246376858323,8
ch2_cla_l1_20250801T030549069_20250801T030557069.fits,/home/saurabh/moon_project/data/CLASS/ch2_cla_l1_2025_08/cla/data/calibrated/2025/08/01/ch2_cla_l1_20250801T030549069_20250801T030557069.fits,2025-08-01T03:05:49.069,2025-08-01T03:05:57.069,2025-08-01T03:05:53.069,8.0,-39.5,13.5,95.194,-71.26,-112.437,-71.2652,-112.436,107.542,107.542,CLASS_add_scds.pro,2.1,558,1,"0,3,4,8,10,11,",-70.6869,-113.714,-71.8783,-113.59,-71.835,-111.078,-70.6462,-111.355,1.64202880859375,0.0636803677350392,1.55322265625,1.728515625,3362.875,130.41739312136028,8
ch2_cla_l1_20250801T030557069_20250801T030605069.fits,/home/saurabh/moon_project/data/CLASS/ch2_cla_l1_2025_08/cla/data/calibrated/2025/08/01/ch2_cla_l1_20250801T030557069_20250801T030605069.fits,2025-08-01T03:05:57.069,2025-08-01T03:06:05.069,2025-08-01T03:06:01.069,8.0,-39.5,13.5,95.0641,-70.8511,-112.505,-70.8563,-112.504,107.888,107.888,CLASS_add_scds.pro,2.1,559,1,"0,3,4,8,10,11,",-70.2782,-113.753,-71.4684,-113.634,-71.4261,-111.179,-70.2383,-111.444,1.6455078125,0.080290509405098,1.51318359375,1.7744140625,3370.0,164.43496326164075,8
ch2_cla_l1_20250801T030605069_20250801T030613069.fits,/home/saurabh/moon_project/data/CLASS/ch2_cla_l1_2025_08/cla/data/calibrated/2025/08/01/ch2_cla_l1_20250801T030605069_20250801T030613069.fits,2025-08-01T03:06:05.069,2025-08-01T03:06:13.069,2025-08-01T03:06:09.069,8.0,-39.5,13.5,94.9344,-70.4421,-112.571,-70.4474,-112.57,108.233,108.233,CLASS_add_scds.pro,2.1,560,1,"0,3,4,8,10,11,",-69.8695,-113.79,-71.0586,-113.676,-71.0172,-111.276,-69.8305,-111.53,1.63092041015625,0.0692265220985268,1.541015625,1.74951171875,3340.125,141.77591725778294,8
ch2_cla_l1_20250801T030613069_20250801T030621069.fits,/home/saurabh/moon_project/data/CLASS/ch2_cla_l1_2025_08/cla/data/calibrated/2025/08/01/ch2_cla_l1_20250801T030613069_20250801T030621069.fits,2025-08-01T03:06:13.069,2025-08-01T03:06:21.069,2025-08-01T03:06:17.069,8.0,-39.6,13.5,94.8049,-70.0331,-112.634,-70.0384,-112.633,108.579,108.579,CLASS_add_scds.pro,2.1,561,1,"0,3,4,5,6,8,9,10,11,",-69.4606,-113.827,-70.6489,-113.717,-70.6084,-111.369,-69.4224,-111.613,1.68109130859375,0.0825863436318487,1.5341796875,1.79833984375,3442.875,169.1368317580262,8
ch2_cla_l1_20250801T030621069_20250801T030629069.fits,/home/saurabh/moon_project/data/CLASS/ch2_cla_l1_2025_08/cla/data/calibrated/2025/08/01/ch2_cla_l1_20250801T030621069_20250801T030629069.fits,2025-08-01T03:06:21.069,2025-08-01T03:06:29.069,2025-08-01T03:06:25.069,8.0,-40.0,13.5,94.6755,-69.624,-112.694,-69.6292,-112.693,108.924,108.924,CLASS_add_scds.pro,2.1,562,1,"0,1,2,3,4,5,6,7,8,9,10,11,12,13,14,15,",-69.0516,-113.862,-70.2389,-113.757,-70.1993,-111.458,-69.0142,-111.692,1.66131591796875,0.0701990271568814,1.568359375,1.76611328125,3402.375,143.7676076172933,8
ch2_cla_l1_20250801T030629069_20250801T030637069.fits,/home/saurabh/moon_project/data/CLASS/ch2_cla_l1_2025_08/cla/data/calibrated/2025/08/01/ch2_cla_l1_20250801T030629069_20250801T030637069.fits,2025-08-01T03:06:29.069,2025-08-01T03:06:37.069,2025-08-01T03:06:33.069,8.0,-40.0,13.5,94.5464,-69.2148,-112.753,-69.2198,-112.752,109.269,109.269,CLASS_add_scds.pro,2.1,563,1,"0,1,2,3,4,5,6,7,8,9,10,11,12,13,14,15,",-68.6424,-113.896,-69.8289,-113.794,-69.7901,-111.543,-68.6057,-111.769,1.6875,0.0718852160283828,1.53759765625,1.775390625,3456.0,147.220922426128,8
ch2_cla_l1_20250801T030637069_20250801T030645069.fits,/home/saurabh/moon_project/data/CLASS/ch2_cla_l1_2025_08/cla/data/calibrated/2025/08/01/ch2_cla_l1_20250801T030637069_20250801T030645069.fits,2025-08-01T03:06:37.069,2025-08-01T03:06:45.069,2025-08-01T03:06:41.069,8.0,-40.0,13.5,94.4175,-68.8056,-112.809,-68.8106,-112.808,109.614,109.614,CLASS_add_scds.pro,2.1,564,1,"0,1,2,3,4,5,6,7,8,9,10,11,12,13,14,15,",-68.2335,-113.929,-69.4186,-113.831,-69.3806,-111.626,-68.1975,-111.842,1.64739990234375,0.044599573405692,1.587890625,1.72216796875,3373.875,91.33992633485722,8
ch2_cla_l1_20250801T030653069_20250801T030701069.fits,/home/saurabh/moon_project/data/CLASS/ch2_cla_l1_2025_08/cla/data/calibrated/2025/08/01/ch2_cla_l1_20250801T030653069_20250801T030701069.fits,2025-08-01T03:06:53.069,2025-08-01T03:07:01.069,2025-08-01T03:06:57.069,8.0,-40.0,13.5,94.1603,-67.9868,-112.916,-67.992,-112.915,110.302,110.302,CLASS_add_scds.pro,2.1,566,0,"0,1,2,3,4,5,6,7,8,9,10,11,12,13,14,15,",-67.4152,-113.992,-68.5985,-113.9,-68.5619,-111.781,-67.3805,-111.982,1.65380859375,0.0347979008484681,1.5966796875,1.70166015625,3387.0,71.2661009376628,8
ch2_cla_l1_20250801T030701069_20250801T030709069.fits,/home/saurabh/moon_project/data/CLASS/ch2_cla_l1_2025_08/cla/data/calibrated/2025/08/01/ch2_cla_l1_20250801T030701069_20250801T030709069.fits,2025-08-01T03:07:01.069,2025-08-01T03:07:09.069,2025-08-01T03:07:05.069,8.0,-40.2,13.5,94.0321,-67.5773,-112.966,-67.5824,-112.966,110.646,110.646,CLASS_add_scds.pro,2.1,567,0,"0,1,2,3,4,5,6,7,8,9,10,11,12,13,14,15,",-67.0059,-114.022,-68.1882,-113.933,-68.1524,-111.855,-66.9719,-112.049,1.71270751953125,0.0331732992640791,1.6591796875,1.75830078125,3507.625,67.93891689283417,8
ch2_cla_l1_20250801T030709069_20250801T030717069.fits,/home/saurabh/moon_project/data/CLASS/ch2_cla_l1_2025_08/cla/data/calibrated/2025/08/01/ch2_cla_l1_20250801T030709069_20250801T030717069.fits,2025-08-01T03:07:09.069,2025-08-01T03:07:17.069,2025-08-01T03:07:13.069,8.0,-40.2,13.5,93.9041,-67.1678,-113.015,-67.1729,-113.015,110.99,110.99,CLASS_add_scds.pro,2.1,568,0,"0,1,2,3,4,5,6,7,8,9,10,11,12,13,14,15,",-66.5966,-114.051,-67.778,-113.965,-67.7428,-111.926,-66.5632,-112.113,1.66302490234375,0.0344935737729973,1.61376953125,1.72314453125,3405.875,70.64283908709866,8
ch2_cla_l1_20250801T030725069_20250801T030733069.fits,/home/saurabh/moon_project/data/CLASS/ch2_cla_l1_2025_08/cla/data/calibrated/2025/08/01/ch2_cla_l1_20250801T030725069_20250801T030733069.fits,2025-08-01T03:07:25.069,2025-08-01T03:07:33.069,2025-08-01T03:07:29.069,8.0,-40.3,13.5,93.6488,-66.3484,-113.108,-66.3535,-113.108,111.676,111.676,CLASS_add_scds.pro,2.1,570,0,"0,1,2,3,4,5,6,7,8,9,10,11,12,13,14,15,",-65.7777,-114.106,-66.9572,-114.026,-66.9233,-112.061,-65.7454,-112.235,1.6817626953125,0.06773005825184,1.5849609375,1.8046875,3444.25,138.71115929976835,8
ch2_cla_l1_20250801T030741069_20250801T030749069.fits,/home/saurabh/moon_project/data/CLASS/ch2_cla_l1_2025_08/cla/data/calibrated/2025/08/01/ch2_cla_l1_20250801T030741069_20250801T030749069.fits,2025-08-01T03:07:41.069,2025-08-01T03:07:49.069,2025-08-01T03:07:45.069,8.0,-40.3,13.5,93.3945,-65.5288,-113.196,-65.5339,-113.195,112.361,112.361,CLASS_add_scds.pro,2.1,572,0,"0,1,2,3,4,5,6,7,8,9,10,11,12,13,14,15,",-64.9587,-114.159,-66.1361,-114.083,-66.1034,-112.187,-64.9275,-112.35,1.7012939453125,0.0466884351743562,1.619140625,1.76416015625,3484.25,95.61791523708156,8
ch2_cla_l1_20250801T030757069_20250801T030805069.fits,/home/saurabh/moon_project/data/CLASS/ch2_cla_l1_2025_08/cla/data/calibrated/2025/08/01/ch2_cla_l1_20250801T030757069_20250801T030805069.fits,2025-08-01T03:07:57.069,2025-08-01T03:08:05.069,2025-08-01T03:08:01.069,8.0,-40.3,13.5,93.1413,-64.7089,-113.278,-64.714,-113.278,113.045,113.045,CLASS_add_scds.pro,2.1,574,0,"0,1,2,3,4,5,6,7,8,9,10,11,12,13,14,15,",-64.1393,-114.209,-65.3148,-114.137,-65.2832,-112.305,-64.1092,-112.458,1.70709228515625,0.1071680612664743,1.56298828125,1.88232421875,3496.125,219.48018947373944,8
ch2_cla_l1_20250801T034906797_20250801T034914797.fits,/home/saurabh/moon_project/data/CLASS/ch2_cla_l1_2025_08/cla/data/calibrated/2025/08/01/ch2_cla_l1_20250801T034906797_20250801T034914797.fits,2025-08-01T03:49:06.797,2025-08-01T03:49:14.797,2025-08-01T03:49:10.797,8.0,-48.7,13.5,87.3247,63.2799,-117.701,63.2752,-117.7,111.241,111.241,CLASS_add_scds.pro,2.1,0,0,"0,1,2,3,4,5,6,7,8,9,10,11,12,13,14,15,",63.8239,-118.563,62.6947,-118.434,62.7217,-116.87,63.852,-116.936,1.69415283203125,0.0471141256265565,1.6240234375,1.76806640625,3469.625,96.48972928318774,8
ch2_cla_l1_20250801T034914797_20250801T034922797.fits,/home/saurabh/moon_project/data/CLASS/ch2_cla_l1_2025_08/cla/data/calibrated/2025/08/01/ch2_cla_l1_20250801T034914797_20250801T034922797.fits,2025-08-01T03:49:14.797,2025-08-01T03:49:22.797,2025-08-01T03:49:18.797,8.0,-48.7,13.5,87.4334,63.6925,-117.738,63.6878,-117.737,110.895,110.895,CLASS_add_scds.pro,2.1,1,0,"0,1,2,3,4,5,6,7,8,9,10,11,12,13,14,15,",64.2366,-118.615,63.1067,-118.481,63.1341,-116.894,64.2651,-116.962,1.76959228515625,0.0452590984750575,1.701171875,1.83740234375,3624.125,92.6906336769178,8
ch2_cla_l1_20250801T034922797_20250801T034930797.fits,/home/saurabh/moon_project/data/CLASS/ch2_cla_l1_2025_08/cla/data/calibrated/2025/08/01/ch2_cla_l1_20250801T034922797_20250801T034930797.fits,2025-08-01T03:49:22.797,2025-08-01T03:49:30.797,2025-08-01T03:49:26.797,8.0,-48.7,13.5,87.5428,64.105,-117.776,64.1004,-117.775,110.549,110.549,CLASS_add_scds.pro,2.1,2,0,"0,1,2,3,4,5,6,7,8,9,10,11,12,13,14,15,",64.6493,-118.668,63.5186,-118.53,63.5464,-116.918,64.6783,-116.988,1.71807861328125,0.0448094732855085,1.6416015625,1.7822265625,3518.625,91.7698012887215,8
ch2_cla_l1_20250801T034930797_20250801T034938797.fits,/home/saurabh/moon_project/data/CLASS/ch2_cla_l1_2025_08/cla/data/calibrated/2025/08/01/ch2_cla_l1_20250801T034930797_20250801T034938797.fits,2025-08-01T03:49:30.797,2025-08-01T03:49:38.797,2025-08-01T03:49:34.797,8.0,-48.7,13.5,87.6527,64.5175,-117.815,64.5128,-117.814,110.202,110.202,CLASS_add_scds.pro,2.1,3,0,"0,1,2,3,4,5,6,7,8,9,10,11,12,13,14,15,",65.0619,-118.723,63.9304,-118.581,63.9587,-116.943,65.0914,-117.014,1.783935546875,0.0417644624616076,1.72119140625,1.845703125,3653.5,85.53361912137238,8
ch2_cla_l1_20250801T034938797_20250801T034946797.fits,/home/saurabh/moon_project/data/CLASS/ch2_cla_l1_2025_08/cla/data/calibrated/2025/08/01/ch2_cla_l1_20250801T034938797_20250801T034946797.fits,2025-08-01T03:49:38.797,2025-08-01T03:49:46.797,2025-08-01T03:49:42.797,8.0,-48.7,13.5,87.7631,64.93,-117.855,64.9252,-117.855,109.856,109.856,CLASS_add_scds.pro,2.1,4,0,"0,1,2,3,4,5,6,7,8,9,10,11,12,13,14,15,",65.4744,-118.78,64.3421,-118.633,64.3709,-116.968,65.5044,-117.042,1.7216796875,0.103339773349515,1.58984375,1.89794921875,3526.0,211.6398558198067,8
ch2_cla_l1_20250801T034946797_20250801T034954797.fits,/home/saurabh/moon_project/data/CLASS/ch2_cla_l1_2025_08/cla/data/calibrated/2025/08/01/ch2_cla_l1_20250801T034946797_20250801T034954797.fits,2025-08-01T03:49:46.797,2025-08-01T03:49:54.797,2025-08-01T03:49:50.797,8.0,-48.8,13.5,87.8742,65.3423,-117.897,65.3376,-117.896,109.509,109.509,CLASS_add_scds.pro,2.1,5,0,"0,1,2,3,4,5,6,7,8,9,10,11,12,13,14,15,",65.8869,-118.838,64.7537,-118.687,64.783,-116.994,65.9174,-117.07,1.77593994140625,0.0725410250924949,1.66552734375,1.8662109375,3637.125,148.56401938942977,8
ch2_cla_l1_20250801T034954797_20250801T035002797.fits,/home/saurabh/moon_project/data/CLASS/ch2_cla_l1_2025_08/cla/data/calibrated/2025/08/01/ch2_cla_l1_20250801T034954797_20250801T035002797.fits,2025-08-01T03:49:54.797,2025-08-01T03:50:02.797,2025-08-01T03:49:58.797,8.0,-48.8,13.5,87.9858,65.7547,-117.939,65.75,-117.939,109.162,109.162,CLASS_add_scds.pro,2.1,6,0,"0,1,2,3,4,5,6,7,8,9,10,11,12,13,14,15,",66.2993,-118.898,65.1654,-118.742,65.1951,-117.021,66.3304,-117.099,1.7437744140625,0.1004096190808445,1.6142578125,1.9150390625,3571.25,205.6388998775697,8
ch2_cla_l1_20250801T035002797_20250801T035010797.fits,/home/saurabh/moon_project/data/CLASS/ch2_cla_l1_2025_08/cla/data/calibrated/2025/08/01/ch2_cla_l1_20250801T035002797_20250801T035010797.fits,2025-08-01T03:50:02.797,2025-08-01T03:50:10.797,2025-08-01T03:50:06.797,8.0,-48.8,13.5,88.0979,66.1669,-117.984,66.1622,-117.983,108.814,108.814,CLASS_add_scds.pro,2.1,7,1,"0,1,2,3,4,5,6,7,8,9,10,11,12,13,14,15,",66.7117,-118.961,65.5769,-118.798,65.6072,-117.048,66.7434,-117.129,1.77459716796875,0.0655404395957275,1.67333984375,1.85888671875,3634.375,134.22682029205,8
ch2_cla_l1_20250801T035010797_20250801T035018797.fits,/home/saurabh/moon_project/data/CLASS/ch2_cla_l1_2025_08/cla/data/calibrated/2025/08/01/ch2_cla_l1_20250801T035010797_20250801T035018797.fits,2025-08-01T03:50:10.797,2025-08-01T03:50:18.797,2025-08-01T03:50:14.797,8.0,-48.8,13.5,88.2106,66.5791,-118.029,66.5743,-118.029,108.466,108.466,CLASS_add_scds.pro,2.1,8,1,"0,1,2,3,4,5,6,7,8,9,10,11,12,13,14,15,",67.1239,-119.025,65.9884,-118.857,66.0192,-117.077,67.1561,-117.16,1.74652099609375,0.0502034526880574,1.66943359375,1.81787109375,3576.875,102.81667110514158,8
ch2_cla_l1_20250801T035018797_20250801T035026797.fits,/home/saurabh/moon_project/data/CLASS/ch2_cla_l1_2025_08/cla/data/calibrated/2025/08/01/ch2_cla_l1_20250801T035018797_20250801T035026797.fits,2025-08-01T03:50:18.797,2025-08-01T03:50:26.797,2025-08-01T03:50:22.797,8.0,-48.8,13.5,88.3239,66.9912,-118.076,66.9866,-118.076,108.118,108.118,CLASS_add_scds.pro,2.1,9,1,"0,1,2,3,4,5,6,7,8,9,10,11,12,13,14,15,",67.5361,-119.092,66.3997,-118.918,66.431,-117.106,67.5689,-117.192,1.78289794921875,0.0574934695664078,1.6904296875,1.87158203125,3651.375,117.74662567200326,8
ch2_cla_l1_20250801T035026797_20250801T035034797.fits,/home/saurabh/moon_project/data/CLASS/ch2_cla_l1_2025_08/cla/data/calibrated/2025/08/01/ch2_cla_l1_20250801T035026797_20250801T035034797.fits,2025-08-01T03:50:26.797,2025-08-01T03:50:34.797,2025-08-01T03:50:30.797,8.0,-48.6,13.5,88.4377,67.4033,-118.125,67.3986,-118.124,107.77,107.77,CLASS_add_scds.pro,2.1,10,1,"0,1,2,3,4,5,6,7,8,9,10,11,13,",67.9482,-119.161,66.811,-118.981,66.8429,-117.136,67.9816,-117.225,1.76580810546875,0.0602377811449184,1.6787109375,1.85888671875,3616.375,123.36697578479304,8
ch2_cla_l1_20250801T035034797_20250801T035042797.fits,/home/saurabh/moon_project/data/CLASS/ch2_cla_l1_2025_08/cla/data/calibrated/2025/08/01/ch2_cla_l1_20250801T035034797_20250801T035042797.fits,2025-08-01T03:50:34.797,2025-08-01T03:50:42.797,2025-08-01T03:50:38.797,8.0,-48.5,13.5,88.552,67.8153,-118.175,67.8105,-118.175,107.422,107.422,CLASS_add_scds.pro,2.1,11,1,"0,1,2,3,4,5,6,7,8,9,10,11,",68.3602,-119.232,67.2222,-119.045,67.2546,-117.167,68.3943,-117.258,1.77301025390625,0.0347032578465105,1.712890625,1.81884765625,3631.125,71.07227206965355,8
ch2_cla_l1_20250801T035042797_20250801T035050797.fits,/home/saurabh/moon_project/data/CLASS/ch2_cla_l1_2025_08/cla/data/calibrated/2025/08/01/ch2_cla_l1_20250801T035042797_20250801T035050797.fits,2025-08-01T03:50:42.797,2025-08-01T03:50:50.797,2025-08-01T03:50:46.797,8.0,-48.6,13.5,88.6668,68.2272,-118.227,68.2224,-118.227,107.073,107.073,CLASS_add_scds.pro,2.1,12,1,"0,1,2,3,4,5,6,7,8,9,10,11,13,",68.7721,-119.307,67.6333,-119.113,67.6663,-117.199,68.8069,-117.294,1.78631591796875,0.0517334173656782,1.70947265625,1.86572265625,3658.375,105.95003876490895,8
ch2_cla_l1_20250801T035050797_20250801T035058797.fits,/home/saurabh/moon_project/data/CLASS/ch2_cla_l1_2025_08/cla/data/calibrated/2025/08/01/ch2_cla_l1_20250801T035050797_20250801T035058797.fits,2025-08-01T03:50:50.797,2025-08-01T03:50:58.797,2025-08-01T03:50:54.797,8.0,-48.6,13.5,88.7822,68.6391,-118.281,68.6343,-118.281,106.724,106.724,CLASS_add_scds.pro,2.1,13,1,"0,1,2,3,4,5,6,7,8,9,10,11,13,",69.184,-119.384,68.0444,-119.182,68.0781,-117.232,69.2195,-117.33,1.795654296875,0.0380295556223061,1.734375,1.8583984375,3677.5,77.88452991448301,8
ch2_cla_l1_20250801T035058797_20250801T035106797.fits,/home/saurabh/moon_project/data/CLASS/ch2_cla_l1_2025_08/cla/data/calibrated/2025/08/01/ch2_cla_l1_20250801T035058797_20250801T035106797.fits,2025-08-01T03:50:58.797,2025-08-01T03:51:06.797,2025-08-01T03:51:02.797,8.0,-48.5,13.5,88.8981,69.0509,-118.337,69.0461,-118.337,106.375,106.375,CLASS_add_scds.pro,2.1,14,1,"0,1,2,3,4,5,6,7,8,9,10,11,",69.5957,-119.464,68.4553,-119.254,68.4897,-117.266,69.6319,-117.368,1.7930908203125,0.0752110509025446,1.66552734375,1.88525390625,3672.25,154.03223224841147,8
ch2_cla_l1_20250801T035106797_20250801T035114797.fits,/home/saurabh/moon_project/data/CLASS/ch2_cla_l1_2025_08/cla/data/calibrated/2025/08/01/ch2_cla_l1_20250801T035106797_20250801T035114797.fits,2025-08-01T03:51:06.797,2025-08-01T03:51:14.797,2025-08-01T03:51:10.797,8.0,-48.6,13.5,89.0145,69.4626,-118.395,69.4577,-118.395,106.026,106.026,CLASS_add_scds.pro,2.1,15,1,"0,1,2,3,4,5,6,7,8,9,10,11,13,",70.0075,-119.547,68.8661,-119.329,68.9011,-117.301,70.0445,-117.407,1.77838134765625,0.0419389761457242,1.7060546875,1.83935546875,3642.125,85.89102314644329,8
ch2_cla_l1_20250801T035114797_20250801T035122797.fits,/home/saurabh/moon_project/data/CLASS/ch2_cla_l1_2025_08/cla/data/calibrated/2025/08/01/ch2_cla_l1_20250801T035114797_20250801T035122797.fits,2025-08-01T03:51:14.797,2025-08-01T03:51:22.797,2025-08-01T03:51:18.797,8.0,-48.6,13.5,89.1313,69.8742,-118.455,69.8694,-118.455,105.676,105.676,CLASS_add_scds.pro,2.1,16,1,"0,1,2,3,4,5,6,7,8,9,10,11,13,",70.419,-119.633,69.277,-119.407,69.3128,-117.338,70.4568,-117.447,1.8050537109375,0.0762276358046787,1.68115234375,1.9150390625,3696.75,156.11419812798212,8
ch2_cla_l1_20250801T035122797_20250801T035130797.fits,/home/saurabh/moon_project/data/CLASS/ch2_cla_l1_2025_08/cla/data/calibrated/2025/08/01/ch2_cla_l1_20250801T035122797_20250801T035130797.fits,2025-08-01T03:51:22.797,2025-08-01T03:51:30.797,2025-08-01T03:51:26.797,8.0,-48.8,13.5,89.2487,70.2858,-118.518,70.281,-118.517,105.327,105.327,CLASS_add_scds.pro,2.1,17,1,"0,1,2,3,4,5,6,7,8,9,10,11,13,",70.8304,-119.723,69.6876,-119.487,69.7241,-117.376,70.8691,-117.489,1.80389404296875,0.0467869522051593,1.73193359375,1.873046875,3694.375,95.81967811616629,8
ch2_cla_l1_20250801T035130797_20250801T035138797.fits,/home/saurabh/moon_project/data/CLASS/ch2_cla_l1_2025_08/cla/data/calibrated/2025/08/01/ch2_cla_l1_20250801T035130797_20250801T035138797.fits,2025-08-01T03:51:30.797,2025-08-01T03:51:38.797,2025-08-01T03:51:34.797,8.0,-48.8,13.5,89.3666,70.6973,-118.583,70.6924,-118.582,104.977,104.977,CLASS_add_scds.pro,2.1,18,1,"0,1,2,3,4,5,6,7,8,9,10,11,13,",71.2419,-119.817,70.0982,-119.571,70.1355,-117.414,71.2814,-117.533,1.81207275390625,0.0826877353336571,1.7080078125,1.93359375,3711.125,169.3444819633299,8
ch2_cla_l1_20250801T035138797_20250801T035146797.fits,/home/saurabh/moon_project/data/CLASS/ch2_cla_l1_2025_08/cla/data/calibrated/2025/08/01/ch2_cla_l1_20250801T035138797_20250801T035146797.fits,2025-08-01T03:51:38.797,2025-08-01T03:51:46.797,2025-08-01T03:51:42.797,8.0,-48.9,13.5,89.4849,71.1087,-118.65,71.1039,-118.65,104.627,104.627,CLASS_add_scds.pro,2.1,19,1,"0,1,2,3,4,5,6,7,8,9,10,11,13,",71.6533,-119.915,70.5087,-119.658,70.5468,-117.455,71.6937,-117.578,1.78875732421875,0.0761078785776797,1.66650390625,1.87939453125,3663.375,155.8689353270882,8
ch2_cla_l1_20250801T035146797_20250801T035154797.fits,/home/saurabh/moon_project/data/CLASS/ch2_cla_l1_2025_08/cla/data/calibrated/2025/08/01/ch2_cla_l1_20250801T035146797_20250801T035154797.fits,2025-08-01T03:51:46.797,2025-08-01T03:51:54.797,2025-08-01T03:51:50.797,8.0,-48.9,13.5,89.6037,71.5201,-118.721,71.5153,-118.72,104.277,104.277,CLASS_add_scds.pro,2.1,20,1,"0,1,2,3,4,5,6,7,8,9,10,11,13,",72.0644,-120.017,70.9192,-119.748,70.9582,-117.497,72.1058,-117.626,1.84808349609375,0.0760369135745346,1.75,1.966796875,3784.875,155.72359900064694,8
ch2_cla_l1_20250801T035154797_20250801T035202797.fits,/home/saurabh/moon_project/data/CLASS/ch2_cla_l1_2025_08/cla/data/calibrated/2025/08/01/ch2_cla_l1_20250801T035154797_20250801T035202797.fits,2025-08-01T03:51:54.797,2025-08-01T03:52:02.797,2025-08-01T03:51:58.797,8.0,-48.9,13.5,89.723,71.9313,-118.795,71.9265,-118.794,103.926,103.926,CLASS_add_scds.pro,2.1,21,1,"0,1,2,3,4,5,6,7,8,9,10,11,13,",72.4755,-120.124,71.3295,-119.843,71.3693,-117.541,72.5179,-117.675,1.8084716796875,0.0725463363952821,1.69287109375,1.900390625,3703.75,148.57489693753786,8
ch2_cla_l1_20250801T035202797_20250801T035210797.fits,/home/saurabh/moon_project/data/CLASS/ch2_cla_l1_2025_08/cla/data/calibrated/2025/08/01/ch2_cla_l1_20250801T035202797_20250801T035210797.fits,2025-08-01T03:52:02.797,2025-08-01T03:52:10.797,2025-08-01T03:52:06.797,8.0,-48.9,13.5,89.8427,72.3425,-118.871,72.3377,-118.871,103.576,103.576,CLASS_add_scds.pro,2.1,22,1,"0,1,2,3,4,5,6,7,8,9,10,11,13,",72.8865,-120.236,71.7397,-119.942,71.7804,-117.587,72.9298,-117.727,1.8504638671875,0.0566278452620043,1.75830078125,1.9384765625,3789.75,115.9738270965849,8
ch2_cla_l1_20250801T035210797_20250801T035218797.fits,/home/saurabh/moon_project/data/CLASS/ch2_cla_l1_2025_08/cla/data/calibrated/2025/08/01/ch2_cla_l1_20250801T035210797_20250801T035218797.fits,2025-08-01T03:52:10.797,2025-08-01T03:52:18.797,2025-08-01T03:52:14.797,8.0,-48.9,13.5,89.9629,72.7536,-118.952,72.7488,-118.951,103.225,103.225,CLASS_add_scds.pro,2.1,23,1,"0,1,2,3,4,5,6,7,8,9,10,11,13,",73.2973,-120.353,72.1497,-120.045,72.1914,-117.635,73.3418,-117.78,1.80059814453125,0.056808710857087,1.712890625,1.89892578125,3687.625,116.34423983531434,8
ch2_cla_l1_20250801T035218797_20250801T035226797.fits,/home/saurabh/moon_project/data/CLASS/ch2_cla_l1_2025_08/cla/data/calibrated/2025/08/01/ch2_cla_l1_20250801T035218797_20250801T035226797.fits,2025-08-01T03:52:18.797,2025-08-01T03:52:26.797,2025-08-01T03:52:22.797,8.0,-48.9,13.5,90.0836,73.1646,-119.036,73.1598,-119.035,102.875,102.875,CLASS_add_scds.pro,2.1,24,1,"0,1,2,3,4,5,6,7,8,9,10,11,13,",73.708,-120.476,72.5597,-120.153,72.6024,-117.684,73.7537,-117.837,1.83837890625,0.0501474929858836,1.763671875,1.9228515625,3765.0,102.70206563508977,8
ch2_cla_l1_20250801T035226797_20250801T035234797.fits,/home/saurabh/moon_project/data/CLASS/ch2_cla_l1_2025_08/cla/data/calibrated/2025/08/01/ch2_cla_l1_20250801T035226797_20250801T035234797.fits,2025-08-01T03:52:26.797,2025-08-01T03:52:34.797,2025-08-01T03:52:30.797,8.0,-48.9,13.5,90.2047,73.5755,-119.124,73.5707,-119.123,102.524,102.524,CLASS_add_scds.pro,2.1,25,1,"0,1,2,3,4,5,6,7,8,9,10,11,13,",74.1187,-120.605,72.9696,-120.265,73.0133,-117.736,74.1655,-117.896,1.5418701171875,0.0415991963481827,1.47705078125,1.60400390625,3157.75,85.1951541210783,8
ch2_cla_l1_20250801T035234797_20250801T035242797.fits,/home/saurabh/moon_project/data/CLASS/ch2_cla_l1_2025_08/cla/data/calibrated/2025/08/01/ch2_cla_l1_20250801T035234797_20250801T035242797.fits,2025-08-01T03:52:34.797,2025-08-01T03:52:42.797,2025-08-01T03:52:38.797,8.0,-48.9,13.5,90.3262,73.9863,-119.216,73.9816,-119.215,102.173,102.173,CLASS_add_scds.pro,2.1,26,1,"0,1,2,3,4,5,6,7,8,9,10,11,13,",74.5292,-120.741,73.3793,-120.383,73.4242,-117.79,74.5774,-117.958,1.61761474609375,0.0326282518349953,1.56982421875,1.66650390625,3312.875,66.82265975807051,8
ch2_cla_l1_20250801T035242797_20250801T035250797.fits,/home/saurabh/moon_project/data/CLASS/ch2_cla_l1_2025_08/cla/data/calibrated/2025/08/01/ch2_cla_l1_20250801T035242797_20250801T035250797.fits,2025-08-01T03:52:42.797,2025-08-01T03:52:50.797,2025-08-01T03:52:46.797,8.0,-48.9,13.5,90.4482,74.3971,-119.313,74.3923,-119.312,101.821,101.821,CLASS_add_scds.pro,2.1,27,1,"0,1,2,3,4,5,6,7,8,9,10,11,13,",74.9395,-120.884,73.789,-120.507,73.8351,-117.846,74.989,-118.023,1.57489013671875,0.0543645157125709,1.509765625,1.67919921875,3225.375,111.33852817934525,8
ch2_cla_l1_20250801T035250797_20250801T035258797.fits,/home/saurabh/moon_project/data/CLASS/ch2_cla_l1_2025_08/cla/data/calibrated/2025/08/01/ch2_cla_l1_20250801T035250797_20250801T035258797.fits,2025-08-01T03:52:50.797,2025-08-01T03:52:58.797,2025-08-01T03:52:54.797,8.0,-48.9,13.5,90.5706,74.8077,-119.415,74.8029,-119.414,101.47,101.47,CLASS_add_scds.pro,2.1,28,1,"0,1,2,3,4,5,6,7,8,9,10,11,13,",75.3496,-121.035,74.1984,-120.637,74.2457,-117.906,75.4006,-118.092,1.622314453125,0.0361054659426147,1.56689453125,1.67041015625,3322.5,73.94399425047504,8
ch2_cla_l1_20250801T035258797_20250801T035306797.fits,/home/saurabh/moon_project/data/CLASS/ch2_cla_l1_2025_08/cla/data/calibrated/2025/08/01/ch2_cla_l1_20250801T035258797_20250801T035306797.fits,2025-08-01T03:52:58.797,2025-08-01T03:53:06.797,2025-08-01T03:53:02.797,8.0,-49.0,13.5,90.6934,75.2182,-119.522,75.2134,-119.522,101.119,101.119,CLASS_add_scds.pro,2.1,29,1,"0,1,2,3,4,5,6,7,8,9,10,11,13,",75.7597,-121.194,74.6077,-120.774,74.6563,-117.968,75.8121,-118.164,1.58209228515625,0.0759858315228697,1.46875,1.70458984375,3240.125,155.6189829588372,8
ch2_cla_l1_20250801T035306797_20250801T035314797.fits,/home/saurabh/moon_project/data/CLASS/ch2_cla_l1_2025_08/cla/data/calibrated/2025/08/01/ch2_cla_l1_20250801T035306797_20250801T035314797.fits,2025-08-01T03:53:06.797,2025-08-01T03:53:14.797,2025-08-01T03:53:10.797,8.0,-49.0,13.5,90.8166,75.6287,-119.636,75.6238,-119.635,100.767,100.767,CLASS_add_scds.pro,2.1,30,1,"0,1,2,3,4,5,6,7,8,9,10,11,13,",76.1695,-121.363,75.0169,-120.918,75.0668,-118.034,76.2235,-118.24,1.62054443359375,0.0452086494155157,1.54443359375,1.68701171875,3318.875,92.5873140029762,8
ch2_cla_l1_20250801T035314797_20250801T035322797.fits,/home/saurabh/moon_project/data/CLASS/ch2_cla_l1_2025_08/cla/data/calibrated/2025/08/01/ch2_cla_l1_20250801T035314797_20250801T035322797.fits,2025-08-01T03:53:14.797,2025-08-01T03:53:22.797,2025-08-01T03:53:18.797,8.0,-49.0,13.5,90.9403,76.039,-119.756,76.0341,-119.755,100.415,100.415,CLASS_add_scds.pro,2.1,31,1,"0,1,2,3,4,5,6,7,8,9,10,11,13,",76.5792,-121.541,75.4259,-121.07,75.4772,-118.103,76.6349,-118.321,1.6124267578125,0.0599571372381541,1.521484375,1.71533203125,3302.25,122.79221706373971,8
ch2_cla_l1_20250801T035322797_20250801T035330797.fits,/home/saurabh/moon_project/data/CLASS/ch2_cla_l1_2025_08/cla/data/calibrated/2025/08/01/ch2_cla_l1_20250801T035322797_20250801T035330797.fits,2025-08-01T03:53:22.797,2025-08-01T03:53:30.797,2025-08-01T03:53:26.797,8.0,-49.0,13.5,91.0643,76.4492,-119.882,76.4443,-119.882,100.064,100.064,CLASS_add_scds.pro,2.1,32,1,"0,1,2,3,4,5,6,7,8,9,10,11,13,",76.9886,-121.731,75.8348,-121.231,75.8877,-118.175,77.0461,-118.407,1.63189697265625,0.0557877926998385,1.548828125,1.7197265625,3342.125,114.25339944926928,8
ch2_cla_l1_20250801T035330797_20250801T035338797.fits,/home/saurabh/moon_project/data/CLASS/ch2_cla_l1_2025_08/cla/data/calibrated/2025/08/01/ch2_cla_l1_20250801T035330797_20250801T035338797.fits,2025-08-01T03:53:30.797,2025-08-01T03:53:38.797,2025-08-01T03:53:34.797,8.0,-49.0,13.5,91.1887,76.8592,-120.017,76.8544,-120.016,99.712,99.712,CLASS_add_scds.pro,2.1,33,1,"0,1,2,3,4,5,6,7,8,9,10,11,13,",77.3979,-121.933,76.2434,-121.401,76.2979,-118.252,77.4574,-118.498,1.604248046875,0.0818379518642726,1.4736328125,1.75244140625,3285.5,167.60412541803038,8
ch2_cla_l1_20250801T035338797_20250801T035346797.fits,/home/saurabh/moon_project/data/CLASS/ch2_cla_l1_2025_08/cla/data/calibrated/2025/08/01/ch2_cla_l1_20250801T035338797_20250801T035346797.fits,2025-08-01T03:53:38.797,2025-08-01T03:53:46.797,2025-08-01T03:53:42.797,8.0,-49.0,13.5,91.3136,77.2692,-120.16,77.2643,-120.159,99.3601,99.3601,CLASS_add_scds.pro,2.1,34,1,"0,1,2,3,4,5,6,7,8,9,10,11,13,",77.807,-122.148,76.652,-121.581,76.7082,-118.334,77.8686,-118.594,1.62841796875,0.0772679870235615,1.50732421875,1.73291015625,3335.0,158.24483742425397,8
ch2_cla_l1_20250801T035346797_20250801T035354797.fits,/home/saurabh/moon_project/data/CLASS/ch2_cla_l1_2025_08/cla/data/calibrated/2025/08/01/ch2_cla_l1_20250801T035346797_20250801T035354797.fits,2025-08-01T03:53:46.797,2025-08-01T03:53:54.797,2025-08-01T03:53:50.797,8.0,-49.0,13.5,91.4388,77.679,-120.312,77.6741,-120.311,99.0081,99.0081,CLASS_add_scds.pro,2.1,35,1,"0,1,2,3,4,5,6,7,8,9,10,11,13,",78.2159,-122.377,77.0603,-121.773,77.1184,-118.42,78.2796,-118.698,1.64453125,0.0843405032406504,1.5068359375,1.76513671875,3368.0,172.72935063685202,8
ch2_cla_l1_20250801T035354797_20250801T035402797.fits,/home/saurabh/moon_project/data/CLASS/ch2_cla_l1_2025_08/cla/data/calibrated/2025/08/01/ch2_cla_l1_20250801T035354797_20250801T035402797.fits,2025-08-01T03:53:54.797,2025-08-01T03:54:02.797,2025-08-01T03:53:58.797,8.0,-49.1,13.5,91.5643,78.0886,-120.475,78.0837,-120.473,98.656,98.656,CLASS_add_scds.pro,2.1,36,1,"0,1,2,3,4,5,6,7,8,9,10,11,13,14,",78.6245,-122.623,77.4684,-121.976,77.5284,-118.511,78.6906,-118.808,1.62103271484375,0.0528656068399002,1.541015625,1.7060546875,3319.875,108.26876280811562,8
ch2_cla_l1_20250801T035402797_20250801T035410797.fits,/home/saurabh/moon_project/data/CLASS/ch2_cla_l1_2025_08/cla/data/calibrated/2025/08/01/ch2_cla_l1_20250801T035402797_20250801T035410797.fits,2025-08-01T03:54:02.797,2025-08-01T03:54:10.797,2025-08-01T03:54:06.797,8.0,-49.1,13.5,91.6903,78.4981,-120.648,78.4933,-120.646,98.3039,98.3039,CLASS_add_scds.pro,2.1,37,1,"0,1,2,3,4,5,6,7,8,9,10,11,12,13,14,",79.0328,-122.887,77.8764,-122.193,77.9384,-118.608,79.1014,-118.927,1.64599609375,0.0726370087209237,1.5224609375,1.76318359375,3371.0,148.7605938604518,8
ch2_cla_l1_20250801T035410797_20250801T035418797.fits,/home/saurabh/moon_project/data/CLASS/ch2_cla_l1_2025_08/cla/data/calibrated/2025/08/01/ch2_cla_l1_20250801T035410797_20250801T035418797.fits,2025-08-01T03:54:10.797,2025-08-01T03:54:18.797,2025-08-01T03:54:14.797,8.0,-49.2,13.5,91.8166,78.9075,-120.834,78.9026,-120.832,97.9517,97.9517,CLASS_add_scds.pro,2.1,38,1,"0,1,2,3,4,5,6,7,8,9,10,11,12,13,14,15,",79.4408,-123.171,78.284,-122.425,78.3483,-118.712,79.5122,-119.054,1.64093017578125,0.0529644101660195,1.5625,1.72705078125,3360.625,108.47111202000808,8
ch2_cla_l1_20250801T035418797_20250801T035426797.fits,/home/saurabh/moon_project/data/CLASS/ch2_cla_l1_2025_08/cla/data/calibrated/2025/08/01/ch2_cla_l1_20250801T035418797_20250801T035426797.fits,2025-08-01T03:54:18.797,2025-08-01T03:54:26.797,2025-08-01T03:54:22.797,8.0,-49.2,13.5,91.9432,79.3166,-121.034,79.3117,-121.033,97.5995,97.5995,CLASS_add_scds.pro,2.1,39,1,"0,1,2,3,4,5,6,7,8,9,10,11,12,13,14,15,",79.8485,-123.478,78.6914,-122.673,78.7581,-118.824,79.9228,-119.192,1.64923095703125,0.0524305441471513,1.552734375,1.72021484375,3377.625,107.377754413366,8
ch2_cla_l1_20250801T035426797_20250801T035434797.fits,/home/saurabh/moon_project/data/CLASS/ch2_cla_l1_2025_08/cla/data/calibrated/2025/08/01/ch2_cla_l1_20250801T035426797_20250801T035434797.fits,2025-08-01T03:54:26.797,2025-08-01T03:54:34.797,2025-08-01T03:54:30.797,8.0,-49.2,13.5,92.0702,79.7256,-121.25,79.7207,-121.248,97.2472,97.2472,CLASS_add_scds.pro,2.1,40,1,"0,1,2,3,4,5,6,7,8,9,10,11,12,13,14,15,",80.2558,-123.81,79.0985,-122.94,79.1678,-118.943,80.3333,-119.341,1.63031005859375,0.0348530974670521,1.580078125,1.6748046875,3338.875,71.37914361252272,8
ch2_cla_l1_20250801T035434797_20250801T035442797.fits,/home/saurabh/moon_project/data/CLASS/ch2_cla_l1_2025_08/cla/data/calibrated/2025/08/01/ch2_cla_l1_20250801T035434797_20250801T035442797.fits,2025-08-01T03:54:34.797,2025-08-01T03:54:42.797,2025-08-01T03:54:38.797,8.0,-49.2,13.5,92.1976,80.1344,-121.483,80.1294,-121.481,96.8948,96.8948,CLASS_add_scds.pro,2.1,41,1,"0,1,2,3,4,5,6,7,8,9,10,11,12,13,14,15,",80.6626,-124.17,79.5053,-123.227,79.5774,-119.072,80.7436,-119.502,1.68359375,0.052707887486461,1.58251953125,1.75,3448.0,107.94575357227218,8
ch2_cla_l1_20250801T035442797_20250801T035450797.fits,/home/saurabh/moon_project/data/CLASS/ch2_cla_l1_2025_08/cla/data/calibrated/2025/08/01/ch2_cla_l1_20250801T035442797_20250801T035450797.fits,2025-08-01T03:54:42.797,2025-08-01T03:54:50.797,2025-08-01T03:54:46.797,8.0,-49.3,13.5,92.3253,80.5429,-121.737,80.538,-121.734,96.5424,96.5424,CLASS_add_scds.pro,2.1,42,1,"0,1,2,3,4,5,6,7,8,9,10,11,12,13,14,15,",81.0691,-124.563,79.9117,-123.537,79.9867,-119.21,81.1539,-119.678,1.65472412109375,0.0356215311335841,1.60546875,1.71337890625,3388.875,72.9528957615803,8
ch2_cla_l1_20250801T035450797_20250801T035458797.fits,/home/saurabh/moon_project/data/CLASS/ch2_cla_l1_2025_08/cla/data/calibrated/2025/08/01/ch2_cla_l1_20250801T035450797_20250801T035458797.fits,2025-08-01T03:54:50.797,2025-08-01T03:54:58.797,2025-08-01T03:54:54.797,8.0,-49.2,13.5,92.4533,80.9512,-122.012,80.9462,-122.009,96.19,96.19,CLASS_add_scds.pro,2.1,43,1,"0,1,2,3,4,5,6,7,8,9,10,11,12,13,14,15,",81.4751,-124.994,80.3178,-123.872,80.3961,-119.36,81.5641,-119.871,1.6756591796875,0.0538298640246086,1.599609375,1.75439453125,3431.75,110.24356152239848,8
ch2_cla_l1_20250801T035458797_20250801T035506797.fits,/home/saurabh/moon_project/data/CLASS/ch2_cla_l1_2025_08/cla/data/calibrated/2025/08/01/ch2_cla_l1_20250801T035458797_20250801T035506797.fits,2025-08-01T03:54:58.797,2025-08-01T03:55:06.797,2025-08-01T03:55:02.797,8.0,-49.3,13.5,92.5816,81.3592,-122.313,81.3542,-122.31,95.8375,95.8375,CLASS_add_scds.pro,2.1,44,1,"0,1,2,3,4,5,6,7,8,9,10,11,12,13,14,15,",81.8805,-125.467,80.7236,-124.237,80.8054,-119.523,81.9741,-120.083,1.6427001953125,0.0441114403929455,1.572265625,1.70263671875,3364.25,90.34022992475248,8
ch2_cla_l1_20250801T035506797_20250801T035514797.fits,/home/saurabh/moon_project/data/CLASS/ch2_cla_l1_2025_08/cla/data/calibrated/2025/08/01/ch2_cla_l1_20250801T035506797_20250801T035514797.fits,2025-08-01T03:55:06.797,2025-08-01T03:55:14.797,2025-08-01T03:55:10.797,8.0,-49.3,13.5,92.7103,81.7669,-122.644,81.7618,-122.641,95.485,95.485,CLASS_add_scds.pro,2.1,45,1,"0,1,2,3,4,5,6,7,8,9,10,11,12,13,14,15,",82.2852,-125.989,81.1288,-124.634,81.2145,-119.701,82.3839,-120.318,1.715576171875,0.0456446906373294,1.64013671875,1.78662109375,3513.5,93.48032642525072,8
ch2_cla_l1_20250801T035514797_20250801T035522797.fits,/home/saurabh/moon_project/data/CLASS/ch2_cla_l1_2025_08/cla/data/calibrated/2025/08/01/ch2_cla_l1_20250801T035514797_20250801T035522797.fits,2025-08-01T03:55:14.797,2025-08-01T03:55:22.797,2025-08-01T03:55:18.797,8.0,-49.3,13.5,92.8393,82.1742,-123.008,82.1692,-123.005,95.1325,95.1325,CLASS_add_scds.pro,2.1,46,1,"0,1,2,3,4,5,6,7,8,9,10,11,12,13,14,15,",82.6892,-126.568,81.5336,-125.07,81.6235,-119.895,82.7935,-120.579,1.645263671875,0.0561174556796857,1.5537109375,1.71826171875,3369.5,114.92854923199644,8
ch2_cla_l1_20250801T035522797_20250801T035530797.fits,/home/saurabh/moon_project/data/CLASS/ch2_cla_l1_2025_08/cla/data/calibrated/2025/08/01/ch2_cla_l1_20250801T035522797_20250801T035530797.fits,2025-08-01T03:55:22.797,2025-08-01T03:55:30.797,2025-08-01T03:55:26.797,8.0,-49.3,13.5,92.9685,82.5811,-123.413,82.5761,-123.409,94.7799,94.7799,CLASS_add_scds.pro,2.1,47,1,"0,1,2,3,4,5,6,7,8,9,10,11,12,13,14,15,",83.0923,-127.215,81.9377,-125.548,82.0323,-120.109,83.2029,-120.87,1.6981201171875,0.0702498626242197,1.58984375,1.7890625,3477.75,143.8717186544021,8
ch2_cla_l1_20250801T035530797_20250801T035538797.fits,/home/saurabh/moon_project/data/CLASS/ch2_cla_l1_2025_08/cla/data/calibrated/2025/08/01/ch2_cla_l1_20250801T035530797_20250801T035538797.fits,2025-08-01T03:55:30.797,2025-08-01T03:55:38.797,2025-08-01T03:55:34.797,8.0,-49.4,13.5,93.0981,82.9876,-123.863,82.9826,-123.858,94.4274,94.4274,CLASS_add_scds.pro,2.1,48,1,"0,1,2,3,4,5,6,7,8,9,10,11,12,13,14,15,",83.4943,-127.941,82.3411,-126.076,82.4409,-120.346,83.6121,-121.198,1.66558837890625,0.0977177671405461,1.53564453125,1.8271484375,3411.125,200.12598710383847,8
ch2_cla_l1_20250801T035538797_20250801T035546797.fits,/home/saurabh/moon_project/data/CLASS/ch2_cla_l1_2025_08/cla/data/calibrated/2025/08/01/ch2_cla_l1_20250801T035538797_20250801T035546797.fits,2025-08-01T03:55:38.797,2025-08-01T03:55:46.797,2025-08-01T03:55:42.797,8.0,-49.4,13.5,93.228,83.3935,-124.369,83.3886,-124.363,94.0748,94.0748,CLASS_add_scds.pro,2.1,49,1,"0,1,2,3,4,5,6,7,8,9,10,11,12,13,14,15,",83.8951,-128.763,82.7438,-126.663,82.8493,-120.609,84.0209,-121.571,1.71966552734375,0.0775335265301092,1.59814453125,1.8154296875,3521.875,158.78866233366375,8
ch2_cla_l1_20250801T035546797_20250801T035554797.fits,/home/saurabh/moon_project/data/CLASS/ch2_cla_l1_2025_08/cla/data/calibrated/2025/08/01/ch2_cla_l1_20250801T035546797_20250801T035554797.fits,2025-08-01T03:55:46.797,2025-08-01T03:55:54.797,2025-08-01T03:55:50.797,8.0,-49.5,13.5,93.3581,83.7988,-124.94,83.7938,-124.934,93.7222,93.7222,CLASS_add_scds.pro,2.1,50,1,"0,1,2,3,4,5,6,7,8,9,10,11,12,13,14,15,",84.2945,-129.699,83.1456,-127.319,83.2574,-120.904,84.4294,-121.998,1.666748046875,0.0489778674886102,1.5810546875,1.7275390625,3413.5,100.30667261667377,8
ch2_cla_l1_20250801T035554797_20250801T035602797.fits,/home/saurabh/moon_project/data/CLASS/ch2_cla_l1_2025_08/cla/data/calibrated/2025/08/01/ch2_cla_l1_20250801T035554797_20250801T035602797.fits,2025-08-01T03:55:54.797,2025-08-01T03:56:02.797,2025-08-01T03:55:58.797,8.0,-49.5,13.5,93.4886,84.2033,-125.59,84.1984,-125.583,93.3697,93.3697,CLASS_add_scds.pro,2.1,51,1,"0,1,2,3,4,5,6,7,8,9,10,11,12,13,14,15,",84.692,-130.774,83.5463,-128.055,83.6654,-121.236,84.8375,-122.491,1.70843505859375,0.0583487702723773,1.61865234375,1.79638671875,3498.875,119.49828151782889,8
ch2_cla_l1_20250801T035602797_20250801T035610797.fits,/home/saurabh/moon_project/data/CLASS/ch2_cla_l1_2025_08/cla/data/calibrated/2025/08/01/ch2_cla_l1_20250801T035602797_20250801T035610797.fits,2025-08-01T03:56:02.797,2025-08-01T03:56:10.797,2025-08-01T03:56:06.797,8.0,-49.5,13.5,93.6193,84.607,-126.337,84.602,-126.329,93.0171,93.0171,CLASS_add_scds.pro,2.1,52,1,"0,1,2,3,4,5,6,7,8,9,10,11,12,13,14,15,",85.0873,-132.023,83.9458,-128.888,84.073,-121.613,85.245,-123.068,1.6890869140625,0.0534170059511855,1.60595703125,1.7568359375,3459.25,109.398028188028,8
ch2_cla_l1_20250801T035610797_20250801T035618797.fits,/home/saurabh/moon_project/data/CLASS/ch2_cla_l1_2025_08/cla/data/calibrated/2025/08/01/ch2_cla_l1_20250801T035610797_20250801T035618797.fits,2025-08-01T03:56:10.797,2025-08-01T03:56:18.797,2025-08-01T03:56:14.797,8.0,-49.5,13.5,93.7503,85.0095,-127.204,85.0045,-127.194,92.6646,92.6646,CLASS_add_scds.pro,2.1,53,1,"0,1,2,3,4,5,6,7,8,9,10,11,12,13,14,15,",85.4798,-133.488,84.3437,-129.838,84.4802,-122.045,85.652,-123.753,1.7181396484375,0.0451704457588439,1.64990234375,1.79248046875,3518.75,92.50907291411244,8
ch2_cla_l1_20250801T035618797_20250801T035626797.fits,/home/saurabh/moon_project/data/CLASS/ch2_cla_l1_2025_08/cla/data/calibrated/2025/08/01/ch2_cla_l1_20250801T035618797_20250801T035626797.fits,2025-08-01T03:56:18.797,2025-08-01T03:56:26.797,2025-08-01T03:56:22.797,8.0,-49.5,13.5,93.8815,85.4106,-128.223,85.4057,-128.21,92.312,92.312,CLASS_add_scds.pro,2.1,54,1,"0,1,2,3,4,5,6,7,8,9,10,11,12,13,14,15,",85.8689,-135.23,84.7397,-130.931,84.8871,-122.546,86.0583,-124.577,1.69488525390625,0.071444377682997,1.6064453125,1.79443359375,3471.125,146.31808549477793,8
ch2_cla_l1_20250801T035626797_20250801T035634797.fits,/home/saurabh/moon_project/data/CLASS/ch2_cla_l1_2025_08/cla/data/calibrated/2025/08/01/ch2_cla_l1_20250801T035626797_20250801T035634797.fits,2025-08-01T03:56:26.797,2025-08-01T03:56:34.797,2025-08-01T03:56:30.797,8.0,-49.5,13.5,94.0131,85.81,-129.434,85.805,-129.42,91.9595,91.9595,CLASS_add_scds.pro,2.1,55,1,"0,1,2,3,4,5,6,7,8,9,10,11,12,13,14,15,",86.2532,-137.332,85.1337,-132.2,85.2935,-123.131,86.4633,-125.59,1.7139892578125,0.0356715150584264,1.65673828125,1.7724609375,3510.25,73.0552628396574,8
ch2_cla_l1_20250801T035634797_20250801T035642797.fits,/home/saurabh/moon_project/data/CLASS/ch2_cla_l1_2025_08/cla/data/calibrated/2025/08/01/ch2_cla_l1_20250801T035634797_20250801T035642797.fits,2025-08-01T03:56:34.797,2025-08-01T03:56:42.797,2025-08-01T03:56:38.797,8.0,-49.5,13.5,94.1449,86.207,-130.9,86.2024,-130.882,91.6071,91.6071,CLASS_add_scds.pro,2.1,56,1,"0,1,2,3,4,5,6,7,8,9,10,11,12,13,14,15,",86.6313,-139.908,85.5246,-133.692,85.6992,-123.827,86.8671,-126.864,1.69964599609375,0.1008410769427527,1.53857421875,1.83203125,3480.875,206.52252557875755,8
ch2_cla_l1_20250801T035642797_20250801T035650797.fits,/home/saurabh/moon_project/data/CLASS/ch2_cla_l1_2025_08/cla/data/calibrated/2025/08/01/ch2_cla_l1_20250801T035642797_20250801T035650797.fits,2025-08-01T03:56:42.797,2025-08-01T03:56:50.797,2025-08-01T03:56:46.797,8.0,-49.5,13.5,94.2769,86.601,-132.705,86.5962,-132.683,91.2546,91.2546,CLASS_add_scds.pro,2.1,57,1,"0,1,2,3,4,5,6,7,8,9,10,11,12,13,14,15,",87.0007,-143.124,85.912,-135.466,86.1042,-124.666,87.2685,-128.509,1.58941650390625,0.0434224831792422,1.51708984375,1.64111328125,3255.125,88.92924555108806,8
ch2_cla_l1_20250801T035650797_20250801T035658797.fits,/home/saurabh/moon_project/data/CLASS/ch2_cla_l1_2025_08/cla/data/calibrated/2025/08/01/ch2_cla_l1_20250801T035650797_20250801T035658797.fits,2025-08-01T03:56:50.797,2025-08-01T03:56:58.797,2025-08-01T03:56:54.797,8.0,-49.5,13.5,94.4092,86.9906,-134.979,86.9858,-134.95,90.9022,90.9022,CLASS_add_scds.pro,2.1,58,1,"0,1,2,3,4,5,6,7,8,9,10,11,12,13,14,15,",87.3582,-147.226,86.2944,-137.609,86.5077,-125.699,87.6671,-130.721,1.60809326171875,0.0785415172924815,1.494140625,1.72509765625,3293.375,160.85302741500217,8
ch2_cla_l1_20250801T035658797_20250801T035706797.fits,/home/saurabh/moon_project/data/CLASS/ch2_cla_l1_2025_08/cla/data/calibrated/2025/08/01/ch2_cla_l1_20250801T035658797_20250801T035706797.fits,2025-08-01T03:56:58.797,2025-08-01T03:57:06.797,2025-08-01T03:57:02.797,8.0,-49.5,13.5,94.5417,87.3741,-137.922,87.3693,-137.882,90.5498,90.5498,CLASS_add_scds.pro,2.1,59,1,"0,1,2,3,4,5,6,7,8,9,10,11,12,13,14,15,",87.698,-152.572,86.6706,-140.237,86.9102,-126.998,88.0608,-133.831,1.604248046875,0.0417089701660573,1.53662109375,1.67138671875,3285.5,85.41997090008535,8
ch2_cla_l1_20250801T035706797_20250801T035714797.fits,/home/saurabh/moon_project/data/CLASS/ch2_cla_l1_2025_08/cla/data/calibrated/2025/08/01/ch2_cla_l1_20250801T035706797_20250801T035714797.fits,2025-08-01T03:57:06.797,2025-08-01T03:57:14.797,2025-08-01T03:57:10.797,8.0,-49.6,13.5,94.6744,87.7483,-141.855,87.7436,-141.799,90.1975,90.1975,CLASS_add_scds.pro,2.1,60,1,"0,1,2,3,4,5,6,7,8,9,10,11,12,13,14,15,",88.011,-159.677,87.038,-143.526,87.3104,-128.685,88.4458,-138.499,1.61474609375,0.1047786356624321,1.43212890625,1.7451171875,3307.0,214.58664583666095,8
ch2_cla_l1_20250801T035714797_20250801T035722797.fits,/home/saurabh/moon_project/data/CLASS/ch2_cla_l1_2025_08/cla/data/calibrated/2025/08/01/ch2_cla_l1_20250801T035714797_20250801T035722797.fits,2025-08-01T03:57:14.797,2025-08-01T03:57:22.797,2025-08-01T03:57:18.797,8.0,-49.6,13.5,94.8074,88.1077,-147.314,88.1033,-147.234,89.8452,89.8452,CLASS_add_scds.pro,2.1,61,1,"0,1,2,3,4,5,6,7,8,9,10,11,12,13,14,15,",88.2825,-169.221,87.3929,-147.725,87.7075,-130.956,88.8139,-146.147,1.5931396484375,0.0787743962704183,1.4677734375,1.6943359375,3262.75,161.3299635618168,8
ch2_cla_l1_20250801T035722797_20250801T035730797.fits,/home/saurabh/moon_project/data/CLASS/ch2_cla_l1_2025_08/cla/data/calibrated/2025/08/01/ch2_cla_l1_20250801T035722797_20250801T035730797.fits,2025-08-01T03:57:22.797,2025-08-01T03:57:30.797,2025-08-01T03:57:26.797,8.0,-49.6,13.5,94.9406,88.442,-155.214,88.438,-155.098,89.493,89.493,CLASS_add_scds.pro,2.1,62,1,"0,1,2,3,4,5,6,7,8,9,10,11,12,13,14,15,",88.4901,178.167,87.7294,-153.207,88.0995,-134.171,89.1428,-160.104,1.635009765625,0.0918128280923143,1.5283203125,1.77587890625,3348.5,188.03267193305987,8
ch2_cla_l1_20250801T035730797_20250801T035738797.fits,/home/saurabh/moon_project/data/CLASS/ch2_cla_l1_2025_08/cla/data/calibrated/2025/08/01/ch2_cla_l1_20250801T035730797_20250801T035738797.fits,2025-08-01T03:57:30.797,2025-08-01T03:57:38.797,2025-08-01T03:57:34.797,8.0,-49.6,13.5,95.0739,88.7315,-167.042,88.7282,-166.868,89.1408,89.1408,CLASS_add_scds.pro,2.1,63,1,"0,1,2,3,4,5,6,7,8,9,10,11,12,13,14,15,",89.3682,172.987,88.0381,-160.499,88.4823,-139.028,88.847,-147.047,1.610595703125,0.072519218265383,1.50341796875,1.7041015625,3298.5,148.51935900750448,8
ch2_cla_l1_20250801T035738797_20250801T035746797.fits,/home/saurabh/moon_project/data/CLASS/ch2_cla_l1_2025_08/cla/data/calibrated/2025/08/01/ch2_cla_l1_20250801T035738797_20250801T035746797.fits,2025-08-01T03:57:38.797,2025-08-01T03:57:46.797,2025-08-01T03:57:42.797,8.0,-49.6,13.5,95.2075,88.9387,175.451,88.9367,175.71,88.7887,88.7887,CLASS_add_scds.pro,2.1,64,1,"0,1,2,3,4,5,6,7,8,9,10,11,12,13,14,15,",89.3682,172.987,88.604,145.69,88.5033,176.87,88.847,-147.047,1.6519775390625,0.0538437822963477,1.57568359375,1.74169921875,3383.25,110.2720661429202,8
ch2_cla_l1_20250801T035746797_20250801T035754797.fits,/home/saurabh/moon_project/data/CLASS/ch2_cla_l1_2025_08/cla/data/calibrated/2025/08/01/ch2_cla_l1_20250801T035746797_20250801T035754797.fits,2025-08-01T03:57:46.797,2025-08-01T03:57:54.797,2025-08-01T03:57:50.797,8.0,-49.6,13.5,95.3412,89.0106,152.769,89.0107,153.066,88.4366,88.4366,CLASS_add_scds.pro,2.1,65,1,"0,1,2,3,4,5,6,7,8,9,10,11,12,13,14,15,",89.1421,108.279,88.604,145.69,88.5033,176.87,89.3799,169.938,1.6026611328125,0.0602082659271109,1.51220703125,1.70361328125,3282.25,123.3065286187232,8
ch2_cla_l1_20250801T035754797_20250801T035802797.fits,/home/saurabh/moon_project/data/CLASS/ch2_cla_l1_2025_08/cla/data/calibrated/2025/08/01/ch2_cla_l1_20250801T035754797_20250801T035802797.fits,2025-08-01T03:57:54.797,2025-08-01T03:58:02.797,2025-08-01T03:57:58.797,8.0,-49.6,13.5,95.4752,88.92,130.503,88.922,130.753,88.0847,88.0847,CLASS_add_scds.pro,2.1,66,1,"0,1,2,3,4,5,6,7,8,9,10,11,12,13,14,15,",89.1421,108.279,88.2789,117.586,88.5972,144.315,89.3799,169.938,1.6807861328125,0.0570449305062395,1.59912109375,1.7734375,3442.25,116.82801767677869,8
ch2_cla_l1_20250801T035802797_20250801T035810797.fits,/home/saurabh/moon_project/data/CLASS/ch2_cla_l1_2025_08/cla/data/calibrated/2025/08/01/ch2_cla_l1_20250801T035802797_20250801T035810797.fits,2025-08-01T03:58:02.797,2025-08-01T03:58:10.797,2025-08-01T03:58:06.797,8.0,-49.6,13.5,95.6092,88.7005,113.737,88.7037,113.912,87.7328,87.7328,CLASS_add_scds.pro,2.1,67,1,"0,1,2,3,4,5,6,7,8,9,10,11,12,13,14,15,",88.8133,94.3491,88.4456,86.7137,88.007,108.092,89.3571,132.229,1.60736083984375,0.0442037581824298,1.5390625,1.67138671875,3291.875,90.52929675761638,8
ch2_cla_l1_20250801T035810797_20250801T035818797.fits,/home/saurabh/moon_project/data/CLASS/ch2_cla_l1_2025_08/cla/data/calibrated/2025/08/01/ch2_cla_l1_20250801T035810797_20250801T035818797.fits,2025-08-01T03:58:10.797,2025-08-01T03:58:18.797,2025-08-01T03:58:14.797,8.0,-49.6,13.5,95.7435,88.4044,102.479,88.4083,102.594,87.381,87.381,CLASS_add_scds.pro,2.1,68,1,"0,1,2,3,4,5,6,7,8,9,10,11,12,13,14,15,",89.1191,106.727,88.061,82.0478,87.6939,101.02,88.4727,129.034,1.6656494140625,0.0398367311936549,1.6103515625,1.7255859375,3411.25,81.58562548460534,8
ch2_cla_l1_20250801T035818797_20250801T035826797.fits,/home/saurabh/moon_project/data/CLASS/ch2_cla_l1_2025_08/cla/data/calibrated/2025/08/01/ch2_cla_l1_20250801T035818797_20250801T035826797.fits,2025-08-01T03:58:18.797,2025-08-01T03:58:26.797,2025-08-01T03:58:22.797,8.0,-49.6,13.5,95.8779,88.0667,94.9383,88.071,95.0181,87.0292,87.0292,CLASS_add_scds.pro,2.1,69,1,"0,1,2,3,4,5,6,7,8,9,10,11,12,13,14,15,",88.7865,93.5422,87.668,78.9388,87.3544,95.6982,88.2589,116.773,1.62884521484375,0.0580544127220496,1.55517578125,1.7373046875,3335.875,118.8954372547576,8
ch2_cla_l1_20250801T035826797_20250801T035834797.fits,/home/saurabh/moon_project/data/CLASS/ch2_cla_l1_2025_08/cla/data/calibrated/2025/08/01/ch2_cla_l1_20250801T035826797_20250801T035834797.fits,2025-08-01T03:58:26.797,2025-08-01T03:58:34.797,2025-08-01T03:58:30.797,8.0,-49.7,13.5,96.0124,87.7057,89.7017,87.7102,89.7584,86.6776,86.6776,CLASS_add_scds.pro,2.1,70,1,"0,1,2,3,4,5,6,7,8,9,10,11,12,13,14,15,",88.418,86.2445,87.27,76.7299,86.9974,91.6129,87.984,107.515,1.6827392578125,0.0395165350660036,1.62109375,1.73681640625,3446.25,80.92986381517552,8
ch2_cla_l1_20250801T035834797_20250801T035842797.fits,/home/saurabh/moon_project/data/CLASS/ch2_cla_l1_2025_08/cla/data/calibrated/2025/08/01/ch2_cla_l1_20250801T035834797_20250801T035842797.fits,2025-08-01T03:58:34.797,2025-08-01T03:58:42.797,2025-08-01T03:58:38.797,8.0,-49.7,13.5,96.1471,87.3308,85.9108,87.3356,85.953,86.3261,86.3261,CLASS_add_scds.pro,2.1,71,1,"0,1,2,3,4,5,6,7,8,9,10,11,12,13,14,15,",88.0336,81.7465,86.8695,75.0847,86.6286,88.4093,87.6697,100.611,1.63043212890625,0.0617270700320489,1.55078125,1.74609375,3339.125,126.4170394256362,8
ch2_cla_l1_20250801T035842797_20250801T035850797.fits,/home/saurabh/moon_project/data/CLASS/ch2_cla_l1_2025_08/cla/data/calibrated/2025/08/01/ch2_cla_l1_20250801T035842797_20250801T035850797.fits,2025-08-01T03:58:42.797,2025-08-01T03:58:50.797,2025-08-01T03:58:46.797,8.0,-49.7,13.5,96.2819,86.9472,83.0622,86.9521,83.0952,85.9747,85.9747,CLASS_add_scds.pro,2.1,72,1,"0,1,2,3,4,5,6,7,8,9,10,11,12,13,14,15,",87.6415,78.734,86.4666,73.8125,86.2513,85.8428,87.33,95.4075,1.67315673828125,0.0423370596547625,1.60498046875,1.732421875,3426.625,86.70629817295364,8
ch2_cla_l1_20250801T035850797_20250801T035858797.fits,/home/saurabh/moon_project/data/CLASS/ch2_cla_l1_2025_08/cla/data/calibrated/2025/08/01/ch2_cla_l1_20250801T035850797_20250801T035858797.fits,2025-08-01T03:58:50.797,2025-08-01T03:58:58.797,2025-08-01T03:58:54.797,8.0,-49.7,13.5,96.4168,86.5579,80.8531,86.5629,80.8785,85.6233,85.6233,CLASS_add_scds.pro,2.1,73,1,"0,1,2,3,4,5,6,7,8,9,10,11,12,13,14,15,",87.2444,76.58,86.0627,72.8006,85.8681,83.7492,86.9732,91.3996,1.64898681640625,0.074632195782337,1.53759765625,1.771484375,3377.125,152.84673696222632,8
ch2_cla_l1_20250801T035858797_20250801T035906797.fits,/home/saurabh/moon_project/data/CLASS/ch2_cla_l1_2025_08/cla/data/calibrated/2025/08/01/ch2_cla_l1_20250801T035858797_20250801T035906797.fits,2025-08-01T03:58:58.797,2025-08-01T03:59:06.797,2025-08-01T03:59:02.797,8.0,-49.7,13.5,96.5518,86.1645,79.0944,86.1696,79.1164,85.2721,85.2721,CLASS_add_scds.pro,2.1,74,1,"0,1,2,3,4,5,6,7,8,9,10,11,12,13,14,15,",86.8448,74.9715,85.6576,71.9769,85.4801,82.0125,86.605,88.251,1.69091796875,0.0468393826271501,1.61376953125,1.75927734375,3463.0,95.92705562040356,8
ch2_cla_l1_20250801T035906797_20250801T035914797.fits,/home/saurabh/moon_project/data/CLASS/ch2_cla_l1_2025_08/cla/data/calibrated/2025/08/01/ch2_cla_l1_20250801T035906797_20250801T035914797.fits,2025-08-01T03:59:06.797,2025-08-01T03:59:14.797,2025-08-01T03:59:10.797,8.0,-49.8,13.5,96.687,85.7683,77.6636,85.7733,77.6816,84.921,84.921,CLASS_add_scds.pro,2.1,75,1,"0,1,2,3,4,5,6,7,8,9,10,11,12,13,14,15,",86.443,73.7247,85.2517,71.2932,85.0886,80.5512,86.2283,85.7235,1.65460205078125,0.0804434759101071,1.53125,1.79443359375,3388.625,164.74823866389934,8
ch2_cla_l1_20250801T035914797_20250801T035922797.fits,/home/saurabh/moon_project/data/CLASS/ch2_cla_l1_2025_08/cla/data/calibrated/2025/08/01/ch2_cla_l1_20250801T035914797_20250801T035922797.fits,2025-08-01T03:59:14.797,2025-08-01T03:59:22.797,2025-08-01T03:59:18.797,8.0,-49.8,13.5,96.8222,85.37,76.4778,85.3749,76.4927,84.57,84.57,CLASS_add_scds.pro,2.1,76,1,"0,1,2,3,4,5,6,7,8,9,10,11,12,13,14,15,",86.0399,72.73,84.8456,70.7166,84.6947,79.3061,85.8457,83.6574,1.6815185546875,0.0786601673971346,1.5576171875,1.7841796875,3443.75,161.09602282933173,8
ch2_cla_l1_20250801T035922797_20250801T035930797.fits,/home/saurabh/moon_project/data/CLASS/ch2_cla_l1_2025_08/cla/data/calibrated/2025/08/01/ch2_cla_l1_20250801T035922797_20250801T035930797.fits,2025-08-01T03:59:22.797,2025-08-01T03:59:30.797,2025-08-01T03:59:26.797,8.0,-49.9,13.5,96.9575,84.97,75.4799,84.975,75.4929,84.2192,84.2192,CLASS_add_scds.pro,2.1,77,1,"0,1,2,3,4,5,6,7,8,9,10,11,12,13,14,15,",85.6361,71.9194,84.439,70.2232,84.2986,78.2327,85.4589,81.9422,1.68963623046875,0.0828122439727527,1.55029296875,1.8056640625,3460.375,169.59947565619754,8
ch2_cla_l1_20250801T035930797_20250801T035938797.fits,/home/saurabh/moon_project/data/CLASS/ch2_cla_l1_2025_08/cla/data/calibrated/2025/08/01/ch2_cla_l1_20250801T035930797_20250801T035938797.fits,2025-08-01T03:59:30.797,2025-08-01T03:59:38.797,2025-08-01T03:59:34.797,8.0,-49.9,13.5,97.0929,84.5688,74.6287,84.5739,74.6399,83.8685,83.8685,CLASS_add_scds.pro,2.1,78,1,"0,1,2,3,4,5,6,7,8,9,10,11,12,13,14,15,",85.2315,71.2442,84.0323,69.7962,83.9011,77.2986,85.0686,80.4956,1.68487548828125,0.0702984205409234,1.5771484375,1.76953125,3450.625,143.97116526781127,8
ch2_cla_l1_20250801T035938797_20250801T035946797.fits,/home/saurabh/moon_project/data/CLASS/ch2_cla_l1_2025_08/cla/data/calibrated/2025/08/01/ch2_cla_l1_20250801T035938797_20250801T035946797.fits,2025-08-01T03:59:38.797,2025-08-01T03:59:46.797,2025-08-01T03:59:42.797,8.0,-49.9,13.5,97.2284,84.1667,73.8944,84.1718,73.9035,83.5179,83.5179,CLASS_add_scds.pro,2.1,79,1,"0,1,2,3,4,5,6,7,8,9,10,11,12,13,14,15,",84.8267,70.6741,83.6252,69.4239,83.5019,76.4791,84.6759,79.262,1.6796875,0.0743036000235376,1.5654296875,1.7998046875,3440.0,152.17377284820515,8
ch2_cla_l1_20250801T035946797_20250801T035954797.fits,/home/saurabh/moon_project/data/CLASS/ch2_cla_l1_2025_08/cla/data/calibrated/2025/08/01/ch2_cla_l1_20250801T035946797_20250801T035954797.fits,2025-08-01T03:59:46.797,2025-08-01T03:59:54.797,2025-08-01T03:59:50.797,8.0,-49.9,13.5,97.364,83.7638,73.2545,83.7689,73.2629,83.1674,83.1674,CLASS_add_scds.pro,2.1,80,1,"0,1,2,3,4,5,6,7,8,9,10,11,12,13,14,15,",84.4213,70.1874,83.2179,69.0959,83.1017,75.7544,84.2809,78.1987,1.68896484375,0.0580036787548272,1.595703125,1.77880859375,3459.0,118.7915340898861,8
ch2_cla_l1_20250801T035954797_20250801T040002797.fits,/home/saurabh/moon_project/data/CLASS/ch2_cla_l1_2025_08/cla/data/calibrated/2025/08/01/ch2_cla_l1_20250801T035954797_20250801T040002797.fits,2025-08-01T03:59:54.797,2025-08-01T04:00:02.797,2025-08-01T03:59:58.797,8.0,-49.9,13.5,97.4996,83.3603,72.692,83.3654,72.6996,82.8171,82.8171,CLASS_add_scds.pro,2.1,81,1,"0,1,2,3,4,5,6,7,8,9,10,11,12,13,14,15,",84.0156,69.7657,82.8104,68.8047,82.7006,75.1092,83.8843,77.2724,1.71246337890625,0.0664300635458842,1.6044921875,1.8115234375,3507.125,136.048770141971,8
ch2_cla_l1_20250801T040002797_20250801T040010797.fits,/home/saurabh/moon_project/data/CLASS/ch2_cla_l1_2025_08/cla/data/calibrated/2025/08/01/ch2_cla_l1_20250801T040002797_20250801T040010797.fits,2025-08-01T04:00:02.797,2025-08-01T04:00:10.797,2025-08-01T04:00:06.797,8.0,-49.9,13.5,97.6352,82.9562,72.1936,82.9614,72.2006,82.467,82.467,CLASS_add_scds.pro,2.1,82,1,"0,1,2,3,4,5,6,7,8,9,10,11,12,13,14,15,",83.6097,69.3972,82.4029,68.5442,82.2988,74.5309,83.4864,76.4589,1.67816162109375,0.0362987463975224,1.61474609375,1.724609375,3436.875,74.33983262212604,8
ch2_cla_l1_20250801T040010797_20250801T040018797.fits,/home/saurabh/moon_project/data/CLASS/ch2_cla_l1_2025_08/cla/data/calibrated/2025/08/01/ch2_cla_l1_20250801T040010797_20250801T040018797.fits,2025-08-01T04:00:10.797,2025-08-01T04:00:18.797,2025-08-01T04:00:14.797,8.0,-49.9,13.5,97.7709,82.5518,71.749,82.557,71.755,82.117,82.117,CLASS_add_scds.pro,2.1,83,1,"0,1,2,3,4,5,6,7,8,9,10,11,12,13,14,15,",83.2037,69.072,81.9953,68.3096,81.8962,74.0095,83.0874,75.7388,1.7178955078125,0.052919899091197,1.6318359375,1.79296875,3518.25,108.3799533387715,8
ch2_cla_l1_20250801T040018797_20250801T040026797.fits,/home/saurabh/moon_project/data/CLASS/ch2_cla_l1_2025_08/cla/data/calibrated/2025/08/01/ch2_cla_l1_20250801T040018797_20250801T040026797.fits,2025-08-01T04:00:18.797,2025-08-01T04:00:26.797,2025-08-01T04:00:22.797,8.0,-49.9,13.5,97.9067,82.147,71.3499,82.1522,71.3553,81.7671,81.7671,CLASS_add_scds.pro,2.1,84,1,"0,1,2,3,4,5,6,7,8,9,10,11,12,13,14,15,",82.7974,68.783,81.5878,68.0971,81.4932,73.537,82.6875,75.0969,1.69384765625,0.0372303303678929,1.63134765625,1.75244140625,3469.0,76.24771659344485,8
ch2_cla_l1_20250801T040026797_20250801T040034797.fits,/home/saurabh/moon_project/data/CLASS/ch2_cla_l1_2025_08/cla/data/calibrated/2025/08/01/ch2_cla_l1_20250801T040026797_20250801T040034797.fits,2025-08-01T04:00:26.797,2025-08-01T04:00:34.797,2025-08-01T04:00:30.797,8.0,-49.9,13.5,98.0425,81.742,70.9897,81.7471,70.9943,81.4175,81.4175,CLASS_add_scds.pro,2.1,85,1,"0,1,2,3,4,5,6,7,8,9,10,11,12,13,14,15,",82.3913,68.5244,81.1802,67.9048,81.0898,73.1079,82.2869,74.5215,1.73516845703125,0.0524993584392558,1.646484375,1.8056640625,3553.625,107.51868608359598,8
ch2_cla_l1_20250801T040034797_20250801T040042797.fits,/home/saurabh/moon_project/data/CLASS/ch2_cla_l1_2025_08/cla/data/calibrated/2025/08/01/ch2_cla_l1_20250801T040034797_20250801T040042797.fits,2025-08-01T04:00:34.797,2025-08-01T04:00:42.797,2025-08-01T04:00:38.797,8.0,-50.0,13.5,98.1783,81.3367,70.6628,81.3419,70.6674,81.068,81.068,CLASS_add_scds.pro,2.1,86,1,"0,1,2,3,4,5,6,7,8,9,10,11,12,13,14,15,",81.985,68.2924,80.7724,67.7288,80.6859,72.7156,81.8857,74.0035,1.68145751953125,0.0458538453330256,1.599609375,1.74951171875,3443.625,93.90867524203654,8
ch2_cla_l1_20250801T040042797_20250801T040050797.fits,/home/saurabh/moon_project/data/CLASS/ch2_cla_l1_2025_08/cla/data/calibrated/2025/08/01/ch2_cla_l1_20250801T040042797_20250801T040050797.fits,2025-08-01T04:00:42.797,2025-08-01T04:00:50.797,2025-08-01T04:00:46.797,8.0,-50.0,13.5,98.3141,80.9312,70.3649,80.9364,70.3693,80.7186,80.7186,CLASS_add_scds.pro,2.1,87,1,"0,1,2,3,4,5,6,7,8,9,10,11,12,13,14,15,",81.5786,68.0819,80.3647,67.5674,80.2816,72.3555,81.4838,73.5335,1.7548828125,0.0521727022283255,1.6728515625,1.83642578125,3594.0,106.8496941636107,8
ch2_cla_l1_20250801T040050797_20250801T040058797.fits,/home/saurabh/moon_project/data/CLASS/ch2_cla_l1_2025_08/cla/data/calibrated/2025/08/01/ch2_cla_l1_20250801T040050797_20250801T040058797.fits,2025-08-01T04:00:50.797,2025-08-01T04:00:58.797,2025-08-01T04:00:54.797,8.0,-50.0,13.5,98.4499,80.5256,70.0922,80.5308,70.0961,80.3695,80.3695,CLASS_add_scds.pro,2.1,88,1,"0,1,2,3,4,5,6,7,8,9,10,11,12,13,14,15,",81.1721,67.8906,79.957,67.4186,79.8771,72.0239,81.0815,73.1059,1.67254638671875,0.0801393228545211,1.5361328125,1.78125,3425.375,164.12533320605934,8
ch2_cla_l1_20250801T040058797_20250801T040106797.fits,/home/saurabh/moon_project/data/CLASS/ch2_cla_l1_2025_08/cla/data/calibrated/2025/08/01/ch2_cla_l1_20250801T040058797_20250801T040106797.fits,2025-08-01T04:00:58.797,2025-08-01T04:01:06.797,2025-08-01T04:01:02.797,8.0,-50.0,13.5,98.5858,80.1199,69.8416,80.1251,69.8455,80.0205,80.0205,CLASS_add_scds.pro,2.1,89,1,"0,1,2,3,4,5,6,7,8,9,10,11,12,13,14,15,",80.7656,67.7156,79.5493,67.2813,79.4723,71.7178,80.6788,72.7148,1.6170654296875,0.0779664747341378,1.49755859375,1.7138671875,3311.75,159.67534025551436,8
ch2_cla_l1_20250801T040106797_20250801T040114797.fits,/home/saurabh/moon_project/data/CLASS/ch2_cla_l1_2025_08/cla/data/calibrated/2025/08/01/ch2_cla_l1_20250801T040106797_20250801T040114797.fits,2025-08-01T04:01:06.797,2025-08-01T04:01:14.797,2025-08-01T04:01:10.797,8.0,-50.0,13.5,98.7216,79.714,69.6106,79.7193,69.6142,79.6717,79.6717,CLASS_add_scds.pro,2.1,90,1,"0,1,2,3,4,5,6,7,8,9,10,11,12,13,14,15,",80.3592,67.5553,79.1415,67.1535,79.0673,71.4338,80.2759,72.3561,1.56591796875,0.0739134050164598,1.4560546875,1.6640625,3207.0,151.37465347370977,8
ch2_cla_l1_20250801T040114797_20250801T040122797.fits,/home/saurabh/moon_project/data/CLASS/ch2_cla_l1_2025_08/cla/data/calibrated/2025/08/01/ch2_cla_l1_20250801T040114797_20250801T040122797.fits,2025-08-01T04:01:14.797,2025-08-01T04:01:22.797,2025-08-01T04:01:18.797,8.0,-50.0,13.5,98.8574,79.308,69.3968,79.3133,69.4001,79.3231,79.3231,CLASS_add_scds.pro,2.1,91,1,"0,1,2,3,4,5,6,7,8,9,10,11,12,13,14,15,",79.9527,67.4069,78.7339,67.0352,78.6622,71.1702,79.8726,72.0252,1.64227294921875,0.0760586354482622,1.5302734375,1.73779296875,3363.375,155.7680853980411,8
ch2_cla_l1_20250801T040122797_20250801T040130797.fits,/home/saurabh/moon_project/data/CLASS/ch2_cla_l1_2025_08/cla/data/calibrated/2025/08/01/ch2_cla_l1_20250801T040122797_20250801T040130797.fits,2025-08-01T04:01:22.797,2025-08-01T04:01:30.797,2025-08-01T04:01:26.797,8.0,-50.0,13.5,98.9932,78.902,69.1985,78.9073,69.2017,78.9748,78.9748,CLASS_add_scds.pro,2.1,92,1,"0,1,2,3,4,5,6,7,8,9,10,11,12,13,14,15,",79.5462,67.2705,78.3262,66.9248,78.2569,70.9247,79.4691,71.72,1.60247802734375,0.1004942795142809,1.47216796875,1.77734375,3281.875,205.8122844452474,8
ch2_cla_l1_20250801T040130797_20250801T040138797.fits,/home/saurabh/moon_project/data/CLASS/ch2_cla_l1_2025_08/cla/data/calibrated/2025/08/01/ch2_cla_l1_20250801T040130797_20250801T040138797.fits,2025-08-01T04:01:30.797,2025-08-01T04:01:38.797,2025-08-01T04:01:34.797,8.0,-50.0,13.5,99.129,78.4959,69.0139,78.5012,69.017,78.6266,78.6266,CLASS_add_scds.pro,2.1,93,1,"0,1,2,3,4,5,6,7,8,9,10,11,12,13,14,15,",79.1398,67.1439,77.9186,66.8216,77.8515,70.6954,79.0653,71.4371,1.6278076171875,0.0600405853245712,1.546875,1.7265625,3333.75,122.96311874472188,8
ch2_cla_l1_20250801T040138797_20250801T040146797.fits,/home/saurabh/moon_project/data/CLASS/ch2_cla_l1_2025_08/cla/data/calibrated/2025/08/01/ch2_cla_l1_20250801T040138797_20250801T040146797.fits,2025-08-01T04:01:38.797,2025-08-01T04:01:46.797,2025-08-01T04:01:42.797,8.0,-50.0,13.5,99.2647,78.0898,68.8417,78.0951,68.8446,78.2786,78.2786,CLASS_add_scds.pro,2.1,94,1,"0,1,2,3,4,5,6,7,8,9,10,11,12,13,14,15,",78.7334,67.0263,77.511,66.7247,77.4459,70.4805,78.6615,71.1744,1.614501953125,0.058560607256097,1.53271484375,1.708984375,3306.5,119.93212366048677,8
ch2_cla_l1_20250801T040146797_20250801T040154797.fits,/home/saurabh/moon_project/data/CLASS/ch2_cla_l1_2025_08/cla/data/calibrated/2025/08/01/ch2_cla_l1_20250801T040146797_20250801T040154797.fits,2025-08-01T04:01:46.797,2025-08-01T04:01:54.797,2025-08-01T04:01:50.797,8.0,-50.0,13.5,99.4004,77.6836,68.6807,77.6888,68.6831,77.9309,77.9309,CLASS_add_scds.pro,2.1,95,1,"0,1,2,3,4,5,6,7,8,9,10,11,12,13,14,15,",78.3269,66.9161,77.1032,66.6336,77.0401,70.2789,78.2574,70.929,1.65252685546875,0.0595799958624664,1.57373046875,1.748046875,3384.375,122.01983152633134,8
ch2_cla_l1_20250801T040154797_20250801T040202797.fits,/home/saurabh/moon_project/data/CLASS/ch2_cla_l1_2025_08/cla/data/calibrated/2025/08/01/ch2_cla_l1_20250801T040154797_20250801T040202797.fits,2025-08-01T04:01:54.797,2025-08-01T04:02:02.797,2025-08-01T04:01:58.797,8.0,-50.0,13.5,99.536,77.2774,68.5297,77.2825,68.532,77.5833,77.5833,CLASS_add_scds.pro,2.1,96,1,"0,1,2,3,4,5,6,7,8,9,10,11,12,13,14,15,",77.9203,66.8129,76.6958,66.5482,76.6344,70.0897,77.853,70.6996,1.6077880859375,0.0648722705723656,1.52685546875,1.7021484375,3292.75,132.8584101322048,8
ch2_cla_l1_20250801T040202797_20250801T040210797.fits,/home/saurabh/moon_project/data/CLASS/ch2_cla_l1_2025_08/cla/data/calibrated/2025/08/01/ch2_cla_l1_20250801T040202797_20250801T040210797.fits,2025-08-01T04:02:02.797,2025-08-01T04:02:10.797,2025-08-01T04:02:06.797,8.0,-50.0,13.5,99.6716,76.8712,68.3878,76.8764,68.3899,77.236,77.236,CLASS_add_scds.pro,2.1,97,1,"0,1,2,3,4,5,6,7,8,9,10,11,12,13,14,15,",77.5141,66.7169,76.2881,66.4674,76.2286,69.9112,77.4488,70.4857,1.6380615234375,0.0394146981661318,1.57470703125,1.6943359375,3354.75,80.72130184423794,8
ch2_cla_l1_20250801T040210797_20250801T040218797.fits,/home/saurabh/moon_project/data/CLASS/ch2_cla_l1_2025_08/cla/data/calibrated/2025/08/01/ch2_cla_l1_20250801T040210797_20250801T040218797.fits,2025-08-01T04:02:10.797,2025-08-01T04:02:18.797,2025-08-01T04:02:14.797,8.0,-50.0,13.5,99.8071,76.465,68.2543,76.4702,68.2566,76.889,76.889,CLASS_add_scds.pro,2.1,98,1,"0,1,2,3,4,5,6,7,8,9,10,11,12,13,14,15,",77.1076,66.6261,75.8807,66.3911,75.8227,69.7429,77.0444,70.2842,1.63238525390625,0.0660299651564018,1.544921875,1.72021484375,3343.125,135.22936864031104,8
ch2_cla_l1_20250801T040218797_20250801T040226797.fits,/home/saurabh/moon_project/data/CLASS/ch2_cla_l1_2025_08/cla/data/calibrated/2025/08/01/ch2_cla_l1_20250801T040218797_20250801T040226797.fits,2025-08-01T04:02:18.797,2025-08-01T04:02:26.797,2025-08-01T04:02:22.797,8.0,-50.1,13.5,99.9425,76.0587,68.1283,76.0642,68.1306,76.5421,76.5421,CLASS_add_scds.pro,2.1,99,1,"0,1,2,3,4,5,6,7,8,9,10,11,12,13,14,15,",76.7014,66.5411,75.4734,66.3188,75.4169,69.5838,76.6399,70.0953,1.63934326171875,0.0379048047058076,1.57470703125,1.69482421875,3357.375,77.62904003749406,8
ch2_cla_l1_20250801T040226797_20250801T040234797.fits,/home/saurabh/moon_project/data/CLASS/ch2_cla_l1_2025_08/cla/data/calibrated/2025/08/01/ch2_cla_l1_20250801T040226797_20250801T040234797.fits,2025-08-01T04:02:26.797,2025-08-01T04:02:34.797,2025-08-01T04:02:30.797,8.0,-50.1,13.5,100.078,75.6525,68.0093,75.6579,68.0114,76.1955,76.1955,CLASS_add_scds.pro,2.1,100,1,"0,1,2,3,4,5,6,7,8,9,10,11,12,13,14,15,",76.2952,66.4607,75.066,66.2502,75.0109,69.433,76.2354,69.9172,1.63275146484375,0.0615989239266948,1.5341796875,1.720703125,3343.875,126.15459620187109,8
ch2_cla_l1_20250801T040234797_20250801T040242797.fits,/home/saurabh/moon_project/data/CLASS/ch2_cla_l1_2025_08/cla/data/calibrated/2025/08/01/ch2_cla_l1_20250801T040234797_20250801T040242797.fits,2025-08-01T04:02:34.797,2025-08-01T04:02:42.797,2025-08-01T04:02:38.797,8.0,-50.1,13.5,100.213,75.2463,67.8967,75.2516,67.8985,75.8492,75.8492,CLASS_add_scds.pro,2.1,101,1,"0,1,2,3,4,5,6,7,8,9,10,11,12,13,14,15,",75.8889,66.3848,74.6586,66.185,74.6048,69.2901,75.8307,69.7491,1.64715576171875,0.0475652375060941,1.5615234375,1.70361328125,3373.375,97.41360641248076,8
ch2_cla_l1_20250801T040242797_20250801T040250797.fits,/home/saurabh/moon_project/data/CLASS/ch2_cla_l1_2025_08/cla/data/calibrated/2025/08/01/ch2_cla_l1_20250801T040242797_20250801T040250797.fits,2025-08-01T04:02:42.797,2025-08-01T04:02:50.797,2025-08-01T04:02:46.797,8.0,-50.1,13.5,100.348,74.84,67.7899,74.8453,67.7917,75.5031,75.5031,CLASS_add_scds.pro,2.1,102,1,"0,1,2,3,4,5,6,7,8,9,10,11,12,13,14,15,",75.4827,66.3126,74.2512,66.123,74.1988,69.1544,75.426,69.5899,1.66961669921875,0.076448573772432,1.56005859375,1.787109375,3419.375,156.56667908594088,8
ch2_cla_l1_20250801T040250797_20250801T040258797.fits,/home/saurabh/moon_project/data/CLASS/ch2_cla_l1_2025_08/cla/data/calibrated/2025/08/01/ch2_cla_l1_20250801T040250797_20250801T040258797.fits,2025-08-01T04:02:50.797,2025-08-01T04:02:58.797,2025-08-01T04:02:54.797,8.0,-50.2,13.5,100.483,74.4338,67.6885,74.4392,67.6902,75.1573,75.1573,CLASS_add_scds.pro,2.1,103,1,"0,1,2,3,4,5,6,7,8,9,10,11,12,13,14,15,",75.0765,66.2443,73.844,66.064,73.7927,69.0255,75.0212,69.4394,1.650634765625,0.0595891775236964,1.56640625,1.73291015625,3380.5,122.0386355685304,8
ch2_cla_l1_20250801T040258797_20250801T040306797.fits,/home/saurabh/moon_project/data/CLASS/ch2_cla_l1_2025_08/cla/data/calibrated/2025/08/01/ch2_cla_l1_20250801T040258797_20250801T040306797.fits,2025-08-01T04:02:58.797,2025-08-01T04:03:06.797,2025-08-01T04:03:02.797,8.0,-50.2,13.5,100.618,74.0276,67.5921,74.0329,67.5937,74.8117,74.8117,CLASS_add_scds.pro,2.1,104,1,"0,1,2,3,4,5,6,7,8,9,10,11,12,13,14,15,",74.6704,66.1794,73.4367,66.0077,73.3866,68.9027,74.6164,69.2967,1.67645263671875,0.0817221442494279,1.57861328125,1.7939453125,3433.375,167.36695142282846,8
ch2_cla_l1_20250801T040306797_20250801T040314797.fits,/home/saurabh/moon_project/data/CLASS/ch2_cla_l1_2025_08/cla/data/calibrated/2025/08/01/ch2_cla_l1_20250801T040306797_20250801T040314797.fits,2025-08-01T04:03:06.797,2025-08-01T04:03:14.797,2025-08-01T04:03:10.797,8.0,-50.2,13.5,100.753,73.6215,67.5003,73.6268,67.5018,74.4664,74.4664,CLASS_add_scds.pro,2.1,105,1,"0,1,2,3,4,5,6,7,8,9,10,11,12,13,14,15,",74.2643,66.1177,73.0295,65.9539,72.9805,68.7856,74.2116,69.1611,1.65557861328125,0.0771457609571168,1.54296875,1.75244140625,3390.625,157.9945184401752,8
ch2_cla_l1_20250801T040314797_20250801T040322797.fits,/home/saurabh/moon_project/data/CLASS/ch2_cla_l1_2025_08/cla/data/calibrated/2025/08/01/ch2_cla_l1_20250801T040314797_20250801T040322797.fits,2025-08-01T04:03:14.797,2025-08-01T04:03:22.797,2025-08-01T04:03:18.797,8.0,-50.2,13.5,100.888,73.2153,67.4128,73.2206,67.4143,74.1214,74.1214,CLASS_add_scds.pro,2.1,106,1,"0,1,2,3,4,5,6,7,8,9,10,11,12,13,14,15,",73.8582,66.0588,72.6224,65.9024,72.5745,68.6738,73.8067,69.0321,1.71142578125,0.0741668749337412,1.61767578125,1.82373046875,3505.0,151.89375986430215,8
ch2_cla_l1_20250801T040322797_20250801T040330797.fits,/home/saurabh/moon_project/data/CLASS/ch2_cla_l1_2025_08/cla/data/calibrated/2025/08/01/ch2_cla_l1_20250801T040322797_20250801T040330797.fits,2025-08-01T04:03:22.797,2025-08-01T04:03:30.797,2025-08-01T04:03:26.797,8.0,-50.2,13.5,101.023,72.8092,67.3293,72.8145,67.3306,73.7767,73.7767,CLASS_add_scds.pro,2.1,107,1,"0,1,2,3,4,5,6,7,8,9,10,11,12,13,14,15,",73.4522,66.0027,72.2153,65.8531,72.1684,68.5671,73.4019,68.9094,1.64544677734375,0.0552269545184019,1.56591796875,1.73486328125,3369.875,113.10480285368712,8
ch2_cla_l1_20250801T040330797_20250801T040338797.fits,/home/saurabh/moon_project/data/CLASS/ch2_cla_l1_2025_08/cla/data/calibrated/2025/08/01/ch2_cla_l1_20250801T040330797_20250801T040338797.fits,2025-08-01T04:03:30.797,2025-08-01T04:03:38.797,2025-08-01T04:03:34.797,8.0,-50.3,13.5,101.157,72.4031,67.2494,72.4085,67.2508,73.4322,73.4322,CLASS_add_scds.pro,2.1,108,1,"0,1,2,3,4,5,6,7,8,9,10,11,12,13,14,15,",73.0463,65.9491,71.8083,65.8057,71.7623,68.4649,72.9971,68.7923,1.70172119140625,0.043345545621629,1.62841796875,1.76513671875,3485.125,88.77167743309639,8
ch2_cla_l1_20250801T040338797_20250801T040346797.fits,/home/saurabh/moon_project/data/CLASS/ch2_cla_l1_2025_08/cla/data/calibrated/2025/08/01/ch2_cla_l1_20250801T040338797_20250801T040346797.fits,2025-08-01T04:03:38.797,2025-08-01T04:03:46.797,2025-08-01T04:03:42.797,8.0,-50.2,13.5,101.292,71.997,67.173,72.0024,67.1743,73.0881,73.0881,CLASS_add_scds.pro,2.1,109,1,"0,1,2,3,4,5,6,7,8,9,10,11,12,13,14,15,",72.6404,65.8976,71.4013,65.7602,71.3562,68.3669,72.5923,68.6805,1.66412353515625,0.0603645850323069,1.57861328125,1.765625,3408.125,123.62667014616454,8
ch2_cla_l1_20250801T040346797_20250801T040354797.fits,/home/saurabh/moon_project/data/CLASS/ch2_cla_l1_2025_08/cla/data/calibrated/2025/08/01/ch2_cla_l1_20250801T040346797_20250801T040354797.fits,2025-08-01T04:03:46.797,2025-08-01T04:03:54.797,2025-08-01T04:03:50.797,8.0,-50.3,13.5,101.426,71.591,67.0998,71.5964,67.1011,72.7442,72.7442,CLASS_add_scds.pro,2.1,110,1,"0,1,2,3,4,5,6,7,8,9,10,11,12,13,14,15,",72.2345,65.8483,70.9944,65.7166,70.9501,68.2732,72.1874,68.5736,1.7198486328125,0.0471934446345492,1.6435546875,1.79345703125,3522.25,96.65217461155676,8
ch2_cla_l1_20250801T040354797_20250801T040402797.fits,/home/saurabh/moon_project/data/CLASS/ch2_cla_l1_2025_08/cla/data/calibrated/2025/08/01/ch2_cla_l1_20250801T040354797_20250801T040402797.fits,2025-08-01T04:03:54.797,2025-08-01T04:04:02.797,2025-08-01T04:03:58.797,8.0,-50.2,13.5,101.56,71.185,67.0297,71.1904,67.0309,72.4007,72.4007,CLASS_add_scds.pro,2.1,111,1,"0,1,2,3,4,5,6,7,8,9,10,11,12,13,14,15,",71.8287,65.8013,70.5875,65.6747,70.5441,68.1832,71.7825,68.4716,1.6531982421875,0.037480839875354,1.59765625,1.70849609375,3385.75,76.76076006472503,8
ch2_cla_l1_20250801T040402797_20250801T040410797.fits,/home/saurabh/moon_project/data/CLASS/ch2_cla_l1_2025_08/cla/data/calibrated/2025/08/01/ch2_cla_l1_20250801T040402797_20250801T040410797.fits,2025-08-01T04:04:02.797,2025-08-01T04:04:10.797,2025-08-01T04:04:06.797,8.0,-50.3,13.5,101.694,70.779,66.9623,70.7844,66.9635,72.0575,72.0575,CLASS_add_scds.pro,2.1,112,1,"0,1,2,3,4,5,6,7,8,9,10,11,12,13,14,15,",71.4229,65.756,70.1807,65.6342,70.1381,68.0967,71.3777,68.3737,1.72467041015625,0.0355392064516697,1.6787109375,1.7861328125,3532.125,72.78429481301974,8
ch2_cla_l1_20250801T040410797_20250801T040418797.fits,/home/saurabh/moon_project/data/CLASS/ch2_cla_l1_2025_08/cla/data/calibrated/2025/08/01/ch2_cla_l1_20250801T040410797_20250801T040418797.fits,2025-08-01T04:04:10.797,2025-08-01T04:04:18.797,2025-08-01T04:04:14.797,8.0,-50.3,13.5,101.828,70.3731,66.8976,70.3785,66.8987,71.7146,71.7146,CLASS_add_scds.pro,2.1,113,1,"0,1,2,3,4,5,6,7,8,9,10,11,12,13,14,15,",71.0173,65.7125,69.7739,65.5952,69.732,68.0136,70.9729,68.2799,1.68994140625,0.0595508695583084,1.6240234375,1.81298828125,3461.0,121.96018085541571,8
ch2_cla_l1_20250801T040418797_20250801T040426797.fits,/home/saurabh/moon_project/data/CLASS/ch2_cla_l1_2025_08/cla/data/calibrated/2025/08/01/ch2_cla_l1_20250801T040418797_20250801T040426797.fits,2025-08-01T04:04:18.797,2025-08-01T04:04:26.797,2025-08-01T04:04:22.797,8.0,-50.3,13.5,101.962,69.9672,66.8354,69.9726,66.8366,71.372,71.372,CLASS_add_scds.pro,2.1,114,1,"0,1,2,3,4,5,6,7,8,9,10,11,12,13,14,15,",70.6116,65.6705,69.3671,65.5576,69.326,67.9337,70.568,68.1898,1.716552734375,0.0471344082349867,1.63037109375,1.77734375,3515.5,96.5312680652529,8
ch2_cla_l1_20250801T040426797_20250801T040434797.fits,/home/saurabh/moon_project/data/CLASS/ch2_cla_l1_2025_08/cla/data/calibrated/2025/08/01/ch2_cla_l1_20250801T040426797_20250801T040434797.fits,2025-08-01T04:04:26.797,2025-08-01T04:04:34.797,2025-08-01T04:04:30.797,8.0,-50.3,13.5,102.095,69.5614,66.7755,69.5668,66.7766,71.0297,71.0297,CLASS_add_scds.pro,2.1,115,1,"0,1,2,3,4,5,6,7,8,9,10,11,12,13,14,15,",70.2059,65.6303,68.9604,65.5213,68.92,67.8567,70.1631,68.1035,1.69671630859375,0.0758427085600632,1.58837890625,1.82080078125,3474.875,155.32586713100943,8
ch2_cla_l1_20250801T040434797_20250801T040442797.fits,/home/saurabh/moon_project/data/CLASS/ch2_cla_l1_2025_08/cla/data/calibrated/2025/08/01/ch2_cla_l1_20250801T040434797_20250801T040442797.fits,2025-08-01T04:04:34.797,2025-08-01T04:04:42.797,2025-08-01T04:04:38.797,8.0,-50.3,13.5,102.228,69.1556,66.7178,69.1609,66.7187,70.6878,70.6878,CLASS_add_scds.pro,2.1,116,1,"0,1,2,3,4,5,6,7,8,9,10,11,12,13,14,15,",69.8004,65.5914,68.5538,65.4862,68.5141,67.7825,69.7584,68.0203,1.7359619140625,0.045758529820848,1.6669921875,1.81005859375,3555.25,93.71346907309687,8
ch2_cla_l1_20250801T040442797_20250801T040450797.fits,/home/saurabh/moon_project/data/CLASS/ch2_cla_l1_2025_08/cla/data/calibrated/2025/08/01/ch2_cla_l1_20250801T040442797_20250801T040450797.fits,2025-08-01T04:04:42.797,2025-08-01T04:04:50.797,2025-08-01T04:04:46.797,8.0,-50.3,13.5,102.361,68.7498,66.6621,68.7552,66.6631,70.3462,70.3462,CLASS_add_scds.pro,2.1,117,1,"0,1,2,3,4,5,6,7,8,9,10,11,12,13,14,15,",69.3949,65.5539,68.1473,65.4523,68.1082,67.711,69.3536,67.9403,1.69921875,0.0933367385372826,1.578125,1.8408203125,3480.0,191.15364052435487,8
ch2_cla_l1_20250801T040450797_20250801T040458797.fits,/home/saurabh/moon_project/data/CLASS/ch2_cla_l1_2025_08/cla/data/calibrated/2025/08/01/ch2_cla_l1_20250801T040450797_20250801T040458797.fits,2025-08-01T04:04:50.797,2025-08-01T04:04:58.797,2025-08-01T04:04:54.797,8.0,-50.3,13.5,102.494,68.3441,66.6085,68.3494,66.6094,70.005,70.005,CLASS_add_scds.pro,2.1,118,1,"0,1,2,3,4,5,6,7,8,9,10,11,12,13,14,15,",68.9895,65.5176,67.7408,65.4195,67.7024,67.642,68.9489,67.8633,1.73052978515625,0.0754812321555589,1.61376953125,1.8291015625,3544.125,154.58556345458467,8
ch2_cla_l1_20250801T040458797_20250801T040506797.fits,/home/saurabh/moon_project/data/CLASS/ch2_cla_l1_2025_08/cla/data/calibrated/2025/08/01/ch2_cla_l1_20250801T040458797_20250801T040506797.fits,2025-08-01T04:04:58.797,2025-08-01T04:05:06.797,2025-08-01T04:05:02.797,8.0,-50.3,13.5,102.627,67.9384,66.5566,67.9438,66.5576,69.6642,69.6642,CLASS_add_scds.pro,2.1,119,1,"0,1,2,3,4,5,6,7,8,9,10,11,12,13,14,15,",68.5841,65.4826,67.3343,65.3876,67.2965,67.5754,68.5442,67.789,1.71502685546875,0.0791036884755504,1.587890625,1.85107421875,3512.375,162.0043539979272,8
ch2_cla_l1_20250801T040506797_20250801T040514797.fits,/home/saurabh/moon_project/data/CLASS/ch2_cla_l1_2025_08/cla/data/calibrated/2025/08/01/ch2_cla_l1_20250801T040506797_20250801T040514797.fits,2025-08-01T04:05:06.797,2025-08-01T04:05:14.797,2025-08-01T04:05:10.797,8.0,-50.3,13.5,102.759,67.5327,66.5065,67.5381,66.5073,69.3237,69.3237,CLASS_add_scds.pro,2.1,120,1,"0,1,2,3,4,5,6,7,8,9,10,11,12,13,14,15,",68.1787,65.4488,66.928,65.3567,66.8907,67.5109,68.1395,67.7175,1.7174072265625,0.0844146756333813,1.6201171875,1.85205078125,3517.25,172.88125569716507,8
ch2_cla_l1_20250801T040514797_20250801T040522797.fits,/home/saurabh/moon_project/data/CLASS/ch2_cla_l1_2025_08/cla/data/calibrated/2025/08/01/ch2_cla_l1_20250801T040514797_20250801T040522797.fits,2025-08-01T04:05:14.797,2025-08-01T04:05:22.797,2025-08-01T04:05:18.797,8.0,-50.3,13.5,102.892,67.1271,66.4581,67.1326,66.4589,68.9836,68.9836,CLASS_add_scds.pro,2.1,121,1,"0,1,2,3,4,5,6,7,8,9,10,11,12,13,14,15,",67.7735,65.416,66.5216,65.3268,66.4849,67.4486,67.7348,67.6484,1.614990234375,0.089421196734903,1.48291015625,1.74755859375,3307.5,183.13461091308145,8
ch2_cla_l1_20250801T040522797_20250801T040530797.fits,/home/saurabh/moon_project/data/CLASS/ch2_cla_l1_2025_08/cla/data/calibrated/2025/08/01/ch2_cla_l1_20250801T040522797_20250801T040530797.fits,2025-08-01T04:05:22.797,2025-08-01T04:05:30.797,2025-08-01T04:05:26.797,8.0,-50.3,13.5,103.024,66.7216,66.4112,66.727,66.412,68.6439,68.6439,CLASS_add_scds.pro,2.1,122,1,"0,1,2,3,4,5,6,7,8,9,10,11,12,13,14,15,",67.3682,65.3842,66.1153,65.2977,66.0791,67.3883,67.3302,67.5817,1.6104736328125,0.0614329947022865,1.51904296875,1.7060546875,3298.25,125.81477315028287,8
ch2_cla_l1_20250801T040530797_20250801T040538797.fits,/home/saurabh/moon_project/data/CLASS/ch2_cla_l1_2025_08/cla/data/calibrated/2025/08/01/ch2_cla_l1_20250801T040530797_20250801T040538797.fits,2025-08-01T04:05:30.797,2025-08-01T04:05:38.797,2025-08-01T04:05:34.797,8.0,-50.3,13.5,103.156,66.3161,66.3658,66.3216,66.3667,68.3045,68.3045,CLASS_add_scds.pro,2.1,123,1,"0,1,2,3,4,5,6,7,8,9,10,11,12,13,14,15,",66.963,65.3534,65.709,65.2695,65.6734,67.3299,66.9256,67.5172,1.6412353515625,0.073790151643854,1.51025390625,1.75,3361.25,151.1222305666131,8
ch2_cla_l1_20250801T040538797_20250801T040546797.fits,/home/saurabh/moon_project/data/CLASS/ch2_cla_l1_2025_08/cla/data/calibrated/2025/08/01/ch2_cla_l1_20250801T040538797_20250801T040546797.fits,2025-08-01T04:05:38.797,2025-08-01T04:05:46.797,2025-08-01T04:05:42.797,8.0,-50.2,13.5,103.287,65.9106,66.3218,65.916,66.3226,67.9656,67.9656,CLASS_add_scds.pro,2.1,124,1,"0,1,2,3,4,5,6,7,8,9,10,11,12,13,14,15,",66.5578,65.3235,65.3029,65.2421,65.2677,67.2734,66.521,67.4548,1.61492919921875,0.0441671434069983,1.53955078125,1.6845703125,3307.375,90.45430969753262,8
ch2_cla_l1_20250801T040546797_20250801T040554797.fits,/home/saurabh/moon_project/data/CLASS/ch2_cla_l1_2025_08/cla/data/calibrated/2025/08/01/ch2_cla_l1_20250801T040546797_20250801T040554797.fits,2025-08-01T04:05:46.797,2025-08-01T04:05:54.797,2025-08-01T04:05:50.797,8.0,-50.2,13.5,103.419,65.5052,66.2791,65.5107,66.28,67.627,67.627,CLASS_add_scds.pro,2.1,125,1,"0,1,2,3,4,5,6,7,8,9,10,11,12,13,14,15,",66.1527,65.2946,64.8967,65.2153,64.862,67.2185,66.1164,67.3945,1.64569091796875,0.0491278035186543,1.5576171875,1.7021484375,3370.375,100.61374160620409,8
ch2_cla_l1_20250801T040554797_20250801T040602797.fits,/home/saurabh/moon_project/data/CLASS/ch2_cla_l1_2025_08/cla/data/calibrated/2025/08/01/ch2_cla_l1_20250801T040554797_20250801T040602797.fits,2025-08-01T04:05:54.797,2025-08-01T04:06:02.797,2025-08-01T04:05:58.797,8.0,-50.3,13.5,103.55,65.0998,66.2378,65.1053,66.2386,67.2889,67.2889,CLASS_add_scds.pro,2.1,126,1,"0,1,2,3,4,5,6,7,8,9,10,11,12,13,14,15,",65.7476,65.2663,64.4906,65.1893,64.4564,67.1653,65.7119,67.3359,1.620849609375,0.0346684599751415,1.5654296875,1.67041015625,3319.5,71.00100602908988,8
ch2_cla_l1_20250801T040602797_20250801T040610797.fits,/home/saurabh/moon_project/data/CLASS/ch2_cla_l1_2025_08/cla/data/calibrated/2025/08/01/ch2_cla_l1_20250801T040602797_20250801T040610797.fits,2025-08-01T04:06:02.797,2025-08-01T04:06:10.797,2025-08-01T04:06:06.797,8.0,-50.2,13.5,103.681,64.6945,66.1976,64.7001,66.1984,66.9512,66.9512,CLASS_add_scds.pro,2.1,127,1,"0,1,2,3,4,5,6,7,8,9,10,11,12,13,14,15,",65.3427,65.2389,64.0848,65.1642,64.051,67.1138,65.3074,67.2793,1.66851806640625,0.0466728848495817,1.59375,1.7275390625,3417.125,95.5860681719435,8
ch2_cla_l1_20250801T040610797_20250801T040618797.fits,/home/saurabh/moon_project/data/CLASS/ch2_cla_l1_2025_08/cla/data/calibrated/2025/08/01/ch2_cla_l1_20250801T040610797_20250801T040618797.fits,2025-08-01T04:06:10.797,2025-08-01T04:06:18.797,2025-08-01T04:06:14.797,8.0,-50.2,13.5,103.811,64.2892,66.1586,64.2948,66.1592,66.6139,66.6139,CLASS_add_scds.pro,2.1,128,1,"0,1,2,3,4,5,6,7,8,9,10,11,12,13,14,15,",64.9379,65.2125,63.6789,65.1394,63.6456,67.0636,64.9031,67.2247,1.612060546875,0.0501603959818481,1.529296875,1.6875,3301.5,102.72849097082492,8
ch2_cla_l1_20250801T040618797_20250801T040626797.fits,/home/saurabh/moon_project/data/CLASS/ch2_cla_l1_2025_08/cla/data/calibrated/2025/08/01/ch2_cla_l1_20250801T040618797_20250801T040626797.fits,2025-08-01T04:06:18.797,2025-08-01T04:06:26.797,2025-08-01T04:06:22.797,8.0,-50.2,13.5,103.942,63.884,66.1206,63.8896,66.1215,66.277,66.277,CLASS_add_scds.pro,2.1,129,1,"0,1,2,3,4,5,6,7,8,9,10,11,12,13,14,15,",64.5331,65.1864,63.2728,65.1154,63.24,67.0149,64.4988,67.1714,1.670654296875,0.0572875710877152,1.59716796875,1.75732421875,3421.5,117.32494558764073,8
ch2_cla_l1_20250801T040626797_20250801T040634797.fits,/home/saurabh/moon_project/data/CLASS/ch2_cla_l1_2025_08/cla/data/calibrated/2025/08/01/ch2_cla_l1_20250801T040626797_20250801T040634797.fits,2025-08-01T04:06:26.797,2025-08-01T04:06:34.797,2025-08-01T04:06:30.797,8.0,-50.2,13.5,104.072,63.4788,66.0838,63.4843,66.0844,65.9406,65.9406,CLASS_add_scds.pro,2.1,130,1,"0,1,2,3,4,5,6,7,8,9,10,11,12,13,14,15,",64.1282,65.1611,62.8671,65.0921,62.8346,66.9677,64.0943,67.1196,1.6357421875,0.0492116633220179,1.5517578125,1.70751953125,3350.0,100.78548648349268,8
ch2_cla_l1_20250801T040634797_20250801T040642797.fits,/home/saurabh/moon_project/data/CLASS/ch2_cla_l1_2025_08/cla/data/calibrated/2025/08/01/ch2_cla_l1_20250801T040634797_20250801T040642797.fits,2025-08-01T04:06:34.797,2025-08-01T04:06:42.797,2025-08-01T04:06:38.797,8.0,-50.2,13.5,104.202,63.0737,66.0479,63.0792,66.0485,65.6046,65.6046,CLASS_add_scds.pro,2.1,131,1,"0,1,2,3,4,5,6,7,8,9,10,11,12,13,14,15,",63.7235,65.1367,62.4612,65.0691,62.4291,66.9215,63.69,67.0697,1.7091064453125,0.0471537340918263,1.63232421875,1.78173828125,3500.25,96.57084742006032,8
ch2_cla_l1_20250801T040642797_20250801T040650797.fits,/home/saurabh/moon_project/data/CLASS/ch2_cla_l1_2025_08/cla/data/calibrated/2025/08/01/ch2_cla_l1_20250801T040642797_20250801T040650797.fits,2025-08-01T04:06:42.797,2025-08-01T04:06:50.797,2025-08-01T04:06:46.797,8.0,-50.1,13.5,104.331,62.6686,66.013,62.6744,66.0136,65.2691,65.2691,CLASS_add_scds.pro,2.1,132,1,"0,1,2,3,4,5,6,7,8,9,10,11,12,13,14,15,",63.3186,65.1125,62.0556,65.0467,62.0239,66.8768,63.2856,67.0207,1.6273193359375,0.0758590141939958,1.5146484375,1.74169921875,3332.75,155.3592610693035,8
ch2_cla_l1_20250801T040650797_20250801T040658797.fits,/home/saurabh/moon_project/data/CLASS/ch2_cla_l1_2025_08/cla/data/calibrated/2025/08/01/ch2_cla_l1_20250801T040650797_20250801T040658797.fits,2025-08-01T04:06:50.797,2025-08-01T04:06:58.797,2025-08-01T04:06:54.797,8.0,-50.1,13.5,104.461,62.2636,65.979,62.2692,65.9796,64.934,64.934,CLASS_add_scds.pro,2.1,133,1,"0,1,2,3,4,5,6,7,8,9,10,11,12,13,14,15,",62.9142,65.0892,61.6498,65.0249,61.6185,66.8332,62.8815,66.9734,1.69818115234375,0.0724776115519549,1.5810546875,1.7861328125,3477.875,148.43414845840368,8
ch2_cla_l1_20250801T040658797_20250801T040706797.fits,/home/saurabh/moon_project/data/CLASS/ch2_cla_l1_2025_08/cla/data/calibrated/2025/08/01/ch2_cla_l1_20250801T040658797_20250801T040706797.fits,2025-08-01T04:06:58.797,2025-08-01T04:07:06.797,2025-08-01T04:07:02.797,8.0,-50.1,13.5,104.59,61.8586,65.9458,61.8642,65.9466,64.5995,64.5995,CLASS_add_scds.pro,2.1,134,1,"0,1,2,3,4,5,6,7,8,9,10,11,12,13,14,15,",62.5095,65.0664,61.2443,65.0035,61.2134,66.7907,62.4773,66.9273,1.6650390625,0.0987491164762902,1.52734375,1.82568359375,3410.0,202.2381905434424,8
ch2_cla_l1_20250801T040706797_20250801T040714797.fits,/home/saurabh/moon_project/data/CLASS/ch2_cla_l1_2025_08/cla/data/calibrated/2025/08/01/ch2_cla_l1_20250801T040706797_20250801T040714797.fits,2025-08-01T04:07:06.797,2025-08-01T04:07:14.797,2025-08-01T04:07:10.797,8.0,-50.1,13.5,104.718,61.4537,65.9135,61.4594,65.9141,64.2654,64.2654,CLASS_add_scds.pro,2.1,135,1,"0,1,2,3,4,5,6,7,8,9,10,11,12,13,14,15,",62.105,65.044,60.8386,64.9826,60.808,66.7493,62.0732,66.8824,1.706298828125,0.0762804536061806,1.59619140625,1.82666015625,3494.5,156.22236898545793,8
ch2_cla_l1_20250801T040714797_20250801T040722797.fits,/home/saurabh/moon_project/data/CLASS/ch2_cla_l1_2025_08/cla/data/calibrated/2025/08/01/ch2_cla_l1_20250801T040714797_20250801T040722797.fits,2025-08-01T04:07:14.797,2025-08-01T04:07:22.797,2025-08-01T04:07:18.797,8.0,-50.1,13.5,104.847,61.0488,65.882,61.0544,65.8826,63.9318,63.9318,CLASS_add_scds.pro,2.1,136,1,"0,1,2,3,4,5,6,7,8,9,10,11,12,13,14,15,",61.7004,65.0221,60.433,64.9623,60.4028,66.7091,61.6689,66.8387,1.65191650390625,0.0689277222014208,1.55126953125,1.740234375,3383.125,141.1639750685098,8
ch2_cla_l1_20250801T040722797_20250801T040730797.fits,/home/saurabh/moon_project/data/CLASS/ch2_cla_l1_2025_08/cla/data/calibrated/2025/08/01/ch2_cla_l1_20250801T040722797_20250801T040730797.fits,2025-08-01T04:07:22.797,2025-08-01T04:07:30.797,2025-08-01T04:07:26.797,8.0,-50.1,13.5,104.975,60.644,65.8513,60.6495,65.8518,63.5987,63.5987,CLASS_add_scds.pro,2.1,137,1,"0,1,2,3,4,5,6,7,8,9,10,11,12,13,14,15,",61.2959,65.0009,60.0275,64.9423,59.9977,66.6698,61.2648,66.7962,1.7098388671875,0.0579042097589094,1.625,1.8037109375,3501.75,118.58782158624648,8
ch2_cla_l1_20250801T040730797_20250801T040738797.fits,/home/saurabh/moon_project/data/CLASS/ch2_cla_l1_2025_08/cla/data/calibrated/2025/08/01/ch2_cla_l1_20250801T040730797_20250801T040738797.fits,2025-08-01T04:07:30.797,2025-08-01T04:07:38.797,2025-08-01T04:07:34.797,8.0,-50.1,13.5,105.103,60.2392,65.8213,60.2447,65.8218,63.2661,63.2661,CLASS_add_scds.pro,2.1,138,1,"0,1,2,3,4,5,6,7,8,9,10,11,12,13,14,15,",60.8914,64.9801,59.6222,64.9228,59.5926,66.6315,60.8608,66.7548,1.6717529296875,0.0453503004733772,1.61279296875,1.744140625,3423.75,92.8774153694766,8
ch2_cla_l1_20250801T040738797_20250801T040746797.fits,/home/saurabh/moon_project/data/CLASS/ch2_cla_l1_2025_08/cla/data/calibrated/2025/08/01/ch2_cla_l1_20250801T040738797_20250801T040746797.fits,2025-08-01T04:07:38.797,2025-08-01T04:07:46.797,2025-08-01T04:07:42.797,8.0,-50.1,13.5,105.231,59.8345,65.792,59.84,65.7926,62.934,62.934,CLASS_add_scds.pro,2.1,139,1,"0,1,2,3,4,5,6,7,8,9,10,11,12,13,14,15,",60.4871,64.9597,59.2169,64.9037,59.1876,66.5942,60.4568,66.7145,1.703857421875,0.0377328455698811,1.64599609375,1.75830078125,3489.5,77.27686772711667,8
ch2_cla_l1_20250801T040746797_20250801T040754797.fits,/home/saurabh/moon_project/data/CLASS/ch2_cla_l1_2025_08/cla/data/calibrated/2025/08/01/ch2_cla_l1_20250801T040746797_20250801T040754797.fits,2025-08-01T04:07:46.797,2025-08-01T04:07:54.797,2025-08-01T04:07:50.797,8.0,-50.1,13.5,105.358,59.4298,65.7634,59.4354,65.764,62.6025,62.6025,CLASS_add_scds.pro,2.1,140,1,"0,1,2,3,4,5,6,7,8,9,10,11,12,13,14,15,",60.0829,64.9399,58.8115,64.8848,58.7826,66.5576,60.0529,66.6753,1.6942138671875,0.0628520044790323,1.60595703125,1.7890625,3469.75,128.72090517305816,8
ch2_cla_l1_20250801T040754797_20250801T040802797.fits,/home/saurabh/moon_project/data/CLASS/ch2_cla_l1_2025_08/cla/data/calibrated/2025/08/01/ch2_cla_l1_20250801T040754797_20250801T040802797.fits,2025-08-01T04:07:54.797,2025-08-01T04:08:02.797,2025-08-01T04:07:58.797,8.0,-50.1,13.5,105.485,59.0252,65.7354,59.0308,65.7362,62.2715,62.2715,CLASS_add_scds.pro,2.1,141,1,"0,1,2,3,4,5,6,7,8,9,10,11,12,13,14,15,",59.6786,64.9202,58.4063,64.8666,58.3776,66.5221,59.6489,66.6368,1.718017578125,0.0339547364728564,1.66455078125,1.765625,3518.5,69.53930029640998,8
ch2_cla_l1_20250801T040802797_20250801T040810797.fits,/home/saurabh/moon_project/data/CLASS/ch2_cla_l1_2025_08/cla/data/calibrated/2025/08/01/ch2_cla_l1_20250801T040802797_20250801T040810797.fits,2025-08-01T04:08:02.797,2025-08-01T04:08:10.797,2025-08-01T04:08:06.797,8.0,-50.1,13.5,105.612,58.6206,65.7081,58.6262,65.7087,61.941,61.941,CLASS_add_scds.pro,2.1,142,1,"0,1,2,3,4,5,6,7,8,9,10,11,12,13,14,15,",59.2744,64.9012,58.0011,64.8484,57.9728,66.4872,59.245,66.5994,1.71319580078125,0.0753473221029903,1.5927734375,1.814453125,3508.625,154.31131566692426,8
ch2_cla_l1_20250801T040810797_20250801T040818797.fits,/home/saurabh/moon_project/data/CLASS/ch2_cla_l1_2025_08/cla/data/calibrated/2025/08/01/ch2_cla_l1_20250801T040810797_20250801T040818797.fits,2025-08-01T04:08:10.797,2025-08-01T04:08:18.797,2025-08-01T04:08:14.797,8.0,-50.1,13.5,105.738,58.2161,65.6813,58.2216,65.6818,61.6111,61.6111,CLASS_add_scds.pro,2.1,143,1,"0,1,2,3,4,5,6,7,8,9,10,11,12,13,14,15,",58.8703,64.8824,57.596,64.8307,57.5679,66.4531,58.8412,66.5628,1.71197509765625,0.0517120158718021,1.6162109375,1.77685546875,3506.125,105.9062085054507,8
ch2_cla_l1_20250801T040818797_20250801T040826797.fits,/home/saurabh/moon_project/data/CLASS/ch2_cla_l1_2025_08/cla/data/calibrated/2025/08/01/ch2_cla_l1_20250801T040818797_20250801T040826797.fits,2025-08-01T04:08:18.797,2025-08-01T04:08:26.797,2025-08-01T04:08:22.797,8.0,-50.1,13.5,105.864,57.8116,65.6551,57.8172,65.6557,61.2817,61.2817,CLASS_add_scds.pro,2.1,144,1,"0,1,2,3,4,5,6,7,8,9,10,11,12,13,14,15,",58.4662,64.864,57.1909,64.8133,57.1631,66.4198,58.4374,66.527,1.73883056640625,0.0737202762715351,1.62939453125,1.8466796875,3561.125,150.9791258041039,8
ch2_cla_l1_20250801T040826797_20250801T040834797.fits,/home/saurabh/moon_project/data/CLASS/ch2_cla_l1_2025_08/cla/data/calibrated/2025/08/01/ch2_cla_l1_20250801T040826797_20250801T040834797.fits,2025-08-01T04:08:26.797,2025-08-01T04:08:34.797,2025-08-01T04:08:30.797,8.0,-50.1,13.5,105.99,57.4072,65.6295,57.4128,65.6301,60.953,60.953,CLASS_add_scds.pro,2.1,145,1,"0,1,2,3,4,5,6,7,8,9,10,11,12,13,14,15,",58.0622,64.8459,56.7859,64.7962,56.7584,66.3873,58.0337,66.4922,1.73187255859375,0.0483172475343004,1.64892578125,1.80224609375,3546.875,98.95372295024724,8
ch2_cla_l1_20250801T040834797_20250801T040842797.fits,/home/saurabh/moon_project/data/CLASS/ch2_cla_l1_2025_08/cla/data/calibrated/2025/08/01/ch2_cla_l1_20250801T040834797_20250801T040842797.fits,2025-08-01T04:08:34.797,2025-08-01T04:08:42.797,2025-08-01T04:08:38.797,8.0,-50.1,13.5,106.115,57.0028,65.6045,57.0084,65.6049,60.6248,60.6248,CLASS_add_scds.pro,2.1,146,1,"0,1,2,3,4,5,6,7,8,9,10,11,12,13,14,15,",57.6582,64.8283,56.381,64.7795,56.3537,66.3555,57.63,66.4581,1.73345947265625,0.1055489492520133,1.58251953125,1.87939453125,3550.125,216.1642480681233,8
ch2_cla_l1_20250801T040842797_20250801T040850797.fits,/home/saurabh/moon_project/data/CLASS/ch2_cla_l1_2025_08/cla/data/calibrated/2025/08/01/ch2_cla_l1_20250801T040842797_20250801T040850797.fits,2025-08-01T04:08:42.797,2025-08-01T04:08:50.797,2025-08-01T04:08:46.797,8.0,-50.1,13.5,106.24,56.5985,65.5799,56.604,65.5804,60.2972,60.2972,CLASS_add_scds.pro,2.1,147,1,"0,1,2,3,4,5,6,7,8,9,10,11,12,13,14,15,",57.2543,64.8109,55.9761,64.763,55.949,66.3244,57.2264,66.4248,1.7288818359375,0.0778374967623599,1.6103515625,1.8291015625,3540.75,159.41119336931322,8
ch2_cla_l1_20250801T040850797_20250801T040858797.fits,/home/saurabh/moon_project/data/CLASS/ch2_cla_l1_2025_08/cla/data/calibrated/2025/08/01/ch2_cla_l1_20250801T040850797_20250801T040858797.fits,2025-08-01T04:08:50.797,2025-08-01T04:08:58.797,2025-08-01T04:08:54.797,8.0,-50.1,13.5,106.365,56.1942,65.5558,56.1997,65.5563,59.9702,59.9702,CLASS_add_scds.pro,2.1,148,1,"0,1,2,3,4,5,6,7,8,9,10,11,12,13,14,15,",56.8504,64.7939,55.5711,64.7466,55.5444,66.2936,56.8228,66.3922,1.767578125,0.0855143645161974,1.6708984375,1.900390625,3620.0,175.13341852917245,8
ch2_cla_l1_20250801T040858797_20250801T040906797.fits,/home/saurabh/moon_project/data/CLASS/ch2_cla_l1_2025_08/cla/data/calibrated/2025/08/01/ch2_cla_l1_20250801T040858797_20250801T040906797.fits,2025-08-01T04:08:58.797,2025-08-01T04:09:06.797,2025-08-01T04:09:02.797,8.0,-50.1,13.5,106.489,55.79,65.5322,55.7956,65.5326,59.6439,59.6439,CLASS_add_scds.pro,2.1,149,1,"0,1,2,3,4,5,6,7,8,9,10,11,12,13,14,15,",56.4465,64.7768,55.1663,64.7307,55.1398,66.2638,56.4192,66.36,1.74774169921875,0.0682945411119529,1.63818359375,1.83251953125,3579.375,139.86722019727955,8
ch2_cla_l1_20250801T040906797_20250801T040914797.fits,/home/saurabh/moon_project/data/CLASS/ch2_cla_l1_2025_08/cla/data/calibrated/2025/08/01/ch2_cla_l1_20250801T040906797_20250801T040914797.fits,2025-08-01T04:09:06.797,2025-08-01T04:09:14.797,2025-08-01T04:09:10.797,8.0,-50.0,13.5,106.613,55.3858,65.5091,55.3914,65.5095,59.3182,59.3182,CLASS_add_scds.pro,2.1,150,1,"0,1,2,3,4,5,6,7,8,9,10,11,12,13,14,15,",56.0428,64.7605,54.7616,64.7151,54.7353,66.2347,56.0157,66.3289,1.77337646484375,0.0453297831079488,1.71240234375,1.85498046875,3631.875,92.8353958050792,8
ch2_cla_l1_20250801T040914797_20250801T040922797.fits,/home/saurabh/moon_project/data/CLASS/ch2_cla_l1_2025_08/cla/data/calibrated/2025/08/01/ch2_cla_l1_20250801T040914797_20250801T040922797.fits,2025-08-01T04:09:14.797,2025-08-01T04:09:22.797,2025-08-01T04:09:18.797,8.0,-50.1,13.5,106.737,54.9816,65.4864,54.9873,65.4869,58.9931,58.9931,CLASS_add_scds.pro,2.1,151,1,"0,1,2,3,4,5,6,7,8,9,10,11,12,13,14,15,",55.6391,64.7444,54.3569,64.6997,54.3308,66.2061,55.6122,66.2985,1.7396240234375,0.0588696478324934,1.6435546875,1.8310546875,3562.75,120.56503876094666,8
ch2_cla_l1_20250801T040922797_20250801T040930797.fits,/home/saurabh/moon_project/data/CLASS/ch2_cla_l1_2025_08/cla/data/calibrated/2025/08/01/ch2_cla_l1_20250801T040922797_20250801T040930797.fits,2025-08-01T04:09:22.797,2025-08-01T04:09:30.797,2025-08-01T04:09:26.797,8.0,-50.0,13.5,106.86,54.5776,65.4642,54.5832,65.4647,58.6686,58.6686,CLASS_add_scds.pro,2.1,152,1,"0,1,2,3,4,5,6,7,8,9,10,11,12,13,14,15,",55.2354,64.7285,53.9521,64.6846,53.9263,66.178,55.2087,66.2686,1.77886962890625,0.0488298252354651,1.71435546875,1.86865234375,3643.125,100.00348208223268,8
ch2_cla_l1_20250801T040930797_20250801T040938797.fits,/home/saurabh/moon_project/data/CLASS/ch2_cla_l1_2025_08/cla/data/calibrated/2025/08/01/ch2_cla_l1_20250801T040930797_20250801T040938797.fits,2025-08-01T04:09:30.797,2025-08-01T04:09:38.797,2025-08-01T04:09:34.797,8.0,-50.0,13.5,106.982,54.1735,65.4423,54.1791,65.4428,58.3449,58.3449,CLASS_add_scds.pro,2.1,153,1,"0,1,2,3,4,5,6,7,8,9,10,11,12,13,14,15,",54.8316,64.7129,53.5476,64.6697,53.522,66.1505,54.8053,66.2393,1.60406494140625,0.0302221329337202,1.5546875,1.6494140625,3285.125,61.89492824825911,8
ch2_cla_l1_20250801T040938797_20250801T040946797.fits,/home/saurabh/moon_project/data/CLASS/ch2_cla_l1_2025_08/cla/data/calibrated/2025/08/01/ch2_cla_l1_20250801T040938797_20250801T040946797.fits,2025-08-01T04:09:38.797,2025-08-01T04:09:46.797,2025-08-01T04:09:42.797,8.0,-50.0,13.5,107.105,53.7695,65.4209,53.7752,65.4213,58.0218,58.0218,CLASS_add_scds.pro,2.1,154,1,"0,1,2,3,4,5,6,7,8,9,10,11,12,13,14,15,",54.4282,64.6976,53.1432,64.6548,53.1178,66.1234,54.402,66.2107,1.674560546875,0.0316818910107584,1.63037109375,1.7216796875,3429.5,64.88451279003334,8
ch2_cla_l1_20250801T040946797_20250801T040954797.fits,/home/saurabh/moon_project/data/CLASS/ch2_cla_l1_2025_08/cla/data/calibrated/2025/08/01/ch2_cla_l1_20250801T040946797_20250801T040954797.fits,2025-08-01T04:09:46.797,2025-08-01T04:09:54.797,2025-08-01T04:09:50.797,8.0,-50.0,13.5,107.227,53.3656,65.3998,53.3713,65.4003,57.6994,57.6994,CLASS_add_scds.pro,2.1,155,1,"0,1,2,3,4,5,6,7,8,9,10,11,12,13,14,15,",54.0247,64.6822,52.7387,64.6404,52.7135,66.0969,53.9987,66.1824,1.62646484375,0.0411846802988993,1.5634765625,1.68994140625,3331.0,84.34622525214579,8
ch2_cla_l1_20250801T040954797_20250801T041002797.fits,/home/saurabh/moon_project/data/CLASS/ch2_cla_l1_2025_08/cla/data/calibrated/2025/08/01/ch2_cla_l1_20250801T040954797_20250801T041002797.fits,2025-08-01T04:09:54.797,2025-08-01T04:10:02.797,2025-08-01T04:09:58.797,8.0,-49.8,13.5,107.348,52.9617,65.3791,52.9676,65.3795,57.3776,57.3776,CLASS_add_scds.pro,2.1,156,1,"0,1,2,3,4,5,6,7,8,9,10,11,12,13,14,15,",53.6213,64.6674,52.3343,64.626,52.3093,66.0708,53.5955,66.1549,1.67626953125,0.0348262741574039,1.61669921875,1.72900390625,3433.0,71.32420947436331,8
ch2_cla_l1_20250801T041002797_20250801T041010797.fits,/home/saurabh/moon_project/data/CLASS/ch2_cla_l1_2025_08/cla/data/calibrated/2025/08/01/ch2_cla_l1_20250801T041002797_20250801T041010797.fits,2025-08-01T04:10:02.797,2025-08-01T04:10:10.797,2025-08-01T04:10:06.797,8.0,-49.8,13.5,107.469,52.5579,65.3588,52.5638,65.3591,57.0567,57.0567,CLASS_add_scds.pro,2.1,157,1,"0,1,2,3,4,5,6,7,8,9,10,11,12,13,14,15,",53.2179,64.6527,51.9299,64.6119,51.9052,66.0454,53.1923,66.1278,1.6265869140625,0.0714063780229857,1.5419921875,1.76708984375,3331.25,146.24026219107475,8
ch2_cla_l1_20250801T041010797_20250801T041018797.fits,/home/saurabh/moon_project/data/CLASS/ch2_cla_l1_2025_08/cla/data/calibrated/2025/08/01/ch2_cla_l1_20250801T041010797_20250801T041018797.fits,2025-08-01T04:10:10.797,2025-08-01T04:10:18.797,2025-08-01T04:10:14.797,8.0,-49.8,13.5,107.59,52.1541,65.3389,52.1599,65.3391,56.7364,56.7364,CLASS_add_scds.pro,2.1,158,1,"0,1,2,3,4,5,6,7,8,9,10,11,12,13,14,15,",52.8145,64.6381,51.5255,64.598,51.5009,66.0203,52.7892,66.1011,1.68621826171875,0.044050544809752,1.6123046875,1.7548828125,3453.375,90.21551577037224,8
ch2_cla_l1_20250801T041018797_20250801T041026797.fits,/home/saurabh/moon_project/data/CLASS/ch2_cla_l1_2025_08/cla/data/calibrated/2025/08/01/ch2_cla_l1_20250801T041018797_20250801T041026797.fits,2025-08-01T04:10:18.797,2025-08-01T04:10:26.797,2025-08-01T04:10:22.797,8.0,-49.7,13.5,107.71,51.7504,65.3192,51.7561,65.3196,56.4168,56.4168,CLASS_add_scds.pro,2.1,159,1,"0,1,2,3,4,5,6,7,8,9,10,11,12,13,14,15,",52.4111,64.6238,51.1213,64.5844,51.0968,65.9958,52.386,66.0751,1.6676025390625,0.0760034508674586,1.56494140625,1.79833984375,3415.25,155.6550673765554,8
ch2_cla_l1_20250801T041026797_20250801T041034797.fits,/home/saurabh/moon_project/data/CLASS/ch2_cla_l1_2025_08/cla/data/calibrated/2025/08/01/ch2_cla_l1_20250801T041026797_20250801T041034797.fits,2025-08-01T04:10:26.797,2025-08-01T04:10:34.797,2025-08-01T04:10:30.797,8.0,-49.7,13.5,107.829,51.3467,65.2999,51.3524,65.3003,56.0981,56.0981,CLASS_add_scds.pro,2.1,160,1,"0,1,2,3,4,5,6,7,8,9,10,11,12,13,14,15,",52.0078,64.6099,50.717,64.5708,50.6927,65.9716,51.9829,66.0497,1.69158935546875,0.0611017702891966,1.595703125,1.78173828125,3464.375,125.13642555227474,8
ch2_cla_l1_20250801T041034797_20250801T041042797.fits,/home/saurabh/moon_project/data/CLASS/ch2_cla_l1_2025_08/cla/data/calibrated/2025/08/01/ch2_cla_l1_20250801T041034797_20250801T041042797.fits,2025-08-01T04:10:34.797,2025-08-01T04:10:42.797,2025-08-01T04:10:38.797,8.0,-49.7,13.5,107.948,50.943,65.2809,50.9487,65.2813,55.7801,55.7801,CLASS_add_scds.pro,2.1,161,1,"0,1,2,3,4,5,6,7,8,9,10,11,12,13,14,15,",51.6045,64.5959,50.3129,64.5575,50.2888,65.9479,51.5798,66.0245,1.6754150390625,0.0792988464840581,1.55224609375,1.8134765625,3431.25,162.40403759935106,8
ch2_cla_l1_20250801T041042797_20250801T041050797.fits,/home/saurabh/moon_project/data/CLASS/ch2_cla_l1_2025_08/cla/data/calibrated/2025/08/01/ch2_cla_l1_20250801T041042797_20250801T041050797.fits,2025-08-01T04:10:42.797,2025-08-01T04:10:50.797,2025-08-01T04:10:46.797,8.0,-49.7,13.5,108.067,50.5394,65.2623,50.5452,65.2626,55.4628,55.4628,CLASS_add_scds.pro,2.1,162,1,"0,1,2,3,4,5,6,7,8,9,10,11,12,13,14,15,",51.2014,64.5823,49.9087,64.5444,49.8848,65.9246,51.1768,66.0,1.69903564453125,0.0752659114152386,1.5810546875,1.80322265625,3479.625,154.14458657840882,8
ch2_cla_l1_20250801T041050797_20250801T041058797.fits,/home/saurabh/moon_project/data/CLASS/ch2_cla_l1_2025_08/cla/data/calibrated/2025/08/01/ch2_cla_l1_20250801T041050797_20250801T041058797.fits,2025-08-01T04:10:50.797,2025-08-01T04:10:58.797,2025-08-01T04:10:54.797,8.0,-49.7,13.5,108.185,50.1359,65.2439,50.1416,65.2442,55.1464,55.1464,CLASS_add_scds.pro,2.1,163,1,"0,1,2,3,4,5,6,7,8,9,10,11,12,13,14,15,",50.7982,64.5688,49.5046,64.5314,49.4809,65.9017,50.7738,65.9757,1.706787109375,0.090836437100653,1.5751953125,1.82421875,3495.5,186.03302318213755,8
ch2_cla_l1_20250801T041058797_20250801T041106797.fits,/home/saurabh/moon_project/data/CLASS/ch2_cla_l1_2025_08/cla/data/calibrated/2025/08/01/ch2_cla_l1_20250801T041058797_20250801T041106797.fits,2025-08-01T04:10:58.797,2025-08-01T04:11:06.797,2025-08-01T04:11:02.797,8.0,-49.7,13.5,108.303,49.7324,65.2258,49.7382,65.2262,54.8307,54.8307,CLASS_add_scds.pro,2.1,164,1,"0,1,2,3,4,5,6,7,8,9,10,11,12,13,14,15,",50.3951,64.5555,49.1007,64.5186,49.0771,65.8792,50.3709,65.952,1.689208984375,0.0564394228884822,1.595703125,1.77392578125,3459.5,115.58793807561165,8
ch2_cla_l1_20250801T041106797_20250801T041114797.fits,/home/saurabh/moon_project/data/CLASS/ch2_cla_l1_2025_08/cla/data/calibrated/2025/08/01/ch2_cla_l1_20250801T041106797_20250801T041114797.fits,2025-08-01T04:11:06.797,2025-08-01T04:11:14.797,2025-08-01T04:11:10.797,8.0,-49.7,13.5,108.42,49.329,65.208,49.3347,65.2083,54.5159,54.5159,CLASS_add_scds.pro,2.1,165,1,"0,1,2,3,4,5,6,7,8,9,10,11,12,13,14,15,",49.9921,64.5424,48.6967,64.5059,48.6733,65.8571,49.9681,65.9287,1.69683837890625,0.0748759549528325,1.5791015625,1.81982421875,3475.125,153.3459557434011,8
ch2_cla_l1_20250801T041114797_20250801T041122797.fits,/home/saurabh/moon_project/data/CLASS/ch2_cla_l1_2025_08/cla/data/calibrated/2025/08/01/ch2_cla_l1_20250801T041114797_20250801T041122797.fits,2025-08-01T04:11:14.797,2025-08-01T04:11:22.797,2025-08-01T04:11:18.797,8.0,-49.7,13.5,108.537,48.9256,65.1904,48.9313,65.1908,54.2019,54.2019,CLASS_add_scds.pro,2.1,166,1,"0,1,2,3,4,5,6,7,8,9,10,11,12,13,14,15,",49.5891,64.5294,48.2928,64.4934,48.2696,65.8353,49.5653,65.9057,1.71356201171875,0.0547957225350339,1.63525390625,1.8115234375,3509.375,112.22163975174944,8
ch2_cla_l1_20250801T041122797_20250801T041130797.fits,/home/saurabh/moon_project/data/CLASS/ch2_cla_l1_2025_08/cla/data/calibrated/2025/08/01/ch2_cla_l1_20250801T041122797_20250801T041130797.fits,2025-08-01T04:11:22.797,2025-08-01T04:11:30.797,2025-08-01T04:11:26.797,8.0,-49.7,13.5,108.653,48.5222,65.1731,48.5279,65.1734,53.8888,53.8888,CLASS_add_scds.pro,2.1,167,1,"0,1,2,3,4,5,6,7,8,9,10,11,12,13,14,15,",49.1862,64.5166,47.8889,64.481,47.8658,65.8138,49.1625,65.8831,1.705322265625,0.0657407608958935,1.60498046875,1.78271484375,3492.5,134.63707831478987,8
ch2_cla_l1_20250801T041130797_20250801T041138797.fits,/home/saurabh/moon_project/data/CLASS/ch2_cla_l1_2025_08/cla/data/calibrated/2025/08/01/ch2_cla_l1_20250801T041130797_20250801T041138797.fits,2025-08-01T04:11:30.797,2025-08-01T04:11:38.797,2025-08-01T04:11:34.797,8.0,-49.7,13.5,108.769,48.1189,65.1561,48.1246,65.1564,53.5766,53.5766,CLASS_add_scds.pro,2.1,168,1,"0,1,2,3,4,5,6,7,8,9,10,11,12,13,14,15,",48.7832,64.5039,47.4852,64.4688,47.4622,65.7928,48.7597,65.8609,1.70001220703125,0.0324476838593738,1.65234375,1.7451171875,3481.625,66.45285654399774,8
ch2_cla_l1_20250801T041138797_20250801T041146797.fits,/home/saurabh/moon_project/data/CLASS/ch2_cla_l1_2025_08/cla/data/calibrated/2025/08/01/ch2_cla_l1_20250801T041138797_20250801T041146797.fits,2025-08-01T04:11:38.797,2025-08-01T04:11:46.797,2025-08-01T04:11:42.797,8.0,-49.7,13.5,108.884,47.7156,65.1393,47.7214,65.1397,53.2652,53.2652,CLASS_add_scds.pro,2.1,169,1,"0,1,2,3,4,5,6,7,8,9,10,11,12,13,14,15,",48.3804,64.4915,47.0813,64.4567,47.0585,65.772,48.3571,65.8392,1.74432373046875,0.0523791992267741,1.646484375,1.80322265625,3572.375,107.27260001643344,8
ch2_cla_l1_20250801T041146797_20250801T041154797.fits,/home/saurabh/moon_project/data/CLASS/ch2_cla_l1_2025_08/cla/data/calibrated/2025/08/01/ch2_cla_l1_20250801T041146797_20250801T041154797.fits,2025-08-01T04:11:46.797,2025-08-01T04:11:54.797,2025-08-01T04:11:50.797,8.0,-49.6,13.5,108.999,47.3124,65.1228,47.3181,65.1231,52.9547,52.9547,CLASS_add_scds.pro,2.1,170,1,"0,1,2,3,4,5,6,7,8,9,10,11,12,13,14,15,",47.9775,64.4791,46.6777,64.4448,46.6551,65.7516,47.9544,65.8176,1.71856689453125,0.0357699046290651,1.6591796875,1.7724609375,3519.625,73.2567646803254,8
ch2_cla_l1_20250801T041154797_20250801T041202797.fits,/home/saurabh/moon_project/data/CLASS/ch2_cla_l1_2025_08/cla/data/calibrated/2025/08/01/ch2_cla_l1_20250801T041154797_20250801T041202797.fits,2025-08-01T04:11:54.797,2025-08-01T04:12:02.797,2025-08-01T04:11:58.797,8.0,-49.6,13.5,109.113,46.9093,65.1065,46.9151,65.1069,52.6451,52.6451,CLASS_add_scds.pro,2.1,171,1,"0,1,2,3,4,5,6,7,8,9,10,11,12,13,14,15,",47.5749,64.4669,46.274,64.433,46.2515,65.7315,47.5518,65.7966,1.74456787109375,0.0590952528534569,1.66455078125,1.82568359375,3572.875,121.02707784387992,8
ch2_cla_l1_20250801T041202797_20250801T041210797.fits,/home/saurabh/moon_project/data/CLASS/ch2_cla_l1_2025_08/cla/data/calibrated/2025/08/01/ch2_cla_l1_20250801T041202797_20250801T041210797.fits,2025-08-01T04:12:02.797,2025-08-01T04:12:10.797,2025-08-01T04:12:06.797,8.0,-49.5,13.5,109.226,46.5062,65.0904,46.512,65.0908,52.3365,52.3365,CLASS_add_scds.pro,2.1,172,1,"0,1,2,3,4,5,6,7,8,9,10,11,12,13,14,15,",47.1721,64.4548,45.8704,64.4212,45.848,65.7117,47.1492,65.7758,1.707763671875,0.0452828446485144,1.6279296875,1.7734375,3497.5,92.73926584015764,8
ch2_cla_l1_20250801T041210797_20250801T041218797.fits,/home/saurabh/moon_project/data/CLASS/ch2_cla_l1_2025_08/cla/data/calibrated/2025/08/01/ch2_cla_l1_20250801T041210797_20250801T041218797.fits,2025-08-01T04:12:10.797,2025-08-01T04:12:18.797,2025-08-01T04:12:14.797,8.0,-49.4,13.5,109.339,46.1031,65.0746,46.1089,65.0749,52.0288,52.0288,CLASS_add_scds.pro,2.1,173,1,"0,1,2,3,4,5,6,7,8,9,10,11,12,13,14,15,",46.7694,64.4429,45.4669,64.4098,45.4447,65.6923,46.7467,65.7553,1.76971435546875,0.0545821050105661,1.6904296875,1.8544921875,3624.375,111.78415106163943,8
ch2_cla_l1_20250801T041218797_20250801T041226797.fits,/home/saurabh/moon_project/data/CLASS/ch2_cla_l1_2025_08/cla/data/calibrated/2025/08/01/ch2_cla_l1_20250801T041218797_20250801T041226797.fits,2025-08-01T04:12:18.797,2025-08-01T04:12:26.797,2025-08-01T04:12:22.797,8.0,-49.4,13.5,109.452,45.7001,65.0589,45.7058,65.0592,51.7221,51.7221,CLASS_add_scds.pro,2.1,174,1,"0,1,2,3,4,5,6,7,8,9,10,11,12,13,14,15,",46.3669,64.4312,45.0633,64.3982,45.0414,65.673,46.3443,65.7352,1.71875,0.0569865370604791,1.62646484375,1.79345703125,3520.0,116.7084278998614,8
ch2_cla_l1_20250801T041226797_20250801T041234797.fits,/home/saurabh/moon_project/data/CLASS/ch2_cla_l1_2025_08/cla/data/calibrated/2025/08/01/ch2_cla_l1_20250801T041226797_20250801T041234797.fits,2025-08-01T04:12:26.797,2025-08-01T04:12:34.797,2025-08-01T04:12:30.797,8.0,-49.4,13.5,109.564,45.2971,65.0435,45.303,65.0438,51.4164,51.4164,CLASS_add_scds.pro,2.1,175,1,"0,1,2,3,4,5,6,7,8,9,10,11,12,13,14,15,",45.9643,64.4192,44.6599,64.3869,44.638,65.6541,45.9419,65.7151,1.77154541015625,0.0744869291647324,1.64697265625,1.8671875,3628.125,152.549230929372,8
ch2_cla_l1_20250801T041234797_20250801T041242797.fits,/home/saurabh/moon_project/data/CLASS/ch2_cla_l1_2025_08/cla/data/calibrated/2025/08/01/ch2_cla_l1_20250801T041234797_20250801T041242797.fits,2025-08-01T04:12:34.797,2025-08-01T04:12:42.797,2025-08-01T04:12:38.797,8.0,-49.4,13.5,109.675,44.8942,65.0283,44.8999,65.0286,51.1117,51.1117,CLASS_add_scds.pro,2.1,176,1,"0,1,2,3,4,5,6,7,8,9,10,11,12,13,14,15,",45.5618,64.4078,44.2566,64.3757,44.2347,65.6354,45.5395,65.6957,1.71844482421875,0.0792349039667227,1.5947265625,1.8251953125,3519.375,162.27308332384817,8
ch2_cla_l1_20250801T041242797_20250801T041250797.fits,/home/saurabh/moon_project/data/CLASS/ch2_cla_l1_2025_08/cla/data/calibrated/2025/08/01/ch2_cla_l1_20250801T041242797_20250801T041250797.fits,2025-08-01T04:12:42.797,2025-08-01T04:12:50.797,2025-08-01T04:12:46.797,8.0,-49.3,13.5,109.786,44.4913,65.0132,44.4972,65.0134,50.8079,50.8079,CLASS_add_scds.pro,2.1,177,1,"0,1,2,3,4,5,6,7,8,9,10,11,12,13,14,15,",45.1593,64.3964,43.8531,64.3645,43.8315,65.6169,45.1372,65.6765,1.79449462890625,0.0715058496218349,1.68310546875,1.88427734375,3675.125,146.4439800255179,8
ch2_cla_l1_20250801T041250797_20250801T041258797.fits,/home/saurabh/moon_project/data/CLASS/ch2_cla_l1_2025_08/cla/data/calibrated/2025/08/01/ch2_cla_l1_20250801T041250797_20250801T041258797.fits,2025-08-01T04:12:50.797,2025-08-01T04:12:58.797,2025-08-01T04:12:54.797,8.0,-49.3,13.5,109.896,44.0885,64.9984,44.0943,64.9986,50.5053,50.5053,CLASS_add_scds.pro,2.1,178,1,"0,1,2,3,4,5,6,7,8,9,10,11,12,13,14,15,",44.7568,64.385,43.4499,64.3535,43.4283,65.5989,44.7348,65.6574,1.73114013671875,0.0644504497022391,1.63330078125,1.81005859375,3545.375,131.9945209901857,8
ch2_cla_l1_20250801T041258797_20250801T041306797.fits,/home/saurabh/moon_project/data/CLASS/ch2_cla_l1_2025_08/cla/data/calibrated/2025/08/01/ch2_cla_l1_20250801T041258797_20250801T041306797.fits,2025-08-01T04:12:58.797,2025-08-01T04:13:06.797,2025-08-01T04:13:02.797,8.0,-49.3,13.5,110.006,43.6857,64.9837,43.6915,64.984,50.2037,50.2037,CLASS_add_scds.pro,2.1,179,1,"0,1,2,3,4,5,6,7,8,9,10,11,12,13,14,15,",44.3545,64.3739,43.0467,64.3427,43.0252,65.5811,44.3326,65.6388,1.785400390625,0.0618844372707014,1.70556640625,1.88818359375,3656.5,126.7393275303966,8
ch2_cla_l1_20250801T041306797_20250801T041314797.fits,/home/saurabh/moon_project/data/CLASS/ch2_cla_l1_2025_08/cla/data/calibrated/2025/08/01/ch2_cla_l1_20250801T041306797_20250801T041314797.fits,2025-08-01T04:13:06.797,2025-08-01T04:13:14.797,2025-08-01T04:13:10.797,8.0,-49.3,13.5,110.115,43.2829,64.9693,43.2888,64.9696,49.9031,49.9031,CLASS_add_scds.pro,2.1,180,1,"0,1,2,3,4,5,6,7,8,9,10,11,12,13,14,15,",43.9521,64.3629,42.6434,64.332,42.622,65.5635,43.9304,65.6205,1.7601318359375,0.0485046132720972,1.6826171875,1.82421875,3604.75,99.33744798125514,8
ch2_cla_l1_20250801T041314797_20250801T041322797.fits,/home/saurabh/moon_project/data/CLASS/ch2_cla_l1_2025_08/cla/data/calibrated/2025/08/01/ch2_cla_l1_20250801T041314797_20250801T041322797.fits,2025-08-01T04:13:14.797,2025-08-01T04:13:22.797,2025-08-01T04:13:18.797,8.0,-49.3,13.5,110.223,42.8802,64.955,42.886,64.9553,49.6037,49.6037,CLASS_add_scds.pro,2.1,181,1,"0,1,2,3,4,5,6,7,8,9,10,11,12,13,14,15,",43.5498,64.352,42.2402,64.3212,42.219,65.546,43.5281,65.6024,1.78411865234375,0.0448478420397589,1.7138671875,1.8623046875,3653.875,91.8483804974263,8
ch2_cla_l1_20250801T041322797_20250801T041330797.fits,/home/saurabh/moon_project/data/CLASS/ch2_cla_l1_2025_08/cla/data/calibrated/2025/08/01/ch2_cla_l1_20250801T041322797_20250801T041330797.fits,2025-08-01T04:13:22.797,2025-08-01T04:13:30.797,2025-08-01T04:13:26.797,8.0,-49.3,13.5,110.331,42.4776,64.9408,42.4834,64.9411,49.3054,49.3054,CLASS_add_scds.pro,2.1,182,1,"0,1,2,3,4,5,6,7,8,9,10,11,12,13,14,15,",43.1475,64.3409,41.8371,64.3106,41.816,65.5289,43.1259,65.5844,1.76715087890625,0.0665146079874564,1.69189453125,1.869140625,3619.125,136.22191715831087,8
ch2_cla_l1_20250801T041330797_20250801T041338797.fits,/home/saurabh/moon_project/data/CLASS/ch2_cla_l1_2025_08/cla/data/calibrated/2025/08/01/ch2_cla_l1_20250801T041330797_20250801T041338797.fits,2025-08-01T04:13:30.797,2025-08-01T04:13:38.797,2025-08-01T04:13:34.797,8.0,-49.2,13.5,110.438,42.075,64.9269,42.0808,64.9271,49.0082,49.0082,CLASS_add_scds.pro,2.1,183,1,"0,1,2,3,4,5,6,7,8,9,10,11,12,13,14,15,",42.7453,64.3303,41.4341,64.3001,41.4131,65.512,42.7239,65.5668,1.7913818359375,0.0349694998836188,1.7470703125,1.84814453125,3668.75,71.61753576165148,8
ch2_cla_l1_20250801T041338797_20250801T041346797.fits,/home/saurabh/moon_project/data/CLASS/ch2_cla_l1_2025_08/cla/data/calibrated/2025/08/01/ch2_cla_l1_20250801T041338797_20250801T041346797.fits,2025-08-01T04:13:38.797,2025-08-01T04:13:46.797,2025-08-01T04:13:42.797,8.0,-49.1,13.5,110.545,41.6724,64.9131,41.6784,64.9133,48.7122,48.7122,CLASS_add_scds.pro,2.1,184,1,"0,1,2,3,4,5,6,7,8,9,10,11,12,13,14,15,",42.3431,64.3195,41.0311,64.2896,41.0102,65.4952,42.3218,65.5493,1.76171875,0.0937728853903079,1.61767578125,1.88037109375,3608.0,192.04686927935063,8
ch2_cla_l1_20250801T041346797_20250801T041354797.fits,/home/saurabh/moon_project/data/CLASS/ch2_cla_l1_2025_08/cla/data/calibrated/2025/08/01/ch2_cla_l1_20250801T041346797_20250801T041354797.fits,2025-08-01T04:13:46.797,2025-08-01T04:13:54.797,2025-08-01T04:13:50.797,8.0,-49.1,13.5,110.651,41.2699,64.8994,41.2758,64.8997,48.4174,48.4174,CLASS_add_scds.pro,2.1,185,1,"0,1,2,3,4,5,6,7,8,9,10,11,12,13,14,15,",41.941,64.3089,40.6281,64.2793,40.6073,65.4787,41.9199,65.5321,1.656005859375,0.0489180254982288,1.57763671875,1.72998046875,3391.5,100.1841162203727,8
ch2_cla_l1_20250801T041354797_20250801T041402797.fits,/home/saurabh/moon_project/data/CLASS/ch2_cla_l1_2025_08/cla/data/calibrated/2025/08/01/ch2_cla_l1_20250801T041354797_20250801T041402797.fits,2025-08-01T04:13:54.797,2025-08-01T04:14:02.797,2025-08-01T04:13:58.797,8.0,-49.1,13.5,110.757,40.8674,64.8859,40.8733,64.8862,48.1237,48.1237,CLASS_add_scds.pro,2.1,186,1,"0,1,2,3,4,5,6,7,8,9,10,11,12,13,14,15,",41.5389,64.2984,40.2251,64.269,40.2045,65.4625,41.5178,65.5151,1.66845703125,0.0654281258142518,1.56787109375,1.76806640625,3417.0,133.9968016675878,8
ch2_cla_l1_20250801T041402797_20250801T041410797.fits,/home/saurabh/moon_project/data/CLASS/ch2_cla_l1_2025_08/cla/data/calibrated/2025/08/01/ch2_cla_l1_20250801T041402797_20250801T041410797.fits,2025-08-01T04:14:02.797,2025-08-01T04:14:10.797,2025-08-01T04:14:06.797,8.0,-49.0,13.5,110.861,40.465,64.8726,40.4708,64.8728,47.8313,47.8313,CLASS_add_scds.pro,2.1,187,1,"0,1,2,3,4,5,6,7,8,9,10,11,12,13,14,15,",41.1368,64.2879,39.8223,64.2588,39.8017,65.4464,41.1158,65.4984,1.6712646484375,0.0476309358425585,1.603515625,1.74853515625,3422.75,97.54815660556,8
ch2_cla_l1_20250801T041410797_20250801T041418797.fits,/home/saurabh/moon_project/data/CLASS/ch2_cla_l1_2025_08/cla/data/calibrated/2025/08/01/ch2_cla_l1_20250801T041410797_20250801T041418797.fits,2025-08-01T04:14:10.797,2025-08-01T04:14:18.797,2025-08-01T04:14:14.797,8.0,-49.0,13.5,110.966,40.0626,64.8594,40.0686,64.8595,47.5402,47.5402,CLASS_add_scds.pro,2.1,188,1,"0,1,2,3,4,5,6,7,8,9,10,11,12,13,14,15,",40.7348,64.2776,39.4195,64.2486,39.3991,65.4304,40.714,65.4818,1.685546875,0.103997520081852,1.5087890625,1.8232421875,3452.0,212.98692112763305,8
ch2_cla_l1_20250801T041418797_20250801T041426797.fits,/home/saurabh/moon_project/data/CLASS/ch2_cla_l1_2025_08/cla/data/calibrated/2025/08/01/ch2_cla_l1_20250801T041418797_20250801T041426797.fits,2025-08-01T04:14:18.797,2025-08-01T04:14:26.797,2025-08-01T04:14:22.797,8.0,-48.9,13.5,111.069,39.6603,64.8463,39.6662,64.8466,47.2503,47.2503,CLASS_add_scds.pro,2.1,189,1,"0,1,2,3,4,5,6,7,8,9,10,11,12,13,14,15,",40.3329,64.2672,39.0167,64.2388,38.9963,65.4149,40.3122,65.4654,1.66644287109375,0.073492150422308,1.55224609375,1.75830078125,3412.875,150.51192406488693,8
ch2_cla_l1_20250801T041426797_20250801T041434797.fits,/home/saurabh/moon_project/data/CLASS/ch2_cla_l1_2025_08/cla/data/calibrated/2025/08/01/ch2_cla_l1_20250801T041426797_20250801T041434797.fits,2025-08-01T04:14:26.797,2025-08-01T04:14:34.797,2025-08-01T04:14:30.797,8.0,-48.9,13.5,111.172,39.258,64.8334,39.2638,64.8337,46.9617,46.9617,CLASS_add_scds.pro,2.1,190,1,"0,1,2,3,4,5,6,7,8,9,10,11,12,13,14,15,",39.931,64.2573,38.614,64.2289,38.5937,65.3995,39.9103,65.4495,1.7100830078125,0.0807118082208825,1.60693359375,1.83447265625,3502.25,165.2977832363675,8
ch2_cla_l1_20250801T041434797_20250801T041442797.fits,/home/saurabh/moon_project/data/CLASS/ch2_cla_l1_2025_08/cla/data/calibrated/2025/08/01/ch2_cla_l1_20250801T041434797_20250801T041442797.fits,2025-08-01T04:14:34.797,2025-08-01T04:14:42.797,2025-08-01T04:14:38.797,8.0,-48.9,13.5,111.274,38.8557,64.8206,38.8616,64.8209,46.6744,46.6744,CLASS_add_scds.pro,2.1,191,1,"0,1,2,3,4,5,6,7,8,9,10,11,12,13,14,15,",39.5291,64.2473,38.2113,64.219,38.1911,65.3842,39.5086,65.4337,1.69091796875,0.0768556194265858,1.57763671875,1.79443359375,3463.0,157.40030858564776,8
ch2_cla_l1_20250801T041442797_20250801T041450797.fits,/home/saurabh/moon_project/data/CLASS/ch2_cla_l1_2025_08/cla/data/calibrated/2025/08/01/ch2_cla_l1_20250801T041442797_20250801T041450797.fits,2025-08-01T04:14:42.797,2025-08-01T04:14:50.797,2025-08-01T04:14:46.797,8.0,-48.8,13.5,111.376,38.4535,64.808,38.4594,64.8083,46.3885,46.3885,CLASS_add_scds.pro,2.1,192,1,"0,1,2,3,4,5,6,7,8,9,10,11,12,13,14,15,",39.1273,64.2373,37.8087,64.2092,37.7886,65.369,39.1068,65.418,1.71588134765625,0.0612896132754853,1.630859375,1.8212890625,3514.125,125.52112798819395,8
ch2_cla_l1_20250801T041450797_20250801T041458797.fits,/home/saurabh/moon_project/data/CLASS/ch2_cla_l1_2025_08/cla/data/calibrated/2025/08/01/ch2_cla_l1_20250801T041450797_20250801T041458797.fits,2025-08-01T04:14:50.797,2025-08-01T04:14:58.797,2025-08-01T04:14:54.797,8.0,-48.8,13.5,111.477,38.0513,64.7955,38.0572,64.7957,46.104,46.104,CLASS_add_scds.pro,2.1,193,1,"0,1,2,3,4,5,6,7,8,9,10,11,12,13,14,15,",38.7255,64.2273,37.406,64.1994,37.386,65.354,38.7051,65.4024,1.678466796875,0.0616953689960553,1.58349609375,1.77978515625,3437.5,126.3521157039214,8
ch2_cla_l1_20250801T041458797_20250801T041506797.fits,/home/saurabh/moon_project/data/CLASS/ch2_cla_l1_2025_08/cla/data/calibrated/2025/08/01/ch2_cla_l1_20250801T041458797_20250801T041506797.fits,2025-08-01T04:14:58.797,2025-08-01T04:15:06.797,2025-08-01T04:15:02.797,8.0,-48.8,13.5,111.578,37.6492,64.7831,37.6551,64.7833,45.8208,45.8208,CLASS_add_scds.pro,2.1,194,1,"0,1,2,3,4,5,6,7,8,9,10,11,12,13,14,15,",38.3236,64.2174,37.0035,64.1898,36.9836,65.3393,38.3034,65.387,1.73516845703125,0.0444607494499748,1.6572265625,1.7978515625,3553.625,91.05561487354858,8
ch2_cla_l1_20250801T041506797_20250801T041514797.fits,/home/saurabh/moon_project/data/CLASS/ch2_cla_l1_2025_08/cla/data/calibrated/2025/08/01/ch2_cla_l1_20250801T041506797_20250801T041514797.fits,2025-08-01T04:15:06.797,2025-08-01T04:15:14.797,2025-08-01T04:15:10.797,8.0,-48.7,13.5,111.677,37.2471,64.7708,37.253,64.771,45.5391,45.5391,CLASS_add_scds.pro,2.1,195,1,"0,1,2,3,4,5,6,7,8,9,10,11,12,13,14,15,",37.922,64.2077,36.6011,64.1802,36.5812,65.3247,37.9018,65.3719,1.67987060546875,0.0460221498810043,1.60400390625,1.7578125,3440.375,94.25336295629684,8
ch2_cla_l1_20250801T041514797_20250801T041522797.fits,/home/saurabh/moon_project/data/CLASS/ch2_cla_l1_2025_08/cla/data/calibrated/2025/08/01/ch2_cla_l1_20250801T041514797_20250801T041522797.fits,2025-08-01T04:15:14.797,2025-08-01T04:15:22.797,2025-08-01T04:15:18.797,8.0,-48.7,13.5,111.776,36.8451,64.7586,36.8509,64.7589,45.2588,45.2588,CLASS_add_scds.pro,2.1,196,1,"0,1,2,3,4,5,6,7,8,9,10,11,12,13,14,15,",37.5203,64.198,36.1986,64.1707,36.1788,65.3103,37.5002,65.357,1.74200439453125,0.0338703089086601,1.68359375,1.7939453125,3567.625,69.36639264493598,8
ch2_cla_l1_20250801T041522797_20250801T041530797.fits,/home/saurabh/moon_project/data/CLASS/ch2_cla_l1_2025_08/cla/data/calibrated/2025/08/01/ch2_cla_l1_20250801T041522797_20250801T041530797.fits,2025-08-01T04:15:22.797,2025-08-01T04:15:30.797,2025-08-01T04:15:26.797,8.0,-48.7,13.5,111.875,36.4431,64.7466,36.449,64.7469,44.98,44.98,CLASS_add_scds.pro,2.1,197,1,"0,1,2,3,4,5,6,7,8,9,10,11,12,13,14,15,",37.1187,64.1883,35.7962,64.1612,35.7765,65.296,37.0987,65.3422,1.6878662109375,0.0363178009973809,1.62890625,1.748046875,3456.75,74.3788564426362,8
ch2_cla_l1_20250801T041530797_20250801T041538797.fits,/home/saurabh/moon_project/data/CLASS/ch2_cla_l1_2025_08/cla/data/calibrated/2025/08/01/ch2_cla_l1_20250801T041530797_20250801T041538797.fits,2025-08-01T04:15:30.797,2025-08-01T04:15:38.797,2025-08-01T04:15:34.797,8.0,-48.6,13.5,111.973,36.0411,64.7347,36.047,64.7349,44.7027,44.7027,CLASS_add_scds.pro,2.1,198,1,"0,1,2,3,4,5,6,7,8,9,10,11,12,13,14,15,",36.7171,64.1788,35.394,64.1518,35.3744,65.2819,36.6972,65.3276,1.7635498046875,0.0385488250643844,1.703125,1.8203125,3611.75,78.94799373185943,8
ch2_cla_l1_20250801T041538797_20250801T041546797.fits,/home/saurabh/moon_project/data/CLASS/ch2_cla_l1_2025_08/cla/data/calibrated/2025/08/01/ch2_cla_l1_20250801T041538797_20250801T041546797.fits,2025-08-01T04:15:38.797,2025-08-01T04:15:46.797,2025-08-01T04:15:42.797,8.0,-48.6,13.5,112.07,35.6392,64.7228,35.6452,64.7231,44.4269,44.4269,CLASS_add_scds.pro,2.1,199,1,"0,1,2,3,4,5,6,7,8,9,10,11,12,13,14,15,",36.3157,64.1693,34.9917,64.1424,34.9721,65.268,36.2958,65.3132,1.708251953125,0.0625337781909089,1.63134765625,1.83740234375,3498.5,128.0691777349815,8
ch2_cla_l1_20250801T041546797_20250801T041554797.fits,/home/saurabh/moon_project/data/CLASS/ch2_cla_l1_2025_08/cla/data/calibrated/2025/08/01/ch2_cla_l1_20250801T041546797_20250801T041554797.fits,2025-08-01T04:15:46.797,2025-08-01T04:15:54.797,2025-08-01T04:15:50.797,8.0,-48.5,13.5,112.166,35.2373,64.7111,35.2433,64.7114,44.1527,44.1527,CLASS_add_scds.pro,2.1,200,1,"0,1,2,3,4,5,6,7,8,9,10,11,12,13,14,15,",35.9142,64.1598,34.5893,64.1331,34.5698,65.2541,35.8944,65.2989,1.7529296875,0.0455214021133216,1.68115234375,1.8271484375,3590.0,93.2278315280827,8
ch2_cla_l1_20250801T041554797_20250801T041602797.fits,/home/saurabh/moon_project/data/CLASS/ch2_cla_l1_2025_08/cla/data/calibrated/2025/08/01/ch2_cla_l1_20250801T041554797_20250801T041602797.fits,2025-08-01T04:15:54.797,2025-08-01T04:16:02.797,2025-08-01T04:15:58.797,8.0,-48.5,13.5,112.262,34.8355,64.6995,34.8415,64.6998,43.88,43.88,CLASS_add_scds.pro,2.1,201,1,"0,1,2,3,4,5,6,7,8,9,10,11,12,13,14,15,",35.5126,64.1504,34.187,64.1239,34.1677,65.2405,35.4929,65.2846,1.7271728515625,0.0751399188288263,1.6298828125,1.8466796875,3537.25,153.88655376143632,8
ch2_cla_l1_20250801T041602797_20250801T041610797.fits,/home/saurabh/moon_project/data/CLASS/ch2_cla_l1_2025_08/cla/data/calibrated/2025/08/01/ch2_cla_l1_20250801T041602797_20250801T041610797.fits,2025-08-01T04:16:02.797,2025-08-01T04:16:10.797,2025-08-01T04:16:06.797,8.0,-48.4,13.5,112.357,34.4337,64.688,34.4396,64.6883,43.609,43.609,CLASS_add_scds.pro,2.1,202,1,"0,1,2,3,4,5,6,7,8,9,10,11,12,13,14,15,",35.1111,64.141,33.7849,64.1147,33.7656,65.227,35.0915,65.2707,1.772216796875,0.0409241779245158,1.70458984375,1.82861328125,3629.5,83.81271638940852,8
ch2_cla_l1_20250801T041610797_20250801T041618797.fits,/home/saurabh/moon_project/data/CLASS/ch2_cla_l1_2025_08/cla/data/calibrated/2025/08/01/ch2_cla_l1_20250801T041610797_20250801T041618797.fits,2025-08-01T04:16:10.797,2025-08-01T04:16:18.797,2025-08-01T04:16:14.797,8.0,-48.4,13.5,112.451,34.0319,64.6766,34.0379,64.6769,43.3397,43.3397,CLASS_add_scds.pro,2.1,203,1,"0,1,2,3,4,5,6,7,8,9,10,11,12,13,14,15,",34.7097,64.1318,33.3826,64.1055,33.3634,65.2136,34.6902,65.2569,1.71844482421875,0.0858347637843889,1.60595703125,1.87255859375,3519.375,175.78959623042866,8
ch2_cla_l1_20250801T041618797_20250801T041626797.fits,/home/saurabh/moon_project/data/CLASS/ch2_cla_l1_2025_08/cla/data/calibrated/2025/08/01/ch2_cla_l1_20250801T041618797_20250801T041626797.fits,2025-08-01T04:16:18.797,2025-08-01T04:16:26.797,2025-08-01T04:16:22.797,8.0,-48.3,13.5,112.545,33.6302,64.6653,33.6361,64.6655,43.072,43.072,CLASS_add_scds.pro,2.1,204,1,"0,1,2,3,4,5,6,7,8,9,10,11,12,13,14,15,",34.3082,64.1225,32.9806,64.0964,32.9615,65.2003,34.2888,65.2431,1.7542724609375,0.0770489290654735,1.634765625,1.85791015625,3592.75,157.79620672608976,8
ch2_cla_l1_20250801T041626797_20250801T041634797.fits,/home/saurabh/moon_project/data/CLASS/ch2_cla_l1_2025_08/cla/data/calibrated/2025/08/01/ch2_cla_l1_20250801T041626797_20250801T041634797.fits,2025-08-01T04:16:26.797,2025-08-01T04:16:34.797,2025-08-01T04:16:30.797,8.0,-48.3,13.5,112.638,33.2285,64.6541,33.2345,64.6543,42.806,42.806,CLASS_add_scds.pro,2.1,205,1,"0,1,2,3,4,5,6,7,8,9,10,11,12,13,14,15,",33.907,64.1134,32.5786,64.0874,32.5595,65.1872,33.8877,65.2296,1.75469970703125,0.0855505766444102,1.61767578125,1.90234375,3593.625,175.20758096775216,8
ch2_cla_l1_20250801T041634797_20250801T041642797.fits,/home/saurabh/moon_project/data/CLASS/ch2_cla_l1_2025_08/cla/data/calibrated/2025/08/01/ch2_cla_l1_20250801T041634797_20250801T041642797.fits,2025-08-01T04:16:34.797,2025-08-01T04:16:42.797,2025-08-01T04:16:38.797,8.0,-48.3,13.5,112.73,32.8269,64.6429,32.8328,64.6432,42.5418,42.5418,CLASS_add_scds.pro,2.1,206,1,"0,1,2,3,4,5,6,7,8,9,10,11,12,13,14,15,",33.5057,64.1042,32.1764,64.0784,32.1574,65.1742,33.4864,65.2162,1.76739501953125,0.0648419102524317,1.66845703125,1.8515625,3619.625,132.7962321969802,8
ch2_cla_l1_20250801T041642797_20250801T041650797.fits,/home/saurabh/moon_project/data/CLASS/ch2_cla_l1_2025_08/cla/data/calibrated/2025/08/01/ch2_cla_l1_20250801T041642797_20250801T041650797.fits,2025-08-01T04:16:42.797,2025-08-01T04:16:50.797,2025-08-01T04:16:46.797,8.0,-48.3,13.5,112.821,32.4253,64.6319,32.4312,64.6322,42.2794,42.2794,CLASS_add_scds.pro,2.1,207,1,"0,1,2,3,4,5,6,7,8,9,10,11,12,13,14,15,",33.1043,64.0951,31.7745,64.0694,31.7556,65.1614,33.0851,65.2028,1.76531982421875,0.0733694659996546,1.65576171875,1.89453125,3615.375,150.26066636729274,8
ch2_cla_l1_20250801T041650797_20250801T041658797.fits,/home/saurabh/moon_project/data/CLASS/ch2_cla_l1_2025_08/cla/data/calibrated/2025/08/01/ch2_cla_l1_20250801T041650797_20250801T041658797.fits,2025-08-01T04:16:50.797,2025-08-01T04:16:58.797,2025-08-01T04:16:54.797,8.0,-48.2,13.5,112.912,32.0237,64.621,32.0297,64.6212,42.0187,42.0187,CLASS_add_scds.pro,2.1,208,1,"0,1,2,3,4,5,6,7,8,9,10,11,12,13,14,15,",32.7032,64.0861,31.3726,64.0605,31.3538,65.1487,32.6841,65.1897,1.7728271484375,0.0590821753706182,1.68798828125,1.87060546875,3630.75,121.00029515902608,8
ch2_cla_l1_20250801T041658797_20250801T041706797.fits,/home/saurabh/moon_project/data/CLASS/ch2_cla_l1_2025_08/cla/data/calibrated/2025/08/01/ch2_cla_l1_20250801T041658797_20250801T041706797.fits,2025-08-01T04:16:58.797,2025-08-01T04:17:06.797,2025-08-01T04:17:02.797,8.0,-48.2,13.5,113.002,31.6222,64.6101,31.6282,64.6103,41.7599,41.7599,CLASS_add_scds.pro,2.1,209,1,"0,1,2,3,4,5,6,7,8,9,10,11,12,13,14,15,",32.3021,64.0771,30.9709,64.0517,30.952,65.1361,32.283,65.1768,1.7984619140625,0.0723187461234457,1.67041015625,1.89892578125,3683.25,148.10879206081685,8
ch2_cla_l1_20250801T041706797_20250801T041714797.fits,/home/saurabh/moon_project/data/CLASS/ch2_cla_l1_2025_08/cla/data/calibrated/2025/08/01/ch2_cla_l1_20250801T041706797_20250801T041714797.fits,2025-08-01T04:17:06.797,2025-08-01T04:17:14.797,2025-08-01T04:17:10.797,8.0,-48.2,13.5,113.092,31.2207,64.5993,31.2267,64.5996,41.503,41.503,CLASS_add_scds.pro,2.1,210,1,"0,1,2,3,4,5,6,7,8,9,10,11,12,13,14,15,",31.9011,64.0683,30.5689,64.0428,30.5502,65.1236,31.882,65.164,1.76348876953125,0.039451137206681,1.71630859375,1.8349609375,3611.625,80.79592899928278,8
ch2_cla_l1_20250801T041714797_20250801T041722797.fits,/home/saurabh/moon_project/data/CLASS/ch2_cla_l1_2025_08/cla/data/calibrated/2025/08/01/ch2_cla_l1_20250801T041714797_20250801T041722797.fits,2025-08-01T04:17:14.797,2025-08-01T04:17:22.797,2025-08-01T04:17:18.797,8.0,-48.1,13.5,113.18,30.8193,64.5886,30.8254,64.5889,41.248,41.248,CLASS_add_scds.pro,2.1,211,1,"0,1,2,3,4,5,6,7,8,9,10,11,12,13,14,15,",31.4999,64.0593,30.167,64.034,30.1483,65.1112,31.4809,65.1511,1.787109375,0.0663713636041066,1.68017578125,1.87451171875,3660.0,135.92855266121032,8
ch2_cla_l1_20250801T041722797_20250801T041730797.fits,/home/saurabh/moon_project/data/CLASS/ch2_cla_l1_2025_08/cla/data/calibrated/2025/08/01/ch2_cla_l1_20250801T041722797_20250801T041730797.fits,2025-08-01T04:17:22.797,2025-08-01T04:17:30.797,2025-08-01T04:17:26.797,8.0,-48.0,13.5,113.268,30.4179,64.578,30.4238,64.5782,40.995,40.995,CLASS_add_scds.pro,2.1,212,1,"0,1,2,3,4,5,6,7,8,9,10,11,12,13,14,15,",31.0986,64.0504,29.7654,64.0253,29.7468,65.0989,31.0797,65.1384,1.776123046875,0.0368246759433896,1.71826171875,1.83251953125,3637.5,75.41693633206195,8
ch2_cla_l1_20250801T041730797_20250801T041738797.fits,/home/saurabh/moon_project/data/CLASS/ch2_cla_l1_2025_08/cla/data/calibrated/2025/08/01/ch2_cla_l1_20250801T041730797_20250801T041738797.fits,2025-08-01T04:17:30.797,2025-08-01T04:17:38.797,2025-08-01T04:17:34.797,8.0,-48.0,13.5,113.355,30.0165,64.5675,30.0224,64.5676,40.7439,40.7439,CLASS_add_scds.pro,2.1,213,1,"0,1,2,3,4,5,6,7,8,9,10,11,12,13,14,15,",30.6977,64.0415,29.3636,64.0165,29.345,65.0868,30.679,65.1259,1.80474853515625,0.07957184142475,1.65234375,1.8916015625,3696.125,162.9631312378881,8
ch2_cla_l1_20250801T041738797_20250801T041746797.fits,/home/saurabh/moon_project/data/CLASS/ch2_cla_l1_2025_08/cla/data/calibrated/2025/08/01/ch2_cla_l1_20250801T041738797_20250801T041746797.fits,2025-08-01T04:17:38.797,2025-08-01T04:17:46.797,2025-08-01T04:17:42.797,8.0,-48.0,13.5,113.442,29.6152,64.557,29.6212,64.5572,40.4949,40.4949,CLASS_add_scds.pro,2.1,214,1,"0,1,2,3,4,5,6,7,8,9,10,11,12,13,14,15,",30.2966,64.0328,28.9619,64.0079,28.9434,65.0747,30.2779,65.1135,1.76226806640625,0.0456308373078266,1.6953125,1.837890625,3609.125,93.45195480642904,8
ch2_cla_l1_20250801T041746797_20250801T041754797.fits,/home/saurabh/moon_project/data/CLASS/ch2_cla_l1_2025_08/cla/data/calibrated/2025/08/01/ch2_cla_l1_20250801T041746797_20250801T041754797.fits,2025-08-01T04:17:46.797,2025-08-01T04:17:54.797,2025-08-01T04:17:50.797,8.0,-48.0,13.5,113.527,29.2139,64.5466,29.2198,64.5468,40.2479,40.2479,CLASS_add_scds.pro,2.1,215,1,"0,1,2,3,4,5,6,7,8,9,10,11,12,13,14,15,",29.8957,64.0241,28.5603,63.9993,28.5418,65.0628,29.877,65.1013,1.8253173828125,0.0497442996010557,1.75,1.90087890625,3738.25,101.87632558296218,8
ch2_cla_l1_20250801T041754797_20250801T041802797.fits,/home/saurabh/moon_project/data/CLASS/ch2_cla_l1_2025_08/cla/data/calibrated/2025/08/01/ch2_cla_l1_20250801T041754797_20250801T041802797.fits,2025-08-01T04:17:54.797,2025-08-01T04:18:02.797,2025-08-01T04:17:58.797,8.0,-48.0,13.5,113.613,28.8126,64.5363,28.8185,64.5365,40.003,40.003,CLASS_add_scds.pro,2.1,216,1,"0,1,2,3,4,5,6,7,8,9,10,11,12,13,14,15,",29.4948,64.0154,28.1587,63.9906,28.1403,65.051,29.4761,65.0891,1.7613525390625,0.0753481414160691,1.63330078125,1.8662109375,3607.25,154.31299362010964,8
ch2_cla_l1_20250801T041802797_20250801T041810797.fits,/home/saurabh/moon_project/data/CLASS/ch2_cla_l1_2025_08/cla/data/calibrated/2025/08/01/ch2_cla_l1_20250801T041802797_20250801T041810797.fits,2025-08-01T04:18:02.797,2025-08-01T04:18:10.797,2025-08-01T04:18:06.797,8.0,-47.9,13.5,113.697,28.4114,64.526,28.4173,64.5262,39.7602,39.7602,CLASS_add_scds.pro,2.1,217,1,"0,1,2,3,4,5,6,7,8,9,10,11,12,13,14,15,",29.0939,64.0067,27.7571,63.9821,27.7387,65.0393,29.0753,65.077,1.705322265625,0.0770083599188049,1.58984375,1.80615234375,3492.5,157.7131211137126,8
ch2_cla_l1_20250801T041810797_20250801T041818797.fits,/home/saurabh/moon_project/data/CLASS/ch2_cla_l1_2025_08/cla/data/calibrated/2025/08/01/ch2_cla_l1_20250801T041810797_20250801T041818797.fits,2025-08-01T04:18:10.797,2025-08-01T04:18:18.797,2025-08-01T04:18:14.797,8.0,-47.7,13.5,113.78,28.0102,64.5159,28.0163,64.5161,39.5197,39.5197,CLASS_add_scds.pro,2.1,218,1,"0,1,2,3,4,5,6,7,8,9,10,11,12,13,14,15,",28.693,63.9981,27.3556,63.9735,27.3373,65.0276,28.6744,65.0651,1.65899658203125,0.0788557211866725,1.5322265625,1.76611328125,3397.625,161.4965169903054,8
ch2_cla_l1_20250801T041818797_20250801T041826797.fits,/home/saurabh/moon_project/data/CLASS/ch2_cla_l1_2025_08/cla/data/calibrated/2025/08/01/ch2_cla_l1_20250801T041818797_20250801T041826797.fits,2025-08-01T04:18:18.797,2025-08-01T04:18:26.797,2025-08-01T04:18:22.797,8.0,-47.7,13.5,113.863,27.609,64.5057,27.615,64.5059,39.2813,39.2813,CLASS_add_scds.pro,2.1,219,1,"0,1,2,3,4,5,6,7,8,9,10,11,12,13,14,15,",28.2922,63.9895,26.9542,63.9651,26.9359,65.0161,28.2737,65.0532,1.72613525390625,0.0763587475908434,1.60791015625,1.8193359375,3535.125,156.3827150660474,8
ch2_cla_l1_20250801T041826797_20250801T041834797.fits,/home/saurabh/moon_project/data/CLASS/ch2_cla_l1_2025_08/cla/data/calibrated/2025/08/01/ch2_cla_l1_20250801T041826797_20250801T041834797.fits,2025-08-01T04:18:26.797,2025-08-01T04:18:34.797,2025-08-01T04:18:30.797,8.0,-47.6,13.5,113.945,27.2079,64.4957,27.214,64.4959,39.0452,39.0452,CLASS_add_scds.pro,2.1,220,1,"0,1,2,3,4,5,6,7,8,9,10,11,12,13,14,15,",27.8914,63.981,26.5526,63.9566,26.5344,65.0047,27.873,65.0415,1.690673828125,0.1013671337393196,1.560546875,1.87255859375,3462.5,207.59988989812655,8
ch2_cla_l1_20250801T041834797_20250801T041842797.fits,/home/saurabh/moon_project/data/CLASS/ch2_cla_l1_2025_08/cla/data/calibrated/2025/08/01/ch2_cla_l1_20250801T041834797_20250801T041842797.fits,2025-08-01T04:18:34.797,2025-08-01T04:18:42.797,2025-08-01T04:18:38.797,8.0,-47.6,13.5,114.026,26.8068,64.4857,26.8128,64.4859,38.8114,38.8114,CLASS_add_scds.pro,2.1,221,1,"0,1,2,3,4,5,6,7,8,9,10,11,12,13,14,15,",27.4905,63.9724,26.1511,63.9481,26.133,64.9934,27.4722,65.0298,1.72161865234375,0.0630919826872483,1.63818359375,1.8330078125,3525.875,129.21238054348464,8
ch2_cla_l1_20250801T041842797_20250801T041850797.fits,/home/saurabh/moon_project/data/CLASS/ch2_cla_l1_2025_08/cla/data/calibrated/2025/08/01/ch2_cla_l1_20250801T041842797_20250801T041850797.fits,2025-08-01T04:18:42.797,2025-08-01T04:18:50.797,2025-08-01T04:18:46.797,8.0,-47.6,13.5,114.106,26.4058,64.4758,26.4119,64.4761,38.5799,38.5799,CLASS_add_scds.pro,2.1,222,1,"0,1,2,3,4,5,6,7,8,9,10,11,12,13,14,15,",27.0897,63.9639,25.75,63.9397,25.7319,64.9822,27.0715,65.0183,1.68292236328125,0.0668336274804542,1.5771484375,1.7666015625,3446.625,136.87526907997034,8
ch2_cla_l1_20250801T041850797_20250801T041858797.fits,/home/saurabh/moon_project/data/CLASS/ch2_cla_l1_2025_08/cla/data/calibrated/2025/08/01/ch2_cla_l1_20250801T041850797_20250801T041858797.fits,2025-08-01T04:18:50.797,2025-08-01T04:18:58.797,2025-08-01T04:18:54.797,8.0,-47.6,13.5,114.186,26.0048,64.4659,26.0107,64.4661,38.3508,38.3508,CLASS_add_scds.pro,2.1,223,1,"0,1,2,3,4,5,6,7,8,9,10,11,12,13,14,15,",26.6893,63.9556,25.3487,63.9314,25.3306,64.971,26.671,65.0069,1.73907470703125,0.0616423135277872,1.65869140625,1.84765625,3561.625,126.2434581049082,8
ch2_cla_l1_20250801T041858797_20250801T041906797.fits,/home/saurabh/moon_project/data/CLASS/ch2_cla_l1_2025_08/cla/data/calibrated/2025/08/01/ch2_cla_l1_20250801T041858797_20250801T041906797.fits,2025-08-01T04:18:58.797,2025-08-01T04:19:06.797,2025-08-01T04:19:02.797,8.0,-47.6,13.5,114.265,25.6038,64.4561,25.6098,64.4563,38.1242,38.1242,CLASS_add_scds.pro,2.1,224,1,"0,1,2,3,4,5,6,7,8,9,10,11,12,13,14,15,",26.2886,63.9472,24.9472,63.923,24.9292,64.9599,26.2704,64.9956,1.68719482421875,0.0542560215911132,1.6142578125,1.7880859375,3455.375,111.1163322186,8
ch2_cla_l1_20250801T041906797_20250801T041914797.fits,/home/saurabh/moon_project/data/CLASS/ch2_cla_l1_2025_08/cla/data/calibrated/2025/08/01/ch2_cla_l1_20250801T041906797_20250801T041914797.fits,2025-08-01T04:19:06.797,2025-08-01T04:19:14.797,2025-08-01T04:19:10.797,8.0,-47.5,13.5,114.343,25.2028,64.4464,25.2087,64.4466,37.9,37.9,CLASS_add_scds.pro,2.1,225,1,"0,1,2,3,4,5,6,7,8,9,10,11,12,13,14,15,",25.8877,63.9387,24.546,63.9146,24.528,64.949,25.8696,64.9842,1.72613525390625,0.0368121296088889,1.66796875,1.78076171875,3535.125,75.3912414390046,8
ch2_cla_l1_20250801T041914797_20250801T041922797.fits,/home/saurabh/moon_project/data/CLASS/ch2_cla_l1_2025_08/cla/data/calibrated/2025/08/01/ch2_cla_l1_20250801T041914797_20250801T041922797.fits,2025-08-01T04:19:14.797,2025-08-01T04:19:22.797,2025-08-01T04:19:18.797,8.0,-47.4,13.5,114.421,24.8019,64.4367,24.8076,64.4368,37.6783,37.6783,CLASS_add_scds.pro,2.1,226,1,"0,1,2,3,4,5,6,7,8,9,10,11,12,13,14,15,",25.4872,63.9303,24.1443,63.9062,24.1265,64.938,25.4691,64.9731,1.722412109375,0.060738957625428,1.64306640625,1.810546875,3527.5,124.39338521687672,8
ch2_cla_l1_20250801T041922797_20250801T041930797.fits,/home/saurabh/moon_project/data/CLASS/ch2_cla_l1_2025_08/cla/data/calibrated/2025/08/01/ch2_cla_l1_20250801T041922797_20250801T041930797.fits,2025-08-01T04:19:22.797,2025-08-01T04:19:30.797,2025-08-01T04:19:26.797,8.0,-47.3,13.5,114.497,24.401,64.4271,24.407,64.4273,37.4592,37.4592,CLASS_add_scds.pro,2.1,227,1,"0,1,2,3,4,5,6,7,8,9,10,11,12,13,14,15,",25.0862,63.9217,23.7434,63.898,23.7256,64.9272,25.0682,64.9618,1.739013671875,0.0336342399652482,1.6875,1.79345703125,3561.5,68.88292344882832,8
ch2_cla_l1_20250801T041930797_20250801T041938797.fits,/home/saurabh/moon_project/data/CLASS/ch2_cla_l1_2025_08/cla/data/calibrated/2025/08/01/ch2_cla_l1_20250801T041930797_20250801T041938797.fits,2025-08-01T04:19:30.797,2025-08-01T04:19:38.797,2025-08-01T04:19:34.797,8.0,-47.3,13.5,114.573,24.0002,64.4175,24.0062,64.4177,37.2426,37.2426,CLASS_add_scds.pro,2.1,228,1,"0,1,2,3,4,5,6,7,8,9,10,11,12,13,14,15,",24.6859,63.9136,23.3424,63.8897,23.3245,64.9165,24.6679,64.9509,1.72882080078125,0.0622969120707164,1.623046875,1.82373046875,3540.625,127.58407592082732,8
ch2_cla_l1_20250801T041938797_20250801T041946797.fits,/home/saurabh/moon_project/data/CLASS/ch2_cla_l1_2025_08/cla/data/calibrated/2025/08/01/ch2_cla_l1_20250801T041938797_20250801T041946797.fits,2025-08-01T04:19:38.797,2025-08-01T04:19:46.797,2025-08-01T04:19:42.797,8.0,-47.3,13.5,114.648,23.5993,64.408,23.6054,64.4082,37.0287,37.0287,CLASS_add_scds.pro,2.1,229,1,"0,1,2,3,4,5,6,7,8,9,10,11,12,13,14,15,",24.2855,63.9053,22.9412,63.8815,22.9234,64.9059,24.2675,64.94,1.744384765625,0.0487806689029747,1.66552734375,1.81201171875,3572.5,99.90280991329236,8
ch2_cla_l1_20250801T041946797_20250801T041954797.fits,/home/saurabh/moon_project/data/CLASS/ch2_cla_l1_2025_08/cla/data/calibrated/2025/08/01/ch2_cla_l1_20250801T041946797_20250801T041954797.fits,2025-08-01T04:19:46.797,2025-08-01T04:19:54.797,2025-08-01T04:19:50.797,8.0,-47.3,13.5,114.722,23.1985,64.3985,23.2052,64.3989,36.8175,36.8175,CLASS_add_scds.pro,2.1,230,1,"0,1,2,3,4,5,6,7,8,9,10,11,12,13,14,15,",23.8849,63.897,22.5408,63.8734,22.523,64.8954,23.867,64.9292,1.75128173828125,0.0610839300099856,1.65869140625,1.8525390625,3586.625,125.09988866045065,8
ch2_cla_l1_20250801T041954797_20250801T042002797.fits,/home/saurabh/moon_project/data/CLASS/ch2_cla_l1_2025_08/cla/data/calibrated/2025/08/01/ch2_cla_l1_20250801T041954797_20250801T042002797.fits,2025-08-01T04:19:54.797,2025-08-01T04:20:02.797,2025-08-01T04:19:58.797,8.0,-47.3,13.5,114.796,22.7978,64.3891,22.8042,64.3892,36.6091,36.6091,CLASS_add_scds.pro,2.1,231,1,"0,1,2,3,4,5,6,7,8,9,10,11,12,13,14,15,",23.4851,63.889,22.1395,63.865,22.1217,64.8848,23.4672,64.9187,1.74603271484375,0.0564396869083034,1.662109375,1.83642578125,3575.875,115.58847878820548,8
ch2_cla_l1_20250801T042002797_20250801T042010797.fits,/home/saurabh/moon_project/data/CLASS/ch2_cla_l1_2025_08/cla/data/calibrated/2025/08/01/ch2_cla_l1_20250801T042002797_20250801T042010797.fits,2025-08-01T04:20:02.797,2025-08-01T04:20:10.797,2025-08-01T04:20:06.797,8.0,-47.2,13.5,114.868,22.397,64.3797,22.4032,64.3799,36.4034,36.4034,CLASS_add_scds.pro,2.1,232,1,"0,1,2,3,4,5,6,7,8,9,10,11,12,13,14,15,",23.0844,63.8806,21.7382,63.8568,21.7205,64.8744,23.0665,64.9078,1.75665283203125,0.1075156656998113,1.5966796875,1.912109375,3597.625,220.1920833532136,8
ch2_cla_l1_20250801T042010797_20250801T042018797.fits,/home/saurabh/moon_project/data/CLASS/ch2_cla_l1_2025_08/cla/data/calibrated/2025/08/01/ch2_cla_l1_20250801T042010797_20250801T042018797.fits,2025-08-01T04:20:10.797,2025-08-01T04:20:18.797,2025-08-01T04:20:14.797,8.0,-47.0,13.5,114.94,21.9963,64.3703,22.0023,64.3705,36.2006,36.2006,CLASS_add_scds.pro,2.1,233,1,"0,1,2,3,4,5,6,7,8,9,10,11,12,13,14,15,",22.6838,63.8723,21.3372,63.8487,21.3195,64.864,22.6659,64.8972,1.75531005859375,0.0742799606885379,1.64404296875,1.84619140625,3594.875,152.1253594901258,8
ch2_cla_l1_20250801T042018797_20250801T042026797.fits,/home/saurabh/moon_project/data/CLASS/ch2_cla_l1_2025_08/cla/data/calibrated/2025/08/01/ch2_cla_l1_20250801T042018797_20250801T042026797.fits,2025-08-01T04:20:18.797,2025-08-01T04:20:26.797,2025-08-01T04:20:22.797,8.0,-46.9,13.5,115.011,21.5957,64.361,21.6017,64.3613,36.0006,36.0006,CLASS_add_scds.pro,2.1,234,1,"0,1,2,3,4,5,6,7,8,9,10,11,12,13,14,15,",22.2833,63.8642,20.9362,63.8405,20.9186,64.8538,22.2655,64.8867,1.7996826171875,0.0830384782837981,1.70361328125,1.92236328125,3685.75,170.0628035252187,8
ch2_cla_l1_20250801T042026797_20250801T042034797.fits,/home/saurabh/moon_project/data/CLASS/ch2_cla_l1_2025_08/cla/data/calibrated/2025/08/01/ch2_cla_l1_20250801T042026797_20250801T042034797.fits,2025-08-01T04:20:26.797,2025-08-01T04:20:34.797,2025-08-01T04:20:30.797,8.0,-46.9,13.5,115.081,21.195,64.3518,21.2011,64.3519,35.8036,35.8036,CLASS_add_scds.pro,2.1,235,1,"0,1,2,3,4,5,6,7,8,9,10,11,12,13,14,15,",21.8829,63.856,20.5353,63.8323,20.5178,64.8435,21.8652,64.8763,1.7476806640625,0.0653399602561568,1.65966796875,1.86376953125,3579.25,133.81623860460925,8
ch2_cla_l1_20250801T042034797_20250801T042042797.fits,/home/saurabh/moon_project/data/CLASS/ch2_cla_l1_2025_08/cla/data/calibrated/2025/08/01/ch2_cla_l1_20250801T042034797_20250801T042042797.fits,2025-08-01T04:20:34.797,2025-08-01T04:20:42.797,2025-08-01T04:20:38.797,8.0,-46.9,13.5,115.15,20.7944,64.3426,20.8006,64.3428,35.6095,35.6095,CLASS_add_scds.pro,2.1,236,1,"0,1,2,3,4,5,6,7,8,9,10,11,12,13,14,15,",21.4826,63.8477,20.1346,63.8243,20.117,64.8335,21.4649,64.8658,1.80523681640625,0.0397243023601999,1.74267578125,1.86767578125,3697.125,81.35537123368947,8
ch2_cla_l1_20250801T042042797_20250801T042050797.fits,/home/saurabh/moon_project/data/CLASS/ch2_cla_l1_2025_08/cla/data/calibrated/2025/08/01/ch2_cla_l1_20250801T042042797_20250801T042050797.fits,2025-08-01T04:20:42.797,2025-08-01T04:20:50.797,2025-08-01T04:20:46.797,8.0,-46.9,13.5,115.219,20.3938,64.3334,20.3998,64.3336,35.4185,35.4185,CLASS_add_scds.pro,2.1,237,1,"0,1,2,3,4,5,6,7,8,9,10,11,12,13,14,15,",21.0824,63.8397,19.7336,63.8161,19.7161,64.8233,21.0648,64.8556,1.76519775390625,0.0555320072031979,1.677734375,1.8544921875,3615.125,113.72955075214936,8
ch2_cla_l1_20250801T042050797_20250801T042058797.fits,/home/saurabh/moon_project/data/CLASS/ch2_cla_l1_2025_08/cla/data/calibrated/2025/08/01/ch2_cla_l1_20250801T042050797_20250801T042058797.fits,2025-08-01T04:20:50.797,2025-08-01T04:20:58.797,2025-08-01T04:20:54.797,8.0,-46.9,13.5,115.286,19.9933,64.3243,19.9993,64.3245,35.2305,35.2305,CLASS_add_scds.pro,2.1,238,1,"0,1,2,3,4,5,6,7,8,9,10,11,12,13,14,15,",20.682,63.8315,19.3328,63.808,19.3154,64.8133,20.6643,64.8454,1.82373046875,0.04549895012571,1.75146484375,1.9013671875,3735.0,93.18184985745422,8
ch2_cla_l1_20250801T042058797_20250801T042106797.fits,/home/saurabh/moon_project/data/CLASS/ch2_cla_l1_2025_08/cla/data/calibrated/2025/08/01/ch2_cla_l1_20250801T042058797_20250801T042106797.fits,2025-08-01T04:20:58.797,2025-08-01T04:21:06.797,2025-08-01T04:21:02.797,8.0,-46.8,13.5,115.353,19.5927,64.3152,19.5989,64.3154,35.0456,35.0456,CLASS_add_scds.pro,2.1,239,1,"0,1,2,3,4,5,6,7,8,9,10,11,12,13,14,15,",20.2818,63.8234,18.932,63.7999,18.9145,64.8033,20.2642,64.8352,1.7586669921875,0.0334491749080319,1.71044921875,1.81298828125,3601.75,68.50391021164934,8
ch2_cla_l1_20250801T042106797_20250801T042114797.fits,/home/saurabh/moon_project/data/CLASS/ch2_cla_l1_2025_08/cla/data/calibrated/2025/08/01/ch2_cla_l1_20250801T042106797_20250801T042114797.fits,2025-08-01T04:21:06.797,2025-08-01T04:21:14.797,2025-08-01T04:21:10.797,8.0,-46.8,13.5,115.419,19.1922,64.3062,19.1983,64.3064,34.864,34.864,CLASS_add_scds.pro,2.1,240,1,"0,1,2,3,4,5,6,7,8,9,10,11,12,13,14,15,",19.8815,63.8153,18.5312,63.7918,18.5138,64.7934,19.8639,64.825,1.83245849609375,0.0387494760469093,1.7822265625,1.900390625,3752.875,79.35892694407029,8
ch2_cla_l1_20250801T042114797_20250801T042122797.fits,/home/saurabh/moon_project/data/CLASS/ch2_cla_l1_2025_08/cla/data/calibrated/2025/08/01/ch2_cla_l1_20250801T042114797_20250801T042122797.fits,2025-08-01T04:21:14.797,2025-08-01T04:21:22.797,2025-08-01T04:21:18.797,8.0,-46.6,13.5,115.484,18.7918,64.2972,18.7978,64.2974,34.6855,34.6855,CLASS_add_scds.pro,2.1,241,1,"0,1,2,3,4,5,6,7,8,9,10,11,12,13,14,15,",19.4813,63.8072,18.1306,63.7837,18.1132,64.7836,19.4637,64.815,1.776611328125,0.0390092759611637,1.71533203125,1.8369140625,3638.5,79.89099716846341,8
ch2_cla_l1_20250801T042122797_20250801T042130797.fits,/home/saurabh/moon_project/data/CLASS/ch2_cla_l1_2025_08/cla/data/calibrated/2025/08/01/ch2_cla_l1_20250801T042122797_20250801T042130797.fits,2025-08-01T04:21:22.797,2025-08-01T04:21:30.797,2025-08-01T04:21:26.797,8.0,-46.6,13.5,115.548,18.3913,64.2882,18.3975,64.2883,34.5103,34.5103,CLASS_add_scds.pro,2.1,242,1,"0,1,2,3,4,5,6,7,8,9,10,11,12,13,14,15,",19.0812,63.7991,17.7298,63.7756,17.7125,64.7738,19.0636,64.8051,1.81927490234375,0.0466356524655422,1.744140625,1.89501953125,3725.875,95.5098162494306,8
ch2_cla_l1_20250801T042130797_20250801T042138797.fits,/home/saurabh/moon_project/data/CLASS/ch2_cla_l1_2025_08/cla/data/calibrated/2025/08/01/ch2_cla_l1_20250801T042130797_20250801T042138797.fits,2025-08-01T04:21:30.797,2025-08-01T04:21:38.797,2025-08-01T04:21:34.797,8.0,-46.6,13.5,115.611,17.9909,64.2793,17.997,64.2794,34.3385,34.3385,CLASS_add_scds.pro,2.1,243,1,"0,1,2,3,4,5,6,7,8,9,10,11,12,13,14,15,",18.6809,63.7909,17.3291,63.7676,17.3118,64.7641,18.6635,64.795,1.7813720703125,0.0762392521593404,1.6806640625,1.9267578125,3648.25,156.13798842232927,8
ch2_cla_l1_20250801T042138797_20250801T042146797.fits,/home/saurabh/moon_project/data/CLASS/ch2_cla_l1_2025_08/cla/data/calibrated/2025/08/01/ch2_cla_l1_20250801T042138797_20250801T042146797.fits,2025-08-01T04:21:38.797,2025-08-01T04:21:46.797,2025-08-01T04:21:42.797,8.0,-46.6,13.5,115.673,17.5905,64.2704,17.5966,64.2705,34.17,34.17,CLASS_add_scds.pro,2.1,244,1,"0,1,2,3,4,5,6,7,8,9,10,11,12,13,14,15,",18.2808,63.7829,16.9286,63.7595,16.9113,64.7545,18.2633,64.7853,1.8359375,0.0441409645115735,1.76318359375,1.9072265625,3760.0,90.40069531970268,8
ch2_cla_l1_20250801T042146797_20250801T042154797.fits,/home/saurabh/moon_project/data/CLASS/ch2_cla_l1_2025_08/cla/data/calibrated/2025/08/01/ch2_cla_l1_20250801T042146797_20250801T042154797.fits,2025-08-01T04:21:46.797,2025-08-01T04:21:54.797,2025-08-01T04:21:50.797,8.0,-46.5,13.5,115.735,17.1901,64.2615,17.1963,64.2616,34.0049,34.0049,CLASS_add_scds.pro,2.1,245,1,"0,1,2,3,4,5,6,7,8,9,10,11,12,13,14,15,",17.8807,63.7749,16.528,63.7515,16.5107,64.7449,17.8633,64.7755,1.79840087890625,0.0936221886372251,1.66845703125,1.94140625,3683.125,191.73824232903715,8
ch2_cla_l1_20250801T042154797_20250801T042202797.fits,/home/saurabh/moon_project/data/CLASS/ch2_cla_l1_2025_08/cla/data/calibrated/2025/08/01/ch2_cla_l1_20250801T042154797_20250801T042202797.fits,2025-08-01T04:21:54.797,2025-08-01T04:22:02.797,2025-08-01T04:21:58.797,8.0,-46.4,13.5,115.795,16.7898,64.2527,16.7959,64.2528,33.8433,33.8433,CLASS_add_scds.pro,2.1,246,1,"0,1,2,3,4,5,6,7,8,9,10,11,12,13,14,15,",17.4806,63.7669,16.1274,63.7435,16.1101,64.7354,17.4632,64.7657,1.83203125,0.0771179690908896,1.71142578125,1.935546875,3752.0,157.9376006981419,8
ch2_cla_l1_20250801T042202797_20250801T042210797.fits,/home/saurabh/moon_project/data/CLASS/ch2_cla_l1_2025_08/cla/data/calibrated/2025/08/01/ch2_cla_l1_20250801T042202797_20250801T042210797.fits,2025-08-01T04:22:02.797,2025-08-01T04:22:10.797,2025-08-01T04:22:06.797,8.0,-46.4,13.5,115.855,16.3895,64.2439,16.3956,64.244,33.6852,33.6852,CLASS_add_scds.pro,2.1,247,1,"0,1,2,3,4,5,6,7,8,9,10,11,12,13,14,15,",17.0805,63.7589,15.7268,63.7354,15.7096,64.7258,17.0632,64.7561,1.82305908203125,0.0775785408124123,1.69775390625,1.9599609375,3733.625,158.88085158382052,8
ch2_cla_l1_20250801T042210797_20250801T042218797.fits,/home/saurabh/moon_project/data/CLASS/ch2_cla_l1_2025_08/cla/data/calibrated/2025/08/01/ch2_cla_l1_20250801T042210797_20250801T042218797.fits,2025-08-01T04:22:10.797,2025-08-01T04:22:18.797,2025-08-01T04:22:14.797,8.0,-46.2,13.5,115.914,15.9892,64.2351,15.9952,64.2352,33.5307,33.5307,CLASS_add_scds.pro,2.1,248,1,"0,1,2,3,4,5,6,7,8,9,10,11,12,13,14,15,",16.6804,63.7507,15.3263,63.7275,15.3091,64.7164,16.6631,64.7463,1.8189697265625,0.084209457357961,1.712890625,1.955078125,3725.25,172.46096866910412,8
ch2_cla_l1_20250801T042218797_20250801T042226797.fits,/home/saurabh/moon_project/data/CLASS/ch2_cla_l1_2025_08/cla/data/calibrated/2025/08/01/ch2_cla_l1_20250801T042218797_20250801T042226797.fits,2025-08-01T04:22:18.797,2025-08-01T04:22:26.797,2025-08-01T04:22:22.797,8.0,-46.2,13.5,115.972,15.5889,64.2264,15.595,64.2265,33.3798,33.3798,CLASS_add_scds.pro,2.1,249,1,"0,1,2,3,4,5,6,7,8,9,10,11,12,13,14,15,",16.2804,63.7428,14.9257,63.7194,14.9086,64.707,16.2631,64.7369,1.70672607421875,0.0826900008004359,1.60009765625,1.86767578125,3495.375,169.34912163929283,8
ch2_cla_l1_20250801T042226797_20250801T042234797.fits,/home/saurabh/moon_project/data/CLASS/ch2_cla_l1_2025_08/cla/data/calibrated/2025/08/01/ch2_cla_l1_20250801T042226797_20250801T042234797.fits,2025-08-01T04:22:26.797,2025-08-01T04:22:34.797,2025-08-01T04:22:30.797,8.0,-46.2,13.5,116.029,15.1887,64.2176,15.1948,64.2178,33.2326,33.2326,CLASS_add_scds.pro,2.1,250,1,"0,1,2,3,4,5,6,7,8,9,10,11,12,13,14,15,",15.8803,63.7348,14.5253,63.7114,14.5081,64.6977,15.8631,64.7274,1.71875,0.0581280319899731,1.63525390625,1.80322265625,3520.0,119.04620951546504,8
ch2_cla_l1_20250801T042234797_20250801T042242797.fits,/home/saurabh/moon_project/data/CLASS/ch2_cla_l1_2025_08/cla/data/calibrated/2025/08/01/ch2_cla_l1_20250801T042234797_20250801T042242797.fits,2025-08-01T04:22:34.797,2025-08-01T04:22:42.797,2025-08-01T04:22:38.797,8.0,-46.2,13.5,116.085,14.7885,64.2089,14.7945,64.2091,33.0891,33.0891,CLASS_add_scds.pro,2.1,251,1,"0,1,2,3,4,5,6,7,8,9,10,11,12,13,14,15,",15.4803,63.7268,14.1248,63.7035,14.1078,64.6885,15.4631,64.7179,1.72064208984375,0.0732307643156673,1.6064453125,1.83935546875,3523.875,149.97660531848672,8
ch2_cla_l1_20250801T042242797_20250801T042250797.fits,/home/saurabh/moon_project/data/CLASS/ch2_cla_l1_2025_08/cla/data/calibrated/2025/08/01/ch2_cla_l1_20250801T042242797_20250801T042250797.fits,2025-08-01T04:22:42.797,2025-08-01T04:22:50.797,2025-08-01T04:22:46.797,8.0,-46.1,13.5,116.14,14.3883,64.2003,14.3943,64.2005,32.9494,32.9494,CLASS_add_scds.pro,2.1,252,1,"0,1,2,3,4,5,6,7,8,9,10,11,12,13,14,15,",15.0803,63.7189,13.7246,63.6955,13.7074,64.6793,15.0632,64.7086,1.71923828125,0.0460036905834034,1.646484375,1.79736328125,3521.0,94.21555831481037,8
ch2_cla_l1_20250801T042250797_20250801T042258797.fits,/home/saurabh/moon_project/data/CLASS/ch2_cla_l1_2025_08/cla/data/calibrated/2025/08/01/ch2_cla_l1_20250801T042250797_20250801T042258797.fits,2025-08-01T04:22:50.797,2025-08-01T04:22:58.797,2025-08-01T04:22:54.797,8.0,-46.0,13.5,116.194,13.9881,64.1916,13.9942,64.1919,32.8134,32.8134,CLASS_add_scds.pro,2.1,253,1,"0,1,2,3,4,5,6,7,8,9,10,11,12,13,14,15,",14.6805,63.7109,13.3242,63.6875,13.3071,64.67,14.6633,64.6993,1.73077392578125,0.0615693351486451,1.642578125,1.8046875,3544.625,126.09399838442522,8
ch2_cla_l1_20250801T042258797_20250801T042306797.fits,/home/saurabh/moon_project/data/CLASS/ch2_cla_l1_2025_08/cla/data/calibrated/2025/08/01/ch2_cla_l1_20250801T042258797_20250801T042306797.fits,2025-08-01T04:22:58.797,2025-08-01T04:23:06.797,2025-08-01T04:23:02.797,8.0,-45.9,13.5,116.247,13.588,64.183,13.5941,64.1832,32.6814,32.6814,CLASS_add_scds.pro,2.1,254,1,"0,1,2,3,4,5,6,7,8,9,10,11,12,13,14,15,",14.2806,63.7029,12.9238,63.6794,12.9067,64.6608,14.2634,64.6899,1.7257080078125,0.0373652535026894,1.6640625,1.7724609375,3534.25,76.5240391735079,8
ch2_cla_l1_20250801T042306797_20250801T042314797.fits,/home/saurabh/moon_project/data/CLASS/ch2_cla_l1_2025_08/cla/data/calibrated/2025/08/01/ch2_cla_l1_20250801T042306797_20250801T042314797.fits,2025-08-01T04:23:06.797,2025-08-01T04:23:14.797,2025-08-01T04:23:10.797,8.0,-45.9,13.5,116.3,13.1878,64.1744,13.1939,64.1746,32.5532,32.5532,CLASS_add_scds.pro,2.1,255,1,"0,1,2,3,4,5,6,7,8,9,10,11,12,13,14,15,",13.8806,63.6948,12.5235,63.6714,12.5064,64.6517,13.8635,64.6806,1.76715087890625,0.0529171234485891,1.66552734375,1.830078125,3619.125,108.3742688227106,8
ch2_cla_l1_20250801T042314797_20250801T042322797.fits,/home/saurabh/moon_project/data/CLASS/ch2_cla_l1_2025_08/cla/data/calibrated/2025/08/01/ch2_cla_l1_20250801T042314797_20250801T042322797.fits,2025-08-01T04:23:14.797,2025-08-01T04:23:22.797,2025-08-01T04:23:18.797,8.0,-45.8,13.5,116.352,12.7877,64.1659,12.7939,64.1661,32.429,32.429,CLASS_add_scds.pro,2.1,256,1,"0,1,2,3,4,5,6,7,8,9,10,11,12,13,14,15,",13.4807,63.6869,12.1232,63.6634,12.1062,64.6427,13.4636,64.6714,1.7181396484375,0.0490652376197345,1.63671875,1.787109375,3518.75,100.48560664521632,8
ch2_cla_l1_20250801T042322797_20250801T042330797.fits,/home/saurabh/moon_project/data/CLASS/ch2_cla_l1_2025_08/cla/data/calibrated/2025/08/01/ch2_cla_l1_20250801T042322797_20250801T042330797.fits,2025-08-01T04:23:22.797,2025-08-01T04:23:30.797,2025-08-01T04:23:26.797,8.0,-45.8,13.5,116.402,12.3877,64.1573,12.3938,64.1575,32.3088,32.3088,CLASS_add_scds.pro,2.1,257,1,"0,1,2,3,4,5,6,7,8,9,10,11,12,13,14,15,",13.0809,63.6789,11.7229,63.6554,11.7059,64.6336,13.0638,64.6622,1.772216796875,0.053733127518505,1.69189453125,1.85107421875,3629.5,110.04544515789829,8
ch2_cla_l1_20250801T042330797_20250801T042338797.fits,/home/saurabh/moon_project/data/CLASS/ch2_cla_l1_2025_08/cla/data/calibrated/2025/08/01/ch2_cla_l1_20250801T042330797_20250801T042338797.fits,2025-08-01T04:23:30.797,2025-08-01T04:23:38.797,2025-08-01T04:23:34.797,8.0,-45.8,13.5,116.452,11.9876,64.1488,11.9938,64.149,32.1926,32.1926,CLASS_add_scds.pro,2.1,258,1,"0,1,2,3,4,5,6,7,8,9,10,11,12,13,14,15,",12.6809,63.6708,11.3227,63.6474,11.3057,64.6246,12.6639,64.653,1.73529052734375,0.0438121412723922,1.6650390625,1.8076171875,3553.875,89.72726532585925,8
ch2_cla_l1_20250801T042338797_20250801T042346797.fits,/home/saurabh/moon_project/data/CLASS/ch2_cla_l1_2025_08/cla/data/calibrated/2025/08/01/ch2_cla_l1_20250801T042338797_20250801T042346797.fits,2025-08-01T04:23:38.797,2025-08-01T04:23:46.797,2025-08-01T04:23:42.797,8.0,-45.7,13.5,116.501,11.5876,64.1403,11.5937,64.1405,32.0805,32.0805,CLASS_add_scds.pro,2.1,259,1,"0,1,2,3,4,5,6,7,8,9,10,11,12,13,14,15,",12.2812,63.6629,10.9225,63.6394,10.9055,64.6157,12.2641,64.644,1.79901123046875,0.0499855412285964,1.734375,1.87646484375,3684.375,102.3703884361656,8
ch2_cla_l1_20250801T042346797_20250801T042354797.fits,/home/saurabh/moon_project/data/CLASS/ch2_cla_l1_2025_08/cla/data/calibrated/2025/08/01/ch2_cla_l1_20250801T042346797_20250801T042354797.fits,2025-08-01T04:23:46.797,2025-08-01T04:23:54.797,2025-08-01T04:23:50.797,8.0,-45.6,13.5,116.549,11.1876,64.1318,11.1937,64.132,31.9725,31.9725,CLASS_add_scds.pro,2.1,260,1,"0,1,2,3,4,5,6,7,8,9,10,11,12,13,14,15,",11.8814,63.6549,10.5224,63.6314,10.5054,64.6068,11.8643,64.635,1.72479248046875,0.0754625035667991,1.61669921875,1.8271484375,3532.375,154.54720730480472,8
ch2_cla_l1_20250801T042354797_20250801T042402797.fits,/home/saurabh/moon_project/data/CLASS/ch2_cla_l1_2025_08/cla/data/calibrated/2025/08/01/ch2_cla_l1_20250801T042354797_20250801T042402797.fits,2025-08-01T04:23:54.797,2025-08-01T04:24:02.797,2025-08-01T04:23:58.797,8.0,-45.6,13.5,116.596,10.7876,64.1234,10.7937,64.1235,31.8687,31.8687,CLASS_add_scds.pro,2.1,261,1,"0,1,2,3,4,5,6,7,8,9,10,11,12,13,14,15,",11.4817,63.647,10.1223,63.6234,10.1054,64.5979,11.4646,64.626,1.797607421875,0.0783648487608442,1.68603515625,1.8974609375,3681.5,160.49121026220897,8
ch2_cla_l1_20250801T042402797_20250801T042410797.fits,/home/saurabh/moon_project/data/CLASS/ch2_cla_l1_2025_08/cla/data/calibrated/2025/08/01/ch2_cla_l1_20250801T042402797_20250801T042410797.fits,2025-08-01T04:24:02.797,2025-08-01T04:24:10.797,2025-08-01T04:24:06.797,8.0,-45.5,13.5,116.642,10.3876,64.1149,10.3939,64.1151,31.7692,31.7692,CLASS_add_scds.pro,2.1,262,1,"0,1,2,3,4,5,6,7,8,9,10,11,12,13,14,15,",11.082,63.6389,9.7221,63.6153,9.7052,64.5891,11.065,64.6169,1.74615478515625,0.0722705441719052,1.63818359375,1.83740234375,3576.125,148.0100744640619,8
ch2_cla_l1_20250801T042410797_20250801T042418797.fits,/home/saurabh/moon_project/data/CLASS/ch2_cla_l1_2025_08/cla/data/calibrated/2025/08/01/ch2_cla_l1_20250801T042410797_20250801T042418797.fits,2025-08-01T04:24:10.797,2025-08-01T04:24:18.797,2025-08-01T04:24:14.797,8.0,-45.5,13.5,116.688,9.9877,64.1065,9.9939,64.1066,31.6738,31.6738,CLASS_add_scds.pro,2.1,263,1,"0,1,2,3,4,5,6,7,8,9,10,11,12,13,14,15,",10.6821,63.6309,9.322,63.6073,9.305,64.5803,10.6651,64.608,1.803955078125,0.0627452941415297,1.70849609375,1.87353515625,3694.5,128.5023624018529,8
ch2_cla_l1_20250801T042418797_20250801T042426797.fits,/home/saurabh/moon_project/data/CLASS/ch2_cla_l1_2025_08/cla/data/calibrated/2025/08/01/ch2_cla_l1_20250801T042418797_20250801T042426797.fits,2025-08-01T04:24:18.797,2025-08-01T04:24:26.797,2025-08-01T04:24:22.797,8.0,-45.5,13.5,116.732,9.5878,64.0981,9.594,64.0983,31.5828,31.5828,CLASS_add_scds.pro,2.1,264,1,"0,1,2,3,4,5,6,7,8,9,10,11,12,13,14,15,",10.2824,63.6229,8.9219,63.5994,8.905,64.5716,10.2654,64.5992,1.751220703125,0.0634234195467852,1.65673828125,1.828125,3586.5,129.89116323181608,8
ch2_cla_l1_20250801T042426797_20250801T042434797.fits,/home/saurabh/moon_project/data/CLASS/ch2_cla_l1_2025_08/cla/data/calibrated/2025/08/01/ch2_cla_l1_20250801T042426797_20250801T042434797.fits,2025-08-01T04:24:26.797,2025-08-01T04:24:34.797,2025-08-01T04:24:30.797,8.0,-45.4,13.5,116.776,9.1879,64.0897,9.1941,64.0899,31.496,31.496,CLASS_add_scds.pro,2.1,265,1,"0,1,2,3,4,5,6,7,8,9,10,11,12,13,14,15,",9.8827,63.615,8.5217,63.5913,8.5048,64.5629,9.8657,64.5904,1.8055419921875,0.0577021012360193,1.7216796875,1.904296875,3697.75,118.17390333136768,8
ch2_cla_l1_20250801T042434797_20250801T042442797.fits,/home/saurabh/moon_project/data/CLASS/ch2_cla_l1_2025_08/cla/data/calibrated/2025/08/01/ch2_cla_l1_20250801T042434797_20250801T042442797.fits,2025-08-01T04:24:34.797,2025-08-01T04:24:42.797,2025-08-01T04:24:38.797,8.0,-45.3,13.5,116.818,8.788,64.0814,8.7941,64.0815,31.4137,31.4137,CLASS_add_scds.pro,2.1,266,1,"0,1,2,3,4,5,6,7,8,9,10,11,12,13,14,15,",9.4829,63.607,8.1217,63.5833,8.1048,64.5543,9.4659,64.5816,1.7725830078125,0.0425847719536221,1.7138671875,1.83984375,3630.25,87.21361296101821,8
ch2_cla_l1_20250801T042442797_20250801T042450797.fits,/home/saurabh/moon_project/data/CLASS/ch2_cla_l1_2025_08/cla/data/calibrated/2025/08/01/ch2_cla_l1_20250801T042442797_20250801T042450797.fits,2025-08-01T04:24:42.797,2025-08-01T04:24:50.797,2025-08-01T04:24:46.797,8.0,-45.3,13.5,116.86,8.3881,64.073,8.3943,64.0732,31.3357,31.3357,CLASS_add_scds.pro,2.1,267,1,"0,1,2,3,4,5,6,7,8,9,10,11,12,13,14,15,",9.0832,63.599,7.7216,63.5752,7.7048,64.5456,9.0662,64.5728,1.7957763671875,0.0344157881077573,1.75,1.8427734375,3677.75,70.48353404468715,8
ch2_cla_l1_20250801T042450797_20250801T042458797.fits,/home/saurabh/moon_project/data/CLASS/ch2_cla_l1_2025_08/cla/data/calibrated/2025/08/01/ch2_cla_l1_20250801T042450797_20250801T042458797.fits,2025-08-01T04:24:50.797,2025-08-01T04:24:58.797,2025-08-01T04:24:54.797,8.0,-45.2,13.5,116.901,7.9883,64.0647,7.9946,64.0648,31.2621,31.2621,CLASS_add_scds.pro,2.1,268,1,"0,1,2,3,4,5,6,7,8,9,10,11,12,13,14,15,",8.6835,63.5909,7.3218,63.5671,7.3049,64.5369,8.6665,64.5641,1.77783203125,0.0503535441588183,1.71728515625,1.87109375,3641.0,103.12405843726006,8
ch2_cla_l1_20250801T042458797_20250801T042506797.fits,/home/saurabh/moon_project/data/CLASS/ch2_cla_l1_2025_08/cla/data/calibrated/2025/08/01/ch2_cla_l1_20250801T042458797_20250801T042506797.fits,2025-08-01T04:24:58.797,2025-08-01T04:25:06.797,2025-08-01T04:25:02.797,8.0,-45.1,13.5,116.941,7.5884,64.0563,7.5947,64.0565,31.193,31.193,CLASS_add_scds.pro,2.1,269,1,"0,1,2,3,4,5,6,7,8,9,10,11,12,13,14,15,",8.284,63.5829,6.9217,63.5591,6.9049,64.5284,8.267,64.5554,1.8165283203125,0.0387892841260887,1.75244140625,1.86279296875,3720.25,79.44045389022972,8
ch2_cla_l1_20250801T042506797_20250801T042514797.fits,/home/saurabh/moon_project/data/CLASS/ch2_cla_l1_2025_08/cla/data/calibrated/2025/08/01/ch2_cla_l1_20250801T042506797_20250801T042514797.fits,2025-08-01T04:25:06.797,2025-08-01T04:25:14.797,2025-08-01T04:25:10.797,8.0,-45.1,13.5,116.98,7.1886,64.048,7.1947,64.0481,31.1284,31.1284,CLASS_add_scds.pro,2.1,270,1,"0,1,2,3,4,5,6,7,8,9,10,11,12,13,14,15,",7.8842,63.5749,6.5218,63.5511,6.5049,64.5199,7.8673,64.5467,1.7933349609375,0.0753874579723741,1.6943359375,1.912109375,3672.75,154.3935139274223,8
ch2_cla_l1_20250801T042514797_20250801T042522797.fits,/home/saurabh/moon_project/data/CLASS/ch2_cla_l1_2025_08/cla/data/calibrated/2025/08/01/ch2_cla_l1_20250801T042514797_20250801T042522797.fits,2025-08-01T04:25:14.797,2025-08-01T04:25:22.797,2025-08-01T04:25:18.797,8.0,-45.1,13.5,117.018,6.7888,64.0397,6.795,64.0399,31.0683,31.0683,CLASS_add_scds.pro,2.1,271,1,"0,1,2,3,4,5,6,7,8,9,10,11,12,13,14,15,",7.4846,63.5669,6.1219,63.543,6.105,64.5114,7.4677,64.5382,1.80731201171875,0.0454007327941898,1.73291015625,1.87890625,3701.375,92.9807007625008,8
ch2_cla_l1_20250801T042634797_20250801T042642797.fits,/home/saurabh/moon_project/data/CLASS/ch2_cla_l1_2025_08/cla/data/calibrated/2025/08/01/ch2_cla_l1_20250801T042634797_20250801T042642797.fits,2025-08-01T04:26:34.797,2025-08-01T04:26:42.797,2025-08-01T04:26:38.797,8.0,-44.5,13.5,117.35,2.7917,63.9572,2.7979,63.9574,30.7201,30.7201,CLASS_add_scds.pro,2.1,281,1,"0,1,2,3,4,5,6,7,8,9,10,11,12,13,14,15,",3.489,63.4861,2.1236,63.4617,2.1068,64.428,3.4722,64.4537,1.686279296875,0.0379138454024428,1.62255859375,1.7490234375,3453.5,77.6475553842029,8
ch2_cla_l1_20250801T042650797_20250801T042658797.fits,/home/saurabh/moon_project/data/CLASS/ch2_cla_l1_2025_08/cla/data/calibrated/2025/08/01/ch2_cla_l1_20250801T042650797_20250801T042658797.fits,2025-08-01T04:26:50.797,2025-08-01T04:26:58.797,2025-08-01T04:26:54.797,8.0,-44.3,13.5,117.406,1.9925,63.9408,1.9986,63.9409,30.7064,30.7064,CLASS_add_scds.pro,2.1,283,1,"0,1,2,3,4,5,6,7,8,9,10,11,12,13,14,15,",2.6899,63.4698,1.3242,63.4452,1.3073,64.4115,2.6731,64.4371,1.70452880859375,0.0347238623519332,1.6630859375,1.767578125,3490.875,71.11447009675919,8
ch2_cla_l1_20250801T042706797_20250801T042714797.fits,/home/saurabh/moon_project/data/CLASS/ch2_cla_l1_2025_08/cla/data/calibrated/2025/08/01/ch2_cla_l1_20250801T042706797_20250801T042714797.fits,2025-08-01T04:27:06.797,2025-08-01T04:27:14.797,2025-08-01T04:27:10.797,8.0,-44.2,13.5,117.457,1.1933,63.9244,1.1995,63.9245,30.7115,30.7115,CLASS_add_scds.pro,2.1,285,1,"0,1,2,3,4,5,6,7,8,9,10,11,12,13,14,15,",1.891,63.4534,0.5249,63.4287,0.508,64.3952,1.8741,64.4206,1.70904541015625,0.0708541293297218,1.6220703125,1.8466796875,3500.125,145.1092568672703,8
ch2_cla_l1_20250801T043514797_20250801T043522797.fits,/home/saurabh/moon_project/data/CLASS/ch2_cla_l1_2025_08/cla/data/calibrated/2025/08/01/ch2_cla_l1_20250801T043514797_20250801T043522797.fits,2025-08-01T04:35:14.797,2025-08-01T04:35:22.797,2025-08-01T04:35:18.797,8.0,-40.8,13.5,117.252,-23.1768,63.4008,-23.1705,63.4009,38.8027,38.8027,CLASS_add_scds.pro,2.1,346,1,"0,1,2,3,4,5,6,7,8,9,10,11,12,13,14,15,",-22.4782,62.8933,-23.8426,62.8589,-23.861,63.9133,-22.4964,63.9378,1.70391845703125,0.0764343156234819,1.58349609375,1.794921875,3489.625,156.5374783968911,8
ch2_cla_l1_20250801T044338797_20250801T044346797.fits,/home/saurabh/moon_project/data/CLASS/ch2_cla_l1_2025_08/cla/data/calibrated/2025/08/01/ch2_cla_l1_20250801T044338797_20250801T044346797.fits,2025-08-01T04:43:38.797,2025-08-01T04:43:46.797,2025-08-01T04:43:42.797,8.0,-38.0,13.5,113.507,-48.3976,62.6249,-48.3916,62.6251,56.6203,56.6203,CLASS_add_scds.pro,2.1,409,1,"0,1,2,3,4,5,6,7,8,9,10,11,12,13,14,15,",-47.7098,61.9577,-49.0443,61.8859,-49.0691,63.3098,-47.734,63.3463,1.6986083984375,0.0337532691785079,1.64404296875,1.74365234375,3478.75,69.12669527758433,8
ch2_cla_l1_20250801T044410797_20250801T044418797.fits,/home/saurabh/moon_project/data/CLASS/ch2_cla_l1_2025_08/cla/data/calibrated/2025/08/01/ch2_cla_l1_20250801T044410797_20250801T044418797.fits,2025-08-01T04:44:10.797,2025-08-01T04:44:18.797,2025-08-01T04:44:14.797,8.0,-37.9,13.5,113.16,-50.0027,62.5542,-49.9966,62.5544,57.8961,57.8961,CLASS_add_scds.pro,2.1,413,1,"0,1,2,3,4,5,6,7,8,9,10,11,12,13,14,15,",-49.3157,61.8686,-50.6473,61.7917,-50.673,63.2589,-49.3407,63.2976,1.70562744140625,0.0429999993378141,1.63330078125,1.76318359375,3493.125,88.06399864384343,8
ch2_cla_l1_20250801T045218797_20250801T045226797.fits,/home/saurabh/moon_project/data/CLASS/ch2_cla_l1_2025_08/cla/data/calibrated/2025/08/01/ch2_cla_l1_20250801T045218797_20250801T045226797.fits,2025-08-01T04:52:18.797,2025-08-01T04:52:26.797,2025-08-01T04:52:22.797,8.0,-36.9,13.5,106.627,-74.5546,60.0417,-74.5489,60.0429,78.3297,78.3297,CLASS_add_scds.pro,2.1,474,1,"0,1,2,3,4,5,6,7,8,9,10,11,12,13,14,15,",-73.8756,58.6183,-75.1515,58.1715,-75.2115,61.5902,-73.9311,61.778,1.7000732421875,0.0790127048244326,1.57470703125,1.8076171875,3481.75,161.81801948043804,8
ch2_cla_l1_20250801T045250797_20250801T045258797.fits,/home/saurabh/moon_project/data/CLASS/ch2_cla_l1_2025_08/cla/data/calibrated/2025/08/01/ch2_cla_l1_20250801T045250797_20250801T045258797.fits,2025-08-01T04:52:50.797,2025-08-01T04:52:58.797,2025-08-01T04:52:54.797,8.0,-36.9,13.5,106.132,-76.1685,59.5918,-76.1629,59.5932,79.7112,79.7112,CLASS_add_scds.pro,2.1,478,1,"0,1,2,3,4,5,6,7,8,9,10,11,12,13,14,15,",-75.4884,58.0421,-76.759,57.4893,-76.8259,61.2961,-75.5496,61.5277,1.7012939453125,0.0538697112980168,1.62744140625,1.78857421875,3484.25,110.32516873833848,8
ch2_cla_l1_20250801T045306797_20250801T045314797.fits,/home/saurabh/moon_project/data/CLASS/ch2_cla_l1_2025_08/cla/data/calibrated/2025/08/01/ch2_cla_l1_20250801T045306797_20250801T045314797.fits,2025-08-01T04:53:06.797,2025-08-01T04:53:14.797,2025-08-01T04:53:10.797,8.0,-36.9,13.5,105.882,-76.9754,59.3262,-76.9698,59.3281,80.4032,80.4032,CLASS_add_scds.pro,2.1,480,1,"0,1,2,3,4,5,6,7,8,9,10,11,12,13,14,15,",-76.2945,57.7038,-77.5621,57.0832,-77.6332,61.1217,-76.3591,61.3812,1.70501708984375,0.0608685994743319,1.63037109375,1.82470703125,3491.875,124.65889172343176,8
ch2_cla_l1_20250801T050042797_20250801T050050797.fits,/home/saurabh/moon_project/data/CLASS/ch2_cla_l1_2025_08/cla/data/calibrated/2025/08/01/ch2_cla_l1_20250801T050042797_20250801T050050797.fits,2025-08-01T05:00:42.797,2025-08-01T05:00:50.797,2025-08-01T05:00:46.797,8.0,-37.4,13.5,98.3319,-79.7778,-110.815,-79.7829,-110.812,100.278,100.278,CLASS_add_scds.pro,2.1,537,1,"0,3,4,5,8,9,10,11,",-79.2081,-113.28,-80.4224,-112.871,-80.3375,-108.054,-79.1328,-108.999,1.70770263671875,0.0343228204211601,1.65869140625,1.76220703125,3497.375,70.29313622253598,8
ch2_cla_l1_20250801T050402797_20250801T050410797.fits,/home/saurabh/moon_project/data/CLASS/ch2_cla_l1_2025_08/cla/data/calibrated/2025/08/01/ch2_cla_l1_20250801T050402797_20250801T050410797.fits,2025-08-01T05:04:02.797,2025-08-01T05:04:10.797,2025-08-01T05:04:06.797,8.0,-38.4,13.5,94.9623,-69.584,-113.724,-69.5891,-113.723,108.953,108.953,CLASS_add_scds.pro,2.1,562,1,"0,1,2,3,4,5,6,7,8,9,10,11,12,13,14,15,",-69.0106,-114.894,-70.2001,-114.786,-70.1599,-112.485,-68.9726,-112.721,1.67059326171875,0.0572691001871034,1.5869140625,1.76171875,3421.375,117.28711718318792,8
ch2_cla_l1_20250801T050418797_20250801T050426797.fits,/home/saurabh/moon_project/data/CLASS/ch2_cla_l1_2025_08/cla/data/calibrated/2025/08/01/ch2_cla_l1_20250801T050418797_20250801T050426797.fits,2025-08-01T05:04:18.797,2025-08-01T05:04:26.797,2025-08-01T05:04:22.797,8.0,-38.4,13.5,94.6964,-68.7659,-113.84,-68.7707,-113.839,109.641,109.641,CLASS_add_scds.pro,2.1,564,1,"0,1,2,3,4,5,6,7,8,9,10,11,12,13,14,15,",-68.1928,-114.962,-69.3801,-114.862,-69.3414,-112.654,-68.1562,-112.873,1.68841552734375,0.0570507143253163,1.6064453125,1.7880859375,3457.875,116.83986293824796,8
ch2_cla_l1_20250801T050434797_20250801T050442797.fits,/home/saurabh/moon_project/data/CLASS/ch2_cla_l1_2025_08/cla/data/calibrated/2025/08/01/ch2_cla_l1_20250801T050434797_20250801T050442797.fits,2025-08-01T05:04:34.797,2025-08-01T05:04:42.797,2025-08-01T05:04:38.797,8.0,-38.4,13.5,94.4313,-67.9474,-113.948,-67.9523,-113.947,110.329,110.329,CLASS_add_scds.pro,2.1,566,1,"0,1,2,3,4,5,6,7,8,9,10,11,12,13,14,15,",-67.3748,-115.026,-68.5603,-114.933,-68.5231,-112.811,-67.3396,-113.014,1.6951904296875,0.0565869307050977,1.62158203125,1.80712890625,3471.75,115.8900340840402,8
ch2_cla_l1_20250801T050450797_20250801T050458797.fits,/home/saurabh/moon_project/data/CLASS/ch2_cla_l1_2025_08/cla/data/calibrated/2025/08/01/ch2_cla_l1_20250801T050450797_20250801T050458797.fits,2025-08-01T05:04:50.797,2025-08-01T05:04:58.797,2025-08-01T05:04:54.797,8.0,-38.5,13.5,94.167,-67.1286,-114.048,-67.1335,-114.048,111.016,111.016,CLASS_add_scds.pro,2.1,568,1,"0,1,2,3,4,5,6,7,8,9,10,11,12,13,14,15,",-66.5564,-115.086,-67.7399,-114.998,-67.7042,-112.957,-66.5224,-113.146,1.697998046875,0.0808923247436211,1.56591796875,1.8173828125,3477.5,165.66748107493603,8
ch2_cla_l1_20250801T050458797_20250801T050506797.fits,/home/saurabh/moon_project/data/CLASS/ch2_cla_l1_2025_08/cla/data/calibrated/2025/08/01/ch2_cla_l1_20250801T050458797_20250801T050506797.fits,2025-08-01T05:04:58.797,2025-08-01T05:05:06.797,2025-08-01T05:05:02.797,8.0,-38.5,13.5,94.0352,-66.7191,-114.096,-66.724,-114.096,111.359,111.359,CLASS_add_scds.pro,2.1,569,1,"0,1,2,3,4,5,6,7,8,9,10,11,12,13,14,15,",-66.1472,-115.115,-67.3296,-115.03,-67.2945,-113.026,-66.1139,-113.208,1.6142578125,0.0450241157460037,1.54150390625,1.6806640625,3306.0,92.20938904781568,8
ch2_cla_l1_20250801T050506797_20250801T050514797.fits,/home/saurabh/moon_project/data/CLASS/ch2_cla_l1_2025_08/cla/data/calibrated/2025/08/01/ch2_cla_l1_20250801T050506797_20250801T050514797.fits,2025-08-01T05:05:06.797,2025-08-01T05:05:14.797,2025-08-01T05:05:10.797,8.0,-38.6,13.5,93.9037,-66.3095,-114.143,-66.3144,-114.142,111.701,111.701,CLASS_add_scds.pro,2.1,570,0,"0,1,2,3,4,5,6,7,8,9,10,11,12,13,14,15,",-65.7379,-115.143,-66.9193,-115.06,-66.8848,-113.093,-65.7051,-113.269,1.5904541015625,0.0809191622951375,1.47705078125,1.7294921875,3257.25,165.72244438044163,8
ch2_cla_l1_20250801T050514797_20250801T050522797.fits,/home/saurabh/moon_project/data/CLASS/ch2_cla_l1_2025_08/cla/data/calibrated/2025/08/01/ch2_cla_l1_20250801T050514797_20250801T050522797.fits,2025-08-01T05:05:14.797,2025-08-01T05:05:22.797,2025-08-01T05:05:18.797,8.0,-38.6,13.5,93.7723,-65.8999,-114.188,-65.9047,-114.187,112.044,112.044,CLASS_add_scds.pro,2.1,571,0,"0,1,2,3,4,5,6,7,8,9,10,11,12,13,14,15,",-65.3285,-115.17,-66.5089,-115.09,-66.475,-113.157,-65.2962,-113.328,1.63616943359375,0.0455927539650531,1.564453125,1.6982421875,3350.875,93.3739601204288,8
ch2_cla_l1_20250801T050522797_20250801T050530797.fits,/home/saurabh/moon_project/data/CLASS/ch2_cla_l1_2025_08/cla/data/calibrated/2025/08/01/ch2_cla_l1_20250801T050522797_20250801T050530797.fits,2025-08-01T05:05:22.797,2025-08-01T05:05:30.797,2025-08-01T05:05:26.797,8.0,-38.6,13.5,93.6413,-65.4902,-114.231,-65.495,-114.231,112.386,112.386,CLASS_add_scds.pro,2.1,572,0,"0,1,2,3,4,5,6,7,8,9,10,11,12,13,14,15,",-64.9191,-115.196,-66.0984,-115.118,-66.0651,-113.22,-64.8874,-113.385,1.6112060546875,0.0808854823749261,1.47119140625,1.73193359375,3299.75,165.65346790384868,8
ch2_cla_l1_20250801T050530797_20250801T050538797.fits,/home/saurabh/moon_project/data/CLASS/ch2_cla_l1_2025_08/cla/data/calibrated/2025/08/01/ch2_cla_l1_20250801T050530797_20250801T050538797.fits,2025-08-01T05:05:30.797,2025-08-01T05:05:38.797,2025-08-01T05:05:34.797,8.0,-38.6,13.5,93.5104,-65.0804,-114.273,-65.0852,-114.273,112.727,112.727,CLASS_add_scds.pro,2.1,573,0,"0,1,2,3,4,5,6,7,8,9,10,11,12,13,14,15,",-64.5096,-115.222,-65.6879,-115.146,-65.6552,-113.281,-64.4784,-113.44,1.616943359375,0.0758281399771573,1.50341796875,1.728515625,3311.5,155.29603067321824,8
ch2_cla_l1_20250801T050538797_20250801T050546797.fits,/home/saurabh/moon_project/data/CLASS/ch2_cla_l1_2025_08/cla/data/calibrated/2025/08/01/ch2_cla_l1_20250801T050538797_20250801T050546797.fits,2025-08-01T05:05:38.797,2025-08-01T05:05:46.797,2025-08-01T05:05:42.797,8.0,-38.6,13.5,93.3799,-64.6705,-114.314,-64.6754,-114.314,113.069,113.069,CLASS_add_scds.pro,2.1,574,0,"0,1,2,3,4,5,6,7,8,9,10,11,12,13,14,15,",-64.1001,-115.247,-65.2773,-115.173,-65.2452,-113.339,-64.0694,-113.494,1.63385009765625,0.0860624272298401,1.49169921875,1.7587890625,3346.125,176.2558509667126,8
ch2_cla_l1_20250801T050546797_20250801T050554797.fits,/home/saurabh/moon_project/data/CLASS/ch2_cla_l1_2025_08/cla/data/calibrated/2025/08/01/ch2_cla_l1_20250801T050546797_20250801T050554797.fits,2025-08-01T05:05:46.797,2025-08-01T05:05:54.797,2025-08-01T05:05:50.797,8.0,-38.6,13.5,93.2496,-64.2606,-114.354,-64.2655,-114.354,113.41,113.41,CLASS_add_scds.pro,2.1,575,0,"0,1,2,3,4,5,6,7,8,9,10,11,12,13,14,15,",-63.6905,-115.271,-64.8667,-115.2,-64.8352,-113.396,-63.6603,-113.546,1.64422607421875,0.0749134733983547,1.5205078125,1.74072265625,3367.375,153.4227935198306,8
ch2_cla_l1_20250801T050554797_20250801T050602663.fits,/home/saurabh/moon_project/data/CLASS/ch2_cla_l1_2025_08/cla/data/calibrated/2025/08/01/ch2_cla_l1_20250801T050554797_20250801T050602663.fits,2025-08-01T05:05:54.797,2025-08-01T05:06:02.663,2025-08-01T05:05:58.730,7.866,-38.6,13.5,93.1206,-63.854,-114.393,-63.8589,-114.392,113.747,113.747,CLASS_add_scds.pro,2.1,576,0,"0,1,2,3,4,5,6,7,8,9,10,11,12,13,14,15,",-63.2877,-115.294,-64.4561,-115.226,-64.4251,-113.451,-63.258,-113.595,1.6531808035714286,0.0908984713730253,1.51904296875,1.76953125,3385.714285714286,186.1600693719559,7
ch2_cla_l1_20250801T054648395_20250801T054656395.fits,/home/saurabh/moon_project/data/CLASS/ch2_cla_l1_2025_08/cla/data/calibrated/2025/08/01/ch2_cla_l1_20250801T054648395_20250801T054656395.fits,2025-08-01T05:46:48.395,2025-08-01T05:46:56.395,2025-08-01T05:46:52.395,8.0,-47.5,13.5,86.7716,63.3528,-118.797,63.3483,-118.796,111.157,111.157,CLASS_add_scds.pro,2.1,0,0,"0,1,2,3,4,5,6,7,8,9,10,11,12,13,14,15,",63.8947,-119.657,62.7699,-119.526,62.7971,-117.969,63.9231,-118.036,1.737548828125,0.0598071213390989,1.646484375,1.8095703125,3558.5,122.48498450247456,8
ch2_cla_l1_20250801T054656395_20250801T054704395.fits,/home/saurabh/moon_project/data/CLASS/ch2_cla_l1_2025_08/cla/data/calibrated/2025/08/01/ch2_cla_l1_20250801T054656395_20250801T054704395.fits,2025-08-01T05:46:56.395,2025-08-01T05:47:04.395,2025-08-01T05:47:00.395,8.0,-47.5,13.5,86.8814,63.7656,-118.834,63.7611,-118.834,110.811,110.811,CLASS_add_scds.pro,2.1,1,0,"0,1,2,3,4,5,6,7,8,9,10,11,12,13,14,15,",64.3077,-119.709,63.1821,-119.575,63.2098,-117.993,64.3365,-118.062,1.7977294921875,0.0618038921564381,1.7021484375,1.896484375,3681.75,126.57437113638538,8
ch2_cla_l1_20250801T054704395_20250801T054712395.fits,/home/saurabh/moon_project/data/CLASS/ch2_cla_l1_2025_08/cla/data/calibrated/2025/08/01/ch2_cla_l1_20250801T054704395_20250801T054712395.fits,2025-08-01T05:47:04.395,2025-08-01T05:47:12.395,2025-08-01T05:47:08.395,8.0,-47.5,13.5,86.9918,64.1784,-118.873,64.1739,-118.873,110.465,110.465,CLASS_add_scds.pro,2.1,2,0,"0,1,2,3,4,5,6,7,8,9,10,11,12,13,14,15,",64.7206,-119.763,63.5942,-119.624,63.6223,-118.018,64.7499,-118.089,1.77313232421875,0.0511341201130438,1.69091796875,1.8427734375,3631.375,104.7226779915138,8
ch2_cla_l1_20250801T054712395_20250801T054720395.fits,/home/saurabh/moon_project/data/CLASS/ch2_cla_l1_2025_08/cla/data/calibrated/2025/08/01/ch2_cla_l1_20250801T054712395_20250801T054720395.fits,2025-08-01T05:47:12.395,2025-08-01T05:47:20.395,2025-08-01T05:47:16.395,8.0,-47.5,13.5,87.1029,64.5912,-118.913,64.5867,-118.913,110.119,110.119,CLASS_add_scds.pro,2.1,3,0,"0,1,2,3,4,5,6,7,8,9,10,11,12,13,14,15,",65.1334,-119.819,64.0062,-119.675,64.0348,-118.043,65.1632,-118.117,1.78436279296875,0.0832936981721473,1.658203125,1.90087890625,3654.375,170.58549385655778,8
ch2_cla_l1_20250801T054720395_20250801T054728395.fits,/home/saurabh/moon_project/data/CLASS/ch2_cla_l1_2025_08/cla/data/calibrated/2025/08/01/ch2_cla_l1_20250801T054720395_20250801T054728395.fits,2025-08-01T05:47:20.395,2025-08-01T05:47:28.395,2025-08-01T05:47:24.395,8.0,-47.6,13.5,87.2145,65.0039,-118.954,64.9994,-118.954,109.772,109.772,CLASS_add_scds.pro,2.1,4,0,"0,1,2,3,4,5,6,7,8,9,10,11,12,13,14,15,",65.5462,-119.877,64.4182,-119.728,64.4472,-118.069,65.5765,-118.145,1.7806396484375,0.0753513055760426,1.6474609375,1.8681640625,3646.75,154.3194738197354,8
ch2_cla_l1_20250801T054728395_20250801T054736395.fits,/home/saurabh/moon_project/data/CLASS/ch2_cla_l1_2025_08/cla/data/calibrated/2025/08/01/ch2_cla_l1_20250801T054728395_20250801T054736395.fits,2025-08-01T05:47:28.395,2025-08-01T05:47:36.395,2025-08-01T05:47:32.395,8.0,-47.6,13.5,87.3267,65.4165,-118.996,65.412,-118.996,109.425,109.425,CLASS_add_scds.pro,2.1,5,0,"0,1,2,3,4,5,6,7,8,9,10,11,12,13,14,15,",65.9589,-119.936,64.8301,-119.783,64.8596,-118.096,65.9897,-118.174,1.79986572265625,0.0887676502000306,1.6708984375,1.92041015625,3686.125,181.79614760966277,8
ch2_cla_l1_20250801T054736395_20250801T054744395.fits,/home/saurabh/moon_project/data/CLASS/ch2_cla_l1_2025_08/cla/data/calibrated/2025/08/01/ch2_cla_l1_20250801T054736395_20250801T054744395.fits,2025-08-01T05:47:36.395,2025-08-01T05:47:44.395,2025-08-01T05:47:40.395,8.0,-47.6,13.5,87.4395,65.829,-119.04,65.8245,-119.04,109.078,109.078,CLASS_add_scds.pro,2.1,6,0,"0,1,2,3,4,5,6,7,8,9,10,11,12,13,14,15,",66.3716,-119.997,65.2419,-119.839,65.2719,-118.124,66.4031,-118.204,1.69525146484375,0.0956317201491648,1.5537109375,1.84228515625,3471.875,195.8537628654896,8
ch2_cla_l1_20250801T054744395_20250801T054752395.fits,/home/saurabh/moon_project/data/CLASS/ch2_cla_l1_2025_08/cla/data/calibrated/2025/08/01/ch2_cla_l1_20250801T054744395_20250801T054752395.fits,2025-08-01T05:47:44.395,2025-08-01T05:47:52.395,2025-08-01T05:47:48.395,8.0,-47.6,13.5,87.5529,66.2415,-119.085,66.2369,-119.085,108.73,108.73,CLASS_add_scds.pro,2.1,7,0,"0,1,2,3,4,5,6,7,8,9,10,11,12,13,14,15,",66.7842,-120.06,65.6537,-119.896,65.6843,-118.152,66.8161,-118.234,1.6668701171875,0.0571219005644196,1.57177734375,1.74755859375,3413.75,116.98565235593148,8
ch2_cla_l1_20250801T054752395_20250801T054800395.fits,/home/saurabh/moon_project/data/CLASS/ch2_cla_l1_2025_08/cla/data/calibrated/2025/08/01/ch2_cla_l1_20250801T054752395_20250801T054800395.fits,2025-08-01T05:47:52.395,2025-08-01T05:48:00.395,2025-08-01T05:47:56.395,8.0,-47.6,13.5,87.6669,66.6539,-119.132,66.6494,-119.131,108.382,108.382,CLASS_add_scds.pro,2.1,8,0,"0,1,2,3,4,5,6,7,8,9,10,11,12,13,14,15,",67.1966,-120.126,66.0653,-119.956,66.0964,-118.181,67.2291,-118.266,1.67706298828125,0.0747373147344536,1.55126953125,1.787109375,3434.625,153.06202057616102,8
ch2_cla_l1_20250801T054800395_20250801T054808395.fits,/home/saurabh/moon_project/data/CLASS/ch2_cla_l1_2025_08/cla/data/calibrated/2025/08/01/ch2_cla_l1_20250801T054800395_20250801T054808395.fits,2025-08-01T05:48:00.395,2025-08-01T05:48:08.395,2025-08-01T05:48:04.395,8.0,-47.6,13.5,87.7815,67.0663,-119.18,67.0617,-119.179,108.035,108.035,CLASS_add_scds.pro,2.1,9,0,"0,1,2,3,4,5,6,7,8,9,10,11,12,13,14,15,",67.609,-120.193,66.4769,-120.018,66.5085,-118.211,67.6421,-118.299,1.6884765625,0.0566502454883921,1.6044921875,1.775390625,3458.0,116.01970276022702,8
ch2_cla_l1_20250801T054808395_20250801T054816395.fits,/home/saurabh/moon_project/data/CLASS/ch2_cla_l1_2025_08/cla/data/calibrated/2025/08/01/ch2_cla_l1_20250801T054808395_20250801T054816395.fits,2025-08-01T05:48:08.395,2025-08-01T05:48:16.395,2025-08-01T05:48:12.395,8.0,-47.6,13.5,87.8966,67.4786,-119.229,67.474,-119.229,107.686,107.686,CLASS_add_scds.pro,2.1,10,0,"0,1,2,3,4,5,6,7,8,9,10,11,12,13,14,15,",68.0213,-120.263,66.8884,-120.081,66.9205,-118.242,68.0551,-118.333,1.6788330078125,0.0545645128845459,1.591796875,1.75927734375,3438.25,111.74812238755,8
ch2_cla_l1_20250801T054816395_20250801T054824395.fits,/home/saurabh/moon_project/data/CLASS/ch2_cla_l1_2025_08/cla/data/calibrated/2025/08/01/ch2_cla_l1_20250801T054816395_20250801T054824395.fits,2025-08-01T05:48:16.395,2025-08-01T05:48:24.395,2025-08-01T05:48:20.395,8.0,-47.6,13.5,88.0123,67.8908,-119.281,67.8862,-119.28,107.338,107.338,CLASS_add_scds.pro,2.1,11,0,"0,1,2,3,4,5,6,7,8,9,10,11,12,13,14,15,",68.4336,-120.336,67.2998,-120.147,67.3325,-118.274,68.468,-118.368,1.6754150390625,0.0465554745751429,1.60693359375,1.73291015625,3431.25,95.34561192989278,8
ch2_cla_l1_20250801T054824395_20250801T054832395.fits,/home/saurabh/moon_project/data/CLASS/ch2_cla_l1_2025_08/cla/data/calibrated/2025/08/01/ch2_cla_l1_20250801T054824395_20250801T054832395.fits,2025-08-01T05:48:24.395,2025-08-01T05:48:32.395,2025-08-01T05:48:28.395,8.0,-47.4,13.5,88.1285,68.3029,-119.334,68.2983,-119.333,106.989,106.989,CLASS_add_scds.pro,2.1,12,1,"0,1,2,3,4,5,6,7,8,9,10,11,13,",68.8458,-120.411,67.7112,-120.215,67.7446,-118.307,68.8809,-118.404,1.71697998046875,0.0577470548913268,1.60986328125,1.78662109375,3516.375,118.26596841743734,8
ch2_cla_l1_20250801T054832395_20250801T054840395.fits,/home/saurabh/moon_project/data/CLASS/ch2_cla_l1_2025_08/cla/data/calibrated/2025/08/01/ch2_cla_l1_20250801T054832395_20250801T054840395.fits,2025-08-01T05:48:32.395,2025-08-01T05:48:40.395,2025-08-01T05:48:36.395,8.0,-47.5,13.5,88.2453,68.715,-119.389,68.7105,-119.388,106.64,106.64,CLASS_add_scds.pro,2.1,13,1,"0,1,2,3,4,5,6,7,8,9,10,11,13,",69.2579,-120.49,68.1224,-120.286,68.1565,-118.341,69.2937,-118.441,1.68115234375,0.0457631816947655,1.61572265625,1.75390625,3443.0,93.72299611087983,8
ch2_cla_l1_20250801T054840395_20250801T054848395.fits,/home/saurabh/moon_project/data/CLASS/ch2_cla_l1_2025_08/cla/data/calibrated/2025/08/01/ch2_cla_l1_20250801T054840395_20250801T054848395.fits,2025-08-01T05:48:40.395,2025-08-01T05:48:48.395,2025-08-01T05:48:44.395,8.0,-47.5,13.5,88.3626,69.127,-119.446,69.1223,-119.445,106.291,106.291,CLASS_add_scds.pro,2.1,14,1,"0,1,2,3,4,5,6,7,8,9,10,11,13,",69.6698,-120.571,68.5336,-120.359,68.5684,-118.376,69.7064,-118.48,1.72021484375,0.0412317924444499,1.64892578125,1.78564453125,3523.0,84.44271092623346,8
ch2_cla_l1_20250801T054848395_20250801T054856395.fits,/home/saurabh/moon_project/data/CLASS/ch2_cla_l1_2025_08/cla/data/calibrated/2025/08/01/ch2_cla_l1_20250801T054848395_20250801T054856395.fits,2025-08-01T05:48:48.395,2025-08-01T05:48:56.395,2025-08-01T05:48:52.395,8.0,-47.5,13.5,88.4805,69.539,-119.505,69.5344,-119.505,105.942,105.942,CLASS_add_scds.pro,2.1,15,1,"0,1,2,3,4,5,6,7,8,9,10,11,13,",70.0817,-120.656,68.9446,-120.435,68.9801,-118.412,70.1192,-118.521,1.6829833984375,0.0537817550081963,1.6064453125,1.77294921875,3446.75,110.14503425678603,8
ch2_cla_l1_20250801T054856395_20250801T054904395.fits,/home/saurabh/moon_project/data/CLASS/ch2_cla_l1_2025_08/cla/data/calibrated/2025/08/01/ch2_cla_l1_20250801T054856395_20250801T054904395.fits,2025-08-01T05:48:56.395,2025-08-01T05:49:04.395,2025-08-01T05:49:00.395,8.0,-47.5,13.5,88.5989,69.9509,-119.566,69.9463,-119.566,105.592,105.592,CLASS_add_scds.pro,2.1,16,1,"0,1,2,3,4,5,6,7,8,9,10,11,13,",70.4935,-120.743,69.3557,-120.514,69.3919,-118.45,70.5317,-118.562,1.74285888671875,0.0427374123833606,1.6767578125,1.8056640625,3569.375,87.52622056112263,8
ch2_cla_l1_20250801T054904395_20250801T054912395.fits,/home/saurabh/moon_project/data/CLASS/ch2_cla_l1_2025_08/cla/data/calibrated/2025/08/01/ch2_cla_l1_20250801T054904395_20250801T054912395.fits,2025-08-01T05:49:04.395,2025-08-01T05:49:12.395,2025-08-01T05:49:08.395,8.0,-47.5,13.5,88.7178,70.3626,-119.63,70.358,-119.63,105.243,105.243,CLASS_add_scds.pro,2.1,17,1,"0,1,2,3,4,5,6,7,8,9,10,11,13,",70.9052,-120.835,69.7665,-120.596,69.8034,-118.489,70.9442,-118.605,1.69671630859375,0.0772117368860456,1.58642578125,1.81396484375,3474.875,158.1296371426215,8
ch2_cla_l1_20250801T054912395_20250801T054920395.fits,/home/saurabh/moon_project/data/CLASS/ch2_cla_l1_2025_08/cla/data/calibrated/2025/08/01/ch2_cla_l1_20250801T054912395_20250801T054920395.fits,2025-08-01T05:49:12.395,2025-08-01T05:49:20.395,2025-08-01T05:49:16.395,8.0,-47.5,13.5,88.8372,70.7744,-119.697,70.7697,-119.696,104.893,104.893,CLASS_add_scds.pro,2.1,18,1,"0,1,2,3,4,5,6,7,8,9,10,11,13,",71.3169,-120.93,70.1773,-120.68,70.215,-118.529,71.3568,-118.651,1.7464599609375,0.0877497437053783,1.62451171875,1.8662109375,3576.75,179.71147510861482,8
ch2_cla_l1_20250801T054920395_20250801T054928395.fits,/home/saurabh/moon_project/data/CLASS/ch2_cla_l1_2025_08/cla/data/calibrated/2025/08/01/ch2_cla_l1_20250801T054920395_20250801T054928395.fits,2025-08-01T05:49:20.395,2025-08-01T05:49:28.395,2025-08-01T05:49:24.395,8.0,-47.5,13.5,88.9571,71.186,-119.766,71.1814,-119.765,104.543,104.543,CLASS_add_scds.pro,2.1,19,1,"0,1,2,3,4,5,6,7,8,9,10,11,13,",71.7285,-121.03,70.5881,-120.769,70.6266,-118.571,71.7694,-118.698,1.69805908203125,0.0872679679800987,1.57568359375,1.82861328125,3477.625,178.72479842324225,8
ch2_cla_l1_20250801T054928395_20250801T054936395.fits,/home/saurabh/moon_project/data/CLASS/ch2_cla_l1_2025_08/cla/data/calibrated/2025/08/01/ch2_cla_l1_20250801T054928395_20250801T054936395.fits,2025-08-01T05:49:28.395,2025-08-01T05:49:36.395,2025-08-01T05:49:32.395,8.0,-47.5,13.5,89.0775,71.5976,-119.838,71.593,-119.837,104.193,104.193,CLASS_add_scds.pro,2.1,20,1,"0,1,2,3,4,5,6,7,8,9,10,11,13,",72.1398,-121.134,70.9988,-120.861,71.0382,-118.615,72.1816,-118.747,1.75286865234375,0.0713943033101218,1.650390625,1.861328125,3589.875,146.21553317912958,8
ch2_cla_l1_20250801T054936395_20250801T054944395.fits,/home/saurabh/moon_project/data/CLASS/ch2_cla_l1_2025_08/cla/data/calibrated/2025/08/01/ch2_cla_l1_20250801T054936395_20250801T054944395.fits,2025-08-01T05:49:36.395,2025-08-01T05:49:44.395,2025-08-01T05:49:40.395,8.0,-47.7,13.5,89.1984,72.009,-119.913,72.0044,-119.912,103.842,103.842,CLASS_add_scds.pro,2.1,21,1,"0,1,2,3,4,5,6,7,8,9,10,11,13,",72.5511,-121.243,71.4092,-120.958,71.4495,-118.66,72.594,-118.797,1.70013427734375,0.0412032319692711,1.6318359375,1.76513671875,3481.875,84.38421907306738,8
ch2_cla_l1_20250801T054944395_20250801T054952395.fits,/home/saurabh/moon_project/data/CLASS/ch2_cla_l1_2025_08/cla/data/calibrated/2025/08/01/ch2_cla_l1_20250801T054944395_20250801T054952395.fits,2025-08-01T05:49:44.395,2025-08-01T05:49:52.395,2025-08-01T05:49:48.395,8.0,-47.7,13.5,89.3199,72.4204,-119.992,72.4158,-119.991,103.492,103.492,CLASS_add_scds.pro,2.1,22,1,"0,1,2,3,4,5,6,7,8,9,10,11,13,",72.9622,-121.356,71.8196,-121.058,71.8608,-118.707,73.0061,-118.851,1.7586669921875,0.055611262699375,1.669921875,1.84423828125,3601.75,113.89186600832012,8
ch2_cla_l1_20250801T054952395_20250801T055000395.fits,/home/saurabh/moon_project/data/CLASS/ch2_cla_l1_2025_08/cla/data/calibrated/2025/08/01/ch2_cla_l1_20250801T054952395_20250801T055000395.fits,2025-08-01T05:49:52.395,2025-08-01T05:50:00.395,2025-08-01T05:49:56.395,8.0,-47.7,13.5,89.4417,72.8317,-120.074,72.8271,-120.073,103.141,103.141,CLASS_add_scds.pro,2.1,23,1,"0,1,2,3,4,5,6,7,8,9,10,11,13,",73.3734,-121.476,72.2298,-121.163,72.272,-118.756,73.4184,-118.906,1.7357177734375,0.0528670966964528,1.64794921875,1.81103515625,3554.75,108.27181403433542,8
ch2_cla_l1_20250801T055000395_20250801T055008395.fits,/home/saurabh/moon_project/data/CLASS/ch2_cla_l1_2025_08/cla/data/calibrated/2025/08/01/ch2_cla_l1_20250801T055000395_20250801T055008395.fits,2025-08-01T05:50:00.395,2025-08-01T05:50:08.395,2025-08-01T05:50:04.395,8.0,-47.7,13.5,89.5641,73.2429,-120.16,73.2383,-120.159,102.791,102.791,CLASS_add_scds.pro,2.1,24,1,"0,1,2,3,4,5,6,7,8,9,10,11,13,",73.7843,-121.601,72.6401,-121.272,72.6833,-118.807,73.8305,-118.965,1.74432373046875,0.0489666961592547,1.67578125,1.81591796875,3572.375,100.2837937341537,8
ch2_cla_l1_20250801T055008395_20250801T055016395.fits,/home/saurabh/moon_project/data/CLASS/ch2_cla_l1_2025_08/cla/data/calibrated/2025/08/01/ch2_cla_l1_20250801T055008395_20250801T055016395.fits,2025-08-01T05:50:08.395,2025-08-01T05:50:16.395,2025-08-01T05:50:12.395,8.0,-47.7,13.5,89.687,73.6541,-120.25,73.6494,-120.249,102.44,102.44,CLASS_add_scds.pro,2.1,25,1,"0,1,2,3,4,5,6,7,8,9,10,11,13,",74.1951,-121.732,73.0501,-121.387,73.0944,-118.861,74.2426,-119.026,1.724609375,0.0581338911390561,1.64208984375,1.830078125,3532.0,119.05820905278703,8
ch2_cla_l1_20250801T055016395_20250801T055024395.fits,/home/saurabh/moon_project/data/CLASS/ch2_cla_l1_2025_08/cla/data/calibrated/2025/08/01/ch2_cla_l1_20250801T055016395_20250801T055024395.fits,2025-08-01T05:50:16.395,2025-08-01T05:50:24.395,2025-08-01T05:50:20.395,8.0,-47.7,13.5,89.8103,74.0651,-120.344,74.0605,-120.343,102.089,102.089,CLASS_add_scds.pro,2.1,26,1,"0,1,2,3,4,5,6,7,8,9,10,11,13,",74.6057,-121.87,73.4601,-121.507,73.5055,-118.917,74.6545,-119.09,1.7642822265625,0.0479992070700228,1.705078125,1.83154296875,3613.25,98.30237607940688,8
ch2_cla_l1_20250801T055024395_20250801T055032395.fits,/home/saurabh/moon_project/data/CLASS/ch2_cla_l1_2025_08/cla/data/calibrated/2025/08/01/ch2_cla_l1_20250801T055024395_20250801T055032395.fits,2025-08-01T05:50:24.395,2025-08-01T05:50:32.395,2025-08-01T05:50:28.395,8.0,-47.7,13.5,89.934,74.476,-120.443,74.4714,-120.442,101.738,101.738,CLASS_add_scds.pro,2.1,27,1,"0,1,2,3,4,5,6,7,8,9,10,11,13,",75.0162,-122.016,73.8698,-121.634,73.9164,-118.975,75.0664,-119.157,1.7559814453125,0.0538810908206599,1.67919921875,1.8447265625,3596.25,110.34847400071156,8
ch2_cla_l1_20250801T055032395_20250801T055040395.fits,/home/saurabh/moon_project/data/CLASS/ch2_cla_l1_2025_08/cla/data/calibrated/2025/08/01/ch2_cla_l1_20250801T055032395_20250801T055040395.fits,2025-08-01T05:50:32.395,2025-08-01T05:50:40.395,2025-08-01T05:50:36.395,8.0,-47.7,13.5,90.0583,74.8868,-120.548,74.8821,-120.547,101.386,101.386,CLASS_add_scds.pro,2.1,28,1,"0,1,2,3,4,5,6,7,8,9,10,11,13,",75.4266,-122.17,74.2794,-121.766,74.3273,-119.037,75.4782,-119.228,1.75433349609375,0.0628442479893168,1.66064453125,1.85205078125,3592.875,128.70501988212092,8
ch2_cla_l1_20250801T055040395_20250801T055048395.fits,/home/saurabh/moon_project/data/CLASS/ch2_cla_l1_2025_08/cla/data/calibrated/2025/08/01/ch2_cla_l1_20250801T055040395_20250801T055048395.fits,2025-08-01T05:50:40.395,2025-08-01T05:50:48.395,2025-08-01T05:50:44.395,8.0,-47.7,13.5,90.1829,75.2976,-120.658,75.2929,-120.657,101.035,101.035,CLASS_add_scds.pro,2.1,29,1,"0,1,2,3,4,5,6,7,8,9,10,11,13,",75.8368,-122.332,74.6889,-121.906,74.7381,-119.101,75.8899,-119.303,1.76611328125,0.0742829697489711,1.65771484375,1.892578125,3617.0,152.13152204589292,8
ch2_cla_l1_20250801T055048395_20250801T055056395.fits,/home/saurabh/moon_project/data/CLASS/ch2_cla_l1_2025_08/cla/data/calibrated/2025/08/01/ch2_cla_l1_20250801T055048395_20250801T055056395.fits,2025-08-01T05:50:48.395,2025-08-01T05:50:56.395,2025-08-01T05:50:52.395,8.0,-47.8,13.5,90.308,75.7082,-120.774,75.7035,-120.773,100.683,100.683,CLASS_add_scds.pro,2.1,30,1,"0,1,2,3,4,5,6,7,8,9,10,11,13,",76.2468,-122.504,75.0983,-122.053,75.1489,-119.169,76.3016,-119.382,1.7752685546875,0.0621265425352133,1.685546875,1.875,3635.75,127.23515911211692,8
ch2_cla_l1_20250801T055056395_20250801T055104395.fits,/home/saurabh/moon_project/data/CLASS/ch2_cla_l1_2025_08/cla/data/calibrated/2025/08/01/ch2_cla_l1_20250801T055056395_20250801T055104395.fits,2025-08-01T05:50:56.395,2025-08-01T05:51:04.395,2025-08-01T05:51:00.395,8.0,-47.8,13.5,90.4336,76.1187,-120.897,76.114,-120.896,100.332,100.332,CLASS_add_scds.pro,2.1,31,1,"0,1,2,3,4,5,6,7,8,9,10,11,13,",76.6567,-122.686,75.5075,-122.208,75.5595,-119.241,76.7132,-119.466,1.7828369140625,0.0725669910256358,1.66748046875,1.89697265625,3651.25,148.61719762050228,8
ch2_cla_l1_20250801T055104395_20250801T055112395.fits,/home/saurabh/moon_project/data/CLASS/ch2_cla_l1_2025_08/cla/data/calibrated/2025/08/01/ch2_cla_l1_20250801T055104395_20250801T055112395.fits,2025-08-01T05:51:04.395,2025-08-01T05:51:12.395,2025-08-01T05:51:08.395,8.0,-47.8,13.5,90.5596,76.529,-121.027,76.5244,-121.026,99.98,99.98,CLASS_add_scds.pro,2.1,32,1,"0,1,2,3,4,5,6,7,8,9,10,11,13,",77.0664,-122.88,75.9165,-122.372,75.9701,-119.316,77.1247,-119.555,1.764892578125,0.0843764370589013,1.64599609375,1.88134765625,3614.5,172.80294309662997,8
ch2_cla_l1_20250801T055112395_20250801T055120395.fits,/home/saurabh/moon_project/data/CLASS/ch2_cla_l1_2025_08/cla/data/calibrated/2025/08/01/ch2_cla_l1_20250801T055112395_20250801T055120395.fits,2025-08-01T05:51:12.395,2025-08-01T05:51:20.395,2025-08-01T05:51:16.395,8.0,-47.8,13.5,90.6859,76.9393,-121.165,76.9346,-121.164,99.6282,99.6282,CLASS_add_scds.pro,2.1,33,1,"0,1,2,3,4,5,6,7,8,9,10,11,13,",77.4758,-123.086,76.3254,-122.545,76.3807,-119.396,77.5361,-119.649,1.80499267578125,0.0680277037866245,1.7197265625,1.9326171875,3696.625,139.32073735500703,8
ch2_cla_l1_20250801T055120395_20250801T055128395.fits,/home/saurabh/moon_project/data/CLASS/ch2_cla_l1_2025_08/cla/data/calibrated/2025/08/01/ch2_cla_l1_20250801T055120395_20250801T055128395.fits,2025-08-01T05:51:20.395,2025-08-01T05:51:28.395,2025-08-01T05:51:24.395,8.0,-47.8,13.5,90.8127,77.3494,-121.312,77.3447,-121.311,99.2763,99.2763,CLASS_add_scds.pro,2.1,34,1,"0,1,2,3,4,5,6,7,8,9,10,11,13,",77.885,-123.305,76.734,-122.729,76.791,-119.48,77.9474,-119.75,1.77972412109375,0.0868522951148656,1.6572265625,1.89990234375,3644.875,177.87350039524478,8
ch2_cla_l1_20250801T055128395_20250801T055136395.fits,/home/saurabh/moon_project/data/CLASS/ch2_cla_l1_2025_08/cla/data/calibrated/2025/08/01/ch2_cla_l1_20250801T055128395_20250801T055136395.fits,2025-08-01T05:51:28.395,2025-08-01T05:51:36.395,2025-08-01T05:51:32.395,8.0,-47.8,13.5,90.9399,77.7594,-121.468,77.7547,-121.466,98.9243,98.9243,CLASS_add_scds.pro,2.1,35,1,"0,1,2,3,4,5,6,7,8,9,10,11,13,",78.2941,-123.54,77.1425,-122.925,77.2014,-119.569,78.3587,-119.857,1.79705810546875,0.0436910874893328,1.73828125,1.865234375,3680.375,89.47934717815374,8
ch2_cla_l1_20250801T055136395_20250801T055144395.fits,/home/saurabh/moon_project/data/CLASS/ch2_cla_l1_2025_08/cla/data/calibrated/2025/08/01/ch2_cla_l1_20250801T055136395_20250801T055144395.fits,2025-08-01T05:51:36.395,2025-08-01T05:51:44.395,2025-08-01T05:51:40.395,8.0,-47.9,13.5,91.0675,78.1692,-121.635,78.1645,-121.633,98.5723,98.5723,CLASS_add_scds.pro,2.1,36,1,"0,1,2,3,4,5,6,7,8,9,10,11,12,13,14,",78.7027,-123.792,77.5508,-123.132,77.6117,-119.664,78.7698,-119.972,1.77288818359375,0.0594257324429468,1.6728515625,1.849609375,3630.875,121.70390004315507,8
ch2_cla_l1_20250801T055144395_20250801T055152395.fits,/home/saurabh/moon_project/data/CLASS/ch2_cla_l1_2025_08/cla/data/calibrated/2025/08/01/ch2_cla_l1_20250801T055144395_20250801T055152395.fits,2025-08-01T05:51:44.395,2025-08-01T05:51:52.395,2025-08-01T05:51:48.395,8.0,-48.0,13.5,91.1956,78.5789,-121.813,78.5742,-121.812,98.2202,98.2202,CLASS_add_scds.pro,2.1,37,1,"0,1,2,3,4,5,6,7,8,9,10,11,12,13,14,15,",79.1111,-124.062,77.9588,-123.354,78.0218,-119.766,79.1808,-120.095,1.82781982421875,0.0617576862601739,1.744140625,1.92333984375,3743.375,126.47974146083632,8
ch2_cla_l1_20250801T055152395_20250801T055200395.fits,/home/saurabh/moon_project/data/CLASS/ch2_cla_l1_2025_08/cla/data/calibrated/2025/08/01/ch2_cla_l1_20250801T055152395_20250801T055200395.fits,2025-08-01T05:51:52.395,2025-08-01T05:52:00.395,2025-08-01T05:51:56.395,8.0,-48.1,13.5,91.3239,78.9884,-122.005,78.9836,-122.003,97.868,97.868,CLASS_add_scds.pro,2.1,38,1,"0,1,2,3,4,5,6,7,8,9,10,11,12,13,14,15,",79.5193,-124.353,78.3665,-123.592,78.4318,-119.874,79.5918,-120.228,1.67108154296875,0.037325295438976,1.6142578125,1.72265625,3422.375,76.44220505902295,8
ch2_cla_l1_20250801T055200395_20250801T055208395.fits,/home/saurabh/moon_project/data/CLASS/ch2_cla_l1_2025_08/cla/data/calibrated/2025/08/01/ch2_cla_l1_20250801T055200395_20250801T055208395.fits,2025-08-01T05:52:00.395,2025-08-01T05:52:08.395,2025-08-01T05:52:04.395,8.0,-48.1,13.5,91.4527,79.3977,-122.21,79.3929,-122.209,97.5158,97.5158,CLASS_add_scds.pro,2.1,39,1,"0,1,2,3,4,5,6,7,8,9,10,11,12,13,14,15,",79.927,-124.667,78.7741,-123.846,78.8419,-119.989,80.0026,-120.371,1.70703125,0.0447532379123699,1.63818359375,1.77392578125,3496.0,91.65463124453358,8
ch2_cla_l1_20250801T055208395_20250801T055216395.fits,/home/saurabh/moon_project/data/CLASS/ch2_cla_l1_2025_08/cla/data/calibrated/2025/08/01/ch2_cla_l1_20250801T055208395_20250801T055216395.fits,2025-08-01T05:52:08.395,2025-08-01T05:52:16.395,2025-08-01T05:52:12.395,8.0,-48.1,13.5,91.5818,79.8068,-122.433,79.802,-122.431,97.1635,97.1635,CLASS_add_scds.pro,2.1,40,1,"0,1,2,3,4,5,6,7,8,9,10,11,12,13,14,15,",80.3345,-125.007,79.1813,-124.119,79.2517,-120.114,80.4133,-120.526,1.656005859375,0.0390066565118332,1.6015625,1.7119140625,3391.5,79.88563253623448,8
ch2_cla_l1_20250801T055216395_20250801T055224395.fits,/home/saurabh/moon_project/data/CLASS/ch2_cla_l1_2025_08/cla/data/calibrated/2025/08/01/ch2_cla_l1_20250801T055216395_20250801T055224395.fits,2025-08-01T05:52:16.395,2025-08-01T05:52:24.395,2025-08-01T05:52:20.395,8.0,-48.2,13.5,91.7114,80.2157,-122.673,80.2109,-122.671,96.8112,96.8112,CLASS_add_scds.pro,2.1,41,1,"0,1,2,3,4,5,6,7,8,9,10,11,12,13,14,15,",80.7414,-125.377,79.5883,-124.413,79.6615,-120.247,80.8237,-120.694,1.7359619140625,0.0397340005651588,1.6806640625,1.80029296875,3555.25,81.37523315744522,8
ch2_cla_l1_20250801T055224395_20250801T055232395.fits,/home/saurabh/moon_project/data/CLASS/ch2_cla_l1_2025_08/cla/data/calibrated/2025/08/01/ch2_cla_l1_20250801T055224395_20250801T055232395.fits,2025-08-01T05:52:24.395,2025-08-01T05:52:32.395,2025-08-01T05:52:28.395,8.0,-48.2,13.5,91.8412,80.6243,-122.934,80.6195,-122.931,96.4588,96.4588,CLASS_add_scds.pro,2.1,42,1,"0,1,2,3,4,5,6,7,8,9,10,11,12,13,14,15,",81.148,-125.78,79.9947,-124.73,80.0709,-120.392,81.2343,-120.878,1.66357421875,0.0631235893555917,1.5771484375,1.74755859375,3407.0,129.2771110002518,8
ch2_cla_l1_20250801T055232395_20250801T055240395.fits,/home/saurabh/moon_project/data/CLASS/ch2_cla_l1_2025_08/cla/data/calibrated/2025/08/01/ch2_cla_l1_20250801T055232395_20250801T055240395.fits,2025-08-01T05:52:32.395,2025-08-01T05:52:40.395,2025-08-01T05:52:36.395,8.0,-48.2,13.5,91.9714,81.0327,-123.218,81.0278,-123.216,96.1064,96.1064,CLASS_add_scds.pro,2.1,43,1,"0,1,2,3,4,5,6,7,8,9,10,11,12,13,14,15,",81.5539,-126.222,80.4009,-125.074,80.4806,-120.548,81.6445,-121.08,1.72003173828125,0.0553067626317468,1.6435546875,1.8173828125,3522.625,113.26824986981758,8
ch2_cla_l1_20250801T055240395_20250801T055248395.fits,/home/saurabh/moon_project/data/CLASS/ch2_cla_l1_2025_08/cla/data/calibrated/2025/08/01/ch2_cla_l1_20250801T055240395_20250801T055248395.fits,2025-08-01T05:52:40.395,2025-08-01T05:52:48.395,2025-08-01T05:52:44.395,8.0,-48.2,13.5,92.102,81.4408,-123.529,81.436,-123.526,95.7539,95.7539,CLASS_add_scds.pro,2.1,44,1,"0,1,2,3,4,5,6,7,8,9,10,11,12,13,14,15,",81.9593,-126.708,80.8066,-125.449,80.8899,-120.718,82.0546,-121.302,1.68359375,0.066090578816717,1.57373046875,1.767578125,3448.0,135.35350541663644,8
ch2_cla_l1_20250801T055248395_20250801T055256395.fits,/home/saurabh/moon_project/data/CLASS/ch2_cla_l1_2025_08/cla/data/calibrated/2025/08/01/ch2_cla_l1_20250801T055248395_20250801T055256395.fits,2025-08-01T05:52:48.395,2025-08-01T05:52:56.395,2025-08-01T05:52:52.395,8.0,-48.2,13.5,92.2329,81.8485,-123.871,81.8438,-123.868,95.4015,95.4015,CLASS_add_scds.pro,2.1,45,1,"0,1,2,3,4,5,6,7,8,9,10,11,12,13,14,15,",82.364,-127.246,81.2119,-125.857,81.2991,-120.904,82.4646,-121.547,1.74114990234375,0.0598301458209258,1.65380859375,1.830078125,3565.875,122.53213864125608,8
ch2_cla_l1_20250801T055256395_20250801T055304395.fits,/home/saurabh/moon_project/data/CLASS/ch2_cla_l1_2025_08/cla/data/calibrated/2025/08/01/ch2_cla_l1_20250801T055256395_20250801T055304395.fits,2025-08-01T05:52:56.395,2025-08-01T05:53:04.395,2025-08-01T05:53:00.395,8.0,-48.2,13.5,92.3642,82.2559,-124.248,82.2511,-124.244,95.049,95.049,CLASS_add_scds.pro,2.1,46,1,"0,1,2,3,4,5,6,7,8,9,10,11,12,13,14,15,",82.768,-127.843,81.6166,-126.305,81.7082,-121.107,82.8743,-121.82,1.68707275390625,0.0676599651186318,1.5595703125,1.78125,3455.125,138.56760856295796,8
ch2_cla_l1_20250801T055304395_20250801T055312395.fits,/home/saurabh/moon_project/data/CLASS/ch2_cla_l1_2025_08/cla/data/calibrated/2025/08/01/ch2_cla_l1_20250801T055304395_20250801T055312395.fits,2025-08-01T05:53:04.395,2025-08-01T05:53:12.395,2025-08-01T05:53:08.395,8.0,-48.2,13.5,92.4957,82.6629,-124.667,82.6581,-124.663,94.6965,94.6965,CLASS_add_scds.pro,2.1,47,1,"0,1,2,3,4,5,6,7,8,9,10,11,12,13,14,15,",83.171,-128.51,82.0208,-126.797,82.1172,-121.331,83.2839,-122.127,1.726806640625,0.0854816982277418,1.60302734375,1.8447265625,3536.5,175.06651797041522,8
ch2_cla_l1_20250801T055312395_20250801T055320395.fits,/home/saurabh/moon_project/data/CLASS/ch2_cla_l1_2025_08/cla/data/calibrated/2025/08/01/ch2_cla_l1_20250801T055312395_20250801T055320395.fits,2025-08-01T05:53:12.395,2025-08-01T05:53:20.395,2025-08-01T05:53:16.395,8.0,-48.2,13.5,92.6277,83.0694,-125.134,83.0645,-125.13,94.344,94.344,CLASS_add_scds.pro,2.1,48,1,"0,1,2,3,4,5,6,7,8,9,10,11,12,13,14,15,",83.5728,-129.26,82.4242,-127.342,82.5259,-121.579,83.693,-122.472,1.72216796875,0.0814516520475069,1.5791015625,1.82275390625,3527.0,166.81298339329413,8
ch2_cla_l1_20250801T055320395_20250801T055328395.fits,/home/saurabh/moon_project/data/CLASS/ch2_cla_l1_2025_08/cla/data/calibrated/2025/08/01/ch2_cla_l1_20250801T055320395_20250801T055328395.fits,2025-08-01T05:53:20.395,2025-08-01T05:53:28.395,2025-08-01T05:53:24.395,8.0,-48.2,13.5,92.7599,83.4753,-125.66,83.4704,-125.654,93.9915,93.9915,CLASS_add_scds.pro,2.1,49,1,"0,1,2,3,4,5,6,7,8,9,10,11,12,13,14,15,",83.9734,-130.109,82.8267,-127.947,82.9343,-121.856,84.102,-122.864,1.71844482421875,0.0583163643828219,1.6318359375,1.80810546875,3519.375,119.43191425601928,8
ch2_cla_l1_20250801T055328395_20250801T055336395.fits,/home/saurabh/moon_project/data/CLASS/ch2_cla_l1_2025_08/cla/data/calibrated/2025/08/01/ch2_cla_l1_20250801T055328395_20250801T055336395.fits,2025-08-01T05:53:28.395,2025-08-01T05:53:36.395,2025-08-01T05:53:32.395,8.0,-48.3,13.5,92.8924,83.8805,-126.254,83.8757,-126.247,93.6389,93.6389,CLASS_add_scds.pro,2.1,50,1,"0,1,2,3,4,5,6,7,8,9,10,11,12,13,14,15,",84.3726,-131.079,83.2284,-128.624,83.3426,-122.165,84.5106,-123.313,1.72979736328125,0.0695634635649975,1.6103515625,1.83642578125,3542.625,142.46597338111502,8
ch2_cla_l1_20250801T055336395_20250801T055344395.fits,/home/saurabh/moon_project/data/CLASS/ch2_cla_l1_2025_08/cla/data/calibrated/2025/08/01/ch2_cla_l1_20250801T055336395_20250801T055344395.fits,2025-08-01T05:53:36.395,2025-08-01T05:53:44.395,2025-08-01T05:53:40.395,8.0,-48.3,13.5,93.0252,84.2849,-126.931,84.2802,-126.924,93.2864,93.2864,CLASS_add_scds.pro,2.1,51,1,"0,1,2,3,4,5,6,7,8,9,10,11,12,13,14,15,",84.7696,-132.195,83.629,-129.385,83.7507,-122.514,84.9186,-123.835,1.74102783203125,0.0560068460848634,1.6484375,1.82177734375,3565.625,114.7020207818004,8
ch2_cla_l1_20250801T055344395_20250801T055352395.fits,/home/saurabh/moon_project/data/CLASS/ch2_cla_l1_2025_08/cla/data/calibrated/2025/08/01/ch2_cla_l1_20250801T055344395_20250801T055352395.fits,2025-08-01T05:53:44.395,2025-08-01T05:53:52.395,2025-08-01T05:53:48.395,8.0,-48.3,13.5,93.1584,84.6884,-127.711,84.6837,-127.702,92.9339,92.9339,CLASS_add_scds.pro,2.1,52,1,"0,1,2,3,4,5,6,7,8,9,10,11,12,13,14,15,",85.1644,-133.494,84.0281,-130.248,84.1583,-122.913,85.3261,-124.448,1.74810791015625,0.0685009482957517,1.640625,1.86279296875,3580.125,140.28994210969958,8
ch2_cla_l1_20250801T055352395_20250801T055400395.fits,/home/saurabh/moon_project/data/CLASS/ch2_cla_l1_2025_08/cla/data/calibrated/2025/08/01/ch2_cla_l1_20250801T055352395_20250801T055400395.fits,2025-08-01T05:53:52.395,2025-08-01T05:54:00.395,2025-08-01T05:53:56.395,8.0,-48.3,13.5,93.2918,85.0907,-128.618,85.0859,-128.608,92.5814,92.5814,CLASS_add_scds.pro,2.1,53,1,"0,1,2,3,4,5,6,7,8,9,10,11,12,13,14,15,",85.5563,-135.022,84.4257,-131.234,84.5655,-123.37,85.7331,-125.174,1.7265625,0.0438801600364472,1.6572265625,1.7822265625,3536.0,89.86656775464388,8
ch2_cla_l1_20250801T055400395_20250801T055408395.fits,/home/saurabh/moon_project/data/CLASS/ch2_cla_l1_2025_08/cla/data/calibrated/2025/08/01/ch2_cla_l1_20250801T055400395_20250801T055408395.fits,2025-08-01T05:54:00.395,2025-08-01T05:54:08.395,2025-08-01T05:54:04.395,8.0,-48.3,13.5,93.4256,85.4914,-129.686,85.4867,-129.674,92.2289,92.2289,CLASS_add_scds.pro,2.1,54,1,"0,1,2,3,4,5,6,7,8,9,10,11,12,13,14,15,",85.9442,-136.843,84.8215,-132.37,84.9725,-123.898,86.139,-126.055,1.75274658203125,0.0520144370206568,1.67333984375,1.83349609375,3589.625,106.52556701830518,8
ch2_cla_l1_20250801T055408395_20250801T055416395.fits,/home/saurabh/moon_project/data/CLASS/ch2_cla_l1_2025_08/cla/data/calibrated/2025/08/01/ch2_cla_l1_20250801T055408395_20250801T055416395.fits,2025-08-01T05:54:08.395,2025-08-01T05:54:16.395,2025-08-01T05:54:12.395,8.0,-48.3,13.5,93.5596,85.8903,-130.962,85.8855,-130.946,91.8765,91.8765,CLASS_add_scds.pro,2.1,55,1,"0,1,2,3,4,5,6,7,8,9,10,11,12,13,14,15,",86.3273,-139.045,85.2146,-133.693,85.3786,-124.521,86.5439,-127.14,1.74859619140625,0.0431431291119602,1.69384765625,1.8154296875,3581.125,88.35712842129459,8
ch2_cla_l1_20250801T055416395_20250801T055424395.fits,/home/saurabh/moon_project/data/CLASS/ch2_cla_l1_2025_08/cla/data/calibrated/2025/08/01/ch2_cla_l1_20250801T055416395_20250801T055424395.fits,2025-08-01T05:54:16.395,2025-08-01T05:54:24.395,2025-08-01T05:54:20.395,8.0,-48.4,13.5,93.6939,86.2866,-132.509,86.2819,-132.491,91.524,91.524,CLASS_add_scds.pro,2.1,56,1,"0,1,2,3,4,5,6,7,8,9,10,11,12,13,14,15,",86.7035,-141.755,85.6049,-135.25,85.7844,-125.262,86.947,-128.512,1.7752685546875,0.0524388667103407,1.6806640625,1.849609375,3635.75,107.3947990227779,8
ch2_cla_l1_20250801T055424395_20250801T055432395.fits,/home/saurabh/moon_project/data/CLASS/ch2_cla_l1_2025_08/cla/data/calibrated/2025/08/01/ch2_cla_l1_20250801T055424395_20250801T055432395.fits,2025-08-01T05:54:24.395,2025-08-01T05:54:32.395,2025-08-01T05:54:28.395,8.0,-48.4,13.5,93.8285,86.6796,-134.423,86.6747,-134.399,91.1716,91.1716,CLASS_add_scds.pro,2.1,57,1,"0,1,2,3,4,5,6,7,8,9,10,11,12,13,14,15,",87.0704,-145.149,85.9911,-137.109,86.189,-126.16,87.3477,-130.297,1.74090576171875,0.056996659391312,1.65087890625,1.83447265625,3565.375,116.72915843340698,8
ch2_cla_l1_20250801T055432395_20250801T055440395.fits,/home/saurabh/moon_project/data/CLASS/ch2_cla_l1_2025_08/cla/data/calibrated/2025/08/01/ch2_cla_l1_20250801T055432395_20250801T055440395.fits,2025-08-01T05:54:32.395,2025-08-01T05:54:40.395,2025-08-01T05:54:36.395,8.0,-48.4,13.5,93.9633,87.0678,-136.845,87.063,-136.815,90.8193,90.8193,CLASS_add_scds.pro,2.1,58,1,"0,1,2,3,4,5,6,7,8,9,10,11,12,13,14,15,",87.4241,-149.493,86.3721,-139.36,86.5922,-127.27,87.745,-132.712,1.79376220703125,0.0400577195990101,1.73095703125,1.85888671875,3673.625,82.03820973877268,8
ch2_cla_l1_20250801T055440395_20250801T055448395.fits,/home/saurabh/moon_project/data/CLASS/ch2_cla_l1_2025_08/cla/data/calibrated/2025/08/01/ch2_cla_l1_20250801T055440395_20250801T055448395.fits,2025-08-01T05:54:40.395,2025-08-01T05:54:48.395,2025-08-01T05:54:44.395,8.0,-48.4,13.5,94.0984,87.4491,-139.998,87.4444,-139.955,90.467,90.467,CLASS_add_scds.pro,2.1,59,1,"0,1,2,3,4,5,6,7,8,9,10,11,12,13,14,15,",87.7586,-155.176,86.7462,-142.131,86.994,-128.674,88.1367,-136.149,1.75689697265625,0.058369780689015,1.6708984375,1.84228515625,3598.125,119.54131085110284,8
ch2_cla_l1_20250801T055448395_20250801T055456395.fits,/home/saurabh/moon_project/data/CLASS/ch2_cla_l1_2025_08/cla/data/calibrated/2025/08/01/ch2_cla_l1_20250801T055448395_20250801T055456395.fits,2025-08-01T05:54:48.395,2025-08-01T05:54:56.395,2025-08-01T05:54:52.395,8.0,-48.4,13.5,94.2338,87.82,-144.238,87.8155,-144.179,90.1147,90.1147,CLASS_add_scds.pro,2.1,60,1,"0,1,2,3,4,5,6,7,8,9,10,11,12,13,14,15,",88.0634,-162.739,87.1108,-145.612,87.3935,-130.509,88.5181,-141.379,1.79986572265625,0.0868754293386077,1.6669921875,1.9296875,3686.125,177.9208792854686,8
ch2_cla_l1_20250801T055456395_20250801T055504395.fits,/home/saurabh/moon_project/data/CLASS/ch2_cla_l1_2025_08/cla/data/calibrated/2025/08/01/ch2_cla_l1_20250801T055456395_20250801T055504395.fits,2025-08-01T05:54:56.395,2025-08-01T05:55:04.395,2025-08-01T05:55:00.395,8.0,-48.4,13.5,94.3694,88.1741,-150.165,88.1699,-150.081,89.7625,89.7625,CLASS_add_scds.pro,2.1,61,1,"0,1,2,3,4,5,6,7,8,9,10,11,12,13,14,15,",88.3225,-172.87,87.4617,-150.073,87.7892,-133.002,88.8787,-150.092,1.74969482421875,0.0878828499397659,1.62744140625,1.87109375,3583.375,179.98407667664063,8
ch2_cla_l1_20250801T055504395_20250801T055512395.fits,/home/saurabh/moon_project/data/CLASS/ch2_cla_l1_2025_08/cla/data/calibrated/2025/08/01/ch2_cla_l1_20250801T055504395_20250801T055512395.fits,2025-08-01T05:55:04.395,2025-08-01T05:55:12.395,2025-08-01T05:55:08.395,8.0,-48.4,13.5,94.5052,88.4996,-158.791,88.4959,-158.668,89.4103,89.4103,CLASS_add_scds.pro,2.1,62,1,"0,1,2,3,4,5,6,7,8,9,10,11,12,13,14,15,",88.512,173.901,87.7923,-155.916,88.1789,-136.573,89.1905,-166.183,1.813232421875,0.0911067541515438,1.68505859375,1.94970703125,3713.5,186.58663250236185,8
ch2_cla_l1_20250801T055512395_20250801T055520395.fits,/home/saurabh/moon_project/data/CLASS/ch2_cla_l1_2025_08/cla/data/calibrated/2025/08/01/ch2_cla_l1_20250801T055512395_20250801T055520395.fits,2025-08-01T05:55:12.395,2025-08-01T05:55:20.395,2025-08-01T05:55:16.395,8.0,-48.4,13.5,94.6413,88.7735,-171.688,88.7706,-171.504,89.0582,89.0582,CLASS_add_scds.pro,2.1,63,1,"0,1,2,3,4,5,6,7,8,9,10,11,12,13,14,15,",89.3756,163.985,88.0921,-163.698,88.5576,-142.046,88.9141,-151.241,1.73284912109375,0.0529808059006476,1.6474609375,1.8095703125,3548.875,108.50469048452632,8
ch2_cla_l1_20250801T055520395_20250801T055528395.fits,/home/saurabh/moon_project/data/CLASS/ch2_cla_l1_2025_08/cla/data/calibrated/2025/08/01/ch2_cla_l1_20250801T055520395_20250801T055528395.fits,2025-08-01T05:55:20.395,2025-08-01T05:55:28.395,2025-08-01T05:55:24.395,8.0,-48.5,13.5,94.7775,88.9545,169.635,88.9529,169.898,88.7062,88.7062,CLASS_add_scds.pro,2.1,64,1,"0,1,2,3,4,5,6,7,8,9,10,11,12,13,14,15,",89.3756,163.985,88.5773,141.256,88.5247,172.413,88.9141,-151.241,1.81011962890625,0.0541790663321803,1.7216796875,1.89013671875,3707.125,110.95872784830532,8
ch2_cla_l1_20250801T055528395_20250801T055536395.fits,/home/saurabh/moon_project/data/CLASS/ch2_cla_l1_2025_08/cla/data/calibrated/2025/08/01/ch2_cla_l1_20250801T055528395_20250801T055536395.fits,2025-08-01T05:55:28.395,2025-08-01T05:55:36.395,2025-08-01T05:55:32.395,8.0,-48.6,13.5,94.914,88.9913,146.723,88.9917,147.005,88.3542,88.3542,CLASS_add_scds.pro,2.1,65,1,"0,1,2,3,4,5,6,7,8,9,10,11,12,13,14,15,",89.0682,104.181,88.5773,141.256,88.5247,172.413,89.383,160.423,1.77252197265625,0.0440370117644291,1.6962890625,1.84326171875,3630.125,90.18780009355082,8
ch2_cla_l1_20250801T055536395_20250801T055544395.fits,/home/saurabh/moon_project/data/CLASS/ch2_cla_l1_2025_08/cla/data/calibrated/2025/08/01/ch2_cla_l1_20250801T055536395_20250801T055544395.fits,2025-08-01T05:55:36.395,2025-08-01T05:55:44.395,2025-08-01T05:55:40.395,8.0,-48.6,13.5,95.0507,88.8699,125.615,88.8721,125.84,88.0023,88.0023,CLASS_add_scds.pro,2.1,66,1,"0,1,2,3,4,5,6,7,8,9,10,11,12,13,14,15,",89.0682,104.181,88.2168,114.509,88.5677,139.777,89.383,160.423,1.8297119140625,0.0565863287997154,1.73486328125,1.908203125,3747.25,115.88880138181725,8
ch2_cla_l1_20250801T055544395_20250801T055552395.fits,/home/saurabh/moon_project/data/CLASS/ch2_cla_l1_2025_08/cla/data/calibrated/2025/08/01/ch2_cla_l1_20250801T055544395_20250801T055552395.fits,2025-08-01T05:55:44.395,2025-08-01T05:55:52.395,2025-08-01T05:55:48.395,8.0,-48.6,13.5,95.1875,88.6318,110.22,88.6351,110.377,87.6505,87.6505,CLASS_add_scds.pro,2.1,67,1,"0,1,2,3,4,5,6,7,8,9,10,11,12,13,14,15,",88.7305,91.9086,88.3595,84.9737,87.9357,105.589,89.305,124.725,1.7750244140625,0.0556045252068982,1.6904296875,1.87353515625,3635.25,113.87806762372765,8
ch2_cla_l1_20250801T055552395_20250801T055600395.fits,/home/saurabh/moon_project/data/CLASS/ch2_cla_l1_2025_08/cla/data/calibrated/2025/08/01/ch2_cla_l1_20250801T055552395_20250801T055600395.fits,2025-08-01T05:55:52.395,2025-08-01T05:56:00.395,2025-08-01T05:55:56.395,8.0,-48.6,13.5,95.3245,88.3261,99.8955,88.33,100.0,87.2988,87.2988,CLASS_add_scds.pro,2.1,68,1,"0,1,2,3,4,5,6,7,8,9,10,11,12,13,14,15,",89.0411,102.678,87.9735,80.6329,87.6169,98.9244,88.4219,125.181,1.81634521484375,0.0446583380424075,1.76123046875,1.88916015625,3719.875,91.46027631085062,8
ch2_cla_l1_20250801T055600395_20250801T055608395.fits,/home/saurabh/moon_project/data/CLASS/ch2_cla_l1_2025_08/cla/data/calibrated/2025/08/01/ch2_cla_l1_20250801T055600395_20250801T055608395.fits,2025-08-01T05:56:00.395,2025-08-01T05:56:08.395,2025-08-01T05:56:04.395,8.0,-48.6,13.5,95.4617,87.9834,92.9111,87.9876,92.9829,86.9471,86.9471,CLASS_add_scds.pro,2.1,69,1,"0,1,2,3,4,5,6,7,8,9,10,11,12,13,14,15,",88.6999,91.0995,87.5798,77.6934,87.2738,93.885,88.1935,113.652,1.81329345703125,0.051851131903389,1.74755859375,1.9052734375,3713.625,106.19111813814078,8
ch2_cla_l1_20250801T055608395_20250801T055616395.fits,/home/saurabh/moon_project/data/CLASS/ch2_cla_l1_2025_08/cla/data/calibrated/2025/08/01/ch2_cla_l1_20250801T055608395_20250801T055616395.fits,2025-08-01T05:56:08.395,2025-08-01T05:56:16.395,2025-08-01T05:56:12.395,8.0,-48.6,13.5,95.5991,87.6196,88.0055,87.624,88.0592,86.5956,86.5956,CLASS_add_scds.pro,2.1,70,1,"0,1,2,3,4,5,6,7,8,9,10,11,12,13,14,15,",88.3282,84.4924,87.1815,75.5787,86.9143,89.9942,87.9095,104.979,1.7130126953125,0.0475600905111529,1.64013671875,1.779296875,3508.25,97.40306536684122,8
ch2_cla_l1_20250801T055616395_20250801T055624395.fits,/home/saurabh/moon_project/data/CLASS/ch2_cla_l1_2025_08/cla/data/calibrated/2025/08/01/ch2_cla_l1_20250801T055616395_20250801T055624395.fits,2025-08-01T05:56:16.395,2025-08-01T05:56:24.395,2025-08-01T05:56:20.395,8.0,-48.6,13.5,95.7366,87.2431,84.4187,87.2478,84.4578,86.2442,86.2442,CLASS_add_scds.pro,2.1,71,1,"0,1,2,3,4,5,6,7,8,9,10,11,12,13,14,15,",87.9425,80.3202,86.7805,73.988,86.5438,86.9256,87.5894,98.4898,1.69146728515625,0.0766885581610297,1.57470703125,1.8193359375,3464.125,157.05816711378895,8
ch2_cla_l1_20250801T055624395_20250801T055632395.fits,/home/saurabh/moon_project/data/CLASS/ch2_cla_l1_2025_08/cla/data/calibrated/2025/08/01/ch2_cla_l1_20250801T055624395_20250801T055632395.fits,2025-08-01T05:56:24.395,2025-08-01T05:56:32.395,2025-08-01T05:56:28.395,8.0,-48.7,13.5,95.8743,86.8584,81.7012,86.8632,81.7325,85.8928,85.8928,CLASS_add_scds.pro,2.1,72,1,"0,1,2,3,4,5,6,7,8,9,10,11,12,13,14,15,",87.5496,77.4747,86.3774,72.7494,86.1653,84.4561,87.2459,93.5693,1.70196533203125,0.0588483456298187,1.6162109375,1.80419921875,3485.625,120.52141184986888,8
ch2_cla_l1_20250801T055632395_20250801T055640395.fits,/home/saurabh/moon_project/data/CLASS/ch2_cla_l1_2025_08/cla/data/calibrated/2025/08/01/ch2_cla_l1_20250801T055632395_20250801T055640395.fits,2025-08-01T05:56:32.395,2025-08-01T05:56:40.395,2025-08-01T05:56:36.395,8.0,-48.7,13.5,96.0121,86.4684,79.5797,86.4734,79.6049,85.5416,85.5416,CLASS_add_scds.pro,2.1,73,1,"0,1,2,3,4,5,6,7,8,9,10,11,12,13,14,15,",87.1521,75.4159,85.9734,71.7599,85.7812,82.4348,86.8866,89.7582,1.71533203125,0.0712560887232866,1.60791015625,1.8251953125,3513.0,145.93246970529114,8
ch2_cla_l1_20250801T055640395_20250801T055648395.fits,/home/saurabh/moon_project/data/CLASS/ch2_cla_l1_2025_08/cla/data/calibrated/2025/08/01/ch2_cla_l1_20250801T055640395_20250801T055648395.fits,2025-08-01T05:56:40.395,2025-08-01T05:56:48.395,2025-08-01T05:56:44.395,8.0,-48.7,13.5,96.15,86.0745,77.8814,86.0795,77.902,85.1905,85.1905,CLASS_add_scds.pro,2.1,74,1,"0,1,2,3,4,5,6,7,8,9,10,11,12,13,14,15,",86.7523,73.866,85.5681,70.9494,85.3925,80.7507,86.5167,86.7503,1.692626953125,0.0894440473209032,1.56005859375,1.82470703125,3466.5,183.1814089132098,8
ch2_cla_l1_20250801T055648395_20250801T055656395.fits,/home/saurabh/moon_project/data/CLASS/ch2_cla_l1_2025_08/cla/data/calibrated/2025/08/01/ch2_cla_l1_20250801T055648395_20250801T055656395.fits,2025-08-01T05:56:48.395,2025-08-01T05:56:56.395,2025-08-01T05:56:52.395,8.0,-48.7,13.5,96.288,85.6779,76.4934,85.6827,76.51,84.8395,84.8395,CLASS_add_scds.pro,2.1,75,1,"0,1,2,3,4,5,6,7,8,9,10,11,12,13,14,15,",86.3502,72.6534,85.1621,70.2745,85.0005,79.3298,86.1388,84.3215,1.7197265625,0.0766434933409113,1.63134765625,1.85546875,3522.0,156.9658743621865,8
ch2_cla_l1_20250801T055656395_20250801T055704395.fits,/home/saurabh/moon_project/data/CLASS/ch2_cla_l1_2025_08/cla/data/calibrated/2025/08/01/ch2_cla_l1_20250801T055656395_20250801T055704395.fits,2025-08-01T05:56:56.395,2025-08-01T05:57:04.395,2025-08-01T05:57:00.395,8.0,-48.7,13.5,96.4262,85.2792,75.3388,85.284,75.353,84.4886,84.4886,CLASS_add_scds.pro,2.1,76,1,"0,1,2,3,4,5,6,7,8,9,10,11,12,13,14,15,",85.947,71.6815,84.7559,69.7039,84.6061,78.1162,85.7554,82.3289,1.71044921875,0.0868179990538643,1.59033203125,1.8330078125,3503.0,177.80326206231425,8
ch2_cla_l1_20250801T055704395_20250801T055712395.fits,/home/saurabh/moon_project/data/CLASS/ch2_cla_l1_2025_08/cla/data/calibrated/2025/08/01/ch2_cla_l1_20250801T055704395_20250801T055712395.fits,2025-08-01T05:57:04.395,2025-08-01T05:57:12.395,2025-08-01T05:57:08.395,8.0,-48.7,13.5,96.5645,84.879,74.364,84.8838,74.3758,84.1378,84.1378,CLASS_add_scds.pro,2.1,77,1,"0,1,2,3,4,5,6,7,8,9,10,11,12,13,14,15,",85.5431,70.8858,84.3491,69.2139,84.2097,77.0672,85.3678,80.6688,1.73748779296875,0.0782412889664473,1.65234375,1.88134765625,3558.375,160.23815980328425,8
ch2_cla_l1_20250801T055712395_20250801T055720395.fits,/home/saurabh/moon_project/data/CLASS/ch2_cla_l1_2025_08/cla/data/calibrated/2025/08/01/ch2_cla_l1_20250801T055712395_20250801T055720395.fits,2025-08-01T05:57:12.395,2025-08-01T05:57:20.395,2025-08-01T05:57:16.395,8.0,-48.7,13.5,96.7029,84.4776,73.5302,84.4827,73.5406,83.7872,83.7872,CLASS_add_scds.pro,2.1,78,1,"0,1,2,3,4,5,6,7,8,9,10,11,12,13,14,15,",85.1384,70.2202,83.9423,68.7896,83.8118,76.1531,84.977,79.2642,1.703369140625,0.0584861130027217,1.60693359375,1.77734375,3488.5,119.77955942957404,8
ch2_cla_l1_20250801T055720395_20250801T055728395.fits,/home/saurabh/moon_project/data/CLASS/ch2_cla_l1_2025_08/cla/data/calibrated/2025/08/01/ch2_cla_l1_20250801T055720395_20250801T055728395.fits,2025-08-01T05:57:20.395,2025-08-01T05:57:28.395,2025-08-01T05:57:24.395,8.0,-48.7,13.5,96.8414,84.0753,72.8092,84.0803,72.8182,83.4367,83.4367,CLASS_add_scds.pro,2.1,79,1,"0,1,2,3,4,5,6,7,8,9,10,11,12,13,14,15,",84.7335,69.6574,83.535,68.4184,83.4123,75.3492,84.5839,78.064,1.7596435546875,0.0651023501188164,1.67333984375,1.8583984375,3603.75,133.329613043336,8
ch2_cla_l1_20250801T055728395_20250801T055736395.fits,/home/saurabh/moon_project/data/CLASS/ch2_cla_l1_2025_08/cla/data/calibrated/2025/08/01/ch2_cla_l1_20250801T055728395_20250801T055736395.fits,2025-08-01T05:57:28.395,2025-08-01T05:57:36.395,2025-08-01T05:57:32.395,8.0,-48.7,13.5,96.98,83.6722,72.1795,83.6772,72.1876,83.0864,83.0864,CLASS_add_scds.pro,2.1,80,1,"0,1,2,3,4,5,6,7,8,9,10,11,12,13,14,15,",84.3279,69.1747,83.1276,68.0909,83.0119,74.6374,84.1885,77.0259,1.72357177734375,0.0583505214293819,1.63134765625,1.8046875,3529.875,119.50186788737416,8
ch2_cla_l1_20250801T055736395_20250801T055744395.fits,/home/saurabh/moon_project/data/CLASS/ch2_cla_l1_2025_08/cla/data/calibrated/2025/08/01/ch2_cla_l1_20250801T055736395_20250801T055744395.fits,2025-08-01T05:57:36.395,2025-08-01T05:57:44.395,2025-08-01T05:57:40.395,8.0,-48.7,13.5,97.1186,83.2685,71.625,83.2735,71.6322,82.7362,82.7362,CLASS_add_scds.pro,2.1,81,1,"0,1,2,3,4,5,6,7,8,9,10,11,12,13,14,15,",83.9221,68.7557,82.72,67.7998,82.6105,74.0027,83.7916,76.12,1.7481689453125,0.0416760888118521,1.6943359375,1.8134765625,3580.25,85.35262988667326,8
ch2_cla_l1_20250801T055744395_20250801T055752395.fits,/home/saurabh/moon_project/data/CLASS/ch2_cla_l1_2025_08/cla/data/calibrated/2025/08/01/ch2_cla_l1_20250801T055744395_20250801T055752395.fits,2025-08-01T05:57:44.395,2025-08-01T05:57:52.395,2025-08-01T05:57:48.395,8.0,-48.7,13.5,97.2573,82.8643,71.1329,82.8694,71.1396,82.3862,82.3862,CLASS_add_scds.pro,2.1,82,1,"0,1,2,3,4,5,6,7,8,9,10,11,12,13,14,15,",83.5161,68.3888,82.3124,67.5388,82.2085,73.433,83.3934,75.3231,1.7105712890625,0.0424341409558924,1.638671875,1.76416015625,3503.25,86.90512067766778,8
ch2_cla_l1_20250801T055752395_20250801T055800395.fits,/home/saurabh/moon_project/data/CLASS/ch2_cla_l1_2025_08/cla/data/calibrated/2025/08/01/ch2_cla_l1_20250801T055752395_20250801T055800395.fits,2025-08-01T05:57:52.395,2025-08-01T05:58:00.395,2025-08-01T05:57:56.395,8.0,-48.7,13.5,97.3961,82.4597,70.6933,82.4648,70.6992,82.0363,82.0363,CLASS_add_scds.pro,2.1,83,1,"0,1,2,3,4,5,6,7,8,9,10,11,12,13,14,15,",83.11,68.0643,81.9047,67.3038,81.8057,72.919,82.9943,74.6164,1.78411865234375,0.0462683062611795,1.71337890625,1.84326171875,3653.875,94.75749122289564,8
ch2_cla_l1_20250801T055800395_20250801T055808395.fits,/home/saurabh/moon_project/data/CLASS/ch2_cla_l1_2025_08/cla/data/calibrated/2025/08/01/ch2_cla_l1_20250801T055800395_20250801T055808395.fits,2025-08-01T05:58:00.395,2025-08-01T05:58:08.395,2025-08-01T05:58:04.395,8.0,-48.8,13.5,97.535,82.0548,70.2982,82.0599,70.3033,81.6866,81.6866,CLASS_add_scds.pro,2.1,84,1,"0,1,2,3,4,5,6,7,8,9,10,11,12,13,14,15,",82.7037,67.7759,81.497,67.0907,81.4025,72.4527,82.5941,73.9859,1.73004150390625,0.0437374466772497,1.677734375,1.7880859375,3543.125,89.57429079500753,8
ch2_cla_l1_20250801T055808395_20250801T055816395.fits,/home/saurabh/moon_project/data/CLASS/ch2_cla_l1_2025_08/cla/data/calibrated/2025/08/01/ch2_cla_l1_20250801T055808395_20250801T055816395.fits,2025-08-01T05:58:08.395,2025-08-01T05:58:16.395,2025-08-01T05:58:12.395,8.0,-48.8,13.5,97.6739,81.6496,69.9411,81.6547,69.9461,81.337,81.337,CLASS_add_scds.pro,2.1,85,1,"0,1,2,3,4,5,6,7,8,9,10,11,12,13,14,15,",82.2974,67.5173,81.0892,66.8973,80.9989,72.0285,82.1933,73.4197,1.776611328125,0.0606075984379909,1.6904296875,1.873046875,3638.5,124.1243616010054,8
ch2_cla_l1_20250801T055816395_20250801T055824395.fits,/home/saurabh/moon_project/data/CLASS/ch2_cla_l1_2025_08/cla/data/calibrated/2025/08/01/ch2_cla_l1_20250801T055816395_20250801T055824395.fits,2025-08-01T05:58:16.395,2025-08-01T05:58:24.395,2025-08-01T05:58:20.395,8.0,-48.8,13.5,97.8128,81.2442,69.6167,81.2492,69.6212,80.9877,80.9877,CLASS_add_scds.pro,2.1,86,1,"0,1,2,3,4,5,6,7,8,9,10,11,12,13,14,15,",81.8909,67.2845,80.6813,66.7204,80.5947,71.6404,81.7918,72.9089,1.73895263671875,0.0665486515921092,1.6435546875,1.82080078125,3561.375,136.29163846063966,8
ch2_cla_l1_20250801T055824395_20250801T055832395.fits,/home/saurabh/moon_project/data/CLASS/ch2_cla_l1_2025_08/cla/data/calibrated/2025/08/01/ch2_cla_l1_20250801T055824395_20250801T055832395.fits,2025-08-01T05:58:24.395,2025-08-01T05:58:32.395,2025-08-01T05:58:28.395,8.0,-48.8,13.5,97.9518,80.8385,69.3208,80.8436,69.325,80.6385,80.6385,CLASS_add_scds.pro,2.1,87,1,"0,1,2,3,4,5,6,7,8,9,10,11,12,13,14,15,",81.4844,67.0735,80.2734,66.5577,80.1903,71.2839,81.3898,72.4455,1.80059814453125,0.0531883679252379,1.71533203125,1.88525390625,3687.625,108.9297775108874,8
ch2_cla_l1_20250801T055832395_20250801T055840395.fits,/home/saurabh/moon_project/data/CLASS/ch2_cla_l1_2025_08/cla/data/calibrated/2025/08/01/ch2_cla_l1_20250801T055832395_20250801T055840395.fits,2025-08-01T05:58:32.395,2025-08-01T05:58:40.395,2025-08-01T05:58:36.395,8.0,-48.8,13.5,98.0908,80.4328,69.0497,80.4378,69.0538,80.2894,80.2894,CLASS_add_scds.pro,2.1,88,1,"0,1,2,3,4,5,6,7,8,9,10,11,12,13,14,15,",81.0778,66.8813,79.8656,66.4081,79.7856,70.9557,80.9873,72.023,1.75396728515625,0.0716176977760196,1.61767578125,1.83056640625,3592.125,146.6730450452882,8
ch2_cla_l1_20250801T055840395_20250801T055848395.fits,/home/saurabh/moon_project/data/CLASS/ch2_cla_l1_2025_08/cla/data/calibrated/2025/08/01/ch2_cla_l1_20250801T055840395_20250801T055848395.fits,2025-08-01T05:58:40.395,2025-08-01T05:58:48.395,2025-08-01T05:58:44.395,8.0,-48.9,13.5,98.2298,80.0269,68.8005,80.0319,68.8043,79.9406,79.9406,CLASS_add_scds.pro,2.1,89,1,"0,1,2,3,4,5,6,7,8,9,10,11,12,13,14,15,",80.6713,66.7058,79.4578,66.2693,79.3808,70.652,80.5845,71.6369,1.78497314453125,0.0865602347995841,1.65771484375,1.908203125,3655.625,177.27536086954828,8
ch2_cla_l1_20250801T055848395_20250801T055856395.fits,/home/saurabh/moon_project/data/CLASS/ch2_cla_l1_2025_08/cla/data/calibrated/2025/08/01/ch2_cla_l1_20250801T055848395_20250801T055856395.fits,2025-08-01T05:58:48.395,2025-08-01T05:58:56.395,2025-08-01T05:58:52.395,8.0,-48.9,13.5,98.3688,79.6209,68.5704,79.626,68.5738,79.592,79.592,CLASS_add_scds.pro,2.1,90,1,"0,1,2,3,4,5,6,7,8,9,10,11,12,13,14,15,",80.2647,66.544,79.0499,66.1408,78.9756,70.3705,80.1814,71.2817,1.7762451171875,0.0753205623958038,1.64697265625,1.8701171875,3637.75,154.25651178660635,8
ch2_cla_l1_20250801T055856395_20250801T055904395.fits,/home/saurabh/moon_project/data/CLASS/ch2_cla_l1_2025_08/cla/data/calibrated/2025/08/01/ch2_cla_l1_20250801T055856395_20250801T055904395.fits,2025-08-01T05:58:56.395,2025-08-01T05:59:04.395,2025-08-01T05:59:00.395,8.0,-48.9,13.5,98.5079,79.2148,68.3575,79.2199,68.3606,79.2435,79.2435,CLASS_add_scds.pro,2.1,91,1,"0,1,2,3,4,5,6,7,8,9,10,11,12,13,14,15,",79.8581,66.3953,78.642,66.0211,78.5702,70.1086,79.778,70.9546,1.79254150390625,0.071255341857823,1.6865234375,1.89404296875,3671.125,145.93094012482166,8
ch2_cla_l1_20250801T055904395_20250801T055912395.fits,/home/saurabh/moon_project/data/CLASS/ch2_cla_l1_2025_08/cla/data/calibrated/2025/08/01/ch2_cla_l1_20250801T055904395_20250801T055912395.fits,2025-08-01T05:59:04.395,2025-08-01T05:59:12.395,2025-08-01T05:59:08.395,8.0,-48.9,13.5,98.6469,78.8086,68.1598,78.8138,68.1629,78.8953,78.8953,CLASS_add_scds.pro,2.1,92,1,"0,1,2,3,4,5,6,7,8,9,10,11,12,13,14,15,",79.4515,66.2574,78.2343,65.9098,78.1648,69.865,79.3742,70.6518,1.76617431640625,0.0687382068675283,1.6767578125,1.89111328125,3617.125,140.7758476646981,8
ch2_cla_l1_20250801T055912395_20250801T055920395.fits,/home/saurabh/moon_project/data/CLASS/ch2_cla_l1_2025_08/cla/data/calibrated/2025/08/01/ch2_cla_l1_20250801T055912395_20250801T055920395.fits,2025-08-01T05:59:12.395,2025-08-01T05:59:20.395,2025-08-01T05:59:16.395,8.0,-48.9,13.5,98.7859,78.4024,67.9756,78.4075,67.9785,78.5473,78.5473,CLASS_add_scds.pro,2.1,93,1,"0,1,2,3,4,5,6,7,8,9,10,11,12,13,14,15,",79.045,66.1301,77.8264,65.8054,77.7592,69.637,78.9704,70.3718,1.7916259765625,0.0601437415882184,1.6904296875,1.88134765625,3669.25,123.1743827726714,8
ch2_cla_l1_20250801T055920395_20250801T055928395.fits,/home/saurabh/moon_project/data/CLASS/ch2_cla_l1_2025_08/cla/data/calibrated/2025/08/01/ch2_cla_l1_20250801T055920395_20250801T055928395.fits,2025-08-01T05:59:20.395,2025-08-01T05:59:28.395,2025-08-01T05:59:24.395,8.0,-48.9,13.5,98.9249,77.9961,67.8038,78.0012,67.8065,78.1995,78.1995,CLASS_add_scds.pro,2.1,94,1,"0,1,2,3,4,5,6,7,8,9,10,11,12,13,14,15,",78.6384,66.0111,77.4187,65.7076,77.3534,69.4235,78.5663,70.1107,1.80084228515625,0.0700292482871224,1.68994140625,1.908203125,3688.125,143.41990049202676,8
ch2_cla_l1_20250801T055928395_20250801T055936395.fits,/home/saurabh/moon_project/data/CLASS/ch2_cla_l1_2025_08/cla/data/calibrated/2025/08/01/ch2_cla_l1_20250801T055928395_20250801T055936395.fits,2025-08-01T05:59:28.395,2025-08-01T05:59:36.395,2025-08-01T05:59:32.395,8.0,-48.9,13.5,99.0638,77.5898,67.6429,77.5948,67.6452,77.8519,77.8519,CLASS_add_scds.pro,2.1,95,1,"0,1,2,3,4,5,6,7,8,9,10,11,12,13,14,15,",78.2318,65.9002,77.0108,65.6155,76.9475,69.223,78.1621,69.8675,1.794677734375,0.049631367497615,1.71337890625,1.85986328125,3675.5,101.64504063511552,8
ch2_cla_l1_20250801T055936395_20250801T055944395.fits,/home/saurabh/moon_project/data/CLASS/ch2_cla_l1_2025_08/cla/data/calibrated/2025/08/01/ch2_cla_l1_20250801T055936395_20250801T055944395.fits,2025-08-01T05:59:36.395,2025-08-01T05:59:44.395,2025-08-01T05:59:40.395,8.0,-48.9,13.5,99.2028,77.1835,67.4921,77.1885,67.4944,77.5045,77.5045,CLASS_add_scds.pro,2.1,96,1,"0,1,2,3,4,5,6,7,8,9,10,11,12,13,14,15,",77.8251,65.7961,76.6031,65.529,76.5417,69.0347,77.7577,69.6397,1.8052978515625,0.0504236731826885,1.720703125,1.87939453125,3697.25,103.26768267814614,8
ch2_cla_l1_20250801T055944395_20250801T055952395.fits,/home/saurabh/moon_project/data/CLASS/ch2_cla_l1_2025_08/cla/data/calibrated/2025/08/01/ch2_cla_l1_20250801T055944395_20250801T055952395.fits,2025-08-01T05:59:44.395,2025-08-01T05:59:52.395,2025-08-01T05:59:48.395,8.0,-48.9,13.5,99.3417,76.7771,67.3503,76.7822,67.3524,77.1573,77.1573,CLASS_add_scds.pro,2.1,97,1,"0,1,2,3,4,5,6,7,8,9,10,11,12,13,14,15,",77.4187,65.6987,76.1955,65.4473,76.1357,68.8571,77.3533,69.4268,1.8023681640625,0.0461823284292817,1.7333984375,1.86962890625,3691.25,94.58140862316894,8
ch2_cla_l1_20250801T055952395_20250801T060000395.fits,/home/saurabh/moon_project/data/CLASS/ch2_cla_l1_2025_08/cla/data/calibrated/2025/08/01/ch2_cla_l1_20250801T055952395_20250801T060000395.fits,2025-08-01T05:59:52.395,2025-08-01T06:00:00.395,2025-08-01T05:59:56.395,8.0,-49.0,13.5,99.4805,76.3708,67.2168,76.3759,67.2189,76.8104,76.8104,CLASS_add_scds.pro,2.1,98,1,"0,1,2,3,4,5,6,7,8,9,10,11,12,13,14,15,",77.0122,65.6073,75.7881,65.3703,75.7299,68.6897,76.9488,69.2269,1.84552001953125,0.0579460677820654,1.74560546875,1.92333984375,3779.625,118.67354681767,8
ch2_cla_l1_20250801T060000395_20250801T060008395.fits,/home/saurabh/moon_project/data/CLASS/ch2_cla_l1_2025_08/cla/data/calibrated/2025/08/01/ch2_cla_l1_20250801T060000395_20250801T060008395.fits,2025-08-01T06:00:00.395,2025-08-01T06:00:08.395,2025-08-01T06:00:04.395,8.0,-49.0,13.5,99.6193,75.9644,67.0908,75.9697,67.0929,76.4638,76.4638,CLASS_add_scds.pro,2.1,99,1,"0,1,2,3,4,5,6,7,8,9,10,11,12,13,14,15,",76.6061,65.5216,75.3804,65.2969,75.3237,68.531,76.5443,69.0394,1.79541015625,0.0585803788686948,1.7177734375,1.8974609375,3677.0,119.97261592308708,8
ch2_cla_l1_20250801T060008395_20250801T060016395.fits,/home/saurabh/moon_project/data/CLASS/ch2_cla_l1_2025_08/cla/data/calibrated/2025/08/01/ch2_cla_l1_20250801T060008395_20250801T060016395.fits,2025-08-01T06:00:08.395,2025-08-01T06:00:16.395,2025-08-01T06:00:12.395,8.0,-49.1,13.5,99.758,75.558,66.9717,75.5633,66.9736,76.1174,76.1174,CLASS_add_scds.pro,2.1,100,1,"0,1,2,3,4,5,6,7,8,9,10,11,12,13,14,15,",76.1995,65.44,74.9728,65.2274,74.9175,68.3808,76.1395,68.8618,1.83221435546875,0.0516319286377236,1.76611328125,1.92138671875,3752.375,105.74218985005804,8
ch2_cla_l1_20250801T060016395_20250801T060024395.fits,/home/saurabh/moon_project/data/CLASS/ch2_cla_l1_2025_08/cla/data/calibrated/2025/08/01/ch2_cla_l1_20250801T060016395_20250801T060024395.fits,2025-08-01T06:00:16.395,2025-08-01T06:00:24.395,2025-08-01T06:00:20.395,8.0,-49.1,13.5,99.8967,75.1517,66.8589,75.1569,66.8608,75.7712,75.7712,CLASS_add_scds.pro,2.1,101,1,"0,1,2,3,4,5,6,7,8,9,10,11,12,13,14,15,",75.7931,65.363,74.5653,65.1614,74.5113,68.2384,75.7346,68.6943,1.81256103515625,0.0589544546991229,1.7216796875,1.90087890625,3712.125,120.73872322380376,8
ch2_cla_l1_20250801T060024395_20250801T060032395.fits,/home/saurabh/moon_project/data/CLASS/ch2_cla_l1_2025_08/cla/data/calibrated/2025/08/01/ch2_cla_l1_20250801T060024395_20250801T060032395.fits,2025-08-01T06:00:24.395,2025-08-01T06:00:32.395,2025-08-01T06:00:28.395,8.0,-49.1,13.5,100.035,74.7453,66.752,74.7505,66.7538,75.4253,75.4253,CLASS_add_scds.pro,2.1,102,1,"0,1,2,3,4,5,6,7,8,9,10,11,12,13,14,15,",75.3868,65.2902,74.1578,65.0987,74.1051,68.1033,75.3298,68.5361,1.7467041015625,0.0738971597927668,1.63232421875,1.859375,3577.25,151.3413832555864,8
ch2_cla_l1_20250801T060032395_20250801T060040395.fits,/home/saurabh/moon_project/data/CLASS/ch2_cla_l1_2025_08/cla/data/calibrated/2025/08/01/ch2_cla_l1_20250801T060032395_20250801T060040395.fits,2025-08-01T06:00:32.395,2025-08-01T06:00:40.395,2025-08-01T06:00:36.395,8.0,-49.1,13.5,100.174,74.339,66.6504,74.3442,66.6522,75.0796,75.0796,CLASS_add_scds.pro,2.1,103,1,"0,1,2,3,4,5,6,7,8,9,10,11,12,13,14,15,",74.9805,65.2211,73.7504,65.0389,73.6989,67.9746,74.925,68.3863,1.67669677734375,0.0905105535274539,1.546875,1.810546875,3433.875,185.3656136242257,8
ch2_cla_l1_20250801T060040395_20250801T060048395.fits,/home/saurabh/moon_project/data/CLASS/ch2_cla_l1_2025_08/cla/data/calibrated/2025/08/01/ch2_cla_l1_20250801T060040395_20250801T060048395.fits,2025-08-01T06:00:40.395,2025-08-01T06:00:48.395,2025-08-01T06:00:44.395,8.0,-49.1,13.5,100.312,73.9327,66.5538,73.9379,66.5555,74.7342,74.7342,CLASS_add_scds.pro,2.1,104,1,"0,1,2,3,4,5,6,7,8,9,10,11,12,13,14,15,",74.5742,65.1554,73.343,64.9817,73.2927,67.852,74.5201,68.2441,1.7542724609375,0.0893944350841913,1.6162109375,1.8759765625,3592.75,183.07980305242376,8
ch2_cla_l1_20250801T060048395_20250801T060056395.fits,/home/saurabh/moon_project/data/CLASS/ch2_cla_l1_2025_08/cla/data/calibrated/2025/08/01/ch2_cla_l1_20250801T060048395_20250801T060056395.fits,2025-08-01T06:00:48.395,2025-08-01T06:00:56.395,2025-08-01T06:00:52.395,8.0,-49.1,13.5,100.451,73.5264,66.4618,73.5316,66.4634,74.3891,74.3891,CLASS_add_scds.pro,2.1,105,1,"0,1,2,3,4,5,6,7,8,9,10,11,12,13,14,15,",74.168,65.0927,72.9357,64.9271,72.8864,67.7352,74.1152,68.1089,1.70074462890625,0.0813346662700622,1.57861328125,1.82177734375,3483.125,166.57339652108746,8
ch2_cla_l1_20250801T060056395_20250801T060104395.fits,/home/saurabh/moon_project/data/CLASS/ch2_cla_l1_2025_08/cla/data/calibrated/2025/08/01/ch2_cla_l1_20250801T060056395_20250801T060104395.fits,2025-08-01T06:00:56.395,2025-08-01T06:01:04.395,2025-08-01T06:01:00.395,8.0,-49.1,13.5,100.589,73.1201,66.3741,73.1253,66.3756,74.0443,74.0443,CLASS_add_scds.pro,2.1,106,1,"0,1,2,3,4,5,6,7,8,9,10,11,12,13,14,15,",73.7619,65.0331,72.5284,64.8748,72.4802,67.6237,73.7102,67.9804,1.739990234375,0.0614431120686623,1.63720703125,1.83056640625,3563.5,125.83549351662046,8
ch2_cla_l1_20250801T060104395_20250801T060112395.fits,/home/saurabh/moon_project/data/CLASS/ch2_cla_l1_2025_08/cla/data/calibrated/2025/08/01/ch2_cla_l1_20250801T060104395_20250801T060112395.fits,2025-08-01T06:01:04.395,2025-08-01T06:01:12.395,2025-08-01T06:01:08.395,8.0,-49.1,13.5,100.727,72.7139,66.2903,72.7191,66.2916,73.6998,73.6998,CLASS_add_scds.pro,2.1,107,1,"0,1,2,3,4,5,6,7,8,9,10,11,12,13,14,15,",73.3558,64.9762,72.1212,64.8248,72.0741,67.517,73.3053,67.8579,1.70404052734375,0.0452350104207573,1.625,1.77099609375,3489.875,92.64130134171106,8
ch2_cla_l1_20250801T060112395_20250801T060120395.fits,/home/saurabh/moon_project/data/CLASS/ch2_cla_l1_2025_08/cla/data/calibrated/2025/08/01/ch2_cla_l1_20250801T060112395_20250801T060120395.fits,2025-08-01T06:01:12.395,2025-08-01T06:01:20.395,2025-08-01T06:01:16.395,8.0,-49.1,13.5,100.865,72.3077,66.2102,72.3129,66.2115,73.3555,73.3555,CLASS_add_scds.pro,2.1,108,1,"0,1,2,3,4,5,6,7,8,9,10,11,12,13,14,15,",72.9498,64.9217,71.714,64.7768,71.6678,67.415,72.9004,67.7411,1.7589111328125,0.0606338649554983,1.6650390625,1.8525390625,3602.25,124.1781554288607,8
ch2_cla_l1_20250801T060120395_20250801T060128395.fits,/home/saurabh/moon_project/data/CLASS/ch2_cla_l1_2025_08/cla/data/calibrated/2025/08/01/ch2_cla_l1_20250801T060120395_20250801T060128395.fits,2025-08-01T06:01:20.395,2025-08-01T06:01:28.395,2025-08-01T06:01:24.395,8.0,-49.1,13.5,101.003,71.9015,66.1336,71.9067,66.1348,73.0116,73.0116,CLASS_add_scds.pro,2.1,109,1,"0,1,2,3,4,5,6,7,8,9,10,11,12,13,14,15,",72.5437,64.8696,71.3069,64.7307,71.2616,67.3173,72.4954,67.6296,1.72406005859375,0.0497276501070557,1.64794921875,1.81005859375,3530.875,101.84222741925024,8
ch2_cla_l1_20250801T060128395_20250801T060136395.fits,/home/saurabh/moon_project/data/CLASS/ch2_cla_l1_2025_08/cla/data/calibrated/2025/08/01/ch2_cla_l1_20250801T060128395_20250801T060136395.fits,2025-08-01T06:01:28.395,2025-08-01T06:01:36.395,2025-08-01T06:01:32.395,8.0,-49.1,13.5,101.141,71.4954,66.0601,71.5006,66.0614,72.668,72.668,CLASS_add_scds.pro,2.1,110,1,"0,1,2,3,4,5,6,7,8,9,10,11,12,13,14,15,",72.1378,64.8198,70.8999,64.6864,70.8555,67.2236,72.0904,67.5231,1.748046875,0.046464851373438,1.68017578125,1.814453125,3580.0,95.16001561280122,8
ch2_cla_l1_20250801T060136395_20250801T060144395.fits,/home/saurabh/moon_project/data/CLASS/ch2_cla_l1_2025_08/cla/data/calibrated/2025/08/01/ch2_cla_l1_20250801T060136395_20250801T060144395.fits,2025-08-01T06:01:36.395,2025-08-01T06:01:44.395,2025-08-01T06:01:40.395,8.0,-49.1,13.5,101.278,71.0892,65.9897,71.0945,65.9909,72.3246,72.3246,CLASS_add_scds.pro,2.1,111,1,"0,1,2,3,4,5,6,7,8,9,10,11,12,13,14,15,",71.7319,64.7721,70.4929,64.6438,70.4492,67.1337,71.6855,67.4212,1.72821044921875,0.0594535236692587,1.6533203125,1.82568359375,3539.375,121.76081647464191,8
ch2_cla_l1_20250801T060144395_20250801T060152395.fits,/home/saurabh/moon_project/data/CLASS/ch2_cla_l1_2025_08/cla/data/calibrated/2025/08/01/ch2_cla_l1_20250801T060144395_20250801T060152395.fits,2025-08-01T06:01:44.395,2025-08-01T06:01:52.395,2025-08-01T06:01:48.395,8.0,-49.1,13.5,101.416,70.6832,65.9221,70.6884,65.9233,71.9816,71.9816,CLASS_add_scds.pro,2.1,112,1,"0,1,2,3,4,5,6,7,8,9,10,11,12,13,14,15,",71.326,64.7261,70.0859,64.6027,70.0431,67.0473,71.2805,67.3235,1.76837158203125,0.0433097781535349,1.7109375,1.82421875,3621.625,88.69842565843948,8
ch2_cla_l1_20250801T060152395_20250801T060200395.fits,/home/saurabh/moon_project/data/CLASS/ch2_cla_l1_2025_08/cla/data/calibrated/2025/08/01/ch2_cla_l1_20250801T060152395_20250801T060200395.fits,2025-08-01T06:01:52.395,2025-08-01T06:02:00.395,2025-08-01T06:01:56.395,8.0,-49.2,13.5,101.553,70.2771,65.8571,70.2824,65.8582,71.6389,71.6389,CLASS_add_scds.pro,2.1,113,1,"0,1,2,3,4,5,6,7,8,9,10,11,12,13,14,15,",70.9202,64.6819,69.679,64.5631,69.6369,66.9642,70.8756,67.2298,1.73406982421875,0.0569793270716879,1.6298828125,1.79736328125,3551.375,116.69366184281697,8
ch2_cla_l1_20250801T060200395_20250801T060208395.fits,/home/saurabh/moon_project/data/CLASS/ch2_cla_l1_2025_08/cla/data/calibrated/2025/08/01/ch2_cla_l1_20250801T060200395_20250801T060208395.fits,2025-08-01T06:02:00.395,2025-08-01T06:02:08.395,2025-08-01T06:02:04.395,8.0,-49.2,13.5,101.69,69.8711,65.7946,69.8764,65.7957,71.2966,71.2966,CLASS_add_scds.pro,2.1,114,1,"0,1,2,3,4,5,6,7,8,9,10,11,12,13,14,15,",70.5144,64.6393,69.2721,64.525,69.2308,66.8844,70.4706,67.1397,1.75909423828125,0.0609661649697986,1.66650390625,1.85791015625,3602.625,124.85870585814764,8
ch2_cla_l1_20250801T060208395_20250801T060216395.fits,/home/saurabh/moon_project/data/CLASS/ch2_cla_l1_2025_08/cla/data/calibrated/2025/08/01/ch2_cla_l1_20250801T060208395_20250801T060216395.fits,2025-08-01T06:02:08.395,2025-08-01T06:02:16.395,2025-08-01T06:02:12.395,8.0,-49.2,13.5,101.827,69.4652,65.7344,69.4704,65.7356,70.9545,70.9545,CLASS_add_scds.pro,2.1,115,1,"0,1,2,3,4,5,6,7,8,9,10,11,12,13,14,15,",70.1087,64.5986,68.8653,64.4881,68.8247,66.8074,70.0657,67.0535,1.76690673828125,0.0718411087311988,1.6650390625,1.8896484375,3618.625,147.1305906814953,8
ch2_cla_l1_20250801T060216395_20250801T060224395.fits,/home/saurabh/moon_project/data/CLASS/ch2_cla_l1_2025_08/cla/data/calibrated/2025/08/01/ch2_cla_l1_20250801T060216395_20250801T060224395.fits,2025-08-01T06:02:16.395,2025-08-01T06:02:24.395,2025-08-01T06:02:20.395,8.0,-49.2,13.5,101.964,69.0592,65.6764,69.0645,65.6776,70.6129,70.6129,CLASS_add_scds.pro,2.1,116,1,"0,1,2,3,4,5,6,7,8,9,10,11,12,13,14,15,",69.7031,64.5591,68.4586,64.4525,68.4187,66.7333,69.6608,66.9704,1.7769775390625,0.062364567751106,1.68408203125,1.8798828125,3639.25,127.7226347542652,8
ch2_cla_l1_20250801T060224395_20250801T060232395.fits,/home/saurabh/moon_project/data/CLASS/ch2_cla_l1_2025_08/cla/data/calibrated/2025/08/01/ch2_cla_l1_20250801T060224395_20250801T060232395.fits,2025-08-01T06:02:24.395,2025-08-01T06:02:32.395,2025-08-01T06:02:28.395,8.0,-49.2,13.5,102.101,68.6534,65.6205,68.6587,65.6216,70.2715,70.2715,CLASS_add_scds.pro,2.1,117,1,"0,1,2,3,4,5,6,7,8,9,10,11,12,13,14,15,",69.2975,64.521,68.0519,64.418,68.0126,66.6617,69.256,66.8906,1.7701416015625,0.0789963225669386,1.67138671875,1.8994140625,3625.25,161.78446861709034,8
ch2_cla_l1_20250801T060232395_20250801T060240395.fits,/home/saurabh/moon_project/data/CLASS/ch2_cla_l1_2025_08/cla/data/calibrated/2025/08/01/ch2_cla_l1_20250801T060232395_20250801T060240395.fits,2025-08-01T06:02:32.395,2025-08-01T06:02:40.395,2025-08-01T06:02:36.395,8.0,-49.2,13.5,102.237,68.2475,65.5666,68.2528,65.5674,69.9306,69.9306,CLASS_add_scds.pro,2.1,118,1,"0,1,2,3,4,5,6,7,8,9,10,11,12,13,14,15,",68.892,64.4842,67.6452,64.3845,67.6066,66.5925,68.8512,66.8135,1.765869140625,0.0912919929165107,1.640625,1.90185546875,3616.5,186.966001493014,8
ch2_cla_l1_20250801T060240395_20250801T060248395.fits,/home/saurabh/moon_project/data/CLASS/ch2_cla_l1_2025_08/cla/data/calibrated/2025/08/01/ch2_cla_l1_20250801T060240395_20250801T060248395.fits,2025-08-01T06:02:40.395,2025-08-01T06:02:48.395,2025-08-01T06:02:44.395,8.0,-49.2,13.5,102.374,67.8417,65.5145,67.847,65.5154,69.59,69.59,CLASS_add_scds.pro,2.1,119,1,"0,1,2,3,4,5,6,7,8,9,10,11,12,13,14,15,",68.4864,64.4484,67.2388,64.3523,67.2007,66.526,68.4463,66.7391,1.7906494140625,0.0750301436747097,1.70166015625,1.92236328125,3667.25,153.66173424580555,8
ch2_cla_l1_20250801T060248395_20250801T060256395.fits,/home/saurabh/moon_project/data/CLASS/ch2_cla_l1_2025_08/cla/data/calibrated/2025/08/01/ch2_cla_l1_20250801T060248395_20250801T060256395.fits,2025-08-01T06:02:48.395,2025-08-01T06:02:56.395,2025-08-01T06:02:52.395,8.0,-49.2,13.5,102.51,67.436,65.4641,67.4413,65.465,69.2497,69.2497,CLASS_add_scds.pro,2.1,120,1,"0,1,2,3,4,5,6,7,8,9,10,11,12,13,14,15,",68.0811,64.4143,66.8322,64.3209,66.7947,66.4614,68.0416,66.6678,1.758056640625,0.0554949263090951,1.67041015625,1.8369140625,3600.5,113.6536090810268,8
ch2_cla_l1_20250801T060256395_20250801T060304395.fits,/home/saurabh/moon_project/data/CLASS/ch2_cla_l1_2025_08/cla/data/calibrated/2025/08/01/ch2_cla_l1_20250801T060256395_20250801T060304395.fits,2025-08-01T06:02:56.395,2025-08-01T06:03:04.395,2025-08-01T06:03:00.395,8.0,-49.2,13.5,102.646,67.0303,65.4154,67.0356,65.4163,68.9099,68.9099,CLASS_add_scds.pro,2.1,121,1,"0,1,2,3,4,5,6,7,8,9,10,11,12,13,14,15,",67.6757,64.3809,66.4258,64.2905,66.3888,66.3991,67.6368,66.5986,1.7979736328125,0.055256125575995,1.73046875,1.88818359375,3682.25,113.1645451796378,8
ch2_cla_l1_20250801T060304395_20250801T060312395.fits,/home/saurabh/moon_project/data/CLASS/ch2_cla_l1_2025_08/cla/data/calibrated/2025/08/01/ch2_cla_l1_20250801T060304395_20250801T060312395.fits,2025-08-01T06:03:04.395,2025-08-01T06:03:12.395,2025-08-01T06:03:08.395,8.0,-49.2,13.5,102.782,66.6246,65.3683,66.6299,65.369,68.5704,68.5704,CLASS_add_scds.pro,2.1,122,1,"0,1,2,3,4,5,6,7,8,9,10,11,12,13,14,15,",67.2704,64.3487,66.0192,64.2608,65.9828,66.3386,67.2321,66.532,1.77716064453125,0.0518550730134171,1.71337890625,1.853515625,3639.625,106.19918953147832,8
ch2_cla_l1_20250801T060312395_20250801T060320395.fits,/home/saurabh/moon_project/data/CLASS/ch2_cla_l1_2025_08/cla/data/calibrated/2025/08/01/ch2_cla_l1_20250801T060312395_20250801T060320395.fits,2025-08-01T06:03:12.395,2025-08-01T06:03:20.395,2025-08-01T06:03:16.395,8.0,-49.2,13.5,102.917,66.219,65.3226,66.2244,65.3234,68.2313,68.2313,CLASS_add_scds.pro,2.1,123,1,"0,1,2,3,4,5,6,7,8,9,10,11,12,13,14,15,",66.8649,64.3171,65.6129,64.2322,65.5771,66.2802,66.8273,66.4672,1.83343505859375,0.0619715763434363,1.755859375,1.9248046875,3754.875,126.9177883513576,8
ch2_cla_l1_20250801T060320395_20250801T060328395.fits,/home/saurabh/moon_project/data/CLASS/ch2_cla_l1_2025_08/cla/data/calibrated/2025/08/01/ch2_cla_l1_20250801T060320395_20250801T060328395.fits,2025-08-01T06:03:20.395,2025-08-01T06:03:28.395,2025-08-01T06:03:24.395,8.0,-49.2,13.5,103.052,65.8135,65.2783,65.8188,65.2791,67.8926,67.8926,CLASS_add_scds.pro,2.1,124,1,"0,1,2,3,4,5,6,7,8,9,10,11,12,13,14,15,",66.4598,64.2869,65.2066,64.2043,65.1712,66.2236,66.4227,66.4049,1.7618408203125,0.0388314087244827,1.71142578125,1.8193359375,3608.25,79.5267250677406,8
ch2_cla_l1_20250801T060328395_20250801T060336395.fits,/home/saurabh/moon_project/data/CLASS/ch2_cla_l1_2025_08/cla/data/calibrated/2025/08/01/ch2_cla_l1_20250801T060328395_20250801T060336395.fits,2025-08-01T06:03:28.395,2025-08-01T06:03:36.395,2025-08-01T06:03:32.395,8.0,-49.2,13.5,103.187,65.408,65.2354,65.4133,65.2362,67.5543,67.5543,CLASS_add_scds.pro,2.1,125,1,"0,1,2,3,4,5,6,7,8,9,10,11,12,13,14,15,",66.0546,64.2574,64.8005,64.1772,64.7656,66.1688,66.018,66.3445,1.83843994140625,0.0440524777625623,1.78271484375,1.89404296875,3765.125,90.21947445772764,8
ch2_cla_l1_20250801T060336395_20250801T060344395.fits,/home/saurabh/moon_project/data/CLASS/ch2_cla_l1_2025_08/cla/data/calibrated/2025/08/01/ch2_cla_l1_20250801T060336395_20250801T060344395.fits,2025-08-01T06:03:36.395,2025-08-01T06:03:44.395,2025-08-01T06:03:40.395,8.0,-49.2,13.5,103.322,65.0025,65.1938,65.0078,65.1945,67.2165,67.2165,CLASS_add_scds.pro,2.1,126,1,"0,1,2,3,4,5,6,7,8,9,10,11,12,13,14,15,",65.6495,64.2289,64.3945,64.1509,64.36,66.1156,65.6135,66.2862,1.78302001953125,0.0430652970448296,1.73095703125,1.84033203125,3651.625,88.19772834781112,8
ch2_cla_l1_20250801T060344395_20250801T060352395.fits,/home/saurabh/moon_project/data/CLASS/ch2_cla_l1_2025_08/cla/data/calibrated/2025/08/01/ch2_cla_l1_20250801T060344395_20250801T060352395.fits,2025-08-01T06:03:44.395,2025-08-01T06:03:52.395,2025-08-01T06:03:48.395,8.0,-49.2,13.5,103.457,64.5971,65.1534,64.6025,65.1542,66.879,66.879,CLASS_add_scds.pro,2.1,127,1,"0,1,2,3,4,5,6,7,8,9,10,11,12,13,14,15,",65.2447,64.2013,63.9884,64.1251,63.9543,66.0638,65.2091,66.2298,1.83941650390625,0.048671930352879,1.77783203125,1.92578125,3767.125,99.68011336269636,8
ch2_cla_l1_20250801T060352395_20250801T060400395.fits,/home/saurabh/moon_project/data/CLASS/ch2_cla_l1_2025_08/cla/data/calibrated/2025/08/01/ch2_cla_l1_20250801T060352395_20250801T060400395.fits,2025-08-01T06:03:52.395,2025-08-01T06:04:00.395,2025-08-01T06:03:56.395,8.0,-49.2,13.5,103.591,64.1917,65.1141,64.1973,65.1148,66.542,66.542,CLASS_add_scds.pro,2.1,128,1,"0,1,2,3,4,5,6,7,8,9,10,11,12,13,14,15,",64.8397,64.1741,63.5821,64.0999,63.5486,66.0135,64.8046,66.1746,1.7923583984375,0.0613336728947482,1.70654296875,1.8740234375,3670.75,125.6113620884444,8
ch2_cla_l1_20250801T060400395_20250801T060408395.fits,/home/saurabh/moon_project/data/CLASS/ch2_cla_l1_2025_08/cla/data/calibrated/2025/08/01/ch2_cla_l1_20250801T060400395_20250801T060408395.fits,2025-08-01T06:04:00.395,2025-08-01T06:04:08.395,2025-08-01T06:04:04.395,8.0,-49.2,13.5,103.725,63.7864,65.0759,63.7918,65.0766,66.2054,66.2054,CLASS_add_scds.pro,2.1,129,1,"0,1,2,3,4,5,6,7,8,9,10,11,12,13,14,15,",64.4345,64.1475,63.1762,64.0757,63.1431,65.9649,64.4,66.1211,1.84234619140625,0.0526887807582122,1.7734375,1.9326171875,3773.125,107.9066229928186,8
ch2_cla_l1_20250801T060408395_20250801T060416395.fits,/home/saurabh/moon_project/data/CLASS/ch2_cla_l1_2025_08/cla/data/calibrated/2025/08/01/ch2_cla_l1_20250801T060408395_20250801T060416395.fits,2025-08-01T06:04:08.395,2025-08-01T06:04:16.395,2025-08-01T06:04:12.395,8.0,-49.2,13.5,103.859,63.3812,65.0388,63.3865,65.0395,65.8693,65.8693,CLASS_add_scds.pro,2.1,130,1,"0,1,2,3,4,5,6,7,8,9,10,11,12,13,14,15,",64.0298,64.1222,62.7701,64.0518,62.7374,65.9174,63.9956,66.0697,1.808837890625,0.0682811055426614,1.6982421875,1.8974609375,3704.5,139.8397041513706,8
ch2_cla_l1_20250801T060416395_20250801T060424395.fits,/home/saurabh/moon_project/data/CLASS/ch2_cla_l1_2025_08/cla/data/calibrated/2025/08/01/ch2_cla_l1_20250801T060416395_20250801T060424395.fits,2025-08-01T06:04:16.395,2025-08-01T06:04:24.395,2025-08-01T06:04:20.395,8.0,-49.2,13.5,103.993,62.9759,65.0027,62.9814,65.0035,65.5336,65.5336,CLASS_add_scds.pro,2.1,131,1,"0,1,2,3,4,5,6,7,8,9,10,11,12,13,14,15,",63.6248,64.097,62.3642,64.0284,62.3319,65.8712,63.5911,66.0193,1.8350830078125,0.0820290701440278,1.716796875,1.95263671875,3758.25,167.9955356549691,8
ch2_cla_l1_20250801T060424395_20250801T060432395.fits,/home/saurabh/moon_project/data/CLASS/ch2_cla_l1_2025_08/cla/data/calibrated/2025/08/01/ch2_cla_l1_20250801T060424395_20250801T060432395.fits,2025-08-01T06:04:24.395,2025-08-01T06:04:32.395,2025-08-01T06:04:28.395,8.0,-49.2,13.5,104.126,62.5708,64.9676,62.5764,64.9683,65.1984,65.1984,CLASS_add_scds.pro,2.1,132,1,"0,1,2,3,4,5,6,7,8,9,10,11,12,13,14,15,",63.22,64.0725,61.9586,64.0058,61.9267,65.8264,63.1868,65.9704,1.81451416015625,0.0662385441728409,1.7001953125,1.89697265625,3716.125,135.65653846597823,8
ch2_cla_l1_20250801T060432395_20250801T060440395.fits,/home/saurabh/moon_project/data/CLASS/ch2_cla_l1_2025_08/cla/data/calibrated/2025/08/01/ch2_cla_l1_20250801T060432395_20250801T060440395.fits,2025-08-01T06:04:32.395,2025-08-01T06:04:40.395,2025-08-01T06:04:36.395,8.0,-49.2,13.5,104.259,62.1657,64.9333,62.1712,64.934,64.8637,64.8637,CLASS_add_scds.pro,2.1,133,1,"0,1,2,3,4,5,6,7,8,9,10,11,12,13,14,15,",62.8155,64.0489,61.5527,63.9836,61.5211,65.7827,62.7826,65.9231,1.85498046875,0.087335486387935,1.73291015625,1.9873046875,3799.0,178.86307612249098,8
ch2_cla_l1_20250801T060440395_20250801T060448395.fits,/home/saurabh/moon_project/data/CLASS/ch2_cla_l1_2025_08/cla/data/calibrated/2025/08/01/ch2_cla_l1_20250801T060440395_20250801T060448395.fits,2025-08-01T06:04:40.395,2025-08-01T06:04:48.395,2025-08-01T06:04:44.395,8.0,-49.2,13.5,104.392,61.7606,64.8999,61.7661,64.9005,64.5294,64.5294,CLASS_add_scds.pro,2.1,134,1,"0,1,2,3,4,5,6,7,8,9,10,11,12,13,14,15,",62.4107,64.0256,61.147,63.9617,61.1158,65.7401,62.3782,65.8768,1.72265625,0.0765047172281636,1.5830078125,1.8115234375,3528.0,156.68166088327905,8
ch2_cla_l1_20250801T060448395_20250801T060456395.fits,/home/saurabh/moon_project/data/CLASS/ch2_cla_l1_2025_08/cla/data/calibrated/2025/08/01/ch2_cla_l1_20250801T060448395_20250801T060456395.fits,2025-08-01T06:04:48.395,2025-08-01T06:04:56.395,2025-08-01T06:04:52.395,8.0,-49.2,13.5,104.525,61.3556,64.8674,61.3611,64.868,64.1957,64.1957,CLASS_add_scds.pro,2.1,135,1,"0,1,2,3,4,5,6,7,8,9,10,11,12,13,14,15,",62.0061,64.0028,60.7413,63.9406,60.7105,65.6987,61.974,65.8318,1.7193603515625,0.0541767481270684,1.6279296875,1.798828125,3521.25,110.95398016423616,8
ch2_cla_l1_20250801T060456395_20250801T060504395.fits,/home/saurabh/moon_project/data/CLASS/ch2_cla_l1_2025_08/cla/data/calibrated/2025/08/01/ch2_cla_l1_20250801T060456395_20250801T060504395.fits,2025-08-01T06:04:56.395,2025-08-01T06:05:04.395,2025-08-01T06:05:00.395,8.0,-49.2,13.5,104.657,60.9507,64.8357,60.9561,64.8362,63.8624,63.8624,CLASS_add_scds.pro,2.1,136,1,"0,1,2,3,4,5,6,7,8,9,10,11,12,13,14,15,",61.6015,63.9808,60.3357,63.9199,60.3052,65.6584,61.5698,65.7882,1.72869873046875,0.0722646529084443,1.61279296875,1.84130859375,3540.375,147.9980091564941,8
ch2_cla_l1_20250801T060504395_20250801T060512395.fits,/home/saurabh/moon_project/data/CLASS/ch2_cla_l1_2025_08/cla/data/calibrated/2025/08/01/ch2_cla_l1_20250801T060504395_20250801T060512395.fits,2025-08-01T06:05:04.395,2025-08-01T06:05:12.395,2025-08-01T06:05:08.395,8.0,-49.2,13.5,104.789,60.5457,64.8047,60.5512,64.8053,63.5296,63.5296,CLASS_add_scds.pro,2.1,137,1,"0,1,2,3,4,5,6,7,8,9,10,11,12,13,14,15,",61.1969,63.9591,59.9301,63.8996,59.9,65.619,61.1656,65.7456,1.74267578125,0.0568962155810646,1.64990234375,1.8193359375,3569.0,116.52344951002046,8
ch2_cla_l1_20250801T060512395_20250801T060520395.fits,/home/saurabh/moon_project/data/CLASS/ch2_cla_l1_2025_08/cla/data/calibrated/2025/08/01/ch2_cla_l1_20250801T060512395_20250801T060520395.fits,2025-08-01T06:05:12.395,2025-08-01T06:05:20.395,2025-08-01T06:05:16.395,8.0,-49.1,13.5,104.921,60.1409,64.7745,60.1463,64.7751,63.1973,63.1973,CLASS_add_scds.pro,2.1,138,1,"0,1,2,3,4,5,6,7,8,9,10,11,12,13,14,15,",60.7925,63.9379,59.5246,63.8797,59.4948,65.5805,60.7615,65.7041,1.71875,0.0625212497009387,1.6357421875,1.81591796875,3520.0,128.04351938752254,8
ch2_cla_l1_20250801T060520395_20250801T060528395.fits,/home/saurabh/moon_project/data/CLASS/ch2_cla_l1_2025_08/cla/data/calibrated/2025/08/01/ch2_cla_l1_20250801T060520395_20250801T060528395.fits,2025-08-01T06:05:20.395,2025-08-01T06:05:28.395,2025-08-01T06:05:24.395,8.0,-49.2,13.5,105.052,59.7361,64.745,59.7415,64.7455,62.8656,62.8656,CLASS_add_scds.pro,2.1,139,1,"0,1,2,3,4,5,6,7,8,9,10,11,12,13,14,15,",60.3881,63.9172,59.1191,63.8602,59.0896,65.543,60.3575,65.6636,1.733642578125,0.0402976798594876,1.68310546875,1.79833984375,3550.5,82.52964835223071,8
ch2_cla_l1_20250801T060528395_20250801T060536395.fits,/home/saurabh/moon_project/data/CLASS/ch2_cla_l1_2025_08/cla/data/calibrated/2025/08/01/ch2_cla_l1_20250801T060528395_20250801T060536395.fits,2025-08-01T06:05:28.395,2025-08-01T06:05:36.395,2025-08-01T06:05:32.395,8.0,-49.1,13.5,105.183,59.3313,64.7162,59.3368,64.7166,62.5344,62.5344,CLASS_add_scds.pro,2.1,140,1,"0,1,2,3,4,5,6,7,8,9,10,11,12,13,14,15,",59.9837,63.8969,58.7138,63.8411,58.6846,65.5064,59.9534,65.6241,1.75408935546875,0.0521204089854308,1.66064453125,1.82666015625,3592.375,106.74259760216228,8
ch2_cla_l1_20250801T060536395_20250801T060544395.fits,/home/saurabh/moon_project/data/CLASS/ch2_cla_l1_2025_08/cla/data/calibrated/2025/08/01/ch2_cla_l1_20250801T060536395_20250801T060544395.fits,2025-08-01T06:05:36.395,2025-08-01T06:05:44.395,2025-08-01T06:05:40.395,8.0,-49.1,13.5,105.314,58.9266,64.688,58.932,64.6886,62.2037,62.2037,CLASS_add_scds.pro,2.1,141,1,"0,1,2,3,4,5,6,7,8,9,10,11,12,13,14,15,",59.5795,63.8771,58.3084,63.8224,58.2795,65.4707,59.5495,65.5857,1.7353515625,0.0488099854698899,1.6708984375,1.818359375,3554.0,99.96285024233468,8
ch2_cla_l1_20250801T060544395_20250801T060552395.fits,/home/saurabh/moon_project/data/CLASS/ch2_cla_l1_2025_08/cla/data/calibrated/2025/08/01/ch2_cla_l1_20250801T060544395_20250801T060552395.fits,2025-08-01T06:05:44.395,2025-08-01T06:05:52.395,2025-08-01T06:05:48.395,8.0,-49.0,13.5,105.445,58.522,64.6604,58.5275,64.661,61.8736,61.8736,CLASS_add_scds.pro,2.1,142,1,"0,1,2,3,4,5,6,7,8,9,10,11,12,13,14,15,",59.1751,63.8576,57.9032,63.804,57.8746,65.4358,59.1455,65.5481,1.76055908203125,0.0488036612125564,1.68408203125,1.841796875,3605.625,99.94989816331552,8
ch2_cla_l1_20250801T060552395_20250801T060600395.fits,/home/saurabh/moon_project/data/CLASS/ch2_cla_l1_2025_08/cla/data/calibrated/2025/08/01/ch2_cla_l1_20250801T060552395_20250801T060600395.fits,2025-08-01T06:05:52.395,2025-08-01T06:06:00.395,2025-08-01T06:05:56.395,8.0,-49.0,13.5,105.575,58.1174,64.6335,58.1229,64.634,61.5441,61.5441,CLASS_add_scds.pro,2.1,143,1,"0,1,2,3,4,5,6,7,8,9,10,11,12,13,14,15,",58.771,63.8386,57.4979,63.786,57.4696,65.4016,58.7417,65.5115,1.73748779296875,0.0553418540497519,1.66015625,1.8251953125,3558.375,113.34011709389198,8
ch2_cla_l1_20250801T060600395_20250801T060608395.fits,/home/saurabh/moon_project/data/CLASS/ch2_cla_l1_2025_08/cla/data/calibrated/2025/08/01/ch2_cla_l1_20250801T060600395_20250801T060608395.fits,2025-08-01T06:06:00.395,2025-08-01T06:06:08.395,2025-08-01T06:06:04.395,8.0,-49.0,13.5,105.705,57.7129,64.6071,57.7183,64.6076,61.2151,61.2151,CLASS_add_scds.pro,2.1,144,1,"0,1,2,3,4,5,6,7,8,9,10,11,12,13,14,15,",58.3668,63.8198,57.0928,63.7683,57.0647,65.3682,58.3378,65.4756,1.79534912109375,0.047864684149238,1.71728515625,1.87548828125,3676.875,98.02687313763944,8
ch2_cla_l1_20250801T060608395_20250801T060616395.fits,/home/saurabh/moon_project/data/CLASS/ch2_cla_l1_2025_08/cla/data/calibrated/2025/08/01/ch2_cla_l1_20250801T060608395_20250801T060616395.fits,2025-08-01T06:06:08.395,2025-08-01T06:06:16.395,2025-08-01T06:06:12.395,8.0,-48.9,13.5,105.834,57.3084,64.5813,57.3139,64.5818,60.8867,60.8867,CLASS_add_scds.pro,2.1,145,1,"0,1,2,3,4,5,6,7,8,9,10,11,12,13,14,15,",57.9628,63.8015,56.6877,63.7508,56.6599,65.3355,57.934,65.4406,1.74395751953125,0.0728242996262959,1.62890625,1.84521484375,3571.625,149.14416563465412,8
ch2_cla_l1_20250801T060616395_20250801T060624395.fits,/home/saurabh/moon_project/data/CLASS/ch2_cla_l1_2025_08/cla/data/calibrated/2025/08/01/ch2_cla_l1_20250801T060616395_20250801T060624395.fits,2025-08-01T06:06:16.395,2025-08-01T06:06:24.395,2025-08-01T06:06:20.395,8.0,-48.9,13.5,105.963,56.9039,64.556,56.9094,64.5565,60.5589,60.5589,CLASS_add_scds.pro,2.1,146,1,"0,1,2,3,4,5,6,7,8,9,10,11,12,13,14,15,",57.5587,63.7834,56.2827,63.7339,56.2552,65.3036,57.5303,65.4064,1.8004150390625,0.0891223639356531,1.66796875,1.9189453125,3687.25,182.5226013402176,8
ch2_cla_l1_20250801T060624395_20250801T060632395.fits,/home/saurabh/moon_project/data/CLASS/ch2_cla_l1_2025_08/cla/data/calibrated/2025/08/01/ch2_cla_l1_20250801T060624395_20250801T060632395.fits,2025-08-01T06:06:24.395,2025-08-01T06:06:32.395,2025-08-01T06:06:28.395,8.0,-48.9,13.5,106.092,56.4995,64.5313,56.505,64.5318,60.2317,60.2317,CLASS_add_scds.pro,2.1,147,1,"0,1,2,3,4,5,6,7,8,9,10,11,12,13,14,15,",57.1548,63.7659,55.8777,63.7171,55.8505,65.2724,57.1266,65.3731,1.7464599609375,0.0902144089728045,1.61865234375,1.88037109375,3576.75,184.75910957630364,8
ch2_cla_l1_20250801T060632395_20250801T060640395.fits,/home/saurabh/moon_project/data/CLASS/ch2_cla_l1_2025_08/cla/data/calibrated/2025/08/01/ch2_cla_l1_20250801T060632395_20250801T060640395.fits,2025-08-01T06:06:32.395,2025-08-01T06:06:40.395,2025-08-01T06:06:36.395,8.0,-48.9,13.5,106.221,56.0952,64.507,56.1006,64.5073,59.9051,59.9051,CLASS_add_scds.pro,2.1,148,1,"0,1,2,3,4,5,6,7,8,9,10,11,12,13,14,15,",56.7509,63.7486,55.4727,63.7004,55.4458,65.2416,56.723,65.3404,1.81121826171875,0.0711661396943014,1.70703125,1.91357421875,3709.375,145.7482540939293,8
ch2_cla_l1_20250801T060640395_20250801T060648395.fits,/home/saurabh/moon_project/data/CLASS/ch2_cla_l1_2025_08/cla/data/calibrated/2025/08/01/ch2_cla_l1_20250801T060640395_20250801T060648395.fits,2025-08-01T06:06:40.395,2025-08-01T06:06:48.395,2025-08-01T06:06:44.395,8.0,-48.9,13.5,106.349,55.6909,64.4832,55.6964,64.4835,59.5792,59.5792,CLASS_add_scds.pro,2.1,149,1,"0,1,2,3,4,5,6,7,8,9,10,11,12,13,14,15,",56.347,63.7312,55.0678,63.6843,55.0411,65.2117,56.3194,65.3081,1.7384033203125,0.0555683738059417,1.6533203125,1.8173828125,3560.25,113.80402955456869,8
ch2_cla_l1_20250801T060648395_20250801T060656395.fits,/home/saurabh/moon_project/data/CLASS/ch2_cla_l1_2025_08/cla/data/calibrated/2025/08/01/ch2_cla_l1_20250801T060648395_20250801T060656395.fits,2025-08-01T06:06:48.395,2025-08-01T06:06:56.395,2025-08-01T06:06:52.395,8.0,-48.9,13.5,106.477,55.2867,64.4599,55.2922,64.4603,59.2538,59.2538,CLASS_add_scds.pro,2.1,150,1,"0,1,2,3,4,5,6,7,8,9,10,11,12,13,14,15,",55.9431,63.7146,54.663,63.6684,54.6365,65.1824,55.9157,65.2769,1.81488037109375,0.0591373117429101,1.72412109375,1.9052734375,3716.875,121.11321444947993,8
ch2_cla_l1_20250801T060656395_20250801T060704395.fits,/home/saurabh/moon_project/data/CLASS/ch2_cla_l1_2025_08/cla/data/calibrated/2025/08/01/ch2_cla_l1_20250801T060656395_20250801T060704395.fits,2025-08-01T06:06:56.395,2025-08-01T06:07:04.395,2025-08-01T06:07:00.395,8.0,-48.9,13.5,106.604,54.8825,64.437,54.8879,64.4374,58.9292,58.9292,CLASS_add_scds.pro,2.1,151,1,"0,1,2,3,4,5,6,7,8,9,10,11,12,13,14,15,",55.5394,63.6982,54.2583,63.6528,54.232,65.1537,55.5122,65.2463,1.77557373046875,0.040715527539448,1.70947265625,1.84033203125,3636.375,83.38540040078959,8
ch2_cla_l1_20250801T060704395_20250801T060712395.fits,/home/saurabh/moon_project/data/CLASS/ch2_cla_l1_2025_08/cla/data/calibrated/2025/08/01/ch2_cla_l1_20250801T060704395_20250801T060712395.fits,2025-08-01T06:07:04.395,2025-08-01T06:07:12.395,2025-08-01T06:07:08.395,8.0,-48.9,13.5,106.731,54.4783,64.4146,54.4837,64.415,58.6051,58.6051,CLASS_add_scds.pro,2.1,152,1,"0,1,2,3,4,5,6,7,8,9,10,11,12,13,14,15,",55.1357,63.6821,53.8535,63.6374,53.8274,65.1256,55.1088,65.2164,1.80511474609375,0.0449972054204134,1.748046875,1.86474609375,3696.875,92.15427670100674,8
ch2_cla_l1_20250801T060712395_20250801T060720395.fits,/home/saurabh/moon_project/data/CLASS/ch2_cla_l1_2025_08/cla/data/calibrated/2025/08/01/ch2_cla_l1_20250801T060712395_20250801T060720395.fits,2025-08-01T06:07:12.395,2025-08-01T06:07:20.395,2025-08-01T06:07:16.395,8.0,-48.9,13.5,106.857,54.0743,64.3926,54.0798,64.3931,58.2818,58.2818,CLASS_add_scds.pro,2.1,153,1,"0,1,2,3,4,5,6,7,8,9,10,11,12,13,14,15,",54.732,63.6662,53.4489,63.6222,53.4231,65.0979,54.7053,65.187,1.7838134765625,0.0640182022964041,1.69921875,1.89404296875,3653.25,131.1092783030357,8
ch2_cla_l1_20250801T060720395_20250801T060728395.fits,/home/saurabh/moon_project/data/CLASS/ch2_cla_l1_2025_08/cla/data/calibrated/2025/08/01/ch2_cla_l1_20250801T060720395_20250801T060728395.fits,2025-08-01T06:07:20.395,2025-08-01T06:07:28.395,2025-08-01T06:07:24.395,8.0,-48.9,13.5,106.983,53.6702,64.3709,53.6758,64.3713,57.9591,57.9591,CLASS_add_scds.pro,2.1,154,1,"0,1,2,3,4,5,6,7,8,9,10,11,12,13,14,15,",54.3284,63.6505,53.0443,63.6071,53.0186,65.0707,54.302,65.1582,1.82550048828125,0.0435685247597159,1.767578125,1.8798828125,3738.625,89.22833870789833,8
ch2_cla_l1_20250801T060728395_20250801T060736395.fits,/home/saurabh/moon_project/data/CLASS/ch2_cla_l1_2025_08/cla/data/calibrated/2025/08/01/ch2_cla_l1_20250801T060728395_20250801T060736395.fits,2025-08-01T06:07:28.395,2025-08-01T06:07:36.395,2025-08-01T06:07:32.395,8.0,-48.9,13.5,107.109,53.2662,64.3497,53.2718,64.3501,57.6371,57.6371,CLASS_add_scds.pro,2.1,155,1,"0,1,2,3,4,5,6,7,8,9,10,11,12,13,14,15,",53.9248,63.635,52.6399,63.5923,52.6144,65.0441,53.8986,65.1299,1.8153076171875,0.0498496314959304,1.73681640625,1.89453125,3717.75,102.09204530366564,8
ch2_cla_l1_20250801T060736395_20250801T060744395.fits,/home/saurabh/moon_project/data/CLASS/ch2_cla_l1_2025_08/cla/data/calibrated/2025/08/01/ch2_cla_l1_20250801T060736395_20250801T060744395.fits,2025-08-01T06:07:36.395,2025-08-01T06:07:44.395,2025-08-01T06:07:40.395,8.0,-48.9,13.5,107.234,52.8623,64.3288,52.868,64.3293,57.3159,57.3159,CLASS_add_scds.pro,2.1,156,1,"0,1,2,3,4,5,6,7,8,9,10,11,12,13,14,15,",53.5215,63.6199,52.2354,63.5777,52.2101,65.0179,53.4955,65.1023,1.811279296875,0.0600214365857619,1.7255859375,1.90283203125,3709.5,122.9239021276404,8
ch2_cla_l1_20250801T060744395_20250801T060752395.fits,/home/saurabh/moon_project/data/CLASS/ch2_cla_l1_2025_08/cla/data/calibrated/2025/08/01/ch2_cla_l1_20250801T060744395_20250801T060752395.fits,2025-08-01T06:07:44.395,2025-08-01T06:07:52.395,2025-08-01T06:07:48.395,8.0,-48.9,13.5,107.359,52.4584,64.3084,52.4642,64.3086,56.9953,56.9953,CLASS_add_scds.pro,2.1,157,1,"0,1,2,3,4,5,6,7,8,9,10,11,12,13,14,15,",53.118,63.6048,51.8309,63.5635,51.8059,64.9923,53.0922,65.0749,1.8084716796875,0.0533908570958905,1.7119140625,1.86865234375,3703.75,109.34447533238378,8
ch2_cla_l1_20250801T060752395_20250801T060800395.fits,/home/saurabh/moon_project/data/CLASS/ch2_cla_l1_2025_08/cla/data/calibrated/2025/08/01/ch2_cla_l1_20250801T060752395_20250801T060800395.fits,2025-08-01T06:07:52.395,2025-08-01T06:08:00.395,2025-08-01T06:07:56.395,8.0,-48.8,13.5,107.484,52.0546,64.2882,52.0602,64.2885,56.6755,56.6755,CLASS_add_scds.pro,2.1,158,1,"0,1,2,3,4,5,6,7,8,9,10,11,12,13,14,15,",52.7146,63.5901,51.4264,63.5494,51.4016,64.9672,52.6891,65.0483,1.83575439453125,0.0599725796281727,1.7490234375,1.931640625,3759.625,122.8238430784977,8
ch2_cla_l1_20250801T060800395_20250801T060808395.fits,/home/saurabh/moon_project/data/CLASS/ch2_cla_l1_2025_08/cla/data/calibrated/2025/08/01/ch2_cla_l1_20250801T060800395_20250801T060808395.fits,2025-08-01T06:08:00.395,2025-08-01T06:08:08.395,2025-08-01T06:08:04.395,8.0,-48.8,13.5,107.608,51.6508,64.2684,51.6564,64.2687,56.3564,56.3564,CLASS_add_scds.pro,2.1,159,1,"0,1,2,3,4,5,6,7,8,9,10,11,12,13,14,15,",52.3111,63.5756,51.0221,63.5355,50.9974,64.9426,52.2858,65.0222,1.829345703125,0.0945195899086518,1.662109375,1.96337890625,3746.5,193.576120132919,8
ch2_cla_l1_20250801T060808395_20250801T060816395.fits,/home/saurabh/moon_project/data/CLASS/ch2_cla_l1_2025_08/cla/data/calibrated/2025/08/01/ch2_cla_l1_20250801T060808395_20250801T060816395.fits,2025-08-01T06:08:08.395,2025-08-01T06:08:16.395,2025-08-01T06:08:12.395,8.0,-48.8,13.5,107.731,51.2471,64.2489,51.2527,64.2493,56.0381,56.0381,CLASS_add_scds.pro,2.1,160,1,"0,1,2,3,4,5,6,7,8,9,10,11,12,13,14,15,",51.9078,63.5614,50.6178,63.5217,50.5933,64.9183,51.8827,64.9966,1.8326416015625,0.0882081125503201,1.70947265625,1.96142578125,3753.25,180.6502145030556,8
ch2_cla_l1_20250801T060816395_20250801T060824395.fits,/home/saurabh/moon_project/data/CLASS/ch2_cla_l1_2025_08/cla/data/calibrated/2025/08/01/ch2_cla_l1_20250801T060816395_20250801T060824395.fits,2025-08-01T06:08:16.395,2025-08-01T06:08:24.395,2025-08-01T06:08:20.395,8.0,-48.8,13.5,107.854,50.8434,64.2298,50.849,64.2302,55.7206,55.7206,CLASS_add_scds.pro,2.1,161,1,"0,1,2,3,4,5,6,7,8,9,10,11,12,13,14,15,",51.5045,63.5473,50.2136,63.5082,50.1893,64.8945,51.4795,64.9714,1.8524169921875,0.0795240205256716,1.7578125,1.99169921875,3793.75,162.86519403657562,8
ch2_cla_l1_20250801T060824395_20250801T060832395.fits,/home/saurabh/moon_project/data/CLASS/ch2_cla_l1_2025_08/cla/data/calibrated/2025/08/01/ch2_cla_l1_20250801T060824395_20250801T060832395.fits,2025-08-01T06:08:24.395,2025-08-01T06:08:32.395,2025-08-01T06:08:28.395,8.0,-48.8,13.5,107.977,50.4398,64.211,50.4454,64.2113,55.4038,55.4038,CLASS_add_scds.pro,2.1,162,1,"0,1,2,3,4,5,6,7,8,9,10,11,12,13,14,15,",51.1013,63.5334,49.8094,63.4948,49.7852,64.8711,51.0765,64.9467,1.84771728515625,0.0879725241172102,1.71728515625,1.96875,3784.125,180.1677293920465,8
ch2_cla_l1_20250801T060832395_20250801T060840395.fits,/home/saurabh/moon_project/data/CLASS/ch2_cla_l1_2025_08/cla/data/calibrated/2025/08/01/ch2_cla_l1_20250801T060832395_20250801T060840395.fits,2025-08-01T06:08:32.395,2025-08-01T06:08:40.395,2025-08-01T06:08:36.395,8.0,-48.6,13.5,108.099,50.0362,64.1924,50.0418,64.1927,55.0879,55.0879,CLASS_add_scds.pro,2.1,163,1,"0,1,2,3,4,5,6,7,8,9,10,11,12,13,14,15,",50.6981,63.5196,49.4053,63.4816,49.3813,64.8481,50.6735,64.9224,1.85699462890625,0.0506828528554048,1.79296875,1.92822265625,3803.125,103.79848264786918,8
ch2_cla_l1_20250801T060840395_20250801T060848395.fits,/home/saurabh/moon_project/data/CLASS/ch2_cla_l1_2025_08/cla/data/calibrated/2025/08/01/ch2_cla_l1_20250801T060840395_20250801T060848395.fits,2025-08-01T06:08:40.395,2025-08-01T06:08:48.395,2025-08-01T06:08:44.395,8.0,-48.6,13.5,108.22,49.6327,64.1742,49.6383,64.1745,54.7727,54.7727,CLASS_add_scds.pro,2.1,164,1,"0,1,2,3,4,5,6,7,8,9,10,11,12,13,14,15,",50.2951,63.5061,49.0013,63.4686,48.9775,64.8255,50.2706,64.8986,1.840087890625,0.055878420087795,1.75244140625,1.91943359375,3768.5,114.43900433980416,8
ch2_cla_l1_20250801T060848395_20250801T060856395.fits,/home/saurabh/moon_project/data/CLASS/ch2_cla_l1_2025_08/cla/data/calibrated/2025/08/01/ch2_cla_l1_20250801T060848395_20250801T060856395.fits,2025-08-01T06:08:48.395,2025-08-01T06:08:56.395,2025-08-01T06:08:52.395,8.0,-48.5,13.5,108.341,49.2292,64.1562,49.2348,64.1565,54.4584,54.4584,CLASS_add_scds.pro,2.1,165,1,"0,1,2,3,4,5,6,7,8,9,10,11,12,13,14,15,",49.8921,63.4928,48.5972,63.4557,48.5736,64.8032,49.8678,64.8751,1.89239501953125,0.0653937267395354,1.8095703125,1.98779296875,3875.625,133.9263523625685,8
ch2_cla_l1_20250801T060856395_20250801T060904395.fits,/home/saurabh/moon_project/data/CLASS/ch2_cla_l1_2025_08/cla/data/calibrated/2025/08/01/ch2_cla_l1_20250801T060856395_20250801T060904395.fits,2025-08-01T06:08:56.395,2025-08-01T06:09:04.395,2025-08-01T06:09:00.395,8.0,-48.5,13.5,108.462,48.8258,64.1385,48.8314,64.1388,54.1449,54.1449,CLASS_add_scds.pro,2.1,166,1,"0,1,2,3,4,5,6,7,8,9,10,11,12,13,14,15,",49.489,63.4796,48.2155,63.4441,48.192,64.782,49.4649,64.8521,1.73858642578125,0.0380071026717997,1.6865234375,1.78662109375,3560.625,77.83854627184584,8
ch2_cla_l1_20250801T060904395_20250801T060912395.fits,/home/saurabh/moon_project/data/CLASS/ch2_cla_l1_2025_08/cla/data/calibrated/2025/08/01/ch2_cla_l1_20250801T060904395_20250801T060912395.fits,2025-08-01T06:09:04.395,2025-08-01T06:09:12.395,2025-08-01T06:09:08.395,8.0,-48.5,13.5,108.582,48.4224,64.1211,48.4372,64.1218,53.8323,53.8323,CLASS_add_scds.pro,2.1,167,1,"0,1,2,3,4,5,6,7,8,9,10,11,12,13,14,15,",49.1083,63.4667,47.7893,63.4304,47.766,64.7598,49.0843,64.8313,1.7637939453125,0.0434486050343122,1.7080078125,1.8173828125,3612.25,88.98274311027151,8
ch2_cla_l1_20250801T060912395_20250801T060920395.fits,/home/saurabh/moon_project/data/CLASS/ch2_cla_l1_2025_08/cla/data/calibrated/2025/08/01/ch2_cla_l1_20250801T060912395_20250801T060920395.fits,2025-08-01T06:09:12.395,2025-08-01T06:09:20.395,2025-08-01T06:09:16.395,8.0,-48.5,13.5,108.702,48.0191,64.1039,48.0247,64.1042,53.5206,53.5206,CLASS_add_scds.pro,2.1,168,1,"0,1,2,3,4,5,6,7,8,9,10,11,12,13,14,15,",48.6831,63.4537,47.3855,63.4179,47.3623,64.7386,48.6594,64.8071,1.72711181640625,0.0456621762114177,1.669921875,1.7958984375,3537.125,93.51613688098358,8
ch2_cla_l1_20250801T060920395_20250801T060928395.fits,/home/saurabh/moon_project/data/CLASS/ch2_cla_l1_2025_08/cla/data/calibrated/2025/08/01/ch2_cla_l1_20250801T060920395_20250801T060928395.fits,2025-08-01T06:09:20.395,2025-08-01T06:09:28.395,2025-08-01T06:09:24.395,8.0,-48.5,13.5,108.821,47.6158,64.087,47.6215,64.0873,53.2097,53.2097,CLASS_add_scds.pro,2.1,169,1,"0,1,2,3,4,5,6,7,8,9,10,11,12,13,14,15,",48.2803,63.441,46.9817,63.4057,46.9586,64.7178,48.2567,64.7852,1.80133056640625,0.0443015059099848,1.736328125,1.87060546875,3689.125,90.72948410364894,8
ch2_cla_l1_20250801T060928395_20250801T060936395.fits,/home/saurabh/moon_project/data/CLASS/ch2_cla_l1_2025_08/cla/data/calibrated/2025/08/01/ch2_cla_l1_20250801T060928395_20250801T060936395.fits,2025-08-01T06:09:28.395,2025-08-01T06:09:36.395,2025-08-01T06:09:32.395,8.0,-48.5,13.5,108.939,47.2125,64.0703,47.2182,64.0706,52.8998,52.8998,CLASS_add_scds.pro,2.1,170,1,"0,1,2,3,4,5,6,7,8,9,10,11,12,13,14,15,",47.8774,63.4284,46.5779,63.3935,46.5551,64.6973,47.854,64.7636,1.72125244140625,0.0633790661261706,1.6279296875,1.822265625,3525.125,129.8003274263975,8
ch2_cla_l1_20250801T060936395_20250801T060944395.fits,/home/saurabh/moon_project/data/CLASS/ch2_cla_l1_2025_08/cla/data/calibrated/2025/08/01/ch2_cla_l1_20250801T060936395_20250801T060944395.fits,2025-08-01T06:09:36.395,2025-08-01T06:09:44.395,2025-08-01T06:09:40.395,8.0,-48.5,13.5,109.057,46.8094,64.0538,46.815,64.0541,52.5908,52.5908,CLASS_add_scds.pro,2.1,171,1,"0,1,2,3,4,5,6,7,8,9,10,11,12,13,14,15,",47.4746,63.416,46.1744,63.3816,46.1516,64.6772,47.4514,64.7424,1.787109375,0.0550289781203136,1.71533203125,1.88232421875,3660.0,112.69934719040238,8
ch2_cla_l1_20250801T060944395_20250801T060952395.fits,/home/saurabh/moon_project/data/CLASS/ch2_cla_l1_2025_08/cla/data/calibrated/2025/08/01/ch2_cla_l1_20250801T060944395_20250801T060952395.fits,2025-08-01T06:09:44.395,2025-08-01T06:09:52.395,2025-08-01T06:09:48.395,8.0,-48.5,13.5,109.175,46.4062,64.0376,46.4119,64.0379,52.2827,52.2827,CLASS_add_scds.pro,2.1,172,1,"0,1,2,3,4,5,6,7,8,9,10,11,12,13,14,15,",47.072,63.4039,45.7707,63.3697,45.7481,64.6572,47.0489,64.7217,1.7562255859375,0.0692237237633658,1.64599609375,1.8388671875,3596.75,141.77018626737328,8
ch2_cla_l1_20250801T060952395_20250801T061000395.fits,/home/saurabh/moon_project/data/CLASS/ch2_cla_l1_2025_08/cla/data/calibrated/2025/08/01/ch2_cla_l1_20250801T060952395_20250801T061000395.fits,2025-08-01T06:09:52.395,2025-08-01T06:10:00.395,2025-08-01T06:09:56.395,8.0,-48.5,13.5,109.291,46.0031,64.0216,46.0088,64.022,51.9756,51.9756,CLASS_add_scds.pro,2.1,173,1,"0,1,2,3,4,5,6,7,8,9,10,11,12,13,14,15,",46.6693,63.3917,45.3671,63.358,45.3447,64.6377,46.6463,64.7011,1.81048583984375,0.0559937696275394,1.720703125,1.896484375,3707.875,114.67524019720086,8
ch2_cla_l1_20250801T061000395_20250801T061008395.fits,/home/saurabh/moon_project/data/CLASS/ch2_cla_l1_2025_08/cla/data/calibrated/2025/08/01/ch2_cla_l1_20250801T061000395_20250801T061008395.fits,2025-08-01T06:10:00.395,2025-08-01T06:10:08.395,2025-08-01T06:10:04.395,8.0,-48.5,13.5,109.408,45.6001,64.0058,45.6058,64.006,51.6694,51.6694,CLASS_add_scds.pro,2.1,174,1,"0,1,2,3,4,5,6,7,8,9,10,11,12,13,14,15,",46.2667,63.3798,44.9636,63.3462,44.9413,64.6182,46.2439,64.6809,1.7607421875,0.069163301334593,1.6337890625,1.84912109375,3606.0,141.64644113324658,8
ch2_cla_l1_20250801T061008395_20250801T061016395.fits,/home/saurabh/moon_project/data/CLASS/ch2_cla_l1_2025_08/cla/data/calibrated/2025/08/01/ch2_cla_l1_20250801T061008395_20250801T061016395.fits,2025-08-01T06:10:08.395,2025-08-01T06:10:16.395,2025-08-01T06:10:12.395,8.0,-48.5,13.5,109.524,45.1971,63.9903,45.2028,63.9905,51.3643,51.3643,CLASS_add_scds.pro,2.1,175,1,"0,1,2,3,4,5,6,7,8,9,10,11,12,13,14,15,",45.8641,63.3676,44.5601,63.3347,44.5379,64.5993,45.8415,64.6607,1.807861328125,0.0899839078049694,1.6708984375,1.935546875,3702.5,184.28704318457736,8
ch2_cla_l1_20250801T061016395_20250801T061024395.fits,/home/saurabh/moon_project/data/CLASS/ch2_cla_l1_2025_08/cla/data/calibrated/2025/08/01/ch2_cla_l1_20250801T061016395_20250801T061024395.fits,2025-08-01T06:10:16.395,2025-08-01T06:10:24.395,2025-08-01T06:10:20.395,8.0,-48.4,13.5,109.639,44.7942,63.9749,44.7999,63.9752,51.0601,51.0601,CLASS_add_scds.pro,2.1,176,1,"0,1,2,3,4,5,6,7,8,9,10,11,12,13,14,15,",45.4616,63.356,44.1567,63.3233,44.1347,64.5805,45.4391,64.6412,1.77691650390625,0.0693720027222107,1.654296875,1.8759765625,3639.125,142.07386157508756,8
ch2_cla_l1_20250801T061024395_20250801T061032395.fits,/home/saurabh/moon_project/data/CLASS/ch2_cla_l1_2025_08/cla/data/calibrated/2025/08/01/ch2_cla_l1_20250801T061024395_20250801T061032395.fits,2025-08-01T06:10:24.395,2025-08-01T06:10:32.395,2025-08-01T06:10:28.395,8.0,-48.3,13.5,109.754,44.3913,63.9597,44.397,63.9598,50.757,50.757,CLASS_add_scds.pro,2.1,177,1,"0,1,2,3,4,5,6,7,8,9,10,11,12,13,14,15,",45.0592,63.3443,43.7533,63.312,43.7313,64.562,45.0368,64.6218,1.79388427734375,0.0597424131708184,1.70068359375,1.87890625,3673.875,122.35246217383612,8
ch2_cla_l1_20250801T061032395_20250801T061040395.fits,/home/saurabh/moon_project/data/CLASS/ch2_cla_l1_2025_08/cla/data/calibrated/2025/08/01/ch2_cla_l1_20250801T061032395_20250801T061040395.fits,2025-08-01T06:10:32.395,2025-08-01T06:10:40.395,2025-08-01T06:10:36.395,8.0,-48.3,13.5,109.868,43.9884,63.9447,43.9942,63.9449,50.4549,50.4549,CLASS_add_scds.pro,2.1,178,1,"0,1,2,3,4,5,6,7,8,9,10,11,12,13,14,15,",44.6567,63.3328,43.35,63.3008,43.3282,64.5438,44.6344,64.6027,1.78961181640625,0.0702938176115457,1.6953125,1.91943359375,3665.125,143.96173846844565,8
ch2_cla_l1_20250801T061040395_20250801T061048395.fits,/home/saurabh/moon_project/data/CLASS/ch2_cla_l1_2025_08/cla/data/calibrated/2025/08/01/ch2_cla_l1_20250801T061040395_20250801T061048395.fits,2025-08-01T06:10:40.395,2025-08-01T06:10:48.395,2025-08-01T06:10:44.395,8.0,-48.2,13.5,109.981,43.5857,63.9299,43.5914,63.9302,50.1539,50.1539,CLASS_add_scds.pro,2.1,179,1,"0,1,2,3,4,5,6,7,8,9,10,11,12,13,14,15,",44.2544,63.3215,42.9467,63.2898,42.925,64.5259,44.2322,64.584,1.8197021484375,0.0583121663570131,1.72607421875,1.90625,3726.75,119.42331669916294,8
ch2_cla_l1_20250801T061048395_20250801T061056395.fits,/home/saurabh/moon_project/data/CLASS/ch2_cla_l1_2025_08/cla/data/calibrated/2025/08/01/ch2_cla_l1_20250801T061048395_20250801T061056395.fits,2025-08-01T06:10:48.395,2025-08-01T06:10:56.395,2025-08-01T06:10:52.395,8.0,-48.2,13.5,110.094,43.1829,63.9153,43.1886,63.9156,49.854,49.854,CLASS_add_scds.pro,2.1,180,1,"0,1,2,3,4,5,6,7,8,9,10,11,12,13,14,15,",43.852,63.3103,42.5435,63.2789,42.5218,64.5083,43.83,64.5655,1.809814453125,0.0798826590059213,1.7109375,1.92822265625,3706.5,163.5996856441269,8
ch2_cla_l1_20250801T061056395_20250801T061104395.fits,/home/saurabh/moon_project/data/CLASS/ch2_cla_l1_2025_08/cla/data/calibrated/2025/08/01/ch2_cla_l1_20250801T061056395_20250801T061104395.fits,2025-08-01T06:10:56.395,2025-08-01T06:11:04.395,2025-08-01T06:11:00.395,8.0,-48.2,13.5,110.207,42.7802,63.9009,42.7859,63.9011,49.5552,49.5552,CLASS_add_scds.pro,2.1,181,1,"0,1,2,3,4,5,6,7,8,9,10,11,12,13,14,15,",43.4497,63.2993,42.1402,63.2679,42.1188,64.4907,43.4277,64.5475,1.8092041015625,0.0448647841192281,1.75,1.87646484375,3705.25,91.88307787617914,8
ch2_cla_l1_20250801T061104395_20250801T061112395.fits,/home/saurabh/moon_project/data/CLASS/ch2_cla_l1_2025_08/cla/data/calibrated/2025/08/01/ch2_cla_l1_20250801T061104395_20250801T061112395.fits,2025-08-01T06:11:04.395,2025-08-01T06:11:12.395,2025-08-01T06:11:08.395,8.0,-48.2,13.5,110.318,42.3775,63.8866,42.3832,63.8869,49.2575,49.2575,CLASS_add_scds.pro,2.1,182,1,"0,1,2,3,4,5,6,7,8,9,10,11,12,13,14,15,",43.0474,63.2881,41.7371,63.2572,41.7158,64.4735,43.0256,64.5293,1.8328857421875,0.051064007969785,1.7392578125,1.8974609375,3753.75,104.5790883221197,8
ch2_cla_l1_20250801T061112395_20250801T061120395.fits,/home/saurabh/moon_project/data/CLASS/ch2_cla_l1_2025_08/cla/data/calibrated/2025/08/01/ch2_cla_l1_20250801T061112395_20250801T061120395.fits,2025-08-01T06:11:12.395,2025-08-01T06:11:20.395,2025-08-01T06:11:16.395,8.0,-48.2,13.5,110.43,41.9749,63.8725,41.9806,63.8728,48.961,48.961,CLASS_add_scds.pro,2.1,183,1,"0,1,2,3,4,5,6,7,8,9,10,11,12,13,14,15,",42.6452,63.2772,41.3341,63.2465,41.3129,64.4564,42.6235,64.5116,1.83062744140625,0.0461747222605249,1.7666015625,1.89404296875,3749.125,94.56583118955508,8
ch2_cla_l1_20250801T061120395_20250801T061128395.fits,/home/saurabh/moon_project/data/CLASS/ch2_cla_l1_2025_08/cla/data/calibrated/2025/08/01/ch2_cla_l1_20250801T061120395_20250801T061128395.fits,2025-08-01T06:11:20.395,2025-08-01T06:11:28.395,2025-08-01T06:11:24.395,8.0,-48.2,13.5,110.54,41.5724,63.8586,41.5782,63.8589,48.6656,48.6656,CLASS_add_scds.pro,2.1,184,1,"0,1,2,3,4,5,6,7,8,9,10,11,12,13,14,15,",42.2431,63.2662,40.9311,63.2359,40.91,64.4396,42.2216,64.494,1.85186767578125,0.0538090985496763,1.7626953125,1.92431640625,3792.625,110.20103382973709,8
ch2_cla_l1_20250801T061128395_20250801T061136395.fits,/home/saurabh/moon_project/data/CLASS/ch2_cla_l1_2025_08/cla/data/calibrated/2025/08/01/ch2_cla_l1_20250801T061128395_20250801T061136395.fits,2025-08-01T06:11:28.395,2025-08-01T06:11:36.395,2025-08-01T06:11:32.395,8.0,-48.2,13.5,110.65,41.1699,63.8448,41.1756,63.8451,48.3715,48.3715,CLASS_add_scds.pro,2.1,185,1,"0,1,2,3,4,5,6,7,8,9,10,11,12,13,14,15,",41.841,63.2555,40.5281,63.2253,40.507,64.423,41.8196,64.4767,1.82269287109375,0.05560372124703,1.73779296875,1.90234375,3732.875,113.87642111391754,8
ch2_cla_l1_20250801T061136395_20250801T061144395.fits,/home/saurabh/moon_project/data/CLASS/ch2_cla_l1_2025_08/cla/data/calibrated/2025/08/01/ch2_cla_l1_20250801T061136395_20250801T061144395.fits,2025-08-01T06:11:36.395,2025-08-01T06:11:44.395,2025-08-01T06:11:40.395,8.0,-48.2,13.5,110.76,40.7674,63.8312,40.7731,63.8314,48.0785,48.0785,CLASS_add_scds.pro,2.1,186,1,"0,1,2,3,4,5,6,7,8,9,10,11,12,13,14,15,",41.4389,63.2448,40.1252,63.215,40.1043,64.4067,41.4176,64.4596,1.86065673828125,0.0478664630789803,1.78955078125,1.95068359375,3810.625,98.03051638575177,8
ch2_cla_l1_20250801T061144395_20250801T061152395.fits,/home/saurabh/moon_project/data/CLASS/ch2_cla_l1_2025_08/cla/data/calibrated/2025/08/01/ch2_cla_l1_20250801T061144395_20250801T061152395.fits,2025-08-01T06:11:44.395,2025-08-01T06:11:52.395,2025-08-01T06:11:48.395,8.0,-48.1,13.5,110.868,40.365,63.8178,40.3708,63.818,47.7868,47.7868,CLASS_add_scds.pro,2.1,187,1,"0,1,2,3,4,5,6,7,8,9,10,11,12,13,14,15,",41.0369,63.2343,39.7224,63.2046,39.7016,64.3905,41.0157,64.4429,1.84222412109375,0.0686196801245108,1.74609375,1.95849609375,3772.875,140.53310489499822,8
ch2_cla_l1_20250801T061152395_20250801T061200395.fits,/home/saurabh/moon_project/data/CLASS/ch2_cla_l1_2025_08/cla/data/calibrated/2025/08/01/ch2_cla_l1_20250801T061152395_20250801T061200395.fits,2025-08-01T06:11:52.395,2025-08-01T06:12:00.395,2025-08-01T06:11:56.395,8.0,-47.9,13.5,110.977,39.9626,63.8044,39.9684,63.8045,47.4963,47.4963,CLASS_add_scds.pro,2.1,188,1,"0,1,2,3,4,5,6,7,8,9,10,11,12,13,14,15,",40.635,63.2237,39.3195,63.1944,39.2988,64.3746,40.6139,64.4262,1.86981201171875,0.0745616534823069,1.7587890625,1.9775390625,3829.375,152.70226633176452,8
ch2_cla_l1_20250801T061200395_20250801T061208395.fits,/home/saurabh/moon_project/data/CLASS/ch2_cla_l1_2025_08/cla/data/calibrated/2025/08/01/ch2_cla_l1_20250801T061200395_20250801T061208395.fits,2025-08-01T06:12:00.395,2025-08-01T06:12:08.395,2025-08-01T06:12:04.395,8.0,-47.9,13.5,111.084,39.5603,63.7913,39.566,63.7915,47.2071,47.2071,CLASS_add_scds.pro,2.1,189,1,"0,1,2,3,4,5,6,7,8,9,10,11,12,13,14,15,",40.233,63.2134,38.9167,63.1842,38.8961,64.3589,40.212,64.4099,1.82916259765625,0.0876944881428378,1.7060546875,1.96337890625,3746.125,179.59831171653192,8
ch2_cla_l1_20250801T061208395_20250801T061216395.fits,/home/saurabh/moon_project/data/CLASS/ch2_cla_l1_2025_08/cla/data/calibrated/2025/08/01/ch2_cla_l1_20250801T061208395_20250801T061216395.fits,2025-08-01T06:12:08.395,2025-08-01T06:12:16.395,2025-08-01T06:12:12.395,8.0,-47.9,13.5,111.191,39.158,63.7782,39.1638,63.7785,46.9193,46.9193,CLASS_add_scds.pro,2.1,190,1,"0,1,2,3,4,5,6,7,8,9,10,11,12,13,14,15,",39.8311,63.2031,38.5139,63.1741,38.4934,64.3433,39.8102,64.3938,1.90093994140625,0.0857611245800186,1.7861328125,2.02294921875,3893.125,175.63878313987814,8
ch2_cla_l1_20250801T061216395_20250801T061224395.fits,/home/saurabh/moon_project/data/CLASS/ch2_cla_l1_2025_08/cla/data/calibrated/2025/08/01/ch2_cla_l1_20250801T061216395_20250801T061224395.fits,2025-08-01T06:12:16.395,2025-08-01T06:12:24.395,2025-08-01T06:12:20.395,8.0,-47.8,13.5,111.297,38.7557,63.7653,38.7615,63.7656,46.6327,46.6327,CLASS_add_scds.pro,2.1,191,1,"0,1,2,3,4,5,6,7,8,9,10,11,12,13,14,15,",39.4292,63.1929,38.1112,63.1641,38.0908,64.3279,39.4084,64.3778,1.81878662109375,0.0599330959943877,1.71923828125,1.91015625,3724.875,122.74298059650616,8
ch2_cla_l1_20250801T061224395_20250801T061232395.fits,/home/saurabh/moon_project/data/CLASS/ch2_cla_l1_2025_08/cla/data/calibrated/2025/08/01/ch2_cla_l1_20250801T061224395_20250801T061232395.fits,2025-08-01T06:12:24.395,2025-08-01T06:12:32.395,2025-08-01T06:12:28.395,8.0,-47.8,13.5,111.403,38.3535,63.7526,38.3593,63.7528,46.3475,46.3475,CLASS_add_scds.pro,2.1,192,1,"0,1,2,3,4,5,6,7,8,9,10,11,12,13,14,15,",39.0274,63.1827,37.7086,63.1541,37.6883,64.3127,39.0067,64.362,1.8929443359375,0.0611974683318098,1.791015625,1.986328125,3876.75,125.33241514354653,8
ch2_cla_l1_20250801T061232395_20250801T061240395.fits,/home/saurabh/moon_project/data/CLASS/ch2_cla_l1_2025_08/cla/data/calibrated/2025/08/01/ch2_cla_l1_20250801T061232395_20250801T061240395.fits,2025-08-01T06:12:32.395,2025-08-01T06:12:40.395,2025-08-01T06:12:36.395,8.0,-47.8,13.5,111.508,37.9514,63.7399,37.9572,63.7401,46.0637,46.0637,CLASS_add_scds.pro,2.1,193,1,"0,1,2,3,4,5,6,7,8,9,10,11,12,13,14,15,",38.6257,63.1726,37.306,63.1443,37.2858,64.2977,38.6051,64.3463,1.858154296875,0.0476840007664477,1.77392578125,1.9345703125,3805.5,97.65683356968492,8
ch2_cla_l1_20250801T061240395_20250801T061248395.fits,/home/saurabh/moon_project/data/CLASS/ch2_cla_l1_2025_08/cla/data/calibrated/2025/08/01/ch2_cla_l1_20250801T061240395_20250801T061248395.fits,2025-08-01T06:12:40.395,2025-08-01T06:12:48.395,2025-08-01T06:12:44.395,8.0,-47.8,13.5,111.612,37.5493,63.7274,37.5551,63.7277,45.7813,45.7813,CLASS_add_scds.pro,2.1,194,1,"0,1,2,3,4,5,6,7,8,9,10,11,12,13,14,15,",38.2239,63.1626,36.9034,63.1344,36.8833,64.2828,38.2034,64.3309,1.9134521484375,0.0595753151715994,1.81494140625,1.99169921875,3918.75,122.01024547143572,8
ch2_cla_l1_20250801T061248395_20250801T061256395.fits,/home/saurabh/moon_project/data/CLASS/ch2_cla_l1_2025_08/cla/data/calibrated/2025/08/01/ch2_cla_l1_20250801T061248395_20250801T061256395.fits,2025-08-01T06:12:48.395,2025-08-01T06:12:56.395,2025-08-01T06:12:52.395,8.0,-47.8,13.5,111.716,37.1472,63.715,37.153,63.7152,45.5003,45.5003,CLASS_add_scds.pro,2.1,195,1,"0,1,2,3,4,5,6,7,8,9,10,11,12,13,14,15,",37.8222,63.1526,36.501,63.1247,36.4809,64.2682,37.8017,64.3157,1.84857177734375,0.038125656711899,1.7919921875,1.89697265625,3785.875,78.08134494596919,8
ch2_cla_l1_20250801T061256395_20250801T061304395.fits,/home/saurabh/moon_project/data/CLASS/ch2_cla_l1_2025_08/cla/data/calibrated/2025/08/01/ch2_cla_l1_20250801T061256395_20250801T061304395.fits,2025-08-01T06:12:56.395,2025-08-01T06:13:04.395,2025-08-01T06:13:00.395,8.0,-47.8,13.5,111.819,36.7452,63.7027,36.7509,63.703,45.2208,45.2208,CLASS_add_scds.pro,2.1,196,1,"0,1,2,3,4,5,6,7,8,9,10,11,12,13,14,15,",37.4206,63.1428,36.0986,63.115,36.0786,64.2537,37.4003,64.3007,1.905029296875,0.0432901622927462,1.8447265625,1.9765625,3901.5,88.65825237554435,8
ch2_cla_l1_20250801T061304395_20250801T061312395.fits,/home/saurabh/moon_project/data/CLASS/ch2_cla_l1_2025_08/cla/data/calibrated/2025/08/01/ch2_cla_l1_20250801T061304395_20250801T061312395.fits,2025-08-01T06:13:04.395,2025-08-01T06:13:12.395,2025-08-01T06:13:08.395,8.0,-47.7,13.5,111.921,36.3432,63.6906,36.349,63.6908,44.9427,44.9427,CLASS_add_scds.pro,2.1,197,1,"0,1,2,3,4,5,6,7,8,9,10,11,12,13,14,15,",37.019,63.133,35.6962,63.1054,35.6763,64.2393,36.9988,64.2858,1.88458251953125,0.0568632439480967,1.8076171875,1.9892578125,3859.625,116.45592360570218,8
ch2_cla_l1_20250801T061312395_20250801T061320395.fits,/home/saurabh/moon_project/data/CLASS/ch2_cla_l1_2025_08/cla/data/calibrated/2025/08/01/ch2_cla_l1_20250801T061312395_20250801T061320395.fits,2025-08-01T06:13:12.395,2025-08-01T06:13:20.395,2025-08-01T06:13:16.395,8.0,-47.7,13.5,112.023,35.9413,63.6785,35.9472,63.6787,44.6662,44.6662,CLASS_add_scds.pro,2.1,198,1,"0,1,2,3,4,5,6,7,8,9,10,11,12,13,14,15,",36.6175,63.1233,35.2939,63.0958,35.2741,64.2251,36.5973,64.2711,1.79913330078125,0.0504325801876211,1.7236328125,1.86669921875,3684.625,103.2859242242482,8
ch2_cla_l1_20250801T061320395_20250801T061328395.fits,/home/saurabh/moon_project/data/CLASS/ch2_cla_l1_2025_08/cla/data/calibrated/2025/08/01/ch2_cla_l1_20250801T061320395_20250801T061328395.fits,2025-08-01T06:13:20.395,2025-08-01T06:13:28.395,2025-08-01T06:13:24.395,8.0,-47.6,13.5,112.123,35.5394,63.6666,35.5452,63.6668,44.3912,44.3912,CLASS_add_scds.pro,2.1,199,1,"0,1,2,3,4,5,6,7,8,9,10,11,12,13,14,15,",36.2161,63.1136,34.8915,63.0863,34.8718,64.211,36.1959,64.2565,1.7650146484375,0.056891276666957,1.6640625,1.8369140625,3614.75,116.51333461392797,8
ch2_cla_l1_20250801T061328395_20250801T061336395.fits,/home/saurabh/moon_project/data/CLASS/ch2_cla_l1_2025_08/cla/data/calibrated/2025/08/01/ch2_cla_l1_20250801T061328395_20250801T061336395.fits,2025-08-01T06:13:28.395,2025-08-01T06:13:36.395,2025-08-01T06:13:32.395,8.0,-47.6,13.5,112.224,35.1375,63.6548,35.1434,63.655,44.1178,44.1178,CLASS_add_scds.pro,2.1,200,1,"0,1,2,3,4,5,6,7,8,9,10,11,12,13,14,15,",35.8145,63.104,34.4893,63.0769,34.4696,64.1972,35.7945,64.2421,1.78515625,0.0589068087731644,1.69873046875,1.8828125,3656.0,120.64114436744087,8
ch2_cla_l1_20250801T061336395_20250801T061344395.fits,/home/saurabh/moon_project/data/CLASS/ch2_cla_l1_2025_08/cla/data/calibrated/2025/08/01/ch2_cla_l1_20250801T061336395_20250801T061344395.fits,2025-08-01T06:13:36.395,2025-08-01T06:13:44.395,2025-08-01T06:13:40.395,8.0,-47.5,13.5,112.323,34.7357,63.643,34.7415,63.6433,43.846,43.846,CLASS_add_scds.pro,2.1,201,1,"0,1,2,3,4,5,6,7,8,9,10,11,12,13,14,15,",35.4131,63.0945,34.087,63.0675,34.0674,64.1834,35.3932,64.228,1.796142578125,0.0756496089452275,1.681640625,1.919921875,3678.5,154.93039911982598,8
ch2_cla_l1_20250801T061344395_20250801T061352395.fits,/home/saurabh/moon_project/data/CLASS/ch2_cla_l1_2025_08/cla/data/calibrated/2025/08/01/ch2_cla_l1_20250801T061344395_20250801T061352395.fits,2025-08-01T06:13:44.395,2025-08-01T06:13:52.395,2025-08-01T06:13:48.395,8.0,-47.4,13.5,112.422,34.3339,63.6314,34.3398,63.6316,43.5758,43.5758,CLASS_add_scds.pro,2.1,202,1,"0,1,2,3,4,5,6,7,8,9,10,11,12,13,14,15,",35.0116,63.0849,33.6849,63.0582,33.6653,64.1698,34.9918,64.2138,1.781494140625,0.0847124245443072,1.66259765625,1.904296875,3648.5,173.49104546674118,8
ch2_cla_l1_20250801T061352395_20250801T061400395.fits,/home/saurabh/moon_project/data/CLASS/ch2_cla_l1_2025_08/cla/data/calibrated/2025/08/01/ch2_cla_l1_20250801T061352395_20250801T061400395.fits,2025-08-01T06:13:52.395,2025-08-01T06:14:00.395,2025-08-01T06:13:56.395,8.0,-47.4,13.5,112.52,33.9322,63.6199,33.938,63.6201,43.3073,43.3073,CLASS_add_scds.pro,2.1,203,1,"0,1,2,3,4,5,6,7,8,9,10,11,12,13,14,15,",34.6103,63.0756,33.2827,63.0489,33.2633,64.1564,34.5905,64.2,1.80718994140625,0.0787167346527402,1.72021484375,1.94384765625,3701.125,161.21187256881194,8
ch2_cla_l1_20250801T061400395_20250801T061408395.fits,/home/saurabh/moon_project/data/CLASS/ch2_cla_l1_2025_08/cla/data/calibrated/2025/08/01/ch2_cla_l1_20250801T061400395_20250801T061408395.fits,2025-08-01T06:14:00.395,2025-08-01T06:14:08.395,2025-08-01T06:14:04.395,8.0,-47.4,13.5,112.618,33.5305,63.6085,33.5364,63.6087,43.0405,43.0405,CLASS_add_scds.pro,2.1,204,1,"0,1,2,3,4,5,6,7,8,9,10,11,12,13,14,15,",34.2089,63.0661,32.8807,63.0397,32.8613,64.143,34.1893,64.1861,1.79931640625,0.0844163904142058,1.68701171875,1.92724609375,3685.0,172.88476756829348,8
ch2_cla_l1_20250801T061408395_20250801T061416395.fits,/home/saurabh/moon_project/data/CLASS/ch2_cla_l1_2025_08/cla/data/calibrated/2025/08/01/ch2_cla_l1_20250801T061408395_20250801T061416395.fits,2025-08-01T06:14:08.395,2025-08-01T06:14:16.395,2025-08-01T06:14:12.395,8.0,-47.4,13.5,112.715,33.1289,63.5971,33.1347,63.5974,42.7754,42.7754,CLASS_add_scds.pro,2.1,205,1,"0,1,2,3,4,5,6,7,8,9,10,11,12,13,14,15,",33.8077,63.0569,32.4786,63.0305,32.4593,64.1299,33.7881,64.1726,1.8089599609375,0.0808703218346473,1.73876953125,1.962890625,3704.75,165.62241911735777,8
ch2_cla_l1_20250801T061416395_20250801T061424395.fits,/home/saurabh/moon_project/data/CLASS/ch2_cla_l1_2025_08/cla/data/calibrated/2025/08/01/ch2_cla_l1_20250801T061416395_20250801T061424395.fits,2025-08-01T06:14:16.395,2025-08-01T06:14:24.395,2025-08-01T06:14:20.395,8.0,-47.3,13.5,112.811,32.7273,63.5859,32.7332,63.5861,42.512,42.512,CLASS_add_scds.pro,2.1,206,1,"0,1,2,3,4,5,6,7,8,9,10,11,12,13,14,15,",33.4065,63.0476,32.0767,63.0214,32.0574,64.1169,33.3869,64.1591,1.791259765625,0.0528891577661016,1.705078125,1.869140625,3668.5,108.31699510497616,8
ch2_cla_l1_20250801T061424395_20250801T061432395.fits,/home/saurabh/moon_project/data/CLASS/ch2_cla_l1_2025_08/cla/data/calibrated/2025/08/01/ch2_cla_l1_20250801T061424395_20250801T061432395.fits,2025-08-01T06:14:24.395,2025-08-01T06:14:32.395,2025-08-01T06:14:28.395,8.0,-47.3,13.5,112.906,32.3257,63.5748,32.3316,63.5751,42.2505,42.2505,CLASS_add_scds.pro,2.1,207,1,"0,1,2,3,4,5,6,7,8,9,10,11,12,13,14,15,",33.0053,63.0385,31.6748,63.0123,31.6556,64.104,32.9858,64.1458,1.8333740234375,0.049030516650139,1.7685546875,1.91796875,3754.75,100.41449809948476,8
ch2_cla_l1_20250801T061432395_20250801T061440395.fits,/home/saurabh/moon_project/data/CLASS/ch2_cla_l1_2025_08/cla/data/calibrated/2025/08/01/ch2_cla_l1_20250801T061432395_20250801T061440395.fits,2025-08-01T06:14:32.395,2025-08-01T06:14:40.395,2025-08-01T06:14:36.395,8.0,-47.3,13.5,113.001,31.9242,63.5637,31.93,63.564,41.9907,41.9907,CLASS_add_scds.pro,2.1,208,1,"0,1,2,3,4,5,6,7,8,9,10,11,12,13,14,15,",32.6042,63.0293,31.2729,63.0033,31.2537,64.0911,32.5848,64.1326,1.81298828125,0.0615322945722071,1.7099609375,1.89697265625,3713.0,126.0181392838802,8
ch2_cla_l1_20250801T061440395_20250801T061448395.fits,/home/saurabh/moon_project/data/CLASS/ch2_cla_l1_2025_08/cla/data/calibrated/2025/08/01/ch2_cla_l1_20250801T061440395_20250801T061448395.fits,2025-08-01T06:14:40.395,2025-08-01T06:14:48.395,2025-08-01T06:14:44.395,8.0,-47.3,13.5,113.095,31.5227,63.5527,31.5286,63.553,41.7329,41.7329,CLASS_add_scds.pro,2.1,209,1,"0,1,2,3,4,5,6,7,8,9,10,11,12,13,14,15,",32.2031,63.0202,30.8709,62.9942,30.8519,64.0784,32.1837,64.1195,1.83551025390625,0.0431644392829335,1.78271484375,1.8974609375,3759.125,88.40077165144787,8
ch2_cla_l1_20250801T061448395_20250801T061456395.fits,/home/saurabh/moon_project/data/CLASS/ch2_cla_l1_2025_08/cla/data/calibrated/2025/08/01/ch2_cla_l1_20250801T061448395_20250801T061456395.fits,2025-08-01T06:14:48.395,2025-08-01T06:14:56.395,2025-08-01T06:14:52.395,8.0,-47.2,13.5,113.188,31.1213,63.5419,31.1272,63.5421,41.4769,41.4769,CLASS_add_scds.pro,2.1,210,1,"0,1,2,3,4,5,6,7,8,9,10,11,12,13,14,15,",31.8019,63.011,30.4692,62.9853,30.4502,64.0658,31.7826,64.1065,1.80108642578125,0.0451306060672024,1.728515625,1.861328125,3688.625,92.42748122563054,8
ch2_cla_l1_20250801T061456395_20250801T061504395.fits,/home/saurabh/moon_project/data/CLASS/ch2_cla_l1_2025_08/cla/data/calibrated/2025/08/01/ch2_cla_l1_20250801T061456395_20250801T061504395.fits,2025-08-01T06:14:56.395,2025-08-01T06:15:04.395,2025-08-01T06:15:00.395,8.0,-47.1,13.5,113.28,30.7199,63.531,30.7259,63.5313,41.2228,41.2228,CLASS_add_scds.pro,2.1,211,1,"0,1,2,3,4,5,6,7,8,9,10,11,12,13,14,15,",31.4009,63.002,30.0672,62.9764,30.0483,64.0534,31.3817,64.0937,1.8751220703125,0.0428407421974143,1.8173828125,1.9462890625,3840.25,87.73784002030465,8
ch2_cla_l1_20250801T061504395_20250801T061512395.fits,/home/saurabh/moon_project/data/CLASS/ch2_cla_l1_2025_08/cla/data/calibrated/2025/08/01/ch2_cla_l1_20250801T061504395_20250801T061512395.fits,2025-08-01T06:15:04.395,2025-08-01T06:15:12.395,2025-08-01T06:15:08.395,8.0,-47.1,13.5,113.372,30.3185,63.5203,30.3245,63.5205,40.9707,40.9707,CLASS_add_scds.pro,2.1,212,1,"0,1,2,3,4,5,6,7,8,9,10,11,12,13,14,15,",30.9997,62.993,29.6656,62.9674,29.6467,64.041,30.9806,64.0809,1.82476806640625,0.048497371324251,1.76123046875,1.896484375,3737.125,99.32261647206612,8
ch2_cla_l1_20250801T061512395_20250801T061520395.fits,/home/saurabh/moon_project/data/CLASS/ch2_cla_l1_2025_08/cla/data/calibrated/2025/08/01/ch2_cla_l1_20250801T061512395_20250801T061520395.fits,2025-08-01T06:15:12.395,2025-08-01T06:15:20.395,2025-08-01T06:15:16.395,8.0,-47.1,13.5,113.463,29.9172,63.5097,29.923,63.5098,40.7206,40.7206,CLASS_add_scds.pro,2.1,213,1,"0,1,2,3,4,5,6,7,8,9,10,11,12,13,14,15,",30.5988,62.9839,29.264,62.9586,29.2451,64.0288,30.5798,64.0682,1.86517333984375,0.0617298288731762,1.783203125,1.96630859375,3819.875,126.42268953226484,8
ch2_cla_l1_20250801T061520395_20250801T061528395.fits,/home/saurabh/moon_project/data/CLASS/ch2_cla_l1_2025_08/cla/data/calibrated/2025/08/01/ch2_cla_l1_20250801T061520395_20250801T061528395.fits,2025-08-01T06:15:20.395,2025-08-01T06:15:28.395,2025-08-01T06:15:24.395,8.0,-47.0,13.5,113.553,29.5159,63.4991,29.5218,63.4993,40.4725,40.4725,CLASS_add_scds.pro,2.1,214,1,"0,1,2,3,4,5,6,7,8,9,10,11,12,13,14,15,",30.1979,62.9751,28.8622,62.9498,28.8435,64.0167,30.1789,64.0558,1.814208984375,0.06130992838126,1.7275390625,1.91455078125,3715.5,125.56273332482054,8
ch2_cla_l1_20250801T061528395_20250801T061536395.fits,/home/saurabh/moon_project/data/CLASS/ch2_cla_l1_2025_08/cla/data/calibrated/2025/08/01/ch2_cla_l1_20250801T061528395_20250801T061536395.fits,2025-08-01T06:15:28.395,2025-08-01T06:15:36.395,2025-08-01T06:15:32.395,8.0,-46.9,13.5,113.643,29.1147,63.4886,29.1206,63.4889,40.2265,40.2265,CLASS_add_scds.pro,2.1,215,1,"0,1,2,3,4,5,6,7,8,9,10,11,12,13,14,15,",29.797,62.9663,28.4607,62.9411,28.442,64.0047,29.778,64.0435,1.88427734375,0.0556089659186474,1.80029296875,1.970703125,3859.0,113.88716220139,8
ch2_cla_l1_20250801T061536395_20250801T061544395.fits,/home/saurabh/moon_project/data/CLASS/ch2_cla_l1_2025_08/cla/data/calibrated/2025/08/01/ch2_cla_l1_20250801T061536395_20250801T061544395.fits,2025-08-01T06:15:36.395,2025-08-01T06:15:44.395,2025-08-01T06:15:40.395,8.0,-46.9,13.5,113.732,28.7135,63.4782,28.7194,63.4784,39.9826,39.9826,CLASS_add_scds.pro,2.1,216,1,"0,1,2,3,4,5,6,7,8,9,10,11,12,13,14,15,",29.3961,62.9575,28.059,62.9323,28.0404,63.9928,29.3772,64.0312,1.726806640625,0.108214468949094,1.59375,1.92236328125,3536.5,221.62323240774447,8
ch2_cla_l1_20250801T061544395_20250801T061552395.fits,/home/saurabh/moon_project/data/CLASS/ch2_cla_l1_2025_08/cla/data/calibrated/2025/08/01/ch2_cla_l1_20250801T061544395_20250801T061552395.fits,2025-08-01T06:15:44.395,2025-08-01T06:15:52.395,2025-08-01T06:15:48.395,8.0,-46.9,13.5,113.82,28.3123,63.4678,28.3181,63.468,39.7408,39.7408,CLASS_add_scds.pro,2.1,217,1,"0,1,2,3,4,5,6,7,8,9,10,11,12,13,14,15,",28.9952,62.9486,27.6576,62.9236,27.639,63.981,28.9764,64.019,1.75,0.0859030121798384,1.6318359375,1.880859375,3584.0,175.92936894430918,8
ch2_cla_l1_20250801T061552395_20250801T061600395.fits,/home/saurabh/moon_project/data/CLASS/ch2_cla_l1_2025_08/cla/data/calibrated/2025/08/01/ch2_cla_l1_20250801T061552395_20250801T061600395.fits,2025-08-01T06:15:52.395,2025-08-01T06:16:00.395,2025-08-01T06:15:56.395,8.0,-46.8,13.5,113.907,27.9112,63.4576,27.9171,63.4577,39.5013,39.5013,CLASS_add_scds.pro,2.1,218,1,"0,1,2,3,4,5,6,7,8,9,10,11,12,13,14,15,",28.5946,62.9399,27.2561,62.9149,27.2375,63.9693,28.5758,64.007,1.7257080078125,0.0692030556313633,1.6015625,1.81396484375,3534.25,141.72785793303206,8
ch2_cla_l1_20250801T061600395_20250801T061608395.fits,/home/saurabh/moon_project/data/CLASS/ch2_cla_l1_2025_08/cla/data/calibrated/2025/08/01/ch2_cla_l1_20250801T061600395_20250801T061608395.fits,2025-08-01T06:16:00.395,2025-08-01T06:16:08.395,2025-08-01T06:16:04.395,8.0,-46.8,13.5,113.993,27.5101,63.4473,27.516,63.4476,39.2639,39.2639,CLASS_add_scds.pro,2.1,219,1,"0,1,2,3,4,5,6,7,8,9,10,11,12,13,14,15,",28.1937,62.9312,26.8547,62.9063,26.8362,63.9577,28.175,63.9951,1.75128173828125,0.0720172576033462,1.634765625,1.849609375,3586.625,147.49134357165315,8
ch2_cla_l1_20250801T061608395_20250801T061616395.fits,/home/saurabh/moon_project/data/CLASS/ch2_cla_l1_2025_08/cla/data/calibrated/2025/08/01/ch2_cla_l1_20250801T061608395_20250801T061616395.fits,2025-08-01T06:16:08.395,2025-08-01T06:16:16.395,2025-08-01T06:16:12.395,8.0,-46.7,13.5,114.079,27.109,63.4372,27.1149,63.4374,39.0289,39.0289,CLASS_add_scds.pro,2.1,220,1,"0,1,2,3,4,5,6,7,8,9,10,11,12,13,14,15,",27.7931,62.9226,26.4533,62.8978,26.4348,63.9462,27.7744,63.9833,1.73358154296875,0.0739419407270488,1.63134765625,1.8720703125,3550.375,151.43309460899602,8
ch2_cla_l1_20250801T061616395_20250801T061624395.fits,/home/saurabh/moon_project/data/CLASS/ch2_cla_l1_2025_08/cla/data/calibrated/2025/08/01/ch2_cla_l1_20250801T061616395_20250801T061624395.fits,2025-08-01T06:16:16.395,2025-08-01T06:16:24.395,2025-08-01T06:16:20.395,8.0,-46.7,13.5,114.164,26.708,63.4271,26.7138,63.4273,38.7961,38.7961,CLASS_add_scds.pro,2.1,221,1,"0,1,2,3,4,5,6,7,8,9,10,11,12,13,14,15,",27.3923,62.9139,26.0521,62.8892,26.0337,63.9349,27.3737,63.9716,1.76226806640625,0.0572432234757987,1.67333984375,1.84765625,3609.125,117.23412167843578,8
ch2_cla_l1_20250801T061624395_20250801T061632395.fits,/home/saurabh/moon_project/data/CLASS/ch2_cla_l1_2025_08/cla/data/calibrated/2025/08/01/ch2_cla_l1_20250801T061624395_20250801T061632395.fits,2025-08-01T06:16:24.395,2025-08-01T06:16:32.395,2025-08-01T06:16:28.395,8.0,-46.6,13.5,114.248,26.307,63.4171,26.3131,63.4174,38.5657,38.5657,CLASS_add_scds.pro,2.1,222,1,"0,1,2,3,4,5,6,7,8,9,10,11,12,13,14,15,",26.9918,62.9054,25.6507,62.8807,25.6323,63.9235,26.9733,63.9601,1.7750244140625,0.0703109256628684,1.658203125,1.884765625,3635.25,143.99677575755447,8
ch2_cla_l1_20250801T061632395_20250801T061640395.fits,/home/saurabh/moon_project/data/CLASS/ch2_cla_l1_2025_08/cla/data/calibrated/2025/08/01/ch2_cla_l1_20250801T061632395_20250801T061640395.fits,2025-08-01T06:16:32.395,2025-08-01T06:16:40.395,2025-08-01T06:16:36.395,8.0,-46.6,13.5,114.332,25.906,63.4071,25.9121,63.4074,38.3377,38.3377,CLASS_add_scds.pro,2.1,223,1,"0,1,2,3,4,5,6,7,8,9,10,11,12,13,14,15,",26.5912,62.8968,25.2493,62.8721,25.231,63.9123,26.5726,63.9485,1.76739501953125,0.0496272068994872,1.68212890625,1.822265625,3619.625,101.63651973014989,8
ch2_cla_l1_20250801T061640395_20250801T061648395.fits,/home/saurabh/moon_project/data/CLASS/ch2_cla_l1_2025_08/cla/data/calibrated/2025/08/01/ch2_cla_l1_20250801T061640395_20250801T061648395.fits,2025-08-01T06:16:40.395,2025-08-01T06:16:48.395,2025-08-01T06:16:44.395,8.0,-46.6,13.5,114.415,25.5051,63.3972,25.5109,63.3974,38.1121,38.1121,CLASS_add_scds.pro,2.1,224,1,"0,1,2,3,4,5,6,7,8,9,10,11,12,13,14,15,",26.1904,62.8881,24.8481,62.8636,24.8298,63.9011,26.1719,63.937,1.75830078125,0.0605440622546545,1.6669921875,1.85400390625,3601.0,123.99423949753242,8
ch2_cla_l1_20250801T061648395_20250801T061656395.fits,/home/saurabh/moon_project/data/CLASS/ch2_cla_l1_2025_08/cla/data/calibrated/2025/08/01/ch2_cla_l1_20250801T061648395_20250801T061656395.fits,2025-08-01T06:16:48.395,2025-08-01T06:16:56.395,2025-08-01T06:16:52.395,8.0,-46.6,13.5,114.496,25.1042,63.3874,25.1101,63.3876,37.889,37.889,CLASS_add_scds.pro,2.1,225,1,"0,1,2,3,4,5,6,7,8,9,10,11,12,13,14,15,",25.7899,62.8796,24.4465,62.855,24.4284,63.89,25.7715,63.9257,1.7659912109375,0.0439590674777874,1.69921875,1.82373046875,3616.75,90.02817019450872,8
ch2_cla_l1_20250801T061656395_20250801T061704395.fits,/home/saurabh/moon_project/data/CLASS/ch2_cla_l1_2025_08/cla/data/calibrated/2025/08/01/ch2_cla_l1_20250801T061656395_20250801T061704395.fits,2025-08-01T06:16:56.395,2025-08-01T06:17:04.395,2025-08-01T06:17:00.395,8.0,-46.6,13.5,114.578,24.7034,63.3776,24.7091,63.3777,37.6684,37.6684,CLASS_add_scds.pro,2.1,226,1,"0,1,2,3,4,5,6,7,8,9,10,11,12,13,14,15,",25.389,62.871,24.0454,62.8466,24.0273,63.8791,25.3707,63.9143,1.79473876953125,0.0541020016113844,1.6982421875,1.875,3675.625,110.80089930011528,8
ch2_cla_l1_20250801T061704395_20250801T061712395.fits,/home/saurabh/moon_project/data/CLASS/ch2_cla_l1_2025_08/cla/data/calibrated/2025/08/01/ch2_cla_l1_20250801T061704395_20250801T061712395.fits,2025-08-01T06:17:04.395,2025-08-01T06:17:12.395,2025-08-01T06:17:08.395,8.0,-46.5,13.5,114.658,24.3026,63.3679,24.3084,63.368,37.4504,37.4504,CLASS_add_scds.pro,2.1,227,1,"0,1,2,3,4,5,6,7,8,9,10,11,12,13,14,15,",24.9886,62.8625,23.6444,62.8383,23.6263,63.8682,24.9703,63.9032,1.76422119140625,0.059037012380515,1.681640625,1.859375,3613.125,120.9078013552948,8
ch2_cla_l1_20250801T061712395_20250801T061720395.fits,/home/saurabh/moon_project/data/CLASS/ch2_cla_l1_2025_08/cla/data/calibrated/2025/08/01/ch2_cla_l1_20250801T061712395_20250801T061720395.fits,2025-08-01T06:17:12.395,2025-08-01T06:17:20.395,2025-08-01T06:17:16.395,8.0,-46.3,13.5,114.737,23.9018,63.3582,23.9076,63.3583,37.235,37.235,CLASS_add_scds.pro,2.1,228,1,"0,1,2,3,4,5,6,7,8,9,10,11,12,13,14,15,",24.5882,62.8541,23.2435,62.8299,23.2254,63.8574,24.57,63.8921,1.80322265625,0.0482442772645987,1.73291015625,1.88525390625,3693.0,98.80427983789828,8
ch2_cla_l1_20250801T061720395_20250801T061728395.fits,/home/saurabh/moon_project/data/CLASS/ch2_cla_l1_2025_08/cla/data/calibrated/2025/08/01/ch2_cla_l1_20250801T061720395_20250801T061728395.fits,2025-08-01T06:17:20.395,2025-08-01T06:17:28.395,2025-08-01T06:17:24.395,8.0,-46.3,13.5,114.816,23.501,63.3486,23.5069,63.3487,37.0222,37.0222,CLASS_add_scds.pro,2.1,229,1,"0,1,2,3,4,5,6,7,8,9,10,11,12,13,14,15,",24.188,62.8458,22.8431,62.8217,22.8249,63.8468,24.1697,63.8813,1.7767333984375,0.0595787453322037,1.69091796875,1.87548828125,3638.75,122.0172704403532,8
ch2_cla_l1_20250801T061728395_20250801T061736395.fits,/home/saurabh/moon_project/data/CLASS/ch2_cla_l1_2025_08/cla/data/calibrated/2025/08/01/ch2_cla_l1_20250801T061728395_20250801T061736395.fits,2025-08-01T06:17:28.395,2025-08-01T06:17:36.395,2025-08-01T06:17:32.395,8.0,-46.2,13.5,114.894,23.1003,63.339,23.1067,63.3393,36.8122,36.8122,CLASS_add_scds.pro,2.1,230,1,"0,1,2,3,4,5,6,7,8,9,10,11,12,13,14,15,",23.7882,62.8376,22.4418,62.8131,22.4237,63.836,23.7699,63.8706,1.710693359375,0.0748288882022928,1.60546875,1.8291015625,3503.5,153.24956303829572,8
ch2_cla_l1_20250801T061736395_20250801T061744395.fits,/home/saurabh/moon_project/data/CLASS/ch2_cla_l1_2025_08/cla/data/calibrated/2025/08/01/ch2_cla_l1_20250801T061736395_20250801T061744395.fits,2025-08-01T06:17:36.395,2025-08-01T06:17:44.395,2025-08-01T06:17:40.395,8.0,-46.2,13.5,114.971,22.6996,63.3295,22.7058,63.3296,36.6049,36.6049,CLASS_add_scds.pro,2.1,231,1,"0,1,2,3,4,5,6,7,8,9,10,11,12,13,14,15,",23.3876,62.829,22.0406,62.8048,22.0226,63.8254,23.3694,63.8595,1.6416015625,0.0860139580992387,1.513671875,1.7607421875,3362.0,176.15658618724098,8
ch2_cla_l1_20250801T061744395_20250801T061752395.fits,/home/saurabh/moon_project/data/CLASS/ch2_cla_l1_2025_08/cla/data/calibrated/2025/08/01/ch2_cla_l1_20250801T061744395_20250801T061752395.fits,2025-08-01T06:17:44.395,2025-08-01T06:17:52.395,2025-08-01T06:17:48.395,8.0,-46.2,13.5,115.047,22.299,63.32,22.305,63.3201,36.4004,36.4004,CLASS_add_scds.pro,2.1,232,1,"0,1,2,3,4,5,6,7,8,9,10,11,12,13,14,15,",22.9869,62.8206,21.6395,62.7965,21.6216,63.815,22.9688,63.8487,1.69915771484375,0.0751701411933582,1.5859375,1.80859375,3479.875,153.94844916399776,8
ch2_cla_l1_20250801T061752395_20250801T061800395.fits,/home/saurabh/moon_project/data/CLASS/ch2_cla_l1_2025_08/cla/data/calibrated/2025/08/01/ch2_cla_l1_20250801T061752395_20250801T061800395.fits,2025-08-01T06:17:52.395,2025-08-01T06:18:00.395,2025-08-01T06:17:56.395,8.0,-46.2,13.5,115.123,21.8983,63.3106,21.9043,63.3107,36.1987,36.1987,CLASS_add_scds.pro,2.1,233,1,"0,1,2,3,4,5,6,7,8,9,10,11,12,13,14,15,",22.5865,62.8123,21.2384,62.7882,21.2206,63.8045,22.5684,63.838,1.6629638671875,0.0868308463417306,1.5341796875,1.77783203125,3405.75,177.82957330786445,8
ch2_cla_l1_20250801T061800395_20250801T061808395.fits,/home/saurabh/moon_project/data/CLASS/ch2_cla_l1_2025_08/cla/data/calibrated/2025/08/01/ch2_cla_l1_20250801T061800395_20250801T061808395.fits,2025-08-01T06:18:00.395,2025-08-01T06:18:08.395,2025-08-01T06:18:04.395,8.0,-46.1,13.5,115.197,21.4977,63.3012,21.5037,63.3014,35.9999,35.9999,CLASS_add_scds.pro,2.1,234,1,"0,1,2,3,4,5,6,7,8,9,10,11,12,13,14,15,",22.1861,62.8039,20.8376,62.78,20.8197,63.7942,22.1681,63.8274,1.70196533203125,0.0569123388994965,1.60400390625,1.78173828125,3485.625,116.55647006616884,8
ch2_cla_l1_20250801T061808395_20250801T061816395.fits,/home/saurabh/moon_project/data/CLASS/ch2_cla_l1_2025_08/cla/data/calibrated/2025/08/01/ch2_cla_l1_20250801T061808395_20250801T061816395.fits,2025-08-01T06:18:08.395,2025-08-01T06:18:16.395,2025-08-01T06:18:12.395,8.0,-46.0,13.5,115.271,21.0972,63.2918,21.1033,63.292,35.8041,35.8041,CLASS_add_scds.pro,2.1,235,1,"0,1,2,3,4,5,6,7,8,9,10,11,12,13,14,15,",21.7858,62.7957,20.4369,62.7717,20.4191,63.7839,21.7678,63.817,1.6475830078125,0.0620189958557052,1.5478515625,1.73828125,3374.25,127.01490351248437,8
ch2_cla_l1_20250801T061816395_20250801T061824395.fits,/home/saurabh/moon_project/data/CLASS/ch2_cla_l1_2025_08/cla/data/calibrated/2025/08/01/ch2_cla_l1_20250801T061816395_20250801T061824395.fits,2025-08-01T06:18:16.395,2025-08-01T06:18:24.395,2025-08-01T06:18:20.395,8.0,-45.9,13.5,115.344,20.6967,63.2825,20.7028,63.2827,35.6113,35.6113,CLASS_add_scds.pro,2.1,236,1,"0,1,2,3,4,5,6,7,8,9,10,11,12,13,14,15,",21.3858,62.7874,20.036,62.7634,20.0182,63.7737,21.3678,63.8065,1.71551513671875,0.0578854943247333,1.61962890625,1.79931640625,3513.375,118.54949237705382,8
ch2_cla_l1_20250801T061824395_20250801T061832395.fits,/home/saurabh/moon_project/data/CLASS/ch2_cla_l1_2025_08/cla/data/calibrated/2025/08/01/ch2_cla_l1_20250801T061824395_20250801T061832395.fits,2025-08-01T06:18:24.395,2025-08-01T06:18:32.395,2025-08-01T06:18:28.395,8.0,-45.8,13.5,115.416,20.2962,63.2733,20.3022,63.2735,35.4214,35.4214,CLASS_add_scds.pro,2.1,237,1,"0,1,2,3,4,5,6,7,8,9,10,11,12,13,14,15,",20.9855,62.7791,19.6353,62.7552,19.6175,63.7636,20.9676,63.7961,1.66546630859375,0.0405415757840581,1.6044921875,1.712890625,3410.875,83.0291472057511,8
ch2_cla_l1_20250801T061832395_20250801T061840395.fits,/home/saurabh/moon_project/data/CLASS/ch2_cla_l1_2025_08/cla/data/calibrated/2025/08/01/ch2_cla_l1_20250801T061832395_20250801T061840395.fits,2025-08-01T06:18:32.395,2025-08-01T06:18:40.395,2025-08-01T06:18:36.395,8.0,-45.8,13.5,115.487,19.8957,63.2641,19.9017,63.2643,35.2347,35.2347,CLASS_add_scds.pro,2.1,238,1,"0,1,2,3,4,5,6,7,8,9,10,11,12,13,14,15,",20.5853,62.7709,19.2345,62.7469,19.2168,63.7534,20.5674,63.7859,1.708251953125,0.0434190023463583,1.64599609375,1.775390625,3498.5,88.92211680534183,8
ch2_cla_l1_20250801T061840395_20250801T061848395.fits,/home/saurabh/moon_project/data/CLASS/ch2_cla_l1_2025_08/cla/data/calibrated/2025/08/01/ch2_cla_l1_20250801T061840395_20250801T061848395.fits,2025-08-01T06:18:40.395,2025-08-01T06:18:48.395,2025-08-01T06:18:44.395,8.0,-45.8,13.5,115.557,19.4952,63.2549,19.5012,63.255,35.0511,35.0511,CLASS_add_scds.pro,2.1,239,1,"0,1,2,3,4,5,6,7,8,9,10,11,12,13,14,15,",20.1851,62.7626,18.8337,62.7387,18.816,63.7434,20.1673,63.7755,1.68994140625,0.0585425743778657,1.62109375,1.7861328125,3461.0,119.8951923258691,8
ch2_cla_l1_20250801T061848395_20250801T061856395.fits,/home/saurabh/moon_project/data/CLASS/ch2_cla_l1_2025_08/cla/data/calibrated/2025/08/01/ch2_cla_l1_20250801T061848395_20250801T061856395.fits,2025-08-01T06:18:48.395,2025-08-01T06:18:56.395,2025-08-01T06:18:52.395,8.0,-45.8,13.5,115.626,19.0948,63.2457,19.1008,63.2459,34.8707,34.8707,CLASS_add_scds.pro,2.1,240,1,"0,1,2,3,4,5,6,7,8,9,10,11,12,13,14,15,",19.7849,62.7544,18.433,62.7305,18.4154,63.7334,19.7671,63.7653,1.7271728515625,0.0492758145469543,1.6572265625,1.7978515625,3537.25,100.91686819216244,8
ch2_cla_l1_20250801T061856395_20250801T061904395.fits,/home/saurabh/moon_project/data/CLASS/ch2_cla_l1_2025_08/cla/data/calibrated/2025/08/01/ch2_cla_l1_20250801T061856395_20250801T061904395.fits,2025-08-01T06:18:56.395,2025-08-01T06:19:04.395,2025-08-01T06:19:00.395,8.0,-45.8,13.5,115.695,18.6944,63.2366,18.7005,63.2368,34.6935,34.6935,CLASS_add_scds.pro,2.1,241,1,"0,1,2,3,4,5,6,7,8,9,10,11,12,13,14,15,",19.3848,62.7462,18.0325,62.7223,18.0148,63.7235,19.367,63.7552,1.69329833984375,0.0562256518149949,1.59912109375,1.76171875,3467.875,115.15013491710972,8
ch2_cla_l1_20250801T061904395_20250801T061912395.fits,/home/saurabh/moon_project/data/CLASS/ch2_cla_l1_2025_08/cla/data/calibrated/2025/08/01/ch2_cla_l1_20250801T061904395_20250801T061912395.fits,2025-08-01T06:19:04.395,2025-08-01T06:19:12.395,2025-08-01T06:19:08.395,8.0,-45.7,13.5,115.762,18.2941,63.2276,18.3001,63.2276,34.5196,34.5196,CLASS_add_scds.pro,2.1,242,1,"0,1,2,3,4,5,6,7,8,9,10,11,12,13,14,15,",18.9848,62.738,17.6318,62.7141,17.6142,63.7136,18.967,63.7452,1.71630859375,0.0550104066985974,1.630859375,1.80224609375,3515.0,112.66131291872748,8
ch2_cla_l1_20250801T061912395_20250801T061920395.fits,/home/saurabh/moon_project/data/CLASS/ch2_cla_l1_2025_08/cla/data/calibrated/2025/08/01/ch2_cla_l1_20250801T061912395_20250801T061920395.fits,2025-08-01T06:19:12.395,2025-08-01T06:19:20.395,2025-08-01T06:19:16.395,8.0,-45.5,13.5,115.829,17.8938,63.2186,17.8998,63.2187,34.349,34.349,CLASS_add_scds.pro,2.1,243,1,"0,1,2,3,4,5,6,7,8,9,10,11,12,13,14,15,",18.5847,62.7297,17.2312,62.706,17.2136,63.7039,18.567,63.7351,1.7088623046875,0.0531940108139334,1.62255859375,1.7685546875,3499.75,108.94133414693565,8
ch2_cla_l1_20250801T061920395_20250801T061928395.fits,/home/saurabh/moon_project/data/CLASS/ch2_cla_l1_2025_08/cla/data/calibrated/2025/08/01/ch2_cla_l1_20250801T061920395_20250801T061928395.fits,2025-08-01T06:19:20.395,2025-08-01T06:19:28.395,2025-08-01T06:19:24.395,8.0,-45.5,13.5,115.895,17.4935,63.2096,17.4995,63.2098,34.1818,34.1818,CLASS_add_scds.pro,2.1,244,1,"0,1,2,3,4,5,6,7,8,9,10,11,12,13,14,15,",18.1846,62.7216,16.8308,62.6978,16.8132,63.6941,18.1669,63.7253,1.73541259765625,0.0603262048676082,1.64697265625,1.83056640625,3554.125,123.54806756886164,8
ch2_cla_l1_20250801T061928395_20250801T061936395.fits,/home/saurabh/moon_project/data/CLASS/ch2_cla_l1_2025_08/cla/data/calibrated/2025/08/01/ch2_cla_l1_20250801T061928395_20250801T061936395.fits,2025-08-01T06:19:28.395,2025-08-01T06:19:36.395,2025-08-01T06:19:32.395,8.0,-45.5,13.5,115.959,17.0932,63.2006,17.0993,63.2007,34.018,34.018,CLASS_add_scds.pro,2.1,245,1,"0,1,2,3,4,5,6,7,8,9,10,11,12,13,14,15,",17.7848,62.7134,16.4302,62.6897,16.4126,63.6845,17.7671,63.7154,1.71551513671875,0.099792120496668,1.560546875,1.875,3513.375,204.37426277717623,8
ch2_cla_l1_20250801T061936395_20250801T061944395.fits,/home/saurabh/moon_project/data/CLASS/ch2_cla_l1_2025_08/cla/data/calibrated/2025/08/01/ch2_cla_l1_20250801T061936395_20250801T061944395.fits,2025-08-01T06:19:36.395,2025-08-01T06:19:44.395,2025-08-01T06:19:40.395,8.0,-45.5,13.5,116.023,16.6929,63.1917,16.699,63.1918,33.8577,33.8577,CLASS_add_scds.pro,2.1,246,1,"0,1,2,3,4,5,6,7,8,9,10,11,12,13,14,15,",17.3847,62.7053,16.0296,62.6815,16.0121,63.6749,17.367,63.7056,1.72540283203125,0.0898626793295711,1.59423828125,1.85888671875,3533.625,184.0387672669616,8
ch2_cla_l1_20250801T061944395_20250801T061952395.fits,/home/saurabh/moon_project/data/CLASS/ch2_cla_l1_2025_08/cla/data/calibrated/2025/08/01/ch2_cla_l1_20250801T061944395_20250801T061952395.fits,2025-08-01T06:19:44.395,2025-08-01T06:19:52.395,2025-08-01T06:19:48.395,8.0,-45.5,13.5,116.086,16.2927,63.1828,16.2989,63.183,33.701,33.701,CLASS_add_scds.pro,2.1,247,1,"0,1,2,3,4,5,6,7,8,9,10,11,12,13,14,15,",16.9846,62.6972,15.6291,62.6734,15.6117,63.6653,16.967,63.6959,1.751708984375,0.072372534185872,1.66162109375,1.8798828125,3587.5,148.21895001266586,8
ch2_cla_l1_20250801T061952395_20250801T062000395.fits,/home/saurabh/moon_project/data/CLASS/ch2_cla_l1_2025_08/cla/data/calibrated/2025/08/01/ch2_cla_l1_20250801T061952395_20250801T062000395.fits,2025-08-01T06:19:52.395,2025-08-01T06:20:00.395,2025-08-01T06:19:56.395,8.0,-45.5,13.5,116.148,15.8925,63.1739,15.8985,63.174,33.5478,33.5478,CLASS_add_scds.pro,2.1,248,1,"0,1,2,3,4,5,6,7,8,9,10,11,12,13,14,15,",16.5846,62.6889,15.2287,62.6653,15.2113,63.6558,16.5671,63.686,1.71185302734375,0.0602188365120343,1.6181640625,1.806640625,3505.875,123.3281771766464,8
ch2_cla_l1_20250801T062000395_20250801T062008395.fits,/home/saurabh/moon_project/data/CLASS/ch2_cla_l1_2025_08/cla/data/calibrated/2025/08/01/ch2_cla_l1_20250801T062000395_20250801T062008395.fits,2025-08-01T06:20:00.395,2025-08-01T06:20:08.395,2025-08-01T06:20:04.395,8.0,-45.3,13.5,116.21,15.4924,63.1651,15.4984,63.1652,33.3982,33.3982,CLASS_add_scds.pro,2.1,249,1,"0,1,2,3,4,5,6,7,8,9,10,11,12,13,14,15,",16.1848,62.6809,14.8283,62.6572,14.8109,63.6464,16.1672,63.6765,1.7562255859375,0.0510166288455265,1.6904296875,1.845703125,3596.75,104.48205587563828,8
ch2_cla_l1_20250801T062008395_20250801T062016395.fits,/home/saurabh/moon_project/data/CLASS/ch2_cla_l1_2025_08/cla/data/calibrated/2025/08/01/ch2_cla_l1_20250801T062008395_20250801T062016395.fits,2025-08-01T06:20:08.395,2025-08-01T06:20:16.395,2025-08-01T06:20:12.395,8.0,-45.2,13.5,116.27,15.0922,63.1563,15.0983,63.1565,33.2523,33.2523,CLASS_add_scds.pro,2.1,250,1,"0,1,2,3,4,5,6,7,8,9,10,11,12,13,14,15,",15.7849,62.6728,14.428,62.6491,14.4106,63.637,15.7674,63.667,1.7325439453125,0.0601895949425376,1.63525390625,1.81591796875,3548.25,123.26829044231704,8
ch2_cla_l1_20250801T062016395_20250801T062024395.fits,/home/saurabh/moon_project/data/CLASS/ch2_cla_l1_2025_08/cla/data/calibrated/2025/08/01/ch2_cla_l1_20250801T062016395_20250801T062024395.fits,2025-08-01T06:20:16.395,2025-08-01T06:20:24.395,2025-08-01T06:20:20.395,8.0,-45.2,13.5,116.329,14.6921,63.1475,14.6981,63.1477,33.1101,33.1101,CLASS_add_scds.pro,2.1,251,1,"0,1,2,3,4,5,6,7,8,9,10,11,12,13,14,15,",15.385,62.6647,14.0276,62.641,14.0103,63.6277,15.3675,63.6575,1.775634765625,0.0496958336434961,1.70947265625,1.8525390625,3636.5,101.7770673018801,8
ch2_cla_l1_20250801T062024395_20250801T062032395.fits,/home/saurabh/moon_project/data/CLASS/ch2_cla_l1_2025_08/cla/data/calibrated/2025/08/01/ch2_cla_l1_20250801T062024395_20250801T062032395.fits,2025-08-01T06:20:24.395,2025-08-01T06:20:32.395,2025-08-01T06:20:28.395,8.0,-45.2,13.5,116.387,14.292,63.1387,14.2981,63.139,32.9717,32.9717,CLASS_add_scds.pro,2.1,252,1,"0,1,2,3,4,5,6,7,8,9,10,11,12,13,14,15,",14.9851,62.6566,13.6273,62.6329,13.6099,63.6183,14.9677,63.648,1.72637939453125,0.0476460841322392,1.65869140625,1.79541015625,3535.625,97.57918030282602,8
ch2_cla_l1_20250801T062032395_20250801T062040395.fits,/home/saurabh/moon_project/data/CLASS/ch2_cla_l1_2025_08/cla/data/calibrated/2025/08/01/ch2_cla_l1_20250801T062032395_20250801T062040395.fits,2025-08-01T06:20:32.395,2025-08-01T06:20:40.395,2025-08-01T06:20:36.395,8.0,-45.1,13.5,116.445,13.892,63.13,13.898,63.1302,32.8372,32.8372,CLASS_add_scds.pro,2.1,253,1,"0,1,2,3,4,5,6,7,8,9,10,11,12,13,14,15,",14.5853,62.6485,13.2271,62.6248,13.2098,63.6091,14.5678,63.6385,1.7791748046875,0.0398948277924531,1.72314453125,1.841796875,3643.75,81.70460731894411,8
ch2_cla_l1_20250801T062040395_20250801T062048395.fits,/home/saurabh/moon_project/data/CLASS/ch2_cla_l1_2025_08/cla/data/calibrated/2025/08/01/ch2_cla_l1_20250801T062040395_20250801T062048395.fits,2025-08-01T06:20:40.395,2025-08-01T06:20:48.395,2025-08-01T06:20:44.395,8.0,-45.1,13.5,116.502,13.492,63.1213,13.498,63.1215,32.7064,32.7064,CLASS_add_scds.pro,2.1,254,1,"0,1,2,3,4,5,6,7,8,9,10,11,12,13,14,15,",14.1856,62.6405,12.8268,62.6166,12.8095,63.5998,14.1681,63.6292,1.7413330078125,0.0389802338950494,1.6865234375,1.798828125,3566.25,79.83151901706135,8
ch2_cla_l1_20250801T062144395_20250801T062152395.fits,/home/saurabh/moon_project/data/CLASS/ch2_cla_l1_2025_08/cla/data/calibrated/2025/08/01/ch2_cla_l1_20250801T062144395_20250801T062152395.fits,2025-08-01T06:21:44.395,2025-08-01T06:21:52.395,2025-08-01T06:21:48.395,8.0,-44.6,13.5,116.921,10.2926,63.0525,10.2988,63.0526,31.8051,31.8051,CLASS_add_scds.pro,2.1,262,1,"0,1,2,3,4,5,6,7,8,9,10,11,12,13,14,15,",10.9879,62.5755,9.626,62.5516,9.6088,63.5275,10.9707,63.5556,1.66571044921875,0.0684713575268705,1.54248046875,1.76806640625,3411.375,140.22934021503082,8
ch2_cla_l1_20250801T062152395_20250801T062200395.fits,/home/saurabh/moon_project/data/CLASS/ch2_cla_l1_2025_08/cla/data/calibrated/2025/08/01/ch2_cla_l1_20250801T062152395_20250801T062200395.fits,2025-08-01T06:21:52.395,2025-08-01T06:22:00.395,2025-08-01T06:21:56.395,8.0,-44.5,13.5,116.969,9.8927,63.044,9.8989,63.0441,31.7111,31.7111,CLASS_add_scds.pro,2.1,263,1,"0,1,2,3,4,5,6,7,8,9,10,11,12,13,14,15,",10.5883,62.5675,9.2258,62.5436,9.2087,63.5187,10.5711,63.5467,1.67694091796875,0.060121757796052,1.5791015625,1.76513671875,3434.375,123.12935996631464,8
ch2_cla_l1_20250801T062200395_20250801T062208395.fits,/home/saurabh/moon_project/data/CLASS/ch2_cla_l1_2025_08/cla/data/calibrated/2025/08/01/ch2_cla_l1_20250801T062200395_20250801T062208395.fits,2025-08-01T06:22:00.395,2025-08-01T06:22:08.395,2025-08-01T06:22:04.395,8.0,-44.5,13.5,117.017,9.4929,63.0355,9.4991,63.0357,31.6214,31.6214,CLASS_add_scds.pro,2.1,264,1,"0,1,2,3,4,5,6,7,8,9,10,11,12,13,14,15,",10.1886,62.5594,8.826,62.5355,8.8088,63.5099,10.1714,63.5378,1.66925048828125,0.0713205585217908,1.556640625,1.79052734375,3418.625,146.06450385262767,8
ch2_cla_l1_20250801T062208395_20250801T062216395.fits,/home/saurabh/moon_project/data/CLASS/ch2_cla_l1_2025_08/cla/data/calibrated/2025/08/01/ch2_cla_l1_20250801T062208395_20250801T062216395.fits,2025-08-01T06:22:08.395,2025-08-01T06:22:16.395,2025-08-01T06:22:12.395,8.0,-44.5,13.5,117.063,9.0932,63.027,9.0992,63.0272,31.5361,31.5361,CLASS_add_scds.pro,2.1,265,1,"0,1,2,3,4,5,6,7,8,9,10,11,12,13,14,15,",9.7891,62.5514,8.4259,62.5274,8.4088,63.5011,9.7719,63.5289,1.69171142578125,0.0601998859173599,1.5986328125,1.7822265625,3464.625,123.28936635875316,8
ch2_cla_l1_20250801T062216395_20250801T062224395.fits,/home/saurabh/moon_project/data/CLASS/ch2_cla_l1_2025_08/cla/data/calibrated/2025/08/01/ch2_cla_l1_20250801T062216395_20250801T062224395.fits,2025-08-01T06:22:16.395,2025-08-01T06:22:24.395,2025-08-01T06:22:20.395,8.0,-44.5,13.5,117.109,8.6934,63.0186,8.6996,63.0187,31.4551,31.4551,CLASS_add_scds.pro,2.1,266,1,"0,1,2,3,4,5,6,7,8,9,10,11,12,13,14,15,",9.3895,62.5433,8.0261,62.5192,8.0089,63.4924,9.3722,63.52,1.67706298828125,0.0625201260995565,1.59326171875,1.7666015625,3434.625,128.0412182518917,8
ch2_cla_l1_20250801T062224395_20250801T062232395.fits,/home/saurabh/moon_project/data/CLASS/ch2_cla_l1_2025_08/cla/data/calibrated/2025/08/01/ch2_cla_l1_20250801T062224395_20250801T062232395.fits,2025-08-01T06:22:24.395,2025-08-01T06:22:32.395,2025-08-01T06:22:28.395,8.0,-44.4,13.5,117.154,8.2937,63.0101,8.2997,63.0102,31.3784,31.3784,CLASS_add_scds.pro,2.1,267,1,"0,1,2,3,4,5,6,7,8,9,10,11,12,13,14,15,",8.99,62.5352,7.6261,62.511,7.609,63.4836,8.9728,63.5112,1.68310546875,0.0436099867656039,1.62939453125,1.74755859375,3447.0,89.31325289595684,8
ch2_cla_l1_20250801T062232395_20250801T062240395.fits,/home/saurabh/moon_project/data/CLASS/ch2_cla_l1_2025_08/cla/data/calibrated/2025/08/01/ch2_cla_l1_20250801T062232395_20250801T062240395.fits,2025-08-01T06:22:32.395,2025-08-01T06:22:40.395,2025-08-01T06:22:36.395,8.0,-44.3,13.5,117.198,7.8939,63.0017,7.9,63.0018,31.3062,31.3062,CLASS_add_scds.pro,2.1,268,1,"0,1,2,3,4,5,6,7,8,9,10,11,12,13,14,15,",8.5904,62.527,7.2264,62.5029,7.2092,63.4749,8.5732,63.5024,1.71075439453125,0.0544515306693246,1.6142578125,1.78662109375,3503.625,111.51673481077692,8
ch2_cla_l1_20250801T062240395_20250801T062248395.fits,/home/saurabh/moon_project/data/CLASS/ch2_cla_l1_2025_08/cla/data/calibrated/2025/08/01/ch2_cla_l1_20250801T062240395_20250801T062248395.fits,2025-08-01T06:22:40.395,2025-08-01T06:22:48.395,2025-08-01T06:22:44.395,8.0,-44.2,13.5,117.24,7.4942,62.9933,7.5003,62.9934,31.2385,31.2385,CLASS_add_scds.pro,2.1,269,1,"0,1,2,3,4,5,6,7,8,9,10,11,12,13,14,15,",8.191,62.5189,6.8263,62.4947,6.8092,63.4663,8.1738,63.4936,1.6884765625,0.0466053792518552,1.62646484375,1.75830078125,3458.0,95.44781670779965,8
ch2_cla_l1_20250801T062248395_20250801T062256395.fits,/home/saurabh/moon_project/data/CLASS/ch2_cla_l1_2025_08/cla/data/calibrated/2025/08/01/ch2_cla_l1_20250801T062248395_20250801T062256395.fits,2025-08-01T06:22:48.395,2025-08-01T06:22:56.395,2025-08-01T06:22:52.395,8.0,-44.2,13.5,117.282,7.0946,62.9849,7.1006,62.985,31.1752,31.1752,CLASS_add_scds.pro,2.1,270,1,"0,1,2,3,4,5,6,7,8,9,10,11,12,13,14,15,",7.7913,62.5107,6.4266,62.4866,6.4095,63.4577,7.7741,63.4848,1.69775390625,0.0699604241738067,1.56396484375,1.7978515625,3477.0,143.2789487079562,8
ch2_cla_l1_20250801T062256395_20250801T062304395.fits,/home/saurabh/moon_project/data/CLASS/ch2_cla_l1_2025_08/cla/data/calibrated/2025/08/01/ch2_cla_l1_20250801T062256395_20250801T062304395.fits,2025-08-01T06:22:56.395,2025-08-01T06:23:04.395,2025-08-01T06:23:00.395,8.0,-44.1,13.5,117.323,6.6949,62.9765,6.7009,62.9766,31.1164,31.1164,CLASS_add_scds.pro,2.1,271,1,"0,1,2,3,4,5,6,7,8,9,10,11,12,13,14,15,",7.3919,62.5027,6.0268,62.4784,6.0097,63.4492,7.3747,63.4762,1.69317626953125,0.0567373192665521,1.59912109375,1.7802734375,3467.625,116.1980298578988,8
ch2_cla_l1_20250801T062312395_20250801T062320395.fits,/home/saurabh/moon_project/data/CLASS/ch2_cla_l1_2025_08/cla/data/calibrated/2025/08/01/ch2_cla_l1_20250801T062312395_20250801T062320395.fits,2025-08-01T06:23:12.395,2025-08-01T06:23:20.395,2025-08-01T06:23:16.395,8.0,-44.0,13.5,117.403,5.8956,62.9597,5.9017,62.9599,31.0125,31.0125,CLASS_add_scds.pro,2.1,273,1,"0,1,2,3,4,5,6,7,8,9,10,11,12,13,14,15,",6.593,62.4864,5.2273,62.462,5.2101,63.4321,6.5758,63.4589,1.69866943359375,0.0694446287455459,1.591796875,1.798828125,3478.875,142.2225996708781,8
ch2_cla_l1_20250801T062328395_20250801T062336395.fits,/home/saurabh/moon_project/data/CLASS/ch2_cla_l1_2025_08/cla/data/calibrated/2025/08/01/ch2_cla_l1_20250801T062328395_20250801T062336395.fits,2025-08-01T06:23:28.395,2025-08-01T06:23:36.395,2025-08-01T06:23:32.395,8.0,-43.9,13.5,117.479,5.0964,62.943,5.1025,62.9431,30.9268,30.9268,CLASS_add_scds.pro,2.1,275,1,"0,1,2,3,4,5,6,7,8,9,10,11,12,13,14,15,",5.7941,62.4701,4.4277,62.4456,4.4106,63.4152,5.7769,63.4418,1.70233154296875,0.084987366923621,1.58349609375,1.826171875,3486.375,174.05412745957588,8
ch2_cla_l1_20250801T062344395_20250801T062352395.fits,/home/saurabh/moon_project/data/CLASS/ch2_cla_l1_2025_08/cla/data/calibrated/2025/08/01/ch2_cla_l1_20250801T062344395_20250801T062352395.fits,2025-08-01T06:23:44.395,2025-08-01T06:23:52.395,2025-08-01T06:23:48.395,8.0,-43.8,13.5,117.55,4.2973,62.9263,4.3034,62.9265,30.8596,30.8596,CLASS_add_scds.pro,2.1,277,1,"0,1,2,3,4,5,6,7,8,9,10,11,12,13,14,15,",4.9952,62.4537,3.6285,62.4292,3.6113,63.3983,4.978,63.4247,1.6915283203125,0.0565218878883959,1.60009765625,1.76904296875,3464.25,115.75682639543491,8
ch2_cla_l1_20250801T062600395_20250801T062608395.fits,/home/saurabh/moon_project/data/CLASS/ch2_cla_l1_2025_08/cla/data/calibrated/2025/08/01/ch2_cla_l1_20250801T062600395_20250801T062608395.fits,2025-08-01T06:26:00.395,2025-08-01T06:26:08.395,2025-08-01T06:26:04.395,8.0,-42.9,13.5,118.012,-2.4932,62.7853,-2.487,62.7854,31.041,31.041,CLASS_add_scds.pro,2.1,294,1,"0,1,2,3,4,5,6,7,8,9,10,11,12,13,14,15,",-1.7931,62.3122,-3.1635,62.2864,-3.1807,63.2588,-1.8103,63.284,1.67266845703125,0.0394899684556936,1.609375,1.728515625,3425.625,80.87545539726058,8
ch2_cla_l1_20250801T062608395_20250801T062616395.fits,/home/saurabh/moon_project/data/CLASS/ch2_cla_l1_2025_08/cla/data/calibrated/2025/08/01/ch2_cla_l1_20250801T062608395_20250801T062616395.fits,2025-08-01T06:26:08.395,2025-08-01T06:26:16.395,2025-08-01T06:26:12.395,8.0,-42.8,13.5,118.03,-2.8926,62.777,-2.8864,62.7771,31.0933,31.0933,CLASS_add_scds.pro,2.1,295,1,"0,1,2,3,4,5,6,7,8,9,10,11,12,13,14,15,",-2.1923,62.3037,-3.5629,62.2778,-3.5801,63.2508,-2.2095,63.2759,1.69976806640625,0.0392169080463455,1.646484375,1.75390625,3481.125,80.31622767891572,8
ch2_cla_l1_20250801T062616395_20250801T062624395.fits,/home/saurabh/moon_project/data/CLASS/ch2_cla_l1_2025_08/cla/data/calibrated/2025/08/01/ch2_cla_l1_20250801T062616395_20250801T062624395.fits,2025-08-01T06:26:16.395,2025-08-01T06:26:24.395,2025-08-01T06:26:20.395,8.0,-42.7,13.5,118.048,-3.2919,62.7687,-3.2857,62.7688,31.1501,31.1501,CLASS_add_scds.pro,2.1,296,1,"0,1,2,3,4,5,6,7,8,9,10,11,12,13,14,15,",-2.5916,62.2953,-3.9623,62.2692,-3.9795,63.2428,-2.6088,63.2678,1.66436767578125,0.0444339291067358,1.59375,1.732421875,3408.625,91.000686810595,8
ch2_cla_l1_20250801T062632395_20250801T062640395.fits,/home/saurabh/moon_project/data/CLASS/ch2_cla_l1_2025_08/cla/data/calibrated/2025/08/01/ch2_cla_l1_20250801T062632395_20250801T062640395.fits,2025-08-01T06:26:32.395,2025-08-01T06:26:40.395,2025-08-01T06:26:36.395,8.0,-42.6,13.5,118.081,-4.0906,62.752,-4.0844,62.7521,31.2773,31.2773,CLASS_add_scds.pro,2.1,298,1,"0,1,2,3,4,5,6,7,8,9,10,11,12,13,14,15,",-3.3901,62.2782,-4.761,62.2519,-4.7783,63.2268,-3.4073,63.2517,1.65313720703125,0.0592618725006678,1.560546875,1.73779296875,3385.625,121.36831488136784,8
ch2_cla_l1_20250801T062648395_20250801T062656395.fits,/home/saurabh/moon_project/data/CLASS/ch2_cla_l1_2025_08/cla/data/calibrated/2025/08/01/ch2_cla_l1_20250801T062648395_20250801T062656395.fits,2025-08-01T06:26:48.395,2025-08-01T06:26:56.395,2025-08-01T06:26:52.395,8.0,-42.5,13.5,118.109,-4.8892,62.7354,-4.8832,62.7354,31.4223,31.4223,CLASS_add_scds.pro,2.1,300,1,"0,1,2,3,4,5,6,7,8,9,10,11,12,13,14,15,",-4.1887,62.2609,-5.5599,62.2345,-5.5771,63.2108,-4.2059,63.2356,1.6712646484375,0.0596975357189693,1.57958984375,1.7578125,3422.75,122.2605531524492,8
ch2_cla_l1_20250801T062704395_20250801T062712395.fits,/home/saurabh/moon_project/data/CLASS/ch2_cla_l1_2025_08/cla/data/calibrated/2025/08/01/ch2_cla_l1_20250801T062704395_20250801T062712395.fits,2025-08-01T06:27:04.395,2025-08-01T06:27:12.395,2025-08-01T06:27:08.395,8.0,-42.4,13.5,118.134,-5.6878,62.7187,-5.6817,62.7188,31.5848,31.5848,CLASS_add_scds.pro,2.1,302,1,"0,1,2,3,4,5,6,7,8,9,10,11,12,13,14,15,",-4.9871,62.2436,-6.3585,62.2169,-6.3758,63.1949,-5.0044,63.2196,1.67620849609375,0.0688174412369986,1.5810546875,1.787109375,3432.875,140.93811965337332,8
ch2_cla_l1_20250801T062720395_20250801T062728395.fits,/home/saurabh/moon_project/data/CLASS/ch2_cla_l1_2025_08/cla/data/calibrated/2025/08/01/ch2_cla_l1_20250801T062720395_20250801T062728395.fits,2025-08-01T06:27:20.395,2025-08-01T06:27:28.395,2025-08-01T06:27:24.395,8.0,-42.3,13.5,118.156,-6.4864,62.7019,-6.4803,62.702,31.7646,31.7646,CLASS_add_scds.pro,2.1,304,1,"0,1,2,3,4,5,6,7,8,9,10,11,12,13,14,15,",-5.7855,62.2262,-7.1571,62.1992,-7.1744,63.179,-5.8028,63.2036,1.70849609375,0.0693049831872144,1.58349609375,1.806640625,3499.0,141.9366055674152,8
ch2_cla_l1_20250801T063016395_20250801T063024395.fits,/home/saurabh/moon_project/data/CLASS/ch2_cla_l1_2025_08/cla/data/calibrated/2025/08/01/ch2_cla_l1_20250801T063016395_20250801T063024395.fits,2025-08-01T06:30:16.395,2025-08-01T06:30:24.395,2025-08-01T06:30:20.395,8.0,-41.0,13.5,118.138,-15.2704,62.5135,-15.2642,62.5135,34.7864,34.7864,CLASS_add_scds.pro,2.1,326,1,"0,1,2,3,4,5,6,7,8,9,10,11,12,13,14,15,",-14.5689,62.0248,-15.9404,61.9946,-15.9582,63.0054,-14.5867,63.0295,1.7119140625,0.0548845749510479,1.62890625,1.7822265625,3506.0,112.40360949974618,8
ch2_cla_l1_20250801T063024395_20250801T063032395.fits,/home/saurabh/moon_project/data/CLASS/ch2_cla_l1_2025_08/cla/data/calibrated/2025/08/01/ch2_cla_l1_20250801T063024395_20250801T063032395.fits,2025-08-01T06:30:24.395,2025-08-01T06:30:32.395,2025-08-01T06:30:28.395,8.0,-41.0,13.5,118.127,-15.6697,62.5046,-15.6636,62.5048,34.9648,34.9648,CLASS_add_scds.pro,2.1,327,1,"0,1,2,3,4,5,6,7,8,9,10,11,12,13,14,15,",-14.9683,62.0152,-16.3394,61.9846,-16.3573,62.9973,-14.9861,63.0217,1.657958984375,0.0507765547709205,1.58642578125,1.7255859375,3395.5,103.99038417084532,8
ch2_cla_l1_20250801T063032395_20250801T063040395.fits,/home/saurabh/moon_project/data/CLASS/ch2_cla_l1_2025_08/cla/data/calibrated/2025/08/01/ch2_cla_l1_20250801T063032395_20250801T063040395.fits,2025-08-01T06:30:32.395,2025-08-01T06:30:40.395,2025-08-01T06:30:36.395,8.0,-40.9,13.5,118.114,-16.069,62.4958,-16.0628,62.4958,35.1463,35.1463,CLASS_add_scds.pro,2.1,328,1,"0,1,2,3,4,5,6,7,8,9,10,11,12,13,14,15,",-15.3675,62.0054,-16.7387,61.9747,-16.7567,62.9894,-15.3853,63.0137,1.7003173828125,0.0610771340021173,1.6103515625,1.79345703125,3482.25,125.08597043633632,8
ch2_cla_l1_20250801T063040395_20250801T063048395.fits,/home/saurabh/moon_project/data/CLASS/ch2_cla_l1_2025_08/cla/data/calibrated/2025/08/01/ch2_cla_l1_20250801T063040395_20250801T063048395.fits,2025-08-01T06:30:40.395,2025-08-01T06:30:48.395,2025-08-01T06:30:44.395,8.0,-40.9,13.5,118.1,-16.4683,62.4869,-16.4621,62.4869,35.331,35.331,CLASS_add_scds.pro,2.1,329,1,"0,1,2,3,4,5,6,7,8,9,10,11,12,13,14,15,",-15.7669,61.9956,-17.1379,61.9648,-17.1559,62.9815,-15.7848,63.0057,1.691650390625,0.0544490676810073,1.59521484375,1.76025390625,3464.5,111.51169061070298,8
ch2_cla_l1_20250801T063048395_20250801T063056395.fits,/home/saurabh/moon_project/data/CLASS/ch2_cla_l1_2025_08/cla/data/calibrated/2025/08/01/ch2_cla_l1_20250801T063048395_20250801T063056395.fits,2025-08-01T06:30:48.395,2025-08-01T06:30:56.395,2025-08-01T06:30:52.395,8.0,-40.8,13.5,118.086,-16.8676,62.478,-16.8615,62.478,35.5188,35.5188,CLASS_add_scds.pro,2.1,330,1,"0,1,2,3,4,5,6,7,8,9,10,11,12,13,14,15,",-16.1662,61.9859,-17.5372,61.9548,-17.5552,62.9736,-16.1841,62.9979,1.68798828125,0.0881011862692121,1.55712890625,1.8212890625,3457.0,180.43122947934643,8
ch2_cla_l1_20250801T063056395_20250801T063104395.fits,/home/saurabh/moon_project/data/CLASS/ch2_cla_l1_2025_08/cla/data/calibrated/2025/08/01/ch2_cla_l1_20250801T063056395_20250801T063104395.fits,2025-08-01T06:30:56.395,2025-08-01T06:31:04.395,2025-08-01T06:31:00.395,8.0,-40.8,13.5,118.07,-17.2669,62.469,-17.2607,62.4691,35.7095,35.7095,CLASS_add_scds.pro,2.1,331,1,"0,1,2,3,4,5,6,7,8,9,10,11,12,13,14,15,",-16.5656,61.976,-17.9363,61.9447,-17.9544,62.9656,-16.5836,62.99,1.69873046875,0.0955881033701069,1.546875,1.841796875,3479.0,195.76443570197904,8
ch2_cla_l1_20250801T063104395_20250801T063112395.fits,/home/saurabh/moon_project/data/CLASS/ch2_cla_l1_2025_08/cla/data/calibrated/2025/08/01/ch2_cla_l1_20250801T063104395_20250801T063112395.fits,2025-08-01T06:31:04.395,2025-08-01T06:31:12.395,2025-08-01T06:31:08.395,8.0,-40.7,13.5,118.054,-17.6662,62.46,-17.6601,62.4601,35.9033,35.9033,CLASS_add_scds.pro,2.1,332,1,"0,1,2,3,4,5,6,7,8,9,10,11,12,13,14,15,",-16.9649,61.9661,-18.3355,61.9345,-18.3536,62.9576,-16.9829,62.9821,1.71014404296875,0.0824891628644876,1.591796875,1.82958984375,3502.375,168.93780554647068,8
ch2_cla_l1_20250801T063120395_20250801T063128395.fits,/home/saurabh/moon_project/data/CLASS/ch2_cla_l1_2025_08/cla/data/calibrated/2025/08/01/ch2_cla_l1_20250801T063120395_20250801T063128395.fits,2025-08-01T06:31:20.395,2025-08-01T06:31:28.395,2025-08-01T06:31:24.395,8.0,-40.6,13.5,118.018,-18.4649,62.4419,-18.4588,62.442,36.2995,36.2995,CLASS_add_scds.pro,2.1,334,1,"0,1,2,3,4,5,6,7,8,9,10,11,12,13,14,15,",-17.7636,61.946,-19.1341,61.9141,-19.1523,62.9417,-17.7817,62.9661,1.69818115234375,0.0571866704089989,1.607421875,1.78759765625,3477.875,117.11830099762987,8
ch2_cla_l1_20250801T063152395_20250801T063200395.fits,/home/saurabh/moon_project/data/CLASS/ch2_cla_l1_2025_08/cla/data/calibrated/2025/08/01/ch2_cla_l1_20250801T063152395_20250801T063200395.fits,2025-08-01T06:31:52.395,2025-08-01T06:32:00.395,2025-08-01T06:31:56.395,8.0,-40.4,13.5,117.935,-20.0623,62.4053,-20.0562,62.4055,37.1256,37.1256,CLASS_add_scds.pro,2.1,338,1,"0,1,2,3,4,5,6,7,8,9,10,11,12,13,14,15,",-19.3613,61.9053,-20.7311,61.8723,-20.7495,62.9097,-19.3795,62.9342,1.70672607421875,0.0445701620324583,1.64599609375,1.77001953125,3495.375,91.2796918424747,8
ch2_cla_l1_20250801T063440395_20250801T063448395.fits,/home/saurabh/moon_project/data/CLASS/ch2_cla_l1_2025_08/cla/data/calibrated/2025/08/01/ch2_cla_l1_20250801T063440395_20250801T063448395.fits,2025-08-01T06:34:40.395,2025-08-01T06:34:48.395,2025-08-01T06:34:44.395,8.0,-39.3,13.5,117.251,-28.452,62.2005,-28.4459,62.2006,42.0942,42.0942,CLASS_add_scds.pro,2.1,359,1,"0,1,2,3,4,5,6,7,8,9,10,11,12,13,14,15,",-27.7527,61.6714,-29.117,61.6324,-29.1365,62.7363,-27.772,62.7621,1.6671142578125,0.0895740892915099,1.5361328125,1.79736328125,3414.25,183.4477348690123,8
ch2_cla_l1_20250801T063456395_20250801T063504395.fits,/home/saurabh/moon_project/data/CLASS/ch2_cla_l1_2025_08/cla/data/calibrated/2025/08/01/ch2_cla_l1_20250801T063456395_20250801T063504395.fits,2025-08-01T06:34:56.395,2025-08-01T06:35:04.395,2025-08-01T06:35:00.395,8.0,-39.3,13.5,117.164,-29.2513,62.1796,-29.2451,62.1797,42.6144,42.6144,CLASS_add_scds.pro,2.1,361,1,"0,1,2,3,4,5,6,7,8,9,10,11,12,13,14,15,",-28.5521,61.6472,-29.9158,61.6073,-29.9355,62.7191,-28.5716,62.7452,1.6866455078125,0.0873490374217695,1.564453125,1.81640625,3454.25,178.89082863978402,8
ch2_cla_l1_20250801T063512395_20250801T063520395.fits,/home/saurabh/moon_project/data/CLASS/ch2_cla_l1_2025_08/cla/data/calibrated/2025/08/01/ch2_cla_l1_20250801T063512395_20250801T063520395.fits,2025-08-01T06:35:12.395,2025-08-01T06:35:20.395,2025-08-01T06:35:16.395,8.0,-39.1,13.5,117.074,-30.0507,62.1585,-30.0446,62.1586,43.1416,43.1416,CLASS_add_scds.pro,2.1,363,1,"0,1,2,3,4,5,6,7,8,9,10,11,12,13,14,15,",-29.352,61.6224,-30.7148,61.5818,-30.7347,62.7018,-29.3716,62.7281,1.677490234375,0.0542918313674316,1.59765625,1.755859375,3435.5,111.18967064049995,8
ch2_cla_l1_20250801T063528395_20250801T063536395.fits,/home/saurabh/moon_project/data/CLASS/ch2_cla_l1_2025_08/cla/data/calibrated/2025/08/01/ch2_cla_l1_20250801T063528395_20250801T063536395.fits,2025-08-01T06:35:28.395,2025-08-01T06:35:36.395,2025-08-01T06:35:32.395,8.0,-39.0,13.5,116.98,-30.8503,62.137,-30.8442,62.1371,43.6755,43.6755,CLASS_add_scds.pro,2.1,365,1,"0,1,2,3,4,5,6,7,8,9,10,11,12,13,14,15,",-30.1518,61.5971,-31.5139,61.5557,-31.5339,62.6843,-30.1715,62.7108,1.679931640625,0.0470700520054291,1.60302734375,1.7509765625,3440.5,96.39946650711892,8
ch2_cla_l1_20250801T063544395_20250801T063552395.fits,/home/saurabh/moon_project/data/CLASS/ch2_cla_l1_2025_08/cla/data/calibrated/2025/08/01/ch2_cla_l1_20250801T063544395_20250801T063552395.fits,2025-08-01T06:35:44.395,2025-08-01T06:35:52.395,2025-08-01T06:35:48.395,8.0,-38.9,13.5,116.883,-31.6499,62.1151,-31.6438,62.1153,44.2158,44.2158,CLASS_add_scds.pro,2.1,367,1,"0,1,2,3,4,5,6,7,8,9,10,11,12,13,14,15,",-30.9517,61.5714,-32.3129,61.5292,-32.3331,62.6667,-30.9716,62.6933,1.69964599609375,0.0409918995441315,1.63818359375,1.7451171875,3480.875,83.95141026638139,8
ch2_cla_l1_20250801T063600395_20250801T063608395.fits,/home/saurabh/moon_project/data/CLASS/ch2_cla_l1_2025_08/cla/data/calibrated/2025/08/01/ch2_cla_l1_20250801T063600395_20250801T063608395.fits,2025-08-01T06:36:00.395,2025-08-01T06:36:08.395,2025-08-01T06:36:04.395,8.0,-38.8,13.5,116.781,-32.4495,62.093,-32.4436,62.0931,44.7624,44.7624,CLASS_add_scds.pro,2.1,369,1,"0,1,2,3,4,5,6,7,8,9,10,11,12,13,14,15,",-31.7519,61.5452,-33.1122,61.5022,-33.1325,62.6489,-31.7719,62.6758,1.7059326171875,0.0534131800890456,1.625,1.7802734375,3493.75,109.39019282236542,8
ch2_cla_l1_20250801T063848395_20250801T063856395.fits,/home/saurabh/moon_project/data/CLASS/ch2_cla_l1_2025_08/cla/data/calibrated/2025/08/01/ch2_cla_l1_20250801T063848395_20250801T063856395.fits,2025-08-01T06:38:48.395,2025-08-01T06:38:56.395,2025-08-01T06:38:52.395,8.0,-38.0,13.5,115.504,-40.8518,61.8349,-40.8456,61.835,50.8252,50.8252,CLASS_add_scds.pro,2.1,390,1,"0,1,2,3,4,5,6,7,8,9,10,11,12,13,14,15,",-40.1574,61.2344,-41.5078,61.1792,-41.5303,62.4475,-40.1795,62.4785,1.71051025390625,0.0660609073067982,1.59228515625,1.7958984375,3503.125,135.29273816432277,8
ch2_cla_l1_20250801T063904395_20250801T063912395.fits,/home/saurabh/moon_project/data/CLASS/ch2_cla_l1_2025_08/cla/data/calibrated/2025/08/01/ch2_cla_l1_20250801T063904395_20250801T063912395.fits,2025-08-01T06:39:04.395,2025-08-01T06:39:12.395,2025-08-01T06:39:08.395,8.0,-37.9,13.5,115.362,-41.6526,61.8073,-41.6467,61.8074,51.429,51.429,CLASS_add_scds.pro,2.1,392,1,"0,1,2,3,4,5,6,7,8,9,10,11,12,13,14,15,",-40.9588,61.2006,-42.3079,61.1439,-42.3307,62.4267,-40.9811,62.4581,1.71221923828125,0.0738266936817243,1.61279296875,1.84619140625,3506.625,151.19706866017137,8
ch2_cla_l1_20250801T063920395_20250801T063928395.fits,/home/saurabh/moon_project/data/CLASS/ch2_cla_l1_2025_08/cla/data/calibrated/2025/08/01/ch2_cla_l1_20250801T063920395_20250801T063928395.fits,2025-08-01T06:39:20.395,2025-08-01T06:39:28.395,2025-08-01T06:39:24.395,8.0,-37.8,13.5,115.217,-42.4536,61.7791,-42.4476,61.7793,52.0367,52.0367,CLASS_add_scds.pro,2.1,394,1,"0,1,2,3,4,5,6,7,8,9,10,11,12,13,14,15,",-41.7601,61.166,-43.1082,61.1077,-43.1312,62.4054,-41.7827,62.4375,1.69635009765625,0.0483426179956764,1.63037109375,1.77783203125,3474.125,99.00568165514542,8
ch2_cla_l1_20250801T064304395_20250801T064312395.fits,/home/saurabh/moon_project/data/CLASS/ch2_cla_l1_2025_08/cla/data/calibrated/2025/08/01/ch2_cla_l1_20250801T064304395_20250801T064312395.fits,2025-08-01T06:43:04.395,2025-08-01T06:43:12.395,2025-08-01T06:43:08.395,8.0,-36.9,13.5,112.854,-53.6803,61.2919,-53.6746,61.2923,60.886,60.886,CLASS_add_scds.pro,2.1,422,1,"0,1,2,3,4,5,6,7,8,9,10,11,12,13,14,15,",-52.9933,60.5544,-54.3224,60.4622,-54.3506,62.0531,-53.0207,62.0978,1.7081298828125,0.0378200767519423,1.64501953125,1.75537109375,3498.25,77.45551718797792,8
ch2_cla_l1_20250801T064320395_20250801T064328395.fits,/home/saurabh/moon_project/data/CLASS/ch2_cla_l1_2025_08/cla/data/calibrated/2025/08/01/ch2_cla_l1_20250801T064320395_20250801T064328395.fits,2025-08-01T06:43:20.395,2025-08-01T06:43:28.395,2025-08-01T06:43:24.395,8.0,-36.8,13.5,112.663,-54.4833,61.248,-54.4775,61.2484,61.5383,61.5383,CLASS_add_scds.pro,2.1,424,1,"0,1,2,3,4,5,6,7,8,9,10,11,12,13,14,15,",-53.7967,60.4985,-55.1241,60.4026,-55.1529,62.0224,-53.8246,62.0686,1.6959228515625,0.0398786034397262,1.64306640625,1.75,3473.25,81.67137984455928,8
ch2_cla_l1_20250801T064336395_20250801T064344395.fits,/home/saurabh/moon_project/data/CLASS/ch2_cla_l1_2025_08/cla/data/calibrated/2025/08/01/ch2_cla_l1_20250801T064336395_20250801T064344395.fits,2025-08-01T06:43:36.395,2025-08-01T06:43:44.395,2025-08-01T06:43:40.395,8.0,-36.8,13.5,112.469,-55.2864,61.2025,-55.2807,61.2026,62.1927,62.1927,CLASS_add_scds.pro,2.1,426,1,"0,1,2,3,4,5,6,7,8,9,10,11,12,13,14,15,",-54.6002,60.4401,-55.926,60.3404,-55.9554,61.9907,-54.6286,62.0384,1.68255615234375,0.0563672236944825,1.59326171875,1.7685546875,3445.875,115.44007412630032,8
ch2_cla_l1_20250801T064352395_20250801T064400395.fits,/home/saurabh/moon_project/data/CLASS/ch2_cla_l1_2025_08/cla/data/calibrated/2025/08/01/ch2_cla_l1_20250801T064352395_20250801T064400395.fits,2025-08-01T06:43:52.395,2025-08-01T06:44:00.395,2025-08-01T06:43:56.395,8.0,-36.8,13.5,112.273,-56.0897,61.1551,-56.0839,61.1554,62.8492,62.8492,CLASS_add_scds.pro,2.1,428,1,"0,1,2,3,4,5,6,7,8,9,10,11,12,13,14,15,",-55.4039,60.3797,-56.7281,60.2755,-56.758,61.9579,-55.4328,62.0075,1.7032470703125,0.0632140379586033,1.61181640625,1.8046875,3488.25,129.46234973921955,8
ch2_cla_l1_20250801T064408395_20250801T064416395.fits,/home/saurabh/moon_project/data/CLASS/ch2_cla_l1_2025_08/cla/data/calibrated/2025/08/01/ch2_cla_l1_20250801T064408395_20250801T064416395.fits,2025-08-01T06:44:08.395,2025-08-01T06:44:16.395,2025-08-01T06:44:12.395,8.0,-36.7,13.5,112.074,-56.8931,61.1058,-56.8873,61.1061,63.5079,63.5079,CLASS_add_scds.pro,2.1,430,1,"0,1,2,3,4,5,6,7,8,9,10,11,12,13,14,15,",-56.2079,60.3161,-57.5305,60.2076,-57.561,61.9238,-56.2374,61.9749,1.6876220703125,0.0885380228612474,1.56396484375,1.8203125,3456.25,181.3258708198348,8
ch2_cla_l1_20250801T064728395_20250801T064736395.fits,/home/saurabh/moon_project/data/CLASS/ch2_cla_l1_2025_08/cla/data/calibrated/2025/08/01/ch2_cla_l1_20250801T064728395_20250801T064736395.fits,2025-08-01T06:47:28.395,2025-08-01T06:47:36.395,2025-08-01T06:47:32.395,8.0,-36.2,13.5,109.373,-66.9491,60.244,-66.9436,60.2445,71.8866,71.8866,CLASS_add_scds.pro,2.1,455,1,"0,1,2,3,4,5,6,7,8,9,10,11,12,13,14,15,",-66.2685,59.201,-67.5688,58.9896,-67.6107,61.3453,-66.3083,61.4379,1.67236328125,0.0429203702375309,1.59423828125,1.73828125,3425.0,87.90091824646332,8
ch2_cla_l1_20250801T064752395_20250801T064800395.fits,/home/saurabh/moon_project/data/CLASS/ch2_cla_l1_2025_08/cla/data/calibrated/2025/08/01/ch2_cla_l1_20250801T064752395_20250801T064800395.fits,2025-08-01T06:47:52.395,2025-08-01T06:48:00.395,2025-08-01T06:47:56.395,8.0,-36.2,13.5,109.025,-68.1575,60.0928,-68.1519,60.0935,72.9072,72.9072,CLASS_add_scds.pro,2.1,458,1,"0,1,2,3,4,5,6,7,8,9,10,11,12,13,14,15,",-67.4772,59.0049,-68.7744,58.7709,-68.8184,61.2458,-67.5189,61.3475,1.70867919921875,0.0886826208000055,1.5908203125,1.83740234375,3499.375,181.6220073984113,8
ch2_cla_l1_20250801T064800395_20250801T064808395.fits,/home/saurabh/moon_project/data/CLASS/ch2_cla_l1_2025_08/cla/data/calibrated/2025/08/01/ch2_cla_l1_20250801T064800395_20250801T064808395.fits,2025-08-01T06:48:00.395,2025-08-01T06:48:08.395,2025-08-01T06:48:04.395,8.0,-36.2,13.5,108.908,-68.5603,60.0389,-68.5548,60.0396,73.2479,73.2479,CLASS_add_scds.pro,2.1,459,1,"0,1,2,3,4,5,6,7,8,9,10,11,12,13,14,15,",-67.8801,58.9349,-69.1763,58.6923,-69.2211,61.21,-67.9225,61.3155,1.70257568359375,0.0789629817255304,1.56787109375,1.80419921875,3486.875,161.7161865738863,8
ch2_cla_l1_20250801T064824395_20250801T064832395.fits,/home/saurabh/moon_project/data/CLASS/ch2_cla_l1_2025_08/cla/data/calibrated/2025/08/01/ch2_cla_l1_20250801T064824395_20250801T064832395.fits,2025-08-01T06:48:24.395,2025-08-01T06:48:32.395,2025-08-01T06:48:28.395,8.0,-36.2,13.5,108.553,-69.7691,59.8652,-69.7635,59.8659,74.272,74.272,CLASS_add_scds.pro,2.1,462,1,"0,1,2,3,4,5,6,7,8,9,10,11,12,13,14,15,",-69.0889,58.7095,-70.382,58.4391,-70.4293,61.096,-69.1335,61.2127,1.71136474609375,0.0544042844166083,1.62255859375,1.7900390625,3504.875,111.41997448521388,8
ch2_cla_l1_20250801T065136395_20250801T065144395.fits,/home/saurabh/moon_project/data/CLASS/ch2_cla_l1_2025_08/cla/data/calibrated/2025/08/01/ch2_cla_l1_20250801T065136395_20250801T065144395.fits,2025-08-01T06:51:36.395,2025-08-01T06:51:44.395,2025-08-01T06:51:40.395,8.0,-36.2,13.5,105.565,-79.4445,57.1271,-79.4391,57.1299,82.5398,82.5398,CLASS_add_scds.pro,2.1,486,1,"0,1,2,3,4,5,6,7,8,9,10,11,12,13,14,15,",-78.757,55.2292,-80.0181,54.2818,-80.1075,59.2835,-78.8365,59.6838,1.7044677734375,0.0918071706268085,1.5703125,1.83837890625,3490.75,188.0210854437038,8
ch2_cla_l1_20250801T065144395_20250801T065152395.fits,/home/saurabh/moon_project/data/CLASS/ch2_cla_l1_2025_08/cla/data/calibrated/2025/08/01/ch2_cla_l1_20250801T065144395_20250801T065152395.fits,2025-08-01T06:51:44.395,2025-08-01T06:51:52.395,2025-08-01T06:51:48.395,8.0,-36.3,13.5,105.435,-79.8473,56.9031,-79.842,56.9062,82.8866,82.8866,CLASS_add_scds.pro,2.1,487,1,"0,1,2,3,4,5,6,7,8,9,10,11,12,13,14,15,",-79.1589,54.9522,-80.418,53.9302,-80.511,59.1318,-79.2413,59.564,1.669189453125,0.0894371927581107,1.53955078125,1.802734375,3418.5,183.16737076861077,8
ch2_cla_l1_20250801T065152395_20250801T065200395.fits,/home/saurabh/moon_project/data/CLASS/ch2_cla_l1_2025_08/cla/data/calibrated/2025/08/01/ch2_cla_l1_20250801T065152395_20250801T065200395.fits,2025-08-01T06:51:52.395,2025-08-01T06:52:00.395,2025-08-01T06:51:56.395,8.0,-36.3,13.5,105.305,-80.2501,56.6608,-80.2448,56.6638,83.2335,83.2335,CLASS_add_scds.pro,2.1,488,1,"0,1,2,3,4,5,6,7,8,9,10,11,12,13,14,15,",-79.5605,54.654,-80.8177,53.5479,-80.9146,58.9668,-79.6459,59.4351,1.709716796875,0.0651615725333324,1.62158203125,1.822265625,3501.5,133.4509005482648,8
ch2_cla_l1_20250801T065200395_20250801T065208395.fits,/home/saurabh/moon_project/data/CLASS/ch2_cla_l1_2025_08/cla/data/calibrated/2025/08/01/ch2_cla_l1_20250801T065200395_20250801T065208395.fits,2025-08-01T06:52:00.395,2025-08-01T06:52:08.395,2025-08-01T06:52:04.395,8.0,-36.3,13.5,105.175,-80.6527,56.3979,-80.6474,56.4015,83.5806,83.5806,CLASS_add_scds.pro,2.1,489,1,"0,1,2,3,4,5,6,7,8,9,10,11,12,13,14,15,",-79.9621,54.3318,-81.2168,53.1316,-81.318,58.7873,-80.0508,59.2956,1.68798828125,0.0885835009139552,1.55615234375,1.81005859375,3457.0,181.4190098717804,8
ch2_cla_l1_20250801T065216395_20250801T065224395.fits,/home/saurabh/moon_project/data/CLASS/ch2_cla_l1_2025_08/cla/data/calibrated/2025/08/01/ch2_cla_l1_20250801T065216395_20250801T065224395.fits,2025-08-01T06:52:16.395,2025-08-01T06:52:24.395,2025-08-01T06:52:20.395,8.0,-36.3,13.5,104.914,-81.4574,55.7987,-81.4521,55.8029,84.2752,84.2752,CLASS_add_scds.pro,2.1,491,1,"0,1,2,3,4,5,6,7,8,9,10,11,12,13,14,15,",-80.7641,53.6046,-82.0138,52.1743,-82.1249,58.3734,-80.8602,58.9812,1.67999267578125,0.06241816885668,1.57763671875,1.77197265625,3440.625,127.8324098184807,8
ch2_cla_l1_20250801T065232395_20250801T065240395.fits,/home/saurabh/moon_project/data/CLASS/ch2_cla_l1_2025_08/cla/data/calibrated/2025/08/01/ch2_cla_l1_20250801T065232395_20250801T065240395.fits,2025-08-01T06:52:32.395,2025-08-01T06:52:40.395,2025-08-01T06:52:36.395,8.0,-36.3,13.5,104.651,-82.2613,55.0762,-82.256,55.0807,84.9703,84.9703,CLASS_add_scds.pro,2.1,493,1,"0,1,2,3,4,5,6,7,8,9,10,11,12,13,14,15,",-81.5644,52.7409,-82.8083,51.0056,-82.9314,57.8664,-81.6695,58.6077,1.681640625,0.0474728201064148,1.6064453125,1.7490234375,3444.0,97.22433557793764,8
ch2_cla_l1_20250801T065248395_20250801T065256395.fits,/home/saurabh/moon_project/data/CLASS/ch2_cla_l1_2025_08/cla/data/calibrated/2025/08/01/ch2_cla_l1_20250801T065248395_20250801T065256395.fits,2025-08-01T06:52:48.395,2025-08-01T06:52:56.395,2025-08-01T06:52:52.395,8.0,-36.3,13.5,104.387,-83.064,54.1878,-83.0587,54.1937,85.6658,85.6658,CLASS_add_scds.pro,2.1,495,1,"0,1,2,3,4,5,6,7,8,9,10,11,12,13,14,15,",-82.3629,51.6959,-83.5994,49.5496,-83.7377,57.2317,-82.4787,58.1542,1.69744873046875,0.0415952558745393,1.63671875,1.74560546875,3476.375,85.18708403105653,8
ch2_cla_l1_20250801T065304395_20250801T065312395.fits,/home/saurabh/moon_project/data/CLASS/ch2_cla_l1_2025_08/cla/data/calibrated/2025/08/01/ch2_cla_l1_20250801T065304395_20250801T065312395.fits,2025-08-01T06:53:04.395,2025-08-01T06:53:12.395,2025-08-01T06:53:08.395,8.0,-36.4,13.5,104.122,-83.8647,53.0687,-83.8596,53.0761,86.3618,86.3618,CLASS_add_scds.pro,2.1,497,1,"0,1,2,3,4,5,6,7,8,9,10,11,12,13,14,15,",-83.1584,50.4106,-84.3855,47.6858,-84.5432,56.4119,-83.2875,57.5949,1.6912841796875,0.0643958956472536,1.58203125,1.77099609375,3463.75,131.8827942855755,8
ch2_cla_l1_20250801T065552395_20250801T065600395.fits,/home/saurabh/moon_project/data/CLASS/ch2_cla_l1_2025_08/cla/data/calibrated/2025/08/01/ch2_cla_l1_20250801T065552395_20250801T065600395.fits,2025-08-01T06:55:52.395,2025-08-01T06:56:00.395,2025-08-01T06:55:56.395,8.0,-36.7,13.5,101.277,-87.3219,-95.0933,-87.3267,-95.0511,93.6862,93.6862,CLASS_add_scds.pro,2.1,518,1,"0,2,3,4,5,6,7,8,9,10,11,12,13,14,15,",-86.8508,-106.424,-88.053,-99.4384,-87.6571,-79.6595,-86.5922,-92.552,1.68890380859375,0.0709646049076553,1.587890625,1.79541015625,3458.875,145.33551085087814,8
ch2_cla_l1_20250801T065608395_20250801T065616395.fits,/home/saurabh/moon_project/data/CLASS/ch2_cla_l1_2025_08/cla/data/calibrated/2025/08/01/ch2_cla_l1_20250801T065608395_20250801T065616395.fits,2025-08-01T06:56:08.395,2025-08-01T06:56:16.395,2025-08-01T06:56:12.395,8.0,-36.6,13.5,101.001,-86.5556,-100.254,-86.5605,-100.228,94.3845,94.3845,CLASS_add_scds.pro,2.1,520,1,"0,3,4,5,6,7,8,9,10,11,12,13,14,15,",-86.0502,-108.671,-87.2665,-104.708,-86.9724,-89.1696,-85.8415,-97.2898,1.69464111328125,0.0490334254746653,1.609375,1.76513671875,3470.625,100.4204553721146,8
ch2_cla_l1_20250801T065624395_20250801T065632395.fits,/home/saurabh/moon_project/data/CLASS/ch2_cla_l1_2025_08/cla/data/calibrated/2025/08/01/ch2_cla_l1_20250801T065624395_20250801T065632395.fits,2025-08-01T06:56:24.395,2025-08-01T06:56:32.395,2025-08-01T06:56:28.395,8.0,-36.7,13.5,100.725,-85.7714,-103.524,-85.7765,-103.506,95.0828,95.0828,CLASS_add_scds.pro,2.1,522,1,"0,3,4,5,8,9,10,11,12,13,14,15,",-85.2454,-110.162,-86.4671,-107.617,-86.2356,-95.0779,-85.0711,-100.566,1.703125,0.0492137396028967,1.6328125,1.7919921875,3488.0,100.7897387067326,8
ch2_cla_l1_20250801T070024395_20250801T070032395.fits,/home/saurabh/moon_project/data/CLASS/ch2_cla_l1_2025_08/cla/data/calibrated/2025/08/01/ch2_cla_l1_20250801T070024395_20250801T070032395.fits,2025-08-01T07:00:24.395,2025-08-01T07:00:32.395,2025-08-01T07:00:28.395,8.0,-37.2,13.5,96.5609,-73.6292,-114.005,-73.6342,-114.004,105.527,105.527,CLASS_add_scds.pro,2.1,552,1,"0,3,4,5,8,9,10,11,",-73.054,-115.492,-74.2557,-115.324,-74.2038,-112.407,-73.0058,-112.78,1.7088623046875,0.0424309302312409,1.64794921875,1.76953125,3499.75,86.8985451135814,8
ch2_cla_l1_20250801T070040395_20250801T070048395.fits,/home/saurabh/moon_project/data/CLASS/ch2_cla_l1_2025_08/cla/data/calibrated/2025/08/01/ch2_cla_l1_20250801T070040395_20250801T070048395.fits,2025-08-01T07:00:40.395,2025-08-01T07:00:48.395,2025-08-01T07:00:44.395,8.0,-37.3,13.5,96.2853,-72.8131,-114.181,-72.818,-114.18,106.219,106.219,CLASS_add_scds.pro,2.1,554,1,"0,3,4,5,8,9,10,11,",-72.2379,-115.593,-73.4374,-115.44,-73.3882,-112.67,-72.1919,-113.008,1.69036865234375,0.0579763307781392,1.603515625,1.77978515625,3461.875,118.73552543362918,8
ch2_cla_l1_20250801T070112395_20250801T070120395.fits,/home/saurabh/moon_project/data/CLASS/ch2_cla_l1_2025_08/cla/data/calibrated/2025/08/01/ch2_cla_l1_20250801T070112395_20250801T070120395.fits,2025-08-01T07:01:12.395,2025-08-01T07:01:20.395,2025-08-01T07:01:16.395,8.0,-37.2,13.5,95.7356,-71.1796,-114.491,-71.1846,-114.491,107.601,107.601,CLASS_add_scds.pro,2.1,558,1,"0,3,4,5,8,10,11,",-70.6049,-115.772,-71.8005,-115.644,-71.7559,-113.129,-70.5629,-113.41,1.7037353515625,0.0894092930750983,1.5771484375,1.82666015625,3489.25,183.11023221780135,8
ch2_cla_l1_20250801T193029221_20250801T193037221.fits,/home/saurabh/moon_project/data/CLASS/ch2_cla_l1_2025_08/cla/data/calibrated/2025/08/01/ch2_cla_l1_20250801T193029221_20250801T193037221.fits,2025-08-01T19:30:29.221,2025-08-01T19:30:37.221,2025-08-01T19:30:33.221,8.0,-48.0,13.5,85.6528,63.3565,-126.343,63.3529,-126.343,111.015,111.015,CLASS_add_scds.pro,2.1,0,0,"0,1,2,3,4,5,6,7,8,9,10,11,12,13,14,15,",63.8941,-127.196,62.7782,-127.059,62.8071,-125.522,63.9242,-125.596,1.71478271484375,0.0811892261210459,1.56591796875,1.8173828125,3511.875,166.27553509590211,8
ch2_cla_l1_20250801T193037221_20250801T193045221.fits,/home/saurabh/moon_project/data/CLASS/ch2_cla_l1_2025_08/cla/data/calibrated/2025/08/01/ch2_cla_l1_20250801T193037221_20250801T193045221.fits,2025-08-01T19:30:37.221,2025-08-01T19:30:45.221,2025-08-01T19:30:41.221,8.0,-48.0,13.5,85.7689,63.7698,-126.384,63.7662,-126.383,110.67,110.67,CLASS_add_scds.pro,2.1,1,0,"0,1,2,3,4,5,6,7,8,9,10,11,12,13,14,15,",64.3076,-127.251,63.1908,-127.11,63.2201,-125.549,64.3381,-125.625,1.67694091796875,0.0596662548319391,1.58740234375,1.76611328125,3434.375,122.19648989581142,8
ch2_cla_l1_20250801T193045221_20250801T193053221.fits,/home/saurabh/moon_project/data/CLASS/ch2_cla_l1_2025_08/cla/data/calibrated/2025/08/01/ch2_cla_l1_20250801T193045221_20250801T193053221.fits,2025-08-01T19:30:45.221,2025-08-01T19:30:53.221,2025-08-01T19:30:49.221,8.0,-48.0,13.5,85.8857,64.1831,-126.425,64.1795,-126.425,110.325,110.325,CLASS_add_scds.pro,2.1,2,0,"0,1,2,3,4,5,6,7,8,9,10,11,12,13,14,15,",64.721,-127.308,63.6033,-127.163,63.6331,-125.576,64.752,-125.655,1.7198486328125,0.0726922012193912,1.57763671875,1.81884765625,3522.25,148.87362809731326,8
ch2_cla_l1_20250801T193053221_20250801T193101221.fits,/home/saurabh/moon_project/data/CLASS/ch2_cla_l1_2025_08/cla/data/calibrated/2025/08/01/ch2_cla_l1_20250801T193053221_20250801T193101221.fits,2025-08-01T19:30:53.221,2025-08-01T19:31:01.221,2025-08-01T19:30:57.221,8.0,-48.1,13.5,86.0031,64.5963,-126.468,64.5926,-126.467,109.98,109.98,CLASS_add_scds.pro,2.1,3,0,"0,1,2,3,4,5,6,7,8,9,10,11,12,13,14,15,",65.1342,-127.367,64.0158,-127.216,64.046,-125.605,65.1658,-125.686,1.68463134765625,0.0482000887621801,1.62353515625,1.7724609375,3450.125,98.71378178494489,8
ch2_cla_l1_20250801T193101221_20250801T193109221.fits,/home/saurabh/moon_project/data/CLASS/ch2_cla_l1_2025_08/cla/data/calibrated/2025/08/01/ch2_cla_l1_20250801T193101221_20250801T193109221.fits,2025-08-01T19:31:01.221,2025-08-01T19:31:09.221,2025-08-01T19:31:05.221,8.0,-48.1,13.5,86.1212,65.0094,-126.512,65.0058,-126.512,109.634,109.634,CLASS_add_scds.pro,2.1,4,0,"0,1,2,3,4,5,6,7,8,9,10,11,12,13,14,15,",65.5475,-127.427,64.4281,-127.272,64.4589,-125.634,65.5796,-125.717,1.67919921875,0.0987197945670242,1.4677734375,1.80126953125,3439.0,202.17813927326569,8
ch2_cla_l1_20250801T193109221_20250801T193117221.fits,/home/saurabh/moon_project/data/CLASS/ch2_cla_l1_2025_08/cla/data/calibrated/2025/08/01/ch2_cla_l1_20250801T193109221_20250801T193117221.fits,2025-08-01T19:31:09.221,2025-08-01T19:31:17.221,2025-08-01T19:31:13.221,8.0,-48.1,13.5,86.2399,65.4224,-126.557,65.4188,-126.557,109.289,109.289,CLASS_add_scds.pro,2.1,5,0,"0,1,2,3,4,5,6,7,8,9,10,11,12,13,14,15,",65.9607,-127.489,64.8405,-127.329,64.8718,-125.663,65.9934,-125.749,1.550048828125,0.0390529075833756,1.49560546875,1.60888671875,3174.5,79.98035473075338,8
ch2_cla_l1_20250801T193117221_20250801T193125221.fits,/home/saurabh/moon_project/data/CLASS/ch2_cla_l1_2025_08/cla/data/calibrated/2025/08/01/ch2_cla_l1_20250801T193117221_20250801T193125221.fits,2025-08-01T19:31:17.221,2025-08-01T19:31:25.221,2025-08-01T19:31:21.221,8.0,-48.1,13.5,86.3593,65.8354,-126.604,65.8317,-126.604,108.943,108.943,CLASS_add_scds.pro,2.1,6,0,"0,1,2,3,4,5,6,7,8,9,10,11,12,13,14,15,",66.3737,-127.554,65.2527,-127.388,65.2845,-125.694,66.407,-125.783,1.617431640625,0.0367524615502335,1.55859375,1.6669921875,3312.5,75.2690412548783,8
ch2_cla_l1_20250801T193125221_20250801T193133221.fits,/home/saurabh/moon_project/data/CLASS/ch2_cla_l1_2025_08/cla/data/calibrated/2025/08/01/ch2_cla_l1_20250801T193125221_20250801T193133221.fits,2025-08-01T19:31:25.221,2025-08-01T19:31:33.221,2025-08-01T19:31:29.221,8.0,-48.2,13.5,86.4793,66.2483,-126.652,66.2447,-126.652,108.596,108.596,CLASS_add_scds.pro,2.1,7,0,"0,1,2,3,4,5,6,7,8,9,10,11,12,13,14,15,",66.7867,-127.62,65.6648,-127.449,65.6972,-125.726,66.8206,-125.817,1.55926513671875,0.0485208927345969,1.4638671875,1.62109375,3193.375,99.37078832045448,8
ch2_cla_l1_20250801T193133221_20250801T193141221.fits,/home/saurabh/moon_project/data/CLASS/ch2_cla_l1_2025_08/cla/data/calibrated/2025/08/01/ch2_cla_l1_20250801T193133221_20250801T193141221.fits,2025-08-01T19:31:33.221,2025-08-01T19:31:41.221,2025-08-01T19:31:37.221,8.0,-48.2,13.5,86.5999,66.6612,-126.702,66.6574,-126.702,108.25,108.25,CLASS_add_scds.pro,2.1,8,0,"0,1,2,3,4,5,6,7,8,9,10,11,12,13,14,15,",67.1997,-127.689,66.0768,-127.512,66.1097,-125.758,67.2342,-125.852,1.6275634765625,0.0497881009561265,1.5478515625,1.716796875,3333.25,101.96603075814724,8
ch2_cla_l1_20250801T193141221_20250801T193149221.fits,/home/saurabh/moon_project/data/CLASS/ch2_cla_l1_2025_08/cla/data/calibrated/2025/08/01/ch2_cla_l1_20250801T193141221_20250801T193149221.fits,2025-08-01T19:31:41.221,2025-08-01T19:31:49.221,2025-08-01T19:31:45.221,8.0,-48.2,13.5,86.7212,67.0739,-126.754,67.0702,-126.753,107.903,107.903,CLASS_add_scds.pro,2.1,9,1,"0,1,2,3,4,5,6,7,8,9,10,11,12,13,14,15,",67.6124,-127.76,66.4888,-127.576,66.5224,-125.792,67.6476,-125.889,1.5692138671875,0.0444337853827304,1.49755859375,1.6455078125,3213.75,91.00039246383189,8
ch2_cla_l1_20250801T193149221_20250801T193157221.fits,/home/saurabh/moon_project/data/CLASS/ch2_cla_l1_2025_08/cla/data/calibrated/2025/08/01/ch2_cla_l1_20250801T193149221_20250801T193157221.fits,2025-08-01T19:31:49.221,2025-08-01T19:31:57.221,2025-08-01T19:31:53.221,8.0,-48.0,13.5,86.8431,67.4866,-126.807,67.4829,-126.806,107.556,107.556,CLASS_add_scds.pro,2.1,10,1,"0,1,2,3,4,5,6,7,8,9,10,11,13,",68.0252,-127.834,66.9007,-127.644,66.9348,-125.826,68.061,-125.926,1.626220703125,0.055778366936361,1.5419921875,1.70947265625,3330.5,114.23409548566735,8
ch2_cla_l1_20250801T193157221_20250801T193205221.fits,/home/saurabh/moon_project/data/CLASS/ch2_cla_l1_2025_08/cla/data/calibrated/2025/08/01/ch2_cla_l1_20250801T193157221_20250801T193205221.fits,2025-08-01T19:31:57.221,2025-08-01T19:32:05.221,2025-08-01T19:32:01.221,8.0,-48.0,13.5,86.9656,67.8992,-126.862,67.8955,-126.861,107.209,107.209,CLASS_add_scds.pro,2.1,11,1,"0,1,2,3,4,5,6,7,8,9,10,11,13,",68.4378,-127.91,67.3124,-127.713,67.3472,-125.862,68.4744,-125.965,1.607666015625,0.0523759884979995,1.52490234375,1.69091796875,3292.5,107.26602444390302,8
ch2_cla_l1_20250801T193205221_20250801T193213221.fits,/home/saurabh/moon_project/data/CLASS/ch2_cla_l1_2025_08/cla/data/calibrated/2025/08/01/ch2_cla_l1_20250801T193205221_20250801T193213221.fits,2025-08-01T19:32:05.221,2025-08-01T19:32:13.221,2025-08-01T19:32:09.221,8.0,-48.0,13.5,87.0887,68.3118,-126.919,68.3081,-126.918,106.861,106.861,CLASS_add_scds.pro,2.1,12,1,"0,1,2,3,4,5,6,7,8,9,10,11,13,",68.8504,-127.99,67.7241,-127.785,67.7595,-125.898,68.8877,-126.006,1.61474609375,0.0716203431294424,1.52490234375,1.72705078125,3307.0,146.67846272909813,8
ch2_cla_l1_20250801T193213221_20250801T193221221.fits,/home/saurabh/moon_project/data/CLASS/ch2_cla_l1_2025_08/cla/data/calibrated/2025/08/01/ch2_cla_l1_20250801T193213221_20250801T193221221.fits,2025-08-01T19:32:13.221,2025-08-01T19:32:21.221,2025-08-01T19:32:17.221,8.0,-48.0,13.5,87.2124,68.7243,-126.978,68.7206,-126.977,106.514,106.514,CLASS_add_scds.pro,2.1,13,1,"0,1,2,3,4,5,6,7,8,9,10,11,13,",69.2628,-128.072,68.1357,-127.859,68.1719,-125.936,69.3009,-126.048,1.61175537109375,0.1007109564807772,1.484375,1.76513671875,3300.875,206.25603887263173,8
ch2_cla_l1_20250801T193221221_20250801T193229221.fits,/home/saurabh/moon_project/data/CLASS/ch2_cla_l1_2025_08/cla/data/calibrated/2025/08/01/ch2_cla_l1_20250801T193221221_20250801T193229221.fits,2025-08-01T19:32:21.221,2025-08-01T19:32:29.221,2025-08-01T19:32:25.221,8.0,-48.1,13.5,87.3367,69.1367,-127.039,69.1329,-127.039,106.166,106.166,CLASS_add_scds.pro,2.1,14,1,"0,1,2,3,4,5,6,7,8,9,10,11,13,",69.6752,-128.158,68.5472,-127.936,68.584,-125.975,69.714,-126.091,1.6373291015625,0.0716891474437712,1.54931640625,1.74462890625,3353.25,146.81937396484352,8
ch2_cla_l1_20250801T193229221_20250801T193237221.fits,/home/saurabh/moon_project/data/CLASS/ch2_cla_l1_2025_08/cla/data/calibrated/2025/08/01/ch2_cla_l1_20250801T193229221_20250801T193237221.fits,2025-08-01T19:32:29.221,2025-08-01T19:32:37.221,2025-08-01T19:32:33.221,8.0,-48.2,13.5,87.4616,69.549,-127.103,69.5453,-127.102,105.818,105.818,CLASS_add_scds.pro,2.1,15,1,"0,1,2,3,4,5,6,7,8,9,10,11,13,",70.0876,-128.247,68.9586,-128.016,68.9962,-126.016,70.1273,-126.136,1.61334228515625,0.1030068244723437,1.478515625,1.78076171875,3304.125,210.95797651936,8
ch2_cla_l1_20250801T193237221_20250801T193245221.fits,/home/saurabh/moon_project/data/CLASS/ch2_cla_l1_2025_08/cla/data/calibrated/2025/08/01/ch2_cla_l1_20250801T193237221_20250801T193245221.fits,2025-08-01T19:32:37.221,2025-08-01T19:32:45.221,2025-08-01T19:32:41.221,8.0,-48.1,13.5,87.5871,69.9612,-127.169,69.9575,-127.168,105.469,105.469,CLASS_add_scds.pro,2.1,16,1,"0,1,2,3,4,5,6,7,8,9,10,11,13,",70.4997,-128.339,69.37,-128.099,69.4084,-126.058,70.5402,-126.182,1.6285400390625,0.0447454363907916,1.55419921875,1.69580078125,3335.25,91.63865372834138,8
ch2_cla_l1_20250801T193245221_20250801T193253221.fits,/home/saurabh/moon_project/data/CLASS/ch2_cla_l1_2025_08/cla/data/calibrated/2025/08/01/ch2_cla_l1_20250801T193245221_20250801T193253221.fits,2025-08-01T19:32:45.221,2025-08-01T19:32:53.221,2025-08-01T19:32:49.221,8.0,-48.2,13.5,87.7132,70.3734,-127.237,70.3696,-127.236,105.121,105.121,CLASS_add_scds.pro,2.1,17,1,"0,1,2,3,4,5,6,7,8,9,10,11,13,",70.9117,-128.435,69.7812,-128.185,69.8203,-126.101,70.9532,-126.231,1.6376953125,0.0651495493795166,1.53466796875,1.74072265625,3354.0,133.42627712925002,8
ch2_cla_l1_20250801T193253221_20250801T193301221.fits,/home/saurabh/moon_project/data/CLASS/ch2_cla_l1_2025_08/cla/data/calibrated/2025/08/01/ch2_cla_l1_20250801T193253221_20250801T193301221.fits,2025-08-01T19:32:53.221,2025-08-01T19:33:01.221,2025-08-01T19:32:57.221,8.0,-48.2,13.5,87.8398,70.7855,-127.309,70.7817,-127.308,104.772,104.772,CLASS_add_scds.pro,2.1,18,1,"0,1,2,3,4,5,6,7,8,9,10,11,13,",71.3238,-128.536,70.1923,-128.275,70.2323,-126.146,71.3661,-126.281,1.64959716796875,0.0442926636200746,1.5810546875,1.72265625,3378.375,90.71137509391296,8
ch2_cla_l1_20250801T193301221_20250801T193309221.fits,/home/saurabh/moon_project/data/CLASS/ch2_cla_l1_2025_08/cla/data/calibrated/2025/08/01/ch2_cla_l1_20250801T193301221_20250801T193309221.fits,2025-08-01T19:33:01.221,2025-08-01T19:33:09.221,2025-08-01T19:33:05.221,8.0,-48.2,13.5,87.967,71.1974,-127.383,71.1937,-127.382,104.424,104.424,CLASS_add_scds.pro,2.1,19,1,"0,1,2,3,4,5,6,7,8,9,10,11,13,",71.7356,-128.641,70.6033,-128.368,70.6442,-126.193,71.779,-126.334,1.6387939453125,0.0625641357504194,1.544921875,1.7158203125,3356.25,128.1313500168591,8
ch2_cla_l1_20250801T193309221_20250801T193317221.fits,/home/saurabh/moon_project/data/CLASS/ch2_cla_l1_2025_08/cla/data/calibrated/2025/08/01/ch2_cla_l1_20250801T193309221_20250801T193317221.fits,2025-08-01T19:33:09.221,2025-08-01T19:33:17.221,2025-08-01T19:33:13.221,8.0,-48.2,13.5,88.0947,71.6093,-127.46,71.6056,-127.459,104.075,104.075,CLASS_add_scds.pro,2.1,20,1,"0,1,2,3,4,5,6,7,8,9,10,11,13,",72.1474,-128.75,71.0143,-128.465,71.0561,-126.242,72.1918,-126.388,1.63232421875,0.0381207987773215,1.57275390625,1.69677734375,3343.0,78.07139589595447,8
ch2_cla_l1_20250801T193317221_20250801T193325221.fits,/home/saurabh/moon_project/data/CLASS/ch2_cla_l1_2025_08/cla/data/calibrated/2025/08/01/ch2_cla_l1_20250801T193317221_20250801T193325221.fits,2025-08-01T19:33:17.221,2025-08-01T19:33:25.221,2025-08-01T19:33:21.221,8.0,-48.2,13.5,88.223,72.0212,-127.541,72.0174,-127.54,103.725,103.725,CLASS_add_scds.pro,2.1,21,1,"0,1,2,3,4,5,6,7,8,9,10,11,13,",72.559,-128.864,71.425,-128.567,71.4678,-126.293,72.6045,-126.445,1.67694091796875,0.053766039042641,1.578125,1.73486328125,3434.375,110.11284795932892,8
ch2_cla_l1_20250801T193325221_20250801T193333221.fits,/home/saurabh/moon_project/data/CLASS/ch2_cla_l1_2025_08/cla/data/calibrated/2025/08/01/ch2_cla_l1_20250801T193325221_20250801T193333221.fits,2025-08-01T19:33:25.221,2025-08-01T19:33:33.221,2025-08-01T19:33:29.221,8.0,-48.2,13.5,88.3518,72.4329,-127.625,72.4292,-127.624,103.376,103.376,CLASS_add_scds.pro,2.1,22,1,"0,1,2,3,4,5,6,7,8,9,10,11,13,",72.9705,-128.984,71.8357,-128.672,71.8795,-126.345,73.0171,-126.505,1.6583251953125,0.0353608008690151,1.607421875,1.7109375,3396.25,72.41892017974308,8
ch2_cla_l1_20250801T193333221_20250801T193341221.fits,/home/saurabh/moon_project/data/CLASS/ch2_cla_l1_2025_08/cla/data/calibrated/2025/08/01/ch2_cla_l1_20250801T193333221_20250801T193341221.fits,2025-08-01T19:33:33.221,2025-08-01T19:33:41.221,2025-08-01T19:33:37.221,8.0,-48.2,13.5,88.4812,72.8445,-127.713,72.8408,-127.713,103.027,103.027,CLASS_add_scds.pro,2.1,23,1,"0,1,2,3,4,5,6,7,8,9,10,11,13,",73.3818,-129.11,72.2462,-128.783,72.291,-126.4,73.4296,-126.567,1.66497802734375,0.0449570701576887,1.60595703125,1.73876953125,3409.875,92.07207968294654,8
ch2_cla_l1_20250801T193341221_20250801T193349221.fits,/home/saurabh/moon_project/data/CLASS/ch2_cla_l1_2025_08/cla/data/calibrated/2025/08/01/ch2_cla_l1_20250801T193341221_20250801T193349221.fits,2025-08-01T19:33:41.221,2025-08-01T19:33:49.221,2025-08-01T19:33:45.221,8.0,-48.3,13.5,88.611,73.256,-127.806,73.2523,-127.805,102.677,102.677,CLASS_add_scds.pro,2.1,24,1,"0,1,2,3,4,5,6,7,8,9,10,11,13,",73.7931,-129.241,72.6567,-128.898,72.7025,-126.458,73.8421,-126.632,1.64398193359375,0.0540872052143439,1.55908203125,1.7216796875,3366.875,110.77059627897648,8
ch2_cla_l1_20250801T193349221_20250801T193357221.fits,/home/saurabh/moon_project/data/CLASS/ch2_cla_l1_2025_08/cla/data/calibrated/2025/08/01/ch2_cla_l1_20250801T193349221_20250801T193357221.fits,2025-08-01T19:33:49.221,2025-08-01T19:33:57.221,2025-08-01T19:33:53.221,8.0,-48.3,13.5,88.7414,73.6675,-127.902,73.6638,-127.901,102.327,102.327,CLASS_add_scds.pro,2.1,25,1,"0,1,2,3,4,5,6,7,8,9,10,11,13,",74.2043,-129.38,73.067,-129.019,73.114,-126.518,74.2547,-126.701,1.702880859375,0.0693128459095753,1.6171875,1.810546875,3487.5,141.9527084228104,8
ch2_cla_l1_20250801T193357221_20250801T193405221.fits,/home/saurabh/moon_project/data/CLASS/ch2_cla_l1_2025_08/cla/data/calibrated/2025/08/01/ch2_cla_l1_20250801T193357221_20250801T193405221.fits,2025-08-01T19:33:57.221,2025-08-01T19:34:05.221,2025-08-01T19:34:01.221,8.0,-48.3,13.5,88.8723,74.0788,-128.004,74.0751,-128.003,101.978,101.978,CLASS_add_scds.pro,2.1,26,1,"0,1,2,3,4,5,6,7,8,9,10,11,13,",74.6151,-129.525,73.4772,-129.145,73.5255,-126.58,74.6669,-126.772,1.632568359375,0.0799951422442636,1.52978515625,1.755859375,3343.5,163.83005131625185,8
ch2_cla_l1_20250801T193405221_20250801T193413221.fits,/home/saurabh/moon_project/data/CLASS/ch2_cla_l1_2025_08/cla/data/calibrated/2025/08/01/ch2_cla_l1_20250801T193405221_20250801T193413221.fits,2025-08-01T19:34:05.221,2025-08-01T19:34:13.221,2025-08-01T19:34:09.221,8.0,-48.3,13.5,89.0037,74.49,-128.111,74.4863,-128.11,101.628,101.628,CLASS_add_scds.pro,2.1,27,1,"0,1,2,3,4,5,6,7,8,9,10,11,13,",75.0259,-129.679,73.8872,-129.279,73.9367,-126.646,75.0791,-126.848,1.70953369140625,0.0782493419245213,1.6044921875,1.82958984375,3501.125,160.25465226141978,8
ch2_cla_l1_20250801T193413221_20250801T193421221.fits,/home/saurabh/moon_project/data/CLASS/ch2_cla_l1_2025_08/cla/data/calibrated/2025/08/01/ch2_cla_l1_20250801T193413221_20250801T193421221.fits,2025-08-01T19:34:13.221,2025-08-01T19:34:21.221,2025-08-01T19:34:17.221,8.0,-48.3,13.5,89.1356,74.9011,-128.223,74.8974,-128.222,101.277,101.277,CLASS_add_scds.pro,2.1,28,1,"0,1,2,3,4,5,6,7,8,9,10,11,13,",75.4365,-129.84,74.297,-129.418,74.3479,-126.715,75.4914,-126.928,1.6561279296875,0.0811108707968545,1.54736328125,1.7734375,3391.75,166.1150633919582,8
ch2_cla_l1_20250801T193421221_20250801T193429221.fits,/home/saurabh/moon_project/data/CLASS/ch2_cla_l1_2025_08/cla/data/calibrated/2025/08/01/ch2_cla_l1_20250801T193421221_20250801T193429221.fits,2025-08-01T19:34:21.221,2025-08-01T19:34:29.221,2025-08-01T19:34:25.221,8.0,-48.3,13.5,89.268,75.3121,-128.341,75.3083,-128.34,100.927,100.927,CLASS_add_scds.pro,2.1,29,1,"0,1,2,3,4,5,6,7,8,9,10,11,13,",75.8469,-130.012,74.7067,-129.565,74.759,-126.787,75.9034,-127.012,1.7119140625,0.0579196481959882,1.63671875,1.8134765625,3506.0,118.6194395053839,8
ch2_cla_l1_20250801T193429221_20250801T193437221.fits,/home/saurabh/moon_project/data/CLASS/ch2_cla_l1_2025_08/cla/data/calibrated/2025/08/01/ch2_cla_l1_20250801T193429221_20250801T193437221.fits,2025-08-01T19:34:29.221,2025-08-01T19:34:37.221,2025-08-01T19:34:33.221,8.0,-48.3,13.5,89.4009,75.7229,-128.466,75.7192,-128.465,100.577,100.577,CLASS_add_scds.pro,2.1,30,1,"0,1,2,3,4,5,6,7,8,9,10,11,13,",76.2572,-130.193,75.1163,-129.72,75.17,-126.863,76.3154,-127.1,1.6590576171875,0.0509665326386839,1.58203125,1.73876953125,3397.75,104.37945884402464,8
ch2_cla_l1_20250801T193437221_20250801T193445221.fits,/home/saurabh/moon_project/data/CLASS/ch2_cla_l1_2025_08/cla/data/calibrated/2025/08/01/ch2_cla_l1_20250801T193437221_20250801T193445221.fits,2025-08-01T19:34:37.221,2025-08-01T19:34:45.221,2025-08-01T19:34:41.221,8.0,-48.3,13.5,89.5343,76.1337,-128.598,76.1299,-128.597,100.226,100.226,CLASS_add_scds.pro,2.1,31,1,"0,1,2,3,4,5,6,7,8,9,10,11,13,",76.6672,-130.384,75.5256,-129.884,75.581,-126.943,76.7273,-127.194,1.7197265625,0.0451630933839886,1.67041015625,1.79931640625,3522.0,92.4940152504088,8
ch2_cla_l1_20250801T193445221_20250801T193453221.fits,/home/saurabh/moon_project/data/CLASS/ch2_cla_l1_2025_08/cla/data/calibrated/2025/08/01/ch2_cla_l1_20250801T193445221_20250801T193453221.fits,2025-08-01T19:34:45.221,2025-08-01T19:34:53.221,2025-08-01T19:34:49.221,8.0,-48.3,13.5,89.6681,76.5443,-128.738,76.5405,-128.737,99.8758,99.8758,CLASS_add_scds.pro,2.1,32,1,"0,1,2,3,4,5,6,7,8,9,10,11,13,",77.077,-130.588,75.9348,-130.056,75.9918,-127.028,77.1391,-127.294,1.69329833984375,0.0733376598268822,1.6064453125,1.822265625,3467.875,150.19552732545475,8
ch2_cla_l1_20250801T193453221_20250801T193501221.fits,/home/saurabh/moon_project/data/CLASS/ch2_cla_l1_2025_08/cla/data/calibrated/2025/08/01/ch2_cla_l1_20250801T193453221_20250801T193501221.fits,2025-08-01T19:34:53.221,2025-08-01T19:35:01.221,2025-08-01T19:34:57.221,8.0,-48.3,13.5,89.8024,76.9547,-128.886,76.951,-128.885,99.5252,99.5252,CLASS_add_scds.pro,2.1,33,1,"0,1,2,3,4,5,6,7,8,9,10,11,13,",77.4866,-130.805,76.3438,-130.239,76.4026,-127.117,77.5508,-127.4,1.7191162109375,0.0398683530782824,1.66455078125,1.7802734375,3520.75,81.6503871043225,8
ch2_cla_l1_20250801T193501221_20250801T193509221.fits,/home/saurabh/moon_project/data/CLASS/ch2_cla_l1_2025_08/cla/data/calibrated/2025/08/01/ch2_cla_l1_20250801T193501221_20250801T193509221.fits,2025-08-01T19:35:01.221,2025-08-01T19:35:09.221,2025-08-01T19:35:05.221,8.0,-48.3,13.5,89.9372,77.365,-129.044,77.3613,-129.043,99.1745,99.1745,CLASS_add_scds.pro,2.1,34,1,"0,1,2,3,4,5,6,7,8,9,10,11,13,",77.896,-131.036,76.7526,-130.433,76.8132,-127.212,77.9624,-127.513,1.6885986328125,0.0496160959640736,1.62255859375,1.78125,3458.25,101.61376453442293,8
ch2_cla_l1_20250801T193509221_20250801T193517221.fits,/home/saurabh/moon_project/data/CLASS/ch2_cla_l1_2025_08/cla/data/calibrated/2025/08/01/ch2_cla_l1_20250801T193509221_20250801T193517221.fits,2025-08-01T19:35:09.221,2025-08-01T19:35:17.221,2025-08-01T19:35:13.221,8.0,-48.5,13.5,90.0724,77.7752,-129.212,77.7713,-129.211,98.8238,98.8238,CLASS_add_scds.pro,2.1,35,1,"0,1,2,3,4,5,6,7,8,9,10,11,12,13,14,",78.3051,-131.284,77.1612,-130.639,77.2238,-127.312,78.3739,-127.633,1.72686767578125,0.0390668049211286,1.66796875,1.79296875,3536.625,80.00881647847139,8
ch2_cla_l1_20250801T193517221_20250801T193525221.fits,/home/saurabh/moon_project/data/CLASS/ch2_cla_l1_2025_08/cla/data/calibrated/2025/08/01/ch2_cla_l1_20250801T193517221_20250801T193525221.fits,2025-08-01T19:35:17.221,2025-08-01T19:35:25.221,2025-08-01T19:35:21.221,8.0,-48.6,13.5,90.208,78.1852,-129.392,78.1814,-129.39,98.4729,98.4729,CLASS_add_scds.pro,2.1,36,1,"0,1,2,3,4,5,6,7,8,9,10,11,12,13,14,15,",78.714,-131.549,77.5695,-130.858,77.6343,-127.419,78.7853,-127.762,1.65771484375,0.1111863842562577,1.52734375,1.8115234375,3395.0,227.70971495681576,8
ch2_cla_l1_20250801T193525221_20250801T193533221.fits,/home/saurabh/moon_project/data/CLASS/ch2_cla_l1_2025_08/cla/data/calibrated/2025/08/01/ch2_cla_l1_20250801T193525221_20250801T193533221.fits,2025-08-01T19:35:25.221,2025-08-01T19:35:33.221,2025-08-01T19:35:29.221,8.0,-48.6,13.5,90.3441,78.595,-129.584,78.5912,-129.582,98.122,98.122,CLASS_add_scds.pro,2.1,37,1,"0,1,2,3,4,5,6,7,8,9,10,11,12,13,14,15,",79.1224,-131.833,77.9776,-131.092,78.0446,-127.533,79.1966,-127.901,1.59307861328125,0.0541158498910151,1.50732421875,1.6748046875,3262.625,110.82926057679894,8
ch2_cla_l1_20250801T193533221_20250801T193541221.fits,/home/saurabh/moon_project/data/CLASS/ch2_cla_l1_2025_08/cla/data/calibrated/2025/08/01/ch2_cla_l1_20250801T193533221_20250801T193541221.fits,2025-08-01T19:35:33.221,2025-08-01T19:35:41.221,2025-08-01T19:35:37.221,8.0,-48.7,13.5,90.4806,79.0046,-129.79,79.0007,-129.788,97.771,97.771,CLASS_add_scds.pro,2.1,38,1,"0,1,2,3,4,5,6,7,8,9,10,11,12,13,14,15,",79.5305,-132.14,78.3854,-131.342,78.4549,-127.655,79.6077,-128.05,1.60162353515625,0.0710077876937609,1.48876953125,1.70166015625,3280.125,145.42394919682246,8
ch2_cla_l1_20250801T193541221_20250801T193549221.fits,/home/saurabh/moon_project/data/CLASS/ch2_cla_l1_2025_08/cla/data/calibrated/2025/08/01/ch2_cla_l1_20250801T193541221_20250801T193549221.fits,2025-08-01T19:35:41.221,2025-08-01T19:35:49.221,2025-08-01T19:35:45.221,8.0,-48.7,13.5,90.6175,79.414,-130.011,79.4102,-130.009,97.42,97.42,CLASS_add_scds.pro,2.1,39,1,"0,1,2,3,4,5,6,7,8,9,10,11,12,13,14,15,",79.9384,-132.47,78.7928,-131.611,78.8649,-127.785,80.0188,-128.211,1.61285400390625,0.0604914046355276,1.5166015625,1.70263671875,3303.125,123.8863966935607,8
ch2_cla_l1_20250801T193549221_20250801T193557221.fits,/home/saurabh/moon_project/data/CLASS/ch2_cla_l1_2025_08/cla/data/calibrated/2025/08/01/ch2_cla_l1_20250801T193549221_20250801T193557221.fits,2025-08-01T19:35:49.221,2025-08-01T19:35:57.221,2025-08-01T19:35:53.221,8.0,-48.7,13.5,90.7548,79.8231,-130.25,79.8193,-130.248,97.0689,97.0689,CLASS_add_scds.pro,2.1,40,1,"0,1,2,3,4,5,6,7,8,9,10,11,12,13,14,15,",80.3457,-132.829,79.2001,-131.898,79.275,-127.925,80.4296,-128.386,1.60150146484375,0.0761130248835649,1.466796875,1.720703125,3279.875,155.8794749615411,8
ch2_cla_l1_20250801T193557221_20250801T193605221.fits,/home/saurabh/moon_project/data/CLASS/ch2_cla_l1_2025_08/cla/data/calibrated/2025/08/01/ch2_cla_l1_20250801T193557221_20250801T193605221.fits,2025-08-01T19:35:57.221,2025-08-01T19:36:05.221,2025-08-01T19:36:01.221,8.0,-48.7,13.5,90.8926,80.2321,-130.509,80.2282,-130.506,96.7178,96.7178,CLASS_add_scds.pro,2.1,41,1,"0,1,2,3,4,5,6,7,8,9,10,11,12,13,14,15,",80.7526,-133.219,79.607,-132.208,79.6849,-128.075,80.8402,-128.575,1.5989990234375,0.0718590333630863,1.5048828125,1.7060546875,3274.75,147.1673003276009,8
ch2_cla_l1_20250801T193605221_20250801T193613221.fits,/home/saurabh/moon_project/data/CLASS/ch2_cla_l1_2025_08/cla/data/calibrated/2025/08/01/ch2_cla_l1_20250801T193605221_20250801T193613221.fits,2025-08-01T19:36:05.221,2025-08-01T19:36:13.221,2025-08-01T19:36:09.221,8.0,-48.7,13.5,91.0307,80.6407,-130.79,80.6369,-130.787,96.3666,96.3666,CLASS_add_scds.pro,2.1,42,1,"0,1,2,3,4,5,6,7,8,9,10,11,12,13,14,15,",81.159,-133.644,80.0133,-132.544,80.0946,-128.238,81.2509,-128.782,1.62615966796875,0.0746356184689877,1.4951171875,1.74365234375,3330.375,152.85374662448697,8
ch2_cla_l1_20250801T193613221_20250801T193621221.fits,/home/saurabh/moon_project/data/CLASS/ch2_cla_l1_2025_08/cla/data/calibrated/2025/08/01/ch2_cla_l1_20250801T193613221_20250801T193621221.fits,2025-08-01T19:36:13.221,2025-08-01T19:36:21.221,2025-08-01T19:36:17.221,8.0,-48.7,13.5,91.1693,81.0491,-131.096,81.0452,-131.093,96.0154,96.0154,CLASS_add_scds.pro,2.1,43,1,"0,1,2,3,4,5,6,7,8,9,10,11,12,13,14,15,",81.5648,-134.11,80.4195,-132.907,80.5043,-128.414,81.6613,-129.009,1.619140625,0.078320503846177,1.51953125,1.7470703125,3316.0,160.40039187697053,8
ch2_cla_l1_20250801T193621221_20250801T193629221.fits,/home/saurabh/moon_project/data/CLASS/ch2_cla_l1_2025_08/cla/data/calibrated/2025/08/01/ch2_cla_l1_20250801T193621221_20250801T193629221.fits,2025-08-01T19:36:21.221,2025-08-01T19:36:29.221,2025-08-01T19:36:25.221,8.0,-48.7,13.5,91.3082,81.4571,-131.431,81.4532,-131.428,95.6642,95.6642,CLASS_add_scds.pro,2.1,44,1,"0,1,2,3,4,5,6,7,8,9,10,11,12,13,14,15,",81.97,-134.622,80.825,-133.302,80.9137,-128.606,82.0715,-129.259,1.6297607421875,0.0752006344867016,1.5107421875,1.72998046875,3337.75,154.0108994287649,8
ch2_cla_l1_20250801T193629221_20250801T193637221.fits,/home/saurabh/moon_project/data/CLASS/ch2_cla_l1_2025_08/cla/data/calibrated/2025/08/01/ch2_cla_l1_20250801T193629221_20250801T193637221.fits,2025-08-01T19:36:29.221,2025-08-01T19:36:37.221,2025-08-01T19:36:33.221,8.0,-48.7,13.5,91.4475,81.8647,-131.799,81.8609,-131.796,95.3129,95.3129,CLASS_add_scds.pro,2.1,45,1,"0,1,2,3,4,5,6,7,8,9,10,11,12,13,14,15,",82.3743,-135.189,81.23,-133.733,81.323,-128.815,82.4814,-129.536,1.6126708984375,0.0470720418579583,1.5361328125,1.6796875,3302.75,96.40354172509876,8
ch2_cla_l1_20250801T193637221_20250801T193645221.fits,/home/saurabh/moon_project/data/CLASS/ch2_cla_l1_2025_08/cla/data/calibrated/2025/08/01/ch2_cla_l1_20250801T193637221_20250801T193645221.fits,2025-08-01T19:36:37.221,2025-08-01T19:36:45.221,2025-08-01T19:36:41.221,8.0,-48.7,13.5,91.5872,82.2719,-132.206,82.2681,-132.202,94.9616,94.9616,CLASS_add_scds.pro,2.1,46,1,"0,1,2,3,4,5,6,7,8,9,10,11,12,13,14,15,",82.7778,-135.818,81.6344,-134.205,81.7321,-129.045,82.8912,-129.844,1.6649169921875,0.0726579891529923,1.5263671875,1.7646484375,3409.75,148.80356178532824,8
ch2_cla_l1_20250801T193645221_20250801T193653221.fits,/home/saurabh/moon_project/data/CLASS/ch2_cla_l1_2025_08/cla/data/calibrated/2025/08/01/ch2_cla_l1_20250801T193645221_20250801T193653221.fits,2025-08-01T19:36:45.221,2025-08-01T19:36:53.221,2025-08-01T19:36:49.221,8.0,-48.7,13.5,91.7273,82.6787,-132.657,82.6748,-132.653,94.6103,94.6103,CLASS_add_scds.pro,2.1,47,1,"0,1,2,3,4,5,6,7,8,9,10,11,12,13,14,15,",83.1803,-136.521,82.0382,-134.725,82.141,-129.298,83.3006,-130.189,1.614013671875,0.0354572309606877,1.568359375,1.66552734375,3305.5,72.6164090074885,8
ch2_cla_l1_20250801T193653221_20250801T193701221.fits,/home/saurabh/moon_project/data/CLASS/ch2_cla_l1_2025_08/cla/data/calibrated/2025/08/01/ch2_cla_l1_20250801T193653221_20250801T193701221.fits,2025-08-01T19:36:53.221,2025-08-01T19:37:01.221,2025-08-01T19:36:57.221,8.0,-48.7,13.5,91.8677,83.0848,-133.161,83.0809,-133.156,94.259,94.259,CLASS_add_scds.pro,2.1,48,1,"0,1,2,3,4,5,6,7,8,9,10,11,12,13,14,15,",83.5816,-137.312,82.4412,-135.3,82.5496,-129.578,83.7097,-130.579,1.66864013671875,0.0377120223093804,1.609375,1.7177734375,3417.375,77.23422168961115,8
ch2_cla_l1_20250801T193701221_20250801T193709221.fits,/home/saurabh/moon_project/data/CLASS/ch2_cla_l1_2025_08/cla/data/calibrated/2025/08/01/ch2_cla_l1_20250801T193701221_20250801T193709221.fits,2025-08-01T19:37:01.221,2025-08-01T19:37:09.221,2025-08-01T19:37:05.221,8.0,-48.7,13.5,92.0085,83.4903,-133.727,83.4865,-133.721,93.9077,93.9077,CLASS_add_scds.pro,2.1,49,1,"0,1,2,3,4,5,6,7,8,9,10,11,12,13,14,15,",83.9814,-138.208,82.8433,-135.939,82.9581,-129.89,84.1184,-131.022,1.6187744140625,0.0351560077961646,1.568359375,1.66552734375,3315.25,71.99950396654529,8
ch2_cla_l1_20250801T193709221_20250801T193717221.fits,/home/saurabh/moon_project/data/CLASS/ch2_cla_l1_2025_08/cla/data/calibrated/2025/08/01/ch2_cla_l1_20250801T193709221_20250801T193717221.fits,2025-08-01T19:37:09.221,2025-08-01T19:37:17.221,2025-08-01T19:37:13.221,8.0,-48.8,13.5,92.1496,83.8951,-134.368,83.8913,-134.361,93.5564,93.5564,CLASS_add_scds.pro,2.1,50,1,"0,1,2,3,4,5,6,7,8,9,10,11,12,13,14,15,",84.3795,-139.229,83.2443,-136.654,83.3662,-130.24,84.5266,-131.53,1.69317626953125,0.0366707601264579,1.6396484375,1.74658203125,3467.625,75.10171673898579,8
ch2_cla_l1_20250801T193717221_20250801T193725221.fits,/home/saurabh/moon_project/data/CLASS/ch2_cla_l1_2025_08/cla/data/calibrated/2025/08/01/ch2_cla_l1_20250801T193717221_20250801T193725221.fits,2025-08-01T19:37:17.221,2025-08-01T19:37:25.221,2025-08-01T19:37:21.221,8.0,-48.8,13.5,92.2911,84.2989,-135.099,84.2951,-135.091,93.2051,93.2051,CLASS_add_scds.pro,2.1,51,1,"0,1,2,3,4,5,6,7,8,9,10,11,12,13,14,15,",84.7755,-140.406,83.6441,-137.458,83.7739,-130.636,84.9344,-132.119,1.63671875,0.0678954281754795,1.54443359375,1.76513671875,3352.0,139.04983690338202,8
ch2_cla_l1_20250801T193725221_20250801T193733221.fits,/home/saurabh/moon_project/data/CLASS/ch2_cla_l1_2025_08/cla/data/calibrated/2025/08/01/ch2_cla_l1_20250801T193725221_20250801T193733221.fits,2025-08-01T19:37:25.221,2025-08-01T19:37:33.221,2025-08-01T19:37:29.221,8.0,-48.7,13.5,92.433,84.7016,-135.94,84.6977,-135.932,92.8538,92.8538,CLASS_add_scds.pro,2.1,52,1,"0,1,2,3,4,5,6,7,8,9,10,11,12,13,14,15,",85.1689,-141.774,84.0424,-138.369,84.1813,-131.086,85.3414,-132.811,1.66888427734375,0.0523281293713698,1.57763671875,1.7373046875,3417.875,107.16800895256544,8
ch2_cla_l1_20250801T193733221_20250801T193741221.fits,/home/saurabh/moon_project/data/CLASS/ch2_cla_l1_2025_08/cla/data/calibrated/2025/08/01/ch2_cla_l1_20250801T193733221_20250801T193741221.fits,2025-08-01T19:37:33.221,2025-08-01T19:37:41.221,2025-08-01T19:37:37.221,8.0,-48.8,13.5,92.5752,85.1029,-136.919,85.0991,-136.909,92.5026,92.5026,CLASS_add_scds.pro,2.1,53,1,"0,1,2,3,4,5,6,7,8,9,10,11,12,13,14,15,",85.559,-143.383,84.439,-139.41,84.5882,-131.602,85.7475,-133.633,1.640625,0.0394434203388694,1.576171875,1.7060546875,3360.0,80.7801248540046,8
ch2_cla_l1_20250801T193741221_20250801T193749221.fits,/home/saurabh/moon_project/data/CLASS/ch2_cla_l1_2025_08/cla/data/calibrated/2025/08/01/ch2_cla_l1_20250801T193741221_20250801T193749221.fits,2025-08-01T19:37:41.221,2025-08-01T19:37:49.221,2025-08-01T19:37:45.221,8.0,-48.8,13.5,92.7177,85.5025,-138.071,85.4987,-138.059,92.1513,92.1513,CLASS_add_scds.pro,2.1,54,1,"0,1,2,3,4,5,6,7,8,9,10,11,12,13,14,15,",85.9448,-145.299,84.8333,-140.61,84.9946,-132.202,86.1525,-134.63,1.68670654296875,0.0638936852332404,1.61083984375,1.78759765625,3454.375,130.85426735767652,8
ch2_cla_l1_20250801T193749221_20250801T193757221.fits,/home/saurabh/moon_project/data/CLASS/ch2_cla_l1_2025_08/cla/data/calibrated/2025/08/01/ch2_cla_l1_20250801T193749221_20250801T193757221.fits,2025-08-01T19:37:49.221,2025-08-01T19:37:57.221,2025-08-01T19:37:53.221,8.0,-48.8,13.5,92.8605,85.8998,-139.446,85.8961,-139.432,91.8001,91.8001,CLASS_add_scds.pro,2.1,55,1,"0,1,2,3,4,5,6,7,8,9,10,11,12,13,14,15,",86.3252,-147.614,85.2249,-142.007,85.4001,-132.908,86.5561,-135.858,1.64898681640625,0.0806407502886383,1.52734375,1.755859375,3377.125,165.15225659113125,8
ch2_cla_l1_20250801T193757221_20250801T193805221.fits,/home/saurabh/moon_project/data/CLASS/ch2_cla_l1_2025_08/cla/data/calibrated/2025/08/01/ch2_cla_l1_20250801T193757221_20250801T193805221.fits,2025-08-01T19:37:57.221,2025-08-01T19:38:05.221,2025-08-01T19:38:01.221,8.0,-48.8,13.5,93.0037,86.2943,-141.114,86.2905,-141.097,91.4489,91.4489,CLASS_add_scds.pro,2.1,56,1,"0,1,2,3,4,5,6,7,8,9,10,11,12,13,14,15,",86.6982,-150.454,85.6133,-143.651,85.805,-133.749,86.9576,-137.408,1.6876220703125,0.0734250646573367,1.59716796875,1.794921875,3456.25,150.37453241822567,8
ch2_cla_l1_20250801T193805221_20250801T193813221.fits,/home/saurabh/moon_project/data/CLASS/ch2_cla_l1_2025_08/cla/data/calibrated/2025/08/01/ch2_cla_l1_20250801T193805221_20250801T193813221.fits,2025-08-01T19:38:05.221,2025-08-01T19:38:13.221,2025-08-01T19:38:09.221,8.0,-48.9,13.5,93.1472,86.6848,-143.175,86.6809,-143.153,91.0978,91.0978,CLASS_add_scds.pro,2.1,57,1,"0,1,2,3,4,5,6,7,8,9,10,11,12,13,14,15,",87.0609,-154.007,85.9972,-145.61,86.2085,-134.766,87.3562,-139.428,1.68243408203125,0.1022090037307256,1.546875,1.83154296875,3445.625,209.32403964052617,8
ch2_cla_l1_20250801T193813221_20250801T193821221.fits,/home/saurabh/moon_project/data/CLASS/ch2_cla_l1_2025_08/cla/data/calibrated/2025/08/01/ch2_cla_l1_20250801T193813221_20250801T193821221.fits,2025-08-01T19:38:13.221,2025-08-01T19:38:21.221,2025-08-01T19:38:17.221,8.0,-48.9,13.5,93.2909,87.0698,-145.782,87.066,-145.753,90.7467,90.7467,CLASS_add_scds.pro,2.1,58,1,"0,1,2,3,4,5,6,7,8,9,10,11,12,13,14,15,",87.4091,-158.532,86.3755,-147.982,86.6106,-136.026,87.7501,-142.155,1.67303466796875,0.0433655782261054,1.60498046875,1.74560546875,3426.375,88.81270420706392,8
ch2_cla_l1_20250801T193821221_20250801T193829221.fits,/home/saurabh/moon_project/data/CLASS/ch2_cla_l1_2025_08/cla/data/calibrated/2025/08/01/ch2_cla_l1_20250801T193821221_20250801T193829221.fits,2025-08-01T19:38:21.221,2025-08-01T19:38:29.221,2025-08-01T19:38:25.221,8.0,-48.9,13.5,93.435,87.4469,-149.165,87.4433,-149.127,90.3956,90.3956,CLASS_add_scds.pro,2.1,59,1,"0,1,2,3,4,5,6,7,8,9,10,11,12,13,14,15,",87.7364,-164.413,86.7459,-150.897,87.0104,-137.621,88.137,-146.027,1.69207763671875,0.0616704865908604,1.595703125,1.7841796875,3465.375,126.3011565380822,8
ch2_cla_l1_20250801T193829221_20250801T193837221.fits,/home/saurabh/moon_project/data/CLASS/ch2_cla_l1_2025_08/cla/data/calibrated/2025/08/01/ch2_cla_l1_20250801T193829221_20250801T193837221.fits,2025-08-01T19:38:29.221,2025-08-01T19:38:37.221,2025-08-01T19:38:33.221,8.0,-48.9,13.5,93.5793,87.8121,-153.697,87.8086,-153.643,90.0446,90.0446,CLASS_add_scds.pro,2.1,60,1,"0,1,2,3,4,5,6,7,8,9,10,11,12,13,14,15,",88.032,-172.162,87.1059,-154.549,87.4073,-139.706,88.5109,-151.879,1.69732666015625,0.0509589721864813,1.6240234375,1.7802734375,3476.125,104.36397503791376,8
ch2_cla_l1_20250801T193837221_20250801T193845221.fits,/home/saurabh/moon_project/data/CLASS/ch2_cla_l1_2025_08/cla/data/calibrated/2025/08/01/ch2_cla_l1_20250801T193837221_20250801T193845221.fits,2025-08-01T19:38:37.221,2025-08-01T19:38:45.221,2025-08-01T19:38:41.221,8.0,-48.9,13.5,93.7239,88.1581,-159.982,88.1549,-159.909,89.6936,89.6936,CLASS_add_scds.pro,2.1,61,1,"0,1,2,3,4,5,6,7,8,9,10,11,12,13,14,15,",88.2796,177.62,87.4508,-159.211,87.7995,-142.536,88.8591,-161.461,1.70538330078125,0.0651568354142207,1.61181640625,1.8046875,3492.625,133.44119892832413,8
ch2_cla_l1_20250801T193845221_20250801T193853221.fits,/home/saurabh/moon_project/data/CLASS/ch2_cla_l1_2025_08/cla/data/calibrated/2025/08/01/ch2_cla_l1_20250801T193845221_20250801T193853221.fits,2025-08-01T19:38:45.221,2025-08-01T19:38:53.221,2025-08-01T19:38:49.221,8.0,-48.9,13.5,93.8688,88.4722,-168.998,88.4694,-168.894,89.3427,89.3427,CLASS_add_scds.pro,2.1,62,1,"0,1,2,3,4,5,6,7,8,9,10,11,12,13,14,15,",88.456,164.556,87.7736,-165.275,88.184,-146.578,89.1496,-178.399,1.68865966796875,0.0368929986693841,1.6357421875,1.7490234375,3458.375,75.5568612748987,8
ch2_cla_l1_20250801T193853221_20250801T193901221.fits,/home/saurabh/moon_project/data/CLASS/ch2_cla_l1_2025_08/cla/data/calibrated/2025/08/01/ch2_cla_l1_20250801T193853221_20250801T193901221.fits,2025-08-01T19:38:53.221,2025-08-01T19:39:01.221,2025-08-01T19:38:57.221,8.0,-48.9,13.5,94.0139,88.7302,177.867,88.7281,178.021,88.9919,88.9919,CLASS_add_scds.pro,2.1,63,1,"0,1,2,3,4,5,6,7,8,9,10,11,12,13,14,15,",89.306,153.008,88.0633,-173.264,88.5546,-152.734,88.8972,-162.894,1.71661376953125,0.0626349694806708,1.6220703125,1.80322265625,3515.625,128.27641749641393,8
ch2_cla_l1_20250801T193901221_20250801T193909221.fits,/home/saurabh/moon_project/data/CLASS/ch2_cla_l1_2025_08/cla/data/calibrated/2025/08/01/ch2_cla_l1_20250801T193901221_20250801T193909221.fits,2025-08-01T19:39:01.221,2025-08-01T19:39:09.221,2025-08-01T19:39:05.221,8.0,-48.9,13.5,94.1593,88.8925,159.602,88.8915,159.805,88.6411,88.6411,CLASS_add_scds.pro,2.1,64,1,"0,1,2,3,4,5,6,7,8,9,10,11,12,13,14,15,",89.306,153.008,88.5024,133.281,88.469,162.903,88.8972,-162.894,1.7069091796875,0.0348934462868911,1.64990234375,1.763671875,3495.75,71.46177799555308,8
ch2_cla_l1_20250801T193909221_20250801T193917221.fits,/home/saurabh/moon_project/data/CLASS/ch2_cla_l1_2025_08/cla/data/calibrated/2025/08/01/ch2_cla_l1_20250801T193909221_20250801T193917221.fits,2025-08-01T19:39:09.221,2025-08-01T19:39:17.221,2025-08-01T19:39:13.221,8.0,-49.0,13.5,94.3049,88.9152,138.085,88.9157,138.296,88.2904,88.2904,CLASS_add_scds.pro,2.1,65,1,"0,1,2,3,4,5,6,7,8,9,10,11,12,13,14,15,",88.9953,98.8736,88.5024,133.281,88.469,162.903,89.3115,149.305,1.7337646484375,0.0496140365212717,1.65234375,1.8056640625,3550.75,101.60954679556444,8
ch2_cla_l1_20250801T193917221_20250801T193925221.fits,/home/saurabh/moon_project/data/CLASS/ch2_cla_l1_2025_08/cla/data/calibrated/2025/08/01/ch2_cla_l1_20250801T193917221_20250801T193925221.fits,2025-08-01T19:39:17.221,2025-08-01T19:39:25.221,2025-08-01T19:39:21.221,8.0,-49.0,13.5,94.4507,88.7905,118.462,88.7923,118.629,87.9398,87.9398,CLASS_add_scds.pro,2.1,66,1,"0,1,2,3,4,5,6,7,8,9,10,11,12,13,14,15,",88.9953,98.8736,88.1427,107.721,88.491,131.677,89.3115,149.305,1.70074462890625,0.0559030626852558,1.607421875,1.77880859375,3483.125,114.48947237940388,8
ch2_cla_l1_20250801T193925221_20250801T193933221.fits,/home/saurabh/moon_project/data/CLASS/ch2_cla_l1_2025_08/cla/data/calibrated/2025/08/01/ch2_cla_l1_20250801T193925221_20250801T193933221.fits,2025-08-01T19:39:25.221,2025-08-01T19:39:33.221,2025-08-01T19:39:29.221,8.0,-49.1,13.5,94.5968,88.5563,103.847,88.5589,103.966,87.5893,87.5893,CLASS_add_scds.pro,2.1,67,1,"0,1,2,3,4,5,6,7,8,9,10,11,12,13,14,15,",88.6664,86.7011,88.3019,79.533,87.8652,99.0168,89.222,117.65,1.75469970703125,0.0590032527456443,1.681640625,1.8427734375,3593.625,120.83866162307966,8
ch2_cla_l1_20250801T193933221_20250801T193941221.fits,/home/saurabh/moon_project/data/CLASS/ch2_cla_l1_2025_08/cla/data/calibrated/2025/08/01/ch2_cla_l1_20250801T193933221_20250801T193941221.fits,2025-08-01T19:39:33.221,2025-08-01T19:39:41.221,2025-08-01T19:39:37.221,8.0,-49.1,13.5,94.743,88.256,93.7699,88.2592,93.8501,87.2388,87.2388,CLASS_add_scds.pro,2.1,68,1,"0,1,2,3,4,5,6,7,8,9,10,11,12,13,14,15,",88.9651,97.2189,87.9202,74.9437,87.5501,92.4289,88.3431,117.823,1.6407470703125,0.0948551075474077,1.4921875,1.7724609375,3360.25,194.26326025709105,8
ch2_cla_l1_20250801T193941221_20250801T193949221.fits,/home/saurabh/moon_project/data/CLASS/ch2_cla_l1_2025_08/cla/data/calibrated/2025/08/01/ch2_cla_l1_20250801T193941221_20250801T193949221.fits,2025-08-01T19:39:41.221,2025-08-01T19:39:49.221,2025-08-01T19:39:45.221,8.0,-49.1,13.5,94.8895,87.9182,86.7999,87.9216,86.8567,86.8885,86.8885,CLASS_add_scds.pro,2.1,69,1,"0,1,2,3,4,5,6,7,8,9,10,11,12,13,14,15,",88.632,85.7684,87.5295,71.7904,87.2103,87.3928,88.1163,106.764,1.61492919921875,0.0979859590050194,1.4453125,1.7431640625,3307.375,200.67524404227984,8
ch2_cla_l1_20250801T193949221_20250801T193957221.fits,/home/saurabh/moon_project/data/CLASS/ch2_cla_l1_2025_08/cla/data/calibrated/2025/08/01/ch2_cla_l1_20250801T193949221_20250801T193957221.fits,2025-08-01T19:39:49.221,2025-08-01T19:39:57.221,2025-08-01T19:39:53.221,8.0,-49.1,13.5,95.0361,87.5584,81.8271,87.562,81.8682,86.5383,86.5383,CLASS_add_scds.pro,2.1,70,1,"0,1,2,3,4,5,6,7,8,9,10,11,12,13,14,15,",88.2662,78.9632,87.1337,69.5012,86.8539,83.4728,87.8354,98.3236,1.57989501953125,0.0790369217098086,1.47314453125,1.69873046875,3235.625,161.86761566168818,8
ch2_cla_l1_20250801T193957221_20250801T194005221.fits,/home/saurabh/moon_project/data/CLASS/ch2_cla_l1_2025_08/cla/data/calibrated/2025/08/01/ch2_cla_l1_20250801T193957221_20250801T194005221.fits,2025-08-01T19:39:57.221,2025-08-01T19:40:05.221,2025-08-01T19:40:01.221,8.0,-49.1,13.5,95.1829,87.1851,78.1511,87.189,78.1834,86.1881,86.1881,CLASS_add_scds.pro,2.1,71,1,"0,1,2,3,4,5,6,7,8,9,10,11,12,13,14,15,",87.8849,74.5674,86.7341,67.77,86.4856,80.3624,87.5188,91.9267,1.6552734375,0.0687914834641314,1.5654296875,1.76611328125,3390.0,140.8849581345412,8
ch2_cla_l1_20250801T194005221_20250801T194013221.fits,/home/saurabh/moon_project/data/CLASS/ch2_cla_l1_2025_08/cla/data/calibrated/2025/08/01/ch2_cla_l1_20250801T194005221_20250801T194013221.fits,2025-08-01T19:40:05.221,2025-08-01T19:40:13.221,2025-08-01T19:40:09.221,8.0,-49.1,13.5,95.3299,86.8029,75.3441,86.8069,75.3699,85.8381,85.8381,CLASS_add_scds.pro,2.1,72,1,"0,1,2,3,4,5,6,7,8,9,10,11,12,13,14,15,",87.4946,71.5246,86.3327,66.4163,86.1093,77.8479,87.1783,87.0217,1.5863037109375,0.0600434216553925,1.5087890625,1.68017578125,3248.75,122.96892755024396,8
ch2_cla_l1_20250801T194013221_20250801T194021221.fits,/home/saurabh/moon_project/data/CLASS/ch2_cla_l1_2025_08/cla/data/calibrated/2025/08/01/ch2_cla_l1_20250801T194013221_20250801T194021221.fits,2025-08-01T19:40:13.221,2025-08-01T19:40:21.221,2025-08-01T19:40:17.221,8.0,-49.1,13.5,95.477,86.4149,73.14,86.4189,73.1601,85.4882,85.4882,CLASS_add_scds.pro,2.1,73,1,"0,1,2,3,4,5,6,7,8,9,10,11,12,13,14,15,",87.0997,69.3071,85.9293,65.3298,85.7266,75.7796,86.822,83.1966,1.64324951171875,0.0422774853823258,1.5712890625,1.71337890625,3365.375,86.58429006300327,8
ch2_cla_l1_20250801T194021221_20250801T194029221.fits,/home/saurabh/moon_project/data/CLASS/ch2_cla_l1_2025_08/cla/data/calibrated/2025/08/01/ch2_cla_l1_20250801T194021221_20250801T194029221.fits,2025-08-01T19:40:21.221,2025-08-01T19:40:29.221,2025-08-01T19:40:25.221,8.0,-49.1,13.5,95.6243,86.0226,71.368,86.0266,71.3841,85.1384,85.1384,CLASS_add_scds.pro,2.1,74,1,"0,1,2,3,4,5,6,7,8,9,10,11,12,13,14,15,",86.7012,67.622,85.5247,64.4378,85.3393,74.0517,86.4542,80.1519,1.6097412109375,0.0555769542324269,1.53515625,1.6875,3296.75,113.82160226801037,8
ch2_cla_l1_20250801T194029221_20250801T194037221.fits,/home/saurabh/moon_project/data/CLASS/ch2_cla_l1_2025_08/cla/data/calibrated/2025/08/01/ch2_cla_l1_20250801T194029221_20250801T194037221.fits,2025-08-01T19:40:29.221,2025-08-01T19:40:37.221,2025-08-01T19:40:33.221,8.0,-49.1,13.5,95.7718,85.6273,69.9148,85.6312,69.9277,84.7887,84.7887,CLASS_add_scds.pro,2.1,75,1,"0,1,2,3,4,5,6,7,8,9,10,11,12,13,14,15,",86.3004,66.2984,85.1194,63.6937,84.9486,72.5904,86.0782,77.6827,1.66705322265625,0.0454895450641338,1.591796875,1.744140625,3414.125,93.1625882913461,8
ch2_cla_l1_20250801T194037221_20250801T194045221.fits,/home/saurabh/moon_project/data/CLASS/ch2_cla_l1_2025_08/cla/data/calibrated/2025/08/01/ch2_cla_l1_20250801T194037221_20250801T194045221.fits,2025-08-01T19:40:37.221,2025-08-01T19:40:45.221,2025-08-01T19:40:41.221,8.0,-49.2,13.5,95.9194,85.2297,68.7028,85.2337,68.7139,84.4392,84.4392,CLASS_add_scds.pro,2.1,76,1,"0,1,2,3,4,5,6,7,8,9,10,11,12,13,14,15,",85.8984,65.2345,84.7136,63.0634,84.5552,71.3396,85.6965,75.6497,1.617431640625,0.0501345866691119,1.5546875,1.70263671875,3312.5,102.67563349834134,8
ch2_cla_l1_20250801T194045221_20250801T194053221.fits,/home/saurabh/moon_project/data/CLASS/ch2_cla_l1_2025_08/cla/data/calibrated/2025/08/01/ch2_cla_l1_20250801T194045221_20250801T194053221.fits,2025-08-01T19:40:45.221,2025-08-01T19:40:53.221,2025-08-01T19:40:49.221,8.0,-49.2,13.5,96.0671,84.8304,67.6771,84.8345,67.6871,84.0898,84.0898,CLASS_add_scds.pro,2.1,77,1,"0,1,2,3,4,5,6,7,8,9,10,11,12,13,14,15,",85.4952,64.3603,84.3074,62.522,84.1597,70.2571,85.3103,73.9496,1.65252685546875,0.0418296023738539,1.5908203125,1.72216796875,3384.375,85.66702566165283,8
ch2_cla_l1_20250801T194053221_20250801T194101221.fits,/home/saurabh/moon_project/data/CLASS/ch2_cla_l1_2025_08/cla/data/calibrated/2025/08/01/ch2_cla_l1_20250801T194053221_20250801T194101221.fits,2025-08-01T19:40:53.221,2025-08-01T19:41:01.221,2025-08-01T19:40:57.221,8.0,-49.2,13.5,96.215,84.4298,66.7984,84.4339,66.8058,83.7405,83.7405,CLASS_add_scds.pro,2.1,78,1,"0,1,2,3,4,5,6,7,8,9,10,11,12,13,14,15,",85.0913,63.6285,83.9006,62.0518,83.7624,69.3114,84.9209,72.5087,1.65216064453125,0.0607383618181696,1.56689453125,1.7412109375,3383.625,124.39216500361152,8
ch2_cla_l1_20250801T194101221_20250801T194109221.fits,/home/saurabh/moon_project/data/CLASS/ch2_cla_l1_2025_08/cla/data/calibrated/2025/08/01/ch2_cla_l1_20250801T194101221_20250801T194109221.fits,2025-08-01T19:41:01.221,2025-08-01T19:41:09.221,2025-08-01T19:41:05.221,8.0,-49.2,13.5,96.3629,84.0281,66.0373,84.0322,66.0441,83.3914,83.3914,CLASS_add_scds.pro,2.1,79,1,"0,1,2,3,4,5,6,7,8,9,10,11,12,13,14,15,",84.6867,63.0071,83.4937,61.6408,83.3636,68.4796,84.5286,71.2726,1.65802001953125,0.0461130891367645,1.58203125,1.7216796875,3395.625,94.43960655209384,8
ch2_cla_l1_20250801T194109221_20250801T194117221.fits,/home/saurabh/moon_project/data/CLASS/ch2_cla_l1_2025_08/cla/data/calibrated/2025/08/01/ch2_cla_l1_20250801T194109221_20250801T194117221.fits,2025-08-01T19:41:09.221,2025-08-01T19:41:17.221,2025-08-01T19:41:13.221,8.0,-49.2,13.5,96.511,83.6255,65.3719,83.6296,65.3782,83.0424,83.0424,CLASS_add_scds.pro,2.1,80,1,"0,1,2,3,4,5,6,7,8,9,10,11,12,13,14,15,",84.2817,62.4745,83.0865,61.2781,82.9637,67.7425,84.1342,70.2033,1.6334228515625,0.0732504413132041,1.53515625,1.77197265625,3345.25,150.01690380944217,8
ch2_cla_l1_20250801T194117221_20250801T194125221.fits,/home/saurabh/moon_project/data/CLASS/ch2_cla_l1_2025_08/cla/data/calibrated/2025/08/01/ch2_cla_l1_20250801T194117221_20250801T194125221.fits,2025-08-01T19:41:17.221,2025-08-01T19:41:25.221,2025-08-01T19:41:21.221,8.0,-49.3,13.5,96.6592,83.2223,64.7853,83.2263,64.791,82.6936,82.6936,CLASS_add_scds.pro,2.1,81,1,"0,1,2,3,4,5,6,7,8,9,10,11,12,13,14,15,",83.8764,62.012,82.679,60.9548,82.5628,67.084,83.7381,69.269,1.66412353515625,0.054864363873799,1.57568359375,1.74462890625,3408.125,112.3622172135405,8
ch2_cla_l1_20250801T194125221_20250801T194133221.fits,/home/saurabh/moon_project/data/CLASS/ch2_cla_l1_2025_08/cla/data/calibrated/2025/08/01/ch2_cla_l1_20250801T194125221_20250801T194133221.fits,2025-08-01T19:41:25.221,2025-08-01T19:41:33.221,2025-08-01T19:41:29.221,8.0,-49.3,13.5,96.8075,82.8185,64.2642,82.8226,64.2692,82.3449,82.3449,CLASS_add_scds.pro,2.1,82,1,"0,1,2,3,4,5,6,7,8,9,10,11,12,13,14,15,",83.4706,61.6055,82.2715,60.6651,82.1611,66.4925,83.3406,68.4448,1.67340087890625,0.0675748375393057,1.5625,1.77490234375,3427.125,138.39326728049824,8
ch2_cla_l1_20250801T194133221_20250801T194141221.fits,/home/saurabh/moon_project/data/CLASS/ch2_cla_l1_2025_08/cla/data/calibrated/2025/08/01/ch2_cla_l1_20250801T194133221_20250801T194141221.fits,2025-08-01T19:41:33.221,2025-08-01T19:41:41.221,2025-08-01T19:41:37.221,8.0,-49.3,13.5,96.9558,82.4142,63.7983,82.4183,63.8029,81.9964,81.9964,CLASS_add_scds.pro,2.1,83,1,"0,1,2,3,4,5,6,7,8,9,10,11,12,13,14,15,",83.0647,61.2464,81.8639,60.4037,81.7588,65.9582,82.942,67.7135,1.65655517578125,0.075542800664963,1.55712890625,1.7705078125,3392.625,154.71165576184436,8
ch2_cla_l1_20250801T194141221_20250801T194149221.fits,/home/saurabh/moon_project/data/CLASS/ch2_cla_l1_2025_08/cla/data/calibrated/2025/08/01/ch2_cla_l1_20250801T194141221_20250801T194149221.fits,2025-08-01T19:41:41.221,2025-08-01T19:41:49.221,2025-08-01T19:41:45.221,8.0,-49.3,13.5,97.1043,82.0096,63.3793,82.0137,63.3832,81.6481,81.6481,CLASS_add_scds.pro,2.1,84,1,"0,1,2,3,4,5,6,7,8,9,10,11,12,13,14,15,",82.6588,60.9264,81.4561,60.1673,81.3558,65.4739,82.5424,67.0602,1.6771240234375,0.076961795133122,1.5400390625,1.7958984375,3434.75,157.61775643263402,8
ch2_cla_l1_20250801T194149221_20250801T194157221.fits,/home/saurabh/moon_project/data/CLASS/ch2_cla_l1_2025_08/cla/data/calibrated/2025/08/01/ch2_cla_l1_20250801T194149221_20250801T194157221.fits,2025-08-01T19:41:49.221,2025-08-01T19:41:57.221,2025-08-01T19:41:53.221,8.0,-49.3,13.5,97.2528,81.6047,63.0003,81.6088,63.0039,81.2999,81.2999,CLASS_add_scds.pro,2.1,85,1,"0,1,2,3,4,5,6,7,8,9,10,11,12,13,14,15,",82.2525,60.6397,81.0484,59.9525,80.9524,65.033,82.142,66.4732,1.67529296875,0.0767345397345567,1.5869140625,1.79150390625,3431.0,157.1523373763723,8
ch2_cla_l1_20250801T194157221_20250801T194205221.fits,/home/saurabh/moon_project/data/CLASS/ch2_cla_l1_2025_08/cla/data/calibrated/2025/08/01/ch2_cla_l1_20250801T194157221_20250801T194205221.fits,2025-08-01T19:41:57.221,2025-08-01T19:42:05.221,2025-08-01T19:42:01.221,8.0,-49.3,13.5,97.4013,81.1994,62.6559,81.2035,62.6595,80.9519,80.9519,CLASS_add_scds.pro,2.1,86,1,"0,1,2,3,4,5,6,7,8,9,10,11,12,13,14,15,",81.8463,60.3816,80.6405,59.7555,80.5485,64.6289,81.741,65.9435,1.70001220703125,0.0880872434531966,1.5654296875,1.82177734375,3481.625,180.4026745921468,8
ch2_cla_l1_20250801T194205221_20250801T194213221.fits,/home/saurabh/moon_project/data/CLASS/ch2_cla_l1_2025_08/cla/data/calibrated/2025/08/01/ch2_cla_l1_20250801T194205221_20250801T194213221.fits,2025-08-01T19:42:05.221,2025-08-01T19:42:13.221,2025-08-01T19:42:09.221,8.0,-49.3,13.5,97.55,80.794,62.3416,80.7982,62.345,80.6041,80.6041,CLASS_add_scds.pro,2.1,87,1,"0,1,2,3,4,5,6,7,8,9,10,11,12,13,14,15,",81.4398,60.1472,80.2327,59.575,80.1443,64.2581,81.3393,65.4621,1.662109375,0.0427087622077134,1.60205078125,1.72998046875,3404.0,87.46754500139711,8
ch2_cla_l1_20250801T194213221_20250801T194221221.fits,/home/saurabh/moon_project/data/CLASS/ch2_cla_l1_2025_08/cla/data/calibrated/2025/08/01/ch2_cla_l1_20250801T194213221_20250801T194221221.fits,2025-08-01T19:42:13.221,2025-08-01T19:42:21.221,2025-08-01T19:42:17.221,8.0,-49.3,13.5,97.6986,80.3884,62.0535,80.3925,62.0565,80.2565,80.2565,CLASS_add_scds.pro,2.1,88,1,"0,1,2,3,4,5,6,7,8,9,10,11,12,13,14,15,",81.0334,59.9342,79.8249,59.4081,79.7398,63.9158,80.9372,65.0237,1.7039794921875,0.0785314613102202,1.5732421875,1.81640625,3489.75,160.83243276333113,8
ch2_cla_l1_20250801T194221221_20250801T194229221.fits,/home/saurabh/moon_project/data/CLASS/ch2_cla_l1_2025_08/cla/data/calibrated/2025/08/01/ch2_cla_l1_20250801T194221221_20250801T194229221.fits,2025-08-01T19:42:21.221,2025-08-01T19:42:29.221,2025-08-01T19:42:25.221,8.0,-49.4,13.5,97.8473,79.9827,61.7885,79.9868,61.7913,79.9091,79.9091,CLASS_add_scds.pro,2.1,89,1,"0,1,2,3,4,5,6,7,8,9,10,11,12,13,14,15,",80.627,59.7386,79.4171,59.254,79.3351,63.5996,80.5347,64.6217,1.68743896484375,0.0467865882155436,1.62451171875,1.77001953125,3455.875,95.81893266543338,8
ch2_cla_l1_20250801T194229221_20250801T194237221.fits,/home/saurabh/moon_project/data/CLASS/ch2_cla_l1_2025_08/cla/data/calibrated/2025/08/01/ch2_cla_l1_20250801T194229221_20250801T194237221.fits,2025-08-01T19:42:29.221,2025-08-01T19:42:37.221,2025-08-01T19:42:33.221,8.0,-49.4,13.5,97.996,79.5768,61.5439,79.5809,61.5462,79.5619,79.5619,CLASS_add_scds.pro,2.1,90,1,"0,1,2,3,4,5,6,7,8,9,10,11,12,13,14,15,",80.2205,59.5592,79.0091,59.1111,78.93,63.3062,80.1319,64.2526,1.72528076171875,0.0588361901544619,1.6123046875,1.7939453125,3533.375,120.49651743633802,8
ch2_cla_l1_20250801T194237221_20250801T194245221.fits,/home/saurabh/moon_project/data/CLASS/ch2_cla_l1_2025_08/cla/data/calibrated/2025/08/01/ch2_cla_l1_20250801T194237221_20250801T194245221.fits,2025-08-01T19:42:37.221,2025-08-01T19:42:45.221,2025-08-01T19:42:41.221,8.0,-49.5,13.5,98.1448,79.1708,61.3173,79.1749,61.3197,79.2149,79.2149,CLASS_add_scds.pro,2.1,91,1,"0,1,2,3,4,5,6,7,8,9,10,11,12,13,14,15,",79.814,59.3938,78.6012,58.9782,78.5248,63.0336,79.7287,63.9122,1.66888427734375,0.0338446565342348,1.6103515625,1.71826171875,3417.875,69.31385658211289,8
ch2_cla_l1_20250801T194245221_20250801T194253221.fits,/home/saurabh/moon_project/data/CLASS/ch2_cla_l1_2025_08/cla/data/calibrated/2025/08/01/ch2_cla_l1_20250801T194245221_20250801T194253221.fits,2025-08-01T19:42:45.221,2025-08-01T19:42:53.221,2025-08-01T19:42:49.221,8.0,-49.5,13.5,98.2935,78.7647,61.1069,78.7689,61.1094,78.8681,78.8681,CLASS_add_scds.pro,2.1,92,1,"0,1,2,3,4,5,6,7,8,9,10,11,12,13,14,15,",79.4074,59.241,78.1934,58.8542,78.1194,62.7793,79.3252,63.5975,1.74749755859375,0.0362076150748821,1.6875,1.79345703125,3578.875,74.15319567335874,8
ch2_cla_l1_20250801T194253221_20250801T194301221.fits,/home/saurabh/moon_project/data/CLASS/ch2_cla_l1_2025_08/cla/data/calibrated/2025/08/01/ch2_cla_l1_20250801T194253221_20250801T194301221.fits,2025-08-01T19:42:53.221,2025-08-01T19:43:01.221,2025-08-01T19:42:57.221,8.0,-49.5,13.5,98.4423,78.3586,60.9109,78.3627,60.9129,78.5215,78.5215,CLASS_add_scds.pro,2.1,93,1,"0,1,2,3,4,5,6,7,8,9,10,11,12,13,14,15,",79.001,59.0992,77.7855,58.7379,77.7138,62.5414,78.9216,63.3056,1.6953125,0.036273931111261,1.6513671875,1.75390625,3472.0,74.28901091586253,8
ch2_cla_l1_20250801T194301221_20250801T194309221.fits,/home/saurabh/moon_project/data/CLASS/ch2_cla_l1_2025_08/cla/data/calibrated/2025/08/01/ch2_cla_l1_20250801T194301221_20250801T194309221.fits,2025-08-01T19:43:01.221,2025-08-01T19:43:09.221,2025-08-01T19:43:05.221,8.0,-49.5,13.5,98.591,77.9524,60.7279,77.9565,60.7299,78.1752,78.1752,CLASS_add_scds.pro,2.1,94,1,"0,1,2,3,4,5,6,7,8,9,10,11,12,13,14,15,",78.5944,58.9667,77.3777,58.6293,77.3082,62.3189,78.5177,63.0335,1.7379150390625,0.0574447601061159,1.64892578125,1.82763671875,3559.25,117.64686869732536,8
ch2_cla_l1_20250801T194309221_20250801T194317221.fits,/home/saurabh/moon_project/data/CLASS/ch2_cla_l1_2025_08/cla/data/calibrated/2025/08/01/ch2_cla_l1_20250801T194309221_20250801T194317221.fits,2025-08-01T19:43:09.221,2025-08-01T19:43:17.221,2025-08-01T19:43:13.221,8.0,-49.5,13.5,98.7397,77.5461,60.5566,77.5502,60.5585,77.829,77.829,CLASS_add_scds.pro,2.1,95,1,"0,1,2,3,4,5,6,7,8,9,10,11,12,13,14,15,",78.1879,58.8435,76.9698,58.5268,76.9024,62.1096,78.1137,62.7802,1.69854736328125,0.0366270805188299,1.64208984375,1.7607421875,3478.625,75.0122609025637,8
ch2_cla_l1_20250801T194317221_20250801T194325221.fits,/home/saurabh/moon_project/data/CLASS/ch2_cla_l1_2025_08/cla/data/calibrated/2025/08/01/ch2_cla_l1_20250801T194317221_20250801T194325221.fits,2025-08-01T19:43:17.221,2025-08-01T19:43:25.221,2025-08-01T19:43:21.221,8.0,-49.5,13.5,98.8885,77.1398,60.396,77.1439,60.3976,77.4831,77.4831,CLASS_add_scds.pro,2.1,96,1,"0,1,2,3,4,5,6,7,8,9,10,11,12,13,14,15,",77.7813,58.7279,76.562,58.4304,76.4965,61.9128,77.7094,62.543,1.7578125,0.0571572183546196,1.6708984375,1.84814453125,3600.0,117.057983190261,8
ch2_cla_l1_20250801T194325221_20250801T194333221.fits,/home/saurabh/moon_project/data/CLASS/ch2_cla_l1_2025_08/cla/data/calibrated/2025/08/01/ch2_cla_l1_20250801T194325221_20250801T194333221.fits,2025-08-01T19:43:25.221,2025-08-01T19:43:33.221,2025-08-01T19:43:29.221,8.0,-49.5,13.5,99.0371,76.7335,60.2449,76.7376,60.2463,77.1375,77.1375,CLASS_add_scds.pro,2.1,97,1,"0,1,2,3,4,5,6,7,8,9,10,11,12,13,14,15,",77.3748,58.6193,76.1543,58.3394,76.0906,61.7274,77.3051,62.3206,1.70294189453125,0.0855465953048443,1.572265625,1.79833984375,3487.625,175.19942718432125,8
ch2_cla_l1_20250801T194333221_20250801T194341221.fits,/home/saurabh/moon_project/data/CLASS/ch2_cla_l1_2025_08/cla/data/calibrated/2025/08/01/ch2_cla_l1_20250801T194333221_20250801T194341221.fits,2025-08-01T19:43:33.221,2025-08-01T19:43:41.221,2025-08-01T19:43:37.221,8.0,-49.5,13.5,99.1858,76.3272,60.1026,76.3316,60.1045,76.792,76.792,CLASS_add_scds.pro,2.1,98,1,"0,1,2,3,4,5,6,7,8,9,10,11,12,13,14,15,",76.9684,58.5177,75.7468,58.2536,75.6847,61.5525,76.9007,62.1123,1.7454833984375,0.0749256628480583,1.6533203125,1.86083984375,3574.75,153.44775751282353,8
ch2_cla_l1_20250801T194341221_20250801T194349221.fits,/home/saurabh/moon_project/data/CLASS/ch2_cla_l1_2025_08/cla/data/calibrated/2025/08/01/ch2_cla_l1_20250801T194341221_20250801T194349221.fits,2025-08-01T19:43:41.221,2025-08-01T19:43:49.221,2025-08-01T19:43:45.221,8.0,-49.5,13.5,99.3344,75.9209,59.9684,75.9252,59.97,76.4469,76.4469,CLASS_add_scds.pro,2.1,99,1,"0,1,2,3,4,5,6,7,8,9,10,11,12,13,14,15,",76.5621,58.4221,75.3391,58.1722,75.2786,61.3869,76.4963,61.9163,1.720703125,0.0857597593753912,1.5849609375,1.8291015625,3524.0,175.6359872008012,8
ch2_cla_l1_20250801T194349221_20250801T194357221.fits,/home/saurabh/moon_project/data/CLASS/ch2_cla_l1_2025_08/cla/data/calibrated/2025/08/01/ch2_cla_l1_20250801T194349221_20250801T194357221.fits,2025-08-01T19:43:49.221,2025-08-01T19:43:57.221,2025-08-01T19:43:53.221,8.0,-49.6,13.5,99.483,75.5145,59.8414,75.5188,59.8429,76.102,76.102,CLASS_add_scds.pro,2.1,100,1,"0,1,2,3,4,5,6,7,8,9,10,11,12,13,14,15,",76.1557,58.3317,74.9315,58.0948,74.8724,61.23,76.0917,61.7314,1.70208740234375,0.0912820822722173,1.58251953125,1.85693359375,3485.875,186.94570449350107,8
ch2_cla_l1_20250801T194357221_20250801T194405221.fits,/home/saurabh/moon_project/data/CLASS/ch2_cla_l1_2025_08/cla/data/calibrated/2025/08/01/ch2_cla_l1_20250801T194357221_20250801T194405221.fits,2025-08-01T19:43:57.221,2025-08-01T19:44:05.221,2025-08-01T19:44:01.221,8.0,-49.6,13.5,99.6315,75.1082,59.7212,75.1124,59.7226,75.7573,75.7573,CLASS_add_scds.pro,2.1,101,1,"0,1,2,3,4,5,6,7,8,9,10,11,12,13,14,15,",75.7494,58.2461,74.5239,58.0215,74.4663,61.0813,75.687,61.5567,1.6025390625,0.0788842501045093,1.4912109375,1.7216796875,3282.0,161.55494421403512,8
ch2_cla_l1_20250801T194405221_20250801T194413221.fits,/home/saurabh/moon_project/data/CLASS/ch2_cla_l1_2025_08/cla/data/calibrated/2025/08/01/ch2_cla_l1_20250801T194405221_20250801T194413221.fits,2025-08-01T19:44:05.221,2025-08-01T19:44:13.221,2025-08-01T19:44:09.221,8.0,-49.6,13.5,99.7799,74.7019,59.6072,74.7061,59.6086,75.4129,75.4129,CLASS_add_scds.pro,2.1,102,1,"0,1,2,3,4,5,6,7,8,9,10,11,12,13,14,15,",75.3431,58.1651,74.1163,57.9517,74.0601,60.9401,75.2823,61.3915,1.62640380859375,0.0450954991420502,1.56884765625,1.6943359375,3330.875,92.35558224291896,8
ch2_cla_l1_20250801T194413221_20250801T194421221.fits,/home/saurabh/moon_project/data/CLASS/ch2_cla_l1_2025_08/cla/data/calibrated/2025/08/01/ch2_cla_l1_20250801T194413221_20250801T194421221.fits,2025-08-01T19:44:13.221,2025-08-01T19:44:21.221,2025-08-01T19:44:17.221,8.0,-49.6,13.5,99.9283,74.2956,59.499,74.2997,59.5002,75.0688,75.0688,CLASS_add_scds.pro,2.1,103,1,"0,1,2,3,4,5,6,7,8,9,10,11,12,13,14,15,",74.9368,58.0882,73.7088,57.885,73.6539,60.8054,74.8775,61.235,1.63934326171875,0.0584971403487303,1.5517578125,1.732421875,3357.375,119.80214343419976,8
ch2_cla_l1_20250801T194421221_20250801T194429221.fits,/home/saurabh/moon_project/data/CLASS/ch2_cla_l1_2025_08/cla/data/calibrated/2025/08/01/ch2_cla_l1_20250801T194421221_20250801T194429221.fits,2025-08-01T19:44:21.221,2025-08-01T19:44:29.221,2025-08-01T19:44:25.221,8.0,-49.6,13.5,100.077,73.8893,59.396,73.8935,59.3971,74.725,74.725,CLASS_add_scds.pro,2.1,104,1,"0,1,2,3,4,5,6,7,8,9,10,11,12,13,14,15,",74.5306,58.015,73.3014,57.8216,73.2477,60.6775,74.4728,61.0863,1.62939453125,0.0367700653016546,1.578125,1.68408203125,3337.0,75.3050937377887,8
ch2_cla_l1_20250801T194429221_20250801T194437221.fits,/home/saurabh/moon_project/data/CLASS/ch2_cla_l1_2025_08/cla/data/calibrated/2025/08/01/ch2_cla_l1_20250801T194429221_20250801T194437221.fits,2025-08-01T19:44:29.221,2025-08-01T19:44:37.221,2025-08-01T19:44:33.221,8.0,-49.6,13.5,100.225,73.483,59.2979,73.4872,59.2989,74.3814,74.3814,CLASS_add_scds.pro,2.1,105,1,"0,1,2,3,4,5,6,7,8,9,10,11,12,13,14,15,",74.1244,57.9455,72.894,57.7608,72.8414,60.5553,74.0679,60.9453,1.64007568359375,0.0642591256832783,1.5546875,1.7275390625,3358.875,131.60268939935406,8
ch2_cla_l1_20250801T194437221_20250801T194445221.fits,/home/saurabh/moon_project/data/CLASS/ch2_cla_l1_2025_08/cla/data/calibrated/2025/08/01/ch2_cla_l1_20250801T194437221_20250801T194445221.fits,2025-08-01T19:44:37.221,2025-08-01T19:44:45.221,2025-08-01T19:44:41.221,8.0,-49.6,13.5,100.373,73.0767,59.2043,73.0809,59.2052,74.0381,74.0381,CLASS_add_scds.pro,2.1,106,1,"0,1,2,3,4,5,6,7,8,9,10,11,12,13,14,15,",73.7182,57.8792,72.4867,57.7027,72.4352,60.4387,73.6631,60.811,1.63525390625,0.0297216233636102,1.59326171875,1.68115234375,3349.0,60.86988464867383,8
ch2_cla_l1_20250801T194445221_20250801T194453221.fits,/home/saurabh/moon_project/data/CLASS/ch2_cla_l1_2025_08/cla/data/calibrated/2025/08/01/ch2_cla_l1_20250801T194445221_20250801T194453221.fits,2025-08-01T19:44:45.221,2025-08-01T19:44:53.221,2025-08-01T19:44:49.221,8.0,-49.6,13.5,100.521,72.6705,59.1149,72.6747,59.1159,73.6952,73.6952,CLASS_add_scds.pro,2.1,107,1,"0,1,2,3,4,5,6,7,8,9,10,11,12,13,14,15,",73.3122,57.8159,72.0794,57.6471,72.029,60.3272,73.2582,60.6831,1.66290283203125,0.0663302652012757,1.5703125,1.73779296875,3405.625,135.8443831322128,8
ch2_cla_l1_20250801T194453221_20250801T194501221.fits,/home/saurabh/moon_project/data/CLASS/ch2_cla_l1_2025_08/cla/data/calibrated/2025/08/01/ch2_cla_l1_20250801T194453221_20250801T194501221.fits,2025-08-01T19:44:53.221,2025-08-01T19:45:01.221,2025-08-01T19:44:57.221,8.0,-49.6,13.5,100.669,72.2643,59.0295,72.2686,59.0304,73.3525,73.3525,CLASS_add_scds.pro,2.1,108,1,"0,1,2,3,4,5,6,7,8,9,10,11,12,13,14,15,",72.9062,57.7553,71.6722,57.5938,71.6228,60.2205,72.8534,60.561,1.62432861328125,0.0635499969608477,1.52392578125,1.71826171875,3326.625,130.15039377581613,8
ch2_cla_l1_20250801T194501221_20250801T194509221.fits,/home/saurabh/moon_project/data/CLASS/ch2_cla_l1_2025_08/cla/data/calibrated/2025/08/01/ch2_cla_l1_20250801T194501221_20250801T194509221.fits,2025-08-01T19:45:01.221,2025-08-01T19:45:09.221,2025-08-01T19:45:05.221,8.0,-49.6,13.5,100.817,71.8581,58.9477,71.8624,58.9486,73.0102,73.0102,CLASS_add_scds.pro,2.1,109,1,"0,1,2,3,4,5,6,7,8,9,10,11,12,13,14,15,",72.5002,57.6976,71.2649,57.5426,71.2165,60.1183,72.4485,60.4446,1.66839599609375,0.0493184349581624,1.59912109375,1.7470703125,3416.875,101.00415479431668,8
ch2_cla_l1_20250801T194509221_20250801T194517221.fits,/home/saurabh/moon_project/data/CLASS/ch2_cla_l1_2025_08/cla/data/calibrated/2025/08/01/ch2_cla_l1_20250801T194509221_20250801T194517221.fits,2025-08-01T19:45:09.221,2025-08-01T19:45:17.221,2025-08-01T19:45:13.221,8.0,-49.6,13.5,100.964,71.452,58.8694,71.4562,58.8702,72.6681,72.6681,CLASS_add_scds.pro,2.1,110,1,"0,1,2,3,4,5,6,7,8,9,10,11,12,13,14,15,",72.0942,57.6421,70.8579,57.4933,70.8103,60.0203,72.0436,60.3332,1.64385986328125,0.0612087027678852,1.54296875,1.73291015625,3366.625,125.35542326862904,8
ch2_cla_l1_20250801T194517221_20250801T194525221.fits,/home/saurabh/moon_project/data/CLASS/ch2_cla_l1_2025_08/cla/data/calibrated/2025/08/01/ch2_cla_l1_20250801T194517221_20250801T194525221.fits,2025-08-01T19:45:17.221,2025-08-01T19:45:25.221,2025-08-01T19:45:21.221,8.0,-49.6,13.5,101.112,71.0459,58.7943,71.0501,58.795,72.3264,72.3264,CLASS_add_scds.pro,2.1,111,1,"0,1,2,3,4,5,6,7,8,9,10,11,12,13,14,15,",71.6884,57.589,70.4507,57.446,70.4041,59.9262,71.6387,60.2266,1.6888427734375,0.0959628393082568,1.498046875,1.806640625,3458.75,196.53189490331008,8
ch2_cla_l1_20250801T194525221_20250801T194533221.fits,/home/saurabh/moon_project/data/CLASS/ch2_cla_l1_2025_08/cla/data/calibrated/2025/08/01/ch2_cla_l1_20250801T194525221_20250801T194533221.fits,2025-08-01T19:45:25.221,2025-08-01T19:45:33.221,2025-08-01T19:45:29.221,8.0,-49.6,13.5,101.259,70.6398,58.7221,70.644,58.7228,71.985,71.985,CLASS_add_scds.pro,2.1,112,1,"0,1,2,3,4,5,6,7,8,9,10,11,12,13,14,15,",71.2825,57.5379,70.0438,57.4004,69.998,59.8358,71.2338,60.1244,1.63580322265625,0.0756507063752632,1.544921875,1.76171875,3350.125,154.9326466565391,8
ch2_cla_l1_20250801T194533221_20250801T194541221.fits,/home/saurabh/moon_project/data/CLASS/ch2_cla_l1_2025_08/cla/data/calibrated/2025/08/01/ch2_cla_l1_20250801T194533221_20250801T194541221.fits,2025-08-01T19:45:33.221,2025-08-01T19:45:41.221,2025-08-01T19:45:37.221,8.0,-49.6,13.5,101.407,70.2338,58.6528,70.2381,58.6536,71.6439,71.6439,CLASS_add_scds.pro,2.1,113,1,"0,1,2,3,4,5,6,7,8,9,10,11,12,13,14,15,",70.8767,57.4888,69.6368,57.3565,69.5918,59.749,70.829,60.0265,1.7044677734375,0.0708105221516508,1.61376953125,1.81396484375,3490.75,145.019949366581,8
ch2_cla_l1_20250801T194541221_20250801T194549221.fits,/home/saurabh/moon_project/data/CLASS/ch2_cla_l1_2025_08/cla/data/calibrated/2025/08/01/ch2_cla_l1_20250801T194541221_20250801T194549221.fits,2025-08-01T19:45:41.221,2025-08-01T19:45:49.221,2025-08-01T19:45:45.221,8.0,-49.6,13.5,101.554,69.8278,58.5861,69.832,58.5868,71.3032,71.3032,CLASS_add_scds.pro,2.1,114,1,"0,1,2,3,4,5,6,7,8,9,10,11,12,13,14,15,",70.471,57.4418,69.2299,57.314,69.1857,59.6653,70.4241,59.9326,1.65362548828125,0.0738585198332809,1.56494140625,1.77490234375,3386.625,151.26224861855934,8
ch2_cla_l1_20250801T194549221_20250801T194557221.fits,/home/saurabh/moon_project/data/CLASS/ch2_cla_l1_2025_08/cla/data/calibrated/2025/08/01/ch2_cla_l1_20250801T194549221_20250801T194557221.fits,2025-08-01T19:45:49.221,2025-08-01T19:45:57.221,2025-08-01T19:45:53.221,8.0,-49.6,13.5,101.701,69.4219,58.5219,69.4261,58.5225,70.9628,70.9628,CLASS_add_scds.pro,2.1,115,1,"0,1,2,3,4,5,6,7,8,9,10,11,12,13,14,15,",70.0653,57.3962,68.8231,57.2731,68.7796,59.5847,70.0193,59.8421,1.692138671875,0.0440095946019395,1.626953125,1.76220703125,3465.5,90.13164974477216,8
ch2_cla_l1_20250801T194557221_20250801T194605221.fits,/home/saurabh/moon_project/data/CLASS/ch2_cla_l1_2025_08/cla/data/calibrated/2025/08/01/ch2_cla_l1_20250801T194557221_20250801T194605221.fits,2025-08-01T19:45:57.221,2025-08-01T19:46:05.221,2025-08-01T19:46:01.221,8.0,-49.6,13.5,101.847,69.016,58.4601,69.0202,58.4607,70.6228,70.6228,CLASS_add_scds.pro,2.1,116,1,"0,1,2,3,4,5,6,7,8,9,10,11,12,13,14,15,",69.6598,57.3524,68.4163,57.2335,68.3735,59.5071,69.6146,59.7552,1.65521240234375,0.0536959936978039,1.568359375,1.72705078125,3389.875,109.9693950931024,8
ch2_cla_l1_20250801T194605221_20250801T194613221.fits,/home/saurabh/moon_project/data/CLASS/ch2_cla_l1_2025_08/cla/data/calibrated/2025/08/01/ch2_cla_l1_20250801T194605221_20250801T194613221.fits,2025-08-01T19:46:05.221,2025-08-01T19:46:13.221,2025-08-01T19:46:09.221,8.0,-49.6,13.5,101.994,68.6101,58.4004,68.6144,58.401,70.2831,70.2831,CLASS_add_scds.pro,2.1,117,1,"0,1,2,3,4,5,6,7,8,9,10,11,12,13,14,15,",69.2542,57.31,68.0096,57.1954,67.9676,59.4324,69.2097,59.6716,1.71234130859375,0.0479713031698188,1.64697265625,1.79052734375,3506.875,98.24522889178894,8
ch2_cla_l1_20250801T194613221_20250801T194621221.fits,/home/saurabh/moon_project/data/CLASS/ch2_cla_l1_2025_08/cla/data/calibrated/2025/08/01/ch2_cla_l1_20250801T194613221_20250801T194621221.fits,2025-08-01T19:46:13.221,2025-08-01T19:46:21.221,2025-08-01T19:46:17.221,8.0,-49.6,13.5,102.14,68.2043,58.3428,68.2086,58.3435,69.9439,69.9439,CLASS_add_scds.pro,2.1,118,1,"0,1,2,3,4,5,6,7,8,9,10,11,12,13,14,15,",68.8487,57.2694,67.6029,57.1584,67.5615,59.3601,68.8051,59.5912,1.6597900390625,0.0567402081693479,1.58984375,1.759765625,3399.25,116.20394633082452,8
ch2_cla_l1_20250801T194621221_20250801T194629221.fits,/home/saurabh/moon_project/data/CLASS/ch2_cla_l1_2025_08/cla/data/calibrated/2025/08/01/ch2_cla_l1_20250801T194621221_20250801T194629221.fits,2025-08-01T19:46:21.221,2025-08-01T19:46:29.221,2025-08-01T19:46:25.221,8.0,-49.6,13.5,102.287,67.7986,58.2872,67.8029,58.2879,69.6049,69.6049,CLASS_add_scds.pro,2.1,119,1,"0,1,2,3,4,5,6,7,8,9,10,11,12,13,14,15,",68.4433,57.2299,67.1963,57.1225,67.1555,59.2903,68.4003,59.5136,1.7037353515625,0.0360183375294326,1.65869140625,1.75537109375,3489.25,73.7655552602781,8
ch2_cla_l1_20250801T194629221_20250801T194637221.fits,/home/saurabh/moon_project/data/CLASS/ch2_cla_l1_2025_08/cla/data/calibrated/2025/08/01/ch2_cla_l1_20250801T194629221_20250801T194637221.fits,2025-08-01T19:46:29.221,2025-08-01T19:46:37.221,2025-08-01T19:46:33.221,8.0,-49.6,13.5,102.433,67.3929,58.2335,67.3971,58.2341,69.2664,69.2664,CLASS_add_scds.pro,2.1,120,1,"0,1,2,3,4,5,6,7,8,9,10,11,12,13,14,15,",68.0378,57.1917,66.7898,57.0878,66.7496,59.2228,67.9956,59.4387,1.67950439453125,0.0534725696211936,1.6064453125,1.7734375,3439.625,109.51182258420452,8
ch2_cla_l1_20250801T194637221_20250801T194645221.fits,/home/saurabh/moon_project/data/CLASS/ch2_cla_l1_2025_08/cla/data/calibrated/2025/08/01/ch2_cla_l1_20250801T194637221_20250801T194645221.fits,2025-08-01T19:46:37.221,2025-08-01T19:46:45.221,2025-08-01T19:46:41.221,8.0,-49.6,13.5,102.578,66.9872,58.1815,66.9915,58.1821,68.9282,68.9282,CLASS_add_scds.pro,2.1,121,1,"0,1,2,3,4,5,6,7,8,9,10,11,12,13,14,15,",67.6325,57.1548,66.3832,57.054,66.3437,59.1575,67.5909,59.3664,1.7294921875,0.037807691824613,1.6767578125,1.79052734375,3542.0,77.43015285680748,8
ch2_cla_l1_20250801T194645221_20250801T194653221.fits,/home/saurabh/moon_project/data/CLASS/ch2_cla_l1_2025_08/cla/data/calibrated/2025/08/01/ch2_cla_l1_20250801T194645221_20250801T194653221.fits,2025-08-01T19:46:45.221,2025-08-01T19:46:53.221,2025-08-01T19:46:49.221,8.0,-49.6,13.5,102.724,66.5816,58.1312,66.5858,58.1318,68.5905,68.5905,CLASS_add_scds.pro,2.1,122,1,"0,1,2,3,4,5,6,7,8,9,10,11,12,13,14,15,",67.2272,57.119,65.9768,57.0213,65.9378,59.0943,67.1863,59.2966,1.70013427734375,0.0805418563363902,1.5771484375,1.81982421875,3481.875,164.94972177692728,8
ch2_cla_l1_20250801T194653221_20250801T194701221.fits,/home/saurabh/moon_project/data/CLASS/ch2_cla_l1_2025_08/cla/data/calibrated/2025/08/01/ch2_cla_l1_20250801T194653221_20250801T194701221.fits,2025-08-01T19:46:53.221,2025-08-01T19:47:01.221,2025-08-01T19:46:57.221,8.0,-49.6,13.5,102.87,66.176,58.0825,66.1803,58.0831,68.2531,68.2531,CLASS_add_scds.pro,2.1,123,1,"0,1,2,3,4,5,6,7,8,9,10,11,12,13,14,15,",66.822,57.0844,65.5704,56.9895,65.532,59.0331,66.7816,59.229,1.7105712890625,0.0581542470921956,1.61083984375,1.78857421875,3503.25,119.09989804481664,8
ch2_cla_l1_20250801T194701221_20250801T194709221.fits,/home/saurabh/moon_project/data/CLASS/ch2_cla_l1_2025_08/cla/data/calibrated/2025/08/01/ch2_cla_l1_20250801T194701221_20250801T194709221.fits,2025-08-01T19:47:01.221,2025-08-01T19:47:09.221,2025-08-01T19:47:05.221,8.0,-49.6,13.5,103.015,65.7705,58.0353,65.7748,58.0359,67.9162,67.9162,CLASS_add_scds.pro,2.1,124,1,"0,1,2,3,4,5,6,7,8,9,10,11,12,13,14,15,",66.4169,57.0508,65.164,56.9586,65.1261,58.9738,66.3771,59.1638,1.7244873046875,0.0702037879126831,1.61328125,1.8349609375,3531.75,143.77735764517504,8
ch2_cla_l1_20250801T194709221_20250801T194717221.fits,/home/saurabh/moon_project/data/CLASS/ch2_cla_l1_2025_08/cla/data/calibrated/2025/08/01/ch2_cla_l1_20250801T194709221_20250801T194717221.fits,2025-08-01T19:47:09.221,2025-08-01T19:47:17.221,2025-08-01T19:47:13.221,8.0,-49.6,13.5,103.16,65.365,57.9895,65.3694,57.9901,67.5797,67.5797,CLASS_add_scds.pro,2.1,125,1,"0,1,2,3,4,5,6,7,8,9,10,11,12,13,14,15,",66.0117,57.018,64.7579,56.9286,64.7205,58.9163,65.9725,59.1005,1.716552734375,0.0618783828228975,1.6455078125,1.82177734375,3515.5,126.7269280212942,8
ch2_cla_l1_20250801T194717221_20250801T194725221.fits,/home/saurabh/moon_project/data/CLASS/ch2_cla_l1_2025_08/cla/data/calibrated/2025/08/01/ch2_cla_l1_20250801T194717221_20250801T194725221.fits,2025-08-01T19:47:17.221,2025-08-01T19:47:25.221,2025-08-01T19:47:21.221,8.0,-49.6,13.5,103.304,64.9596,57.9451,64.9641,57.9458,67.2436,67.2436,CLASS_add_scds.pro,2.1,126,1,"0,1,2,3,4,5,6,7,8,9,10,11,12,13,14,15,",65.6067,56.9864,64.3519,56.8996,64.315,58.8607,65.5681,59.0394,1.71759033203125,0.0871941720076752,1.5888671875,1.8642578125,3517.625,178.57366427171888,8
ch2_cla_l1_20250801T194725221_20250801T194733221.fits,/home/saurabh/moon_project/data/CLASS/ch2_cla_l1_2025_08/cla/data/calibrated/2025/08/01/ch2_cla_l1_20250801T194725221_20250801T194733221.fits,2025-08-01T19:47:25.221,2025-08-01T19:47:33.221,2025-08-01T19:47:29.221,8.0,-49.6,13.5,103.449,64.5542,57.902,64.5588,57.9025,66.9079,66.9079,CLASS_add_scds.pro,2.1,127,1,"0,1,2,3,4,5,6,7,8,9,10,11,12,13,14,15,",65.2019,56.9559,63.9457,56.8708,63.9093,58.8063,65.1638,58.9804,1.71954345703125,0.0766519085627373,1.626953125,1.841796875,3521.625,156.98310873648612,8
ch2_cla_l1_20250801T194733221_20250801T194741221.fits,/home/saurabh/moon_project/data/CLASS/ch2_cla_l1_2025_08/cla/data/calibrated/2025/08/01/ch2_cla_l1_20250801T194733221_20250801T194741221.fits,2025-08-01T19:47:33.221,2025-08-01T19:47:41.221,2025-08-01T19:47:37.221,8.0,-49.6,13.5,103.593,64.1489,57.8601,64.1534,57.8605,66.5727,66.5727,CLASS_add_scds.pro,2.1,128,1,"0,1,2,3,4,5,6,7,8,9,10,11,12,13,14,15,",64.7969,56.9255,63.5396,56.8432,63.5036,58.7538,64.7593,58.9224,1.744873046875,0.0806773029387612,1.599609375,1.86376953125,3573.5,165.22711641858305,8
ch2_cla_l1_20250801T194741221_20250801T194749221.fits,/home/saurabh/moon_project/data/CLASS/ch2_cla_l1_2025_08/cla/data/calibrated/2025/08/01/ch2_cla_l1_20250801T194741221_20250801T194749221.fits,2025-08-01T19:47:41.221,2025-08-01T19:47:49.221,2025-08-01T19:47:45.221,8.0,-49.6,13.5,103.737,63.7436,57.8193,63.7481,57.8198,66.2379,66.2379,CLASS_add_scds.pro,2.1,129,1,"0,1,2,3,4,5,6,7,8,9,10,11,12,13,14,15,",64.392,56.8965,63.1335,56.8163,63.098,58.7028,64.355,58.8667,1.72735595703125,0.0569171263835708,1.64794921875,1.81884765625,3537.625,116.56627483355308,8
ch2_cla_l1_20250801T194749221_20250801T194757221.fits,/home/saurabh/moon_project/data/CLASS/ch2_cla_l1_2025_08/cla/data/calibrated/2025/08/01/ch2_cla_l1_20250801T194749221_20250801T194757221.fits,2025-08-01T19:47:49.221,2025-08-01T19:47:57.221,2025-08-01T19:47:53.221,8.0,-49.6,13.5,103.881,63.3384,57.7797,63.3427,57.7802,65.9036,65.9036,CLASS_add_scds.pro,2.1,130,1,"0,1,2,3,4,5,6,7,8,9,10,11,12,13,14,15,",63.9872,56.8682,62.7275,56.7898,62.6925,58.6531,63.9506,58.8126,1.75140380859375,0.0740208964337664,1.62744140625,1.85791015625,3586.875,151.5947958963537,8
ch2_cla_l1_20250801T194757221_20250801T194805221.fits,/home/saurabh/moon_project/data/CLASS/ch2_cla_l1_2025_08/cla/data/calibrated/2025/08/01/ch2_cla_l1_20250801T194757221_20250801T194805221.fits,2025-08-01T19:47:57.221,2025-08-01T19:48:05.221,2025-08-01T19:48:01.221,8.0,-49.6,13.5,104.024,62.9333,57.7412,62.9376,57.7417,65.5697,65.5697,CLASS_add_scds.pro,2.1,131,1,"0,1,2,3,4,5,6,7,8,9,10,11,12,13,14,15,",63.5823,56.8404,62.3218,56.7641,62.2872,58.6048,63.5462,58.7599,1.7279052734375,0.0453638171422789,1.6552734375,1.80224609375,3538.75,92.90509750738732,8
ch2_cla_l1_20250801T194805221_20250801T194813221.fits,/home/saurabh/moon_project/data/CLASS/ch2_cla_l1_2025_08/cla/data/calibrated/2025/08/01/ch2_cla_l1_20250801T194805221_20250801T194813221.fits,2025-08-01T19:48:05.221,2025-08-01T19:48:13.221,2025-08-01T19:48:09.221,8.0,-49.6,13.5,104.168,62.5282,57.7037,62.5327,57.7043,65.2364,65.2364,CLASS_add_scds.pro,2.1,132,1,"0,1,2,3,4,5,6,7,8,9,10,11,12,13,14,15,",63.1778,56.8135,61.916,56.7391,61.8817,58.5579,63.1421,58.7089,1.723876953125,0.0952919001954004,1.52001953125,1.83349609375,3530.5,195.1578116001802,8
ch2_cla_l1_20250801T194813221_20250801T194821221.fits,/home/saurabh/moon_project/data/CLASS/ch2_cla_l1_2025_08/cla/data/calibrated/2025/08/01/ch2_cla_l1_20250801T194813221_20250801T194821221.fits,2025-08-01T19:48:13.221,2025-08-01T19:48:21.221,2025-08-01T19:48:17.221,8.0,-49.6,13.5,104.31,62.1231,57.6672,62.1276,57.6677,64.9035,64.9035,CLASS_add_scds.pro,2.1,133,1,"0,1,2,3,4,5,6,7,8,9,10,11,12,13,14,15,",62.7732,56.7873,61.5101,56.7145,61.4763,58.512,62.7379,58.6593,1.59735107421875,0.0347096367385569,1.55029296875,1.64013671875,3271.375,71.08533604056466,8
ch2_cla_l1_20250801T194821221_20250801T194829221.fits,/home/saurabh/moon_project/data/CLASS/ch2_cla_l1_2025_08/cla/data/calibrated/2025/08/01/ch2_cla_l1_20250801T194821221_20250801T194829221.fits,2025-08-01T19:48:21.221,2025-08-01T19:48:29.221,2025-08-01T19:48:25.221,8.0,-49.6,13.5,104.453,61.7181,57.6316,61.7226,57.6318,64.5711,64.5711,CLASS_add_scds.pro,2.1,134,1,"0,1,2,3,4,5,6,7,8,9,10,11,12,13,14,15,",62.3685,56.7615,61.1044,56.6905,61.071,58.4674,62.3337,58.6108,1.66363525390625,0.0370224817344847,1.60791015625,1.71630859375,3407.125,75.82204259222475,8
ch2_cla_l1_20250801T194829221_20250801T194837221.fits,/home/saurabh/moon_project/data/CLASS/ch2_cla_l1_2025_08/cla/data/calibrated/2025/08/01/ch2_cla_l1_20250801T194829221_20250801T194837221.fits,2025-08-01T19:48:29.221,2025-08-01T19:48:37.221,2025-08-01T19:48:33.221,8.0,-49.6,13.5,104.595,61.3132,57.5969,61.3177,57.5973,64.2392,64.2392,CLASS_add_scds.pro,2.1,135,1,"0,1,2,3,4,5,6,7,8,9,10,11,12,13,14,15,",61.964,56.7364,60.6987,56.6672,60.6657,58.424,61.9296,58.5637,1.61834716796875,0.0401952270015435,1.55810546875,1.677734375,3314.375,82.31982489916126,8
ch2_cla_l1_20250801T194837221_20250801T194845221.fits,/home/saurabh/moon_project/data/CLASS/ch2_cla_l1_2025_08/cla/data/calibrated/2025/08/01/ch2_cla_l1_20250801T194837221_20250801T194845221.fits,2025-08-01T19:48:37.221,2025-08-01T19:48:45.221,2025-08-01T19:48:41.221,8.0,-49.6,13.5,104.737,60.9083,57.563,60.9127,57.5634,63.9078,63.9078,CLASS_add_scds.pro,2.1,136,1,"0,1,2,3,4,5,6,7,8,9,10,11,12,13,14,15,",61.5595,56.712,60.293,56.6442,60.2603,58.3817,61.5255,58.5179,1.6739501953125,0.0390186608772013,1.60791015625,1.736328125,3428.25,79.91021747650832,8
ch2_cla_l1_20250801T194845221_20250801T194853221.fits,/home/saurabh/moon_project/data/CLASS/ch2_cla_l1_2025_08/cla/data/calibrated/2025/08/01/ch2_cla_l1_20250801T194845221_20250801T194853221.fits,2025-08-01T19:48:45.221,2025-08-01T19:48:53.221,2025-08-01T19:48:49.221,8.0,-49.6,13.5,104.879,60.5035,57.53,60.5078,57.5303,63.5769,63.5769,CLASS_add_scds.pro,2.1,137,1,"0,1,2,3,4,5,6,7,8,9,10,11,12,13,14,15,",61.1549,56.688,59.8875,56.6218,59.8552,58.3404,61.1214,58.4732,1.60748291015625,0.0602261888681784,1.50732421875,1.70166015625,3292.125,123.34323480202946,8
ch2_cla_l1_20250801T194853221_20250801T194901221.fits,/home/saurabh/moon_project/data/CLASS/ch2_cla_l1_2025_08/cla/data/calibrated/2025/08/01/ch2_cla_l1_20250801T194853221_20250801T194901221.fits,2025-08-01T19:48:53.221,2025-08-01T19:49:01.221,2025-08-01T19:48:57.221,8.0,-49.6,13.5,105.02,60.0987,57.4978,60.1031,57.4981,63.2465,63.2465,CLASS_add_scds.pro,2.1,138,1,"0,1,2,3,4,5,6,7,8,9,10,11,12,13,14,15,",60.7507,56.6647,59.4822,56.5999,59.4502,58.3001,60.7174,58.4298,1.681396484375,0.0581485364288591,1.58642578125,1.767578125,3443.5,119.08820260630354,8
ch2_cla_l1_20250801T194901221_20250801T194909221.fits,/home/saurabh/moon_project/data/CLASS/ch2_cla_l1_2025_08/cla/data/calibrated/2025/08/01/ch2_cla_l1_20250801T194901221_20250801T194909221.fits,2025-08-01T19:49:01.221,2025-08-01T19:49:09.221,2025-08-01T19:49:05.221,8.0,-49.6,13.5,105.161,59.694,57.4663,59.6984,57.4666,62.9167,62.9167,CLASS_add_scds.pro,2.1,139,1,"0,1,2,3,4,5,6,7,8,9,10,11,12,13,14,15,",60.3464,56.6418,59.0767,56.5784,59.0451,58.2609,60.3136,58.3875,1.6494140625,0.0484759902964243,1.56640625,1.72265625,3378.0,99.27882812707708,8
ch2_cla_l1_20250801T194909221_20250801T194917221.fits,/home/saurabh/moon_project/data/CLASS/ch2_cla_l1_2025_08/cla/data/calibrated/2025/08/01/ch2_cla_l1_20250801T194909221_20250801T194917221.fits,2025-08-01T19:49:09.221,2025-08-01T19:49:17.221,2025-08-01T19:49:13.221,8.0,-49.6,13.5,105.302,59.2893,57.4355,59.2937,57.4359,62.5875,62.5875,CLASS_add_scds.pro,2.1,140,1,"0,1,2,3,4,5,6,7,8,9,10,11,12,13,14,15,",59.9422,56.6195,58.6713,56.5573,58.64,58.2225,59.9097,58.3462,1.6690673828125,0.0704759182212853,1.57421875,1.78173828125,3418.25,144.3346805171924,8
ch2_cla_l1_20250801T194917221_20250801T194925221.fits,/home/saurabh/moon_project/data/CLASS/ch2_cla_l1_2025_08/cla/data/calibrated/2025/08/01/ch2_cla_l1_20250801T194917221_20250801T194925221.fits,2025-08-01T19:49:17.221,2025-08-01T19:49:25.221,2025-08-01T19:49:21.221,8.0,-49.6,13.5,105.442,58.8847,57.4055,58.8891,57.4058,62.2587,62.2587,CLASS_add_scds.pro,2.1,141,1,"0,1,2,3,4,5,6,7,8,9,10,11,12,13,14,15,",59.538,56.5975,58.2661,56.5368,58.235,58.1851,59.5058,58.3058,1.646484375,0.0806760364091504,1.529296875,1.7431640625,3372.0,165.22452256594013,8
ch2_cla_l1_20250801T194925221_20250801T194933221.fits,/home/saurabh/moon_project/data/CLASS/ch2_cla_l1_2025_08/cla/data/calibrated/2025/08/01/ch2_cla_l1_20250801T194925221_20250801T194933221.fits,2025-08-01T19:49:25.221,2025-08-01T19:49:33.221,2025-08-01T19:49:29.221,8.0,-49.6,13.5,105.583,58.4801,57.3761,58.4846,57.3766,61.9306,61.9306,CLASS_add_scds.pro,2.1,142,1,"0,1,2,3,4,5,6,7,8,9,10,11,12,13,14,15,",59.1338,56.5762,57.8608,56.5166,57.8301,58.1485,59.102,58.2666,1.694091796875,0.0741236945625249,1.59521484375,1.80810546875,3469.5,151.80532646405112,8
ch2_cla_l1_20250801T194933221_20250801T194941221.fits,/home/saurabh/moon_project/data/CLASS/ch2_cla_l1_2025_08/cla/data/calibrated/2025/08/01/ch2_cla_l1_20250801T194933221_20250801T194941221.fits,2025-08-01T19:49:33.221,2025-08-01T19:49:41.221,2025-08-01T19:49:37.221,8.0,-49.6,13.5,105.722,58.0756,57.3473,58.08,57.3478,61.603,61.603,CLASS_add_scds.pro,2.1,143,1,"0,1,2,3,4,5,6,7,8,9,10,11,12,13,14,15,",58.7297,56.5551,57.4556,56.4967,57.4252,58.1127,58.6983,58.2281,1.67242431640625,0.0949938546609536,1.54833984375,1.83837890625,3425.125,194.54741434563303,8
ch2_cla_l1_20250801T194941221_20250801T194949221.fits,/home/saurabh/moon_project/data/CLASS/ch2_cla_l1_2025_08/cla/data/calibrated/2025/08/01/ch2_cla_l1_20250801T194941221_20250801T194949221.fits,2025-08-01T19:49:41.221,2025-08-01T19:49:49.221,2025-08-01T19:49:45.221,8.0,-49.6,13.5,105.862,57.6712,57.3192,57.6756,57.3197,61.276,61.276,CLASS_add_scds.pro,2.1,144,1,"0,1,2,3,4,5,6,7,8,9,10,11,12,13,14,15,",58.3257,56.5345,57.0505,56.4773,57.0204,58.0777,58.2946,58.1906,1.6834716796875,0.0467853597296838,1.6103515625,1.76318359375,3447.75,95.81641672639252,8
ch2_cla_l1_20250801T194949221_20250801T194957221.fits,/home/saurabh/moon_project/data/CLASS/ch2_cla_l1_2025_08/cla/data/calibrated/2025/08/01/ch2_cla_l1_20250801T194949221_20250801T194957221.fits,2025-08-01T19:49:49.221,2025-08-01T19:49:57.221,2025-08-01T19:49:53.221,8.0,-49.6,13.5,106.001,57.2668,57.2917,57.2712,57.2921,60.9496,60.9496,CLASS_add_scds.pro,2.1,145,1,"0,1,2,3,4,5,6,7,8,9,10,11,12,13,14,15,",57.9218,56.5144,56.6455,56.4581,56.6156,58.0435,57.8909,58.154,1.67681884765625,0.0759817972666854,1.5595703125,1.79052734375,3434.125,155.6107208021717,8
ch2_cla_l1_20250801T194957221_20250801T195005221.fits,/home/saurabh/moon_project/data/CLASS/ch2_cla_l1_2025_08/cla/data/calibrated/2025/08/01/ch2_cla_l1_20250801T194957221_20250801T195005221.fits,2025-08-01T19:49:57.221,2025-08-01T19:50:05.221,2025-08-01T19:50:01.221,8.0,-49.6,13.5,106.139,56.8625,57.2647,56.8669,57.2651,60.6239,60.6239,CLASS_add_scds.pro,2.1,146,1,"0,1,2,3,4,5,6,7,8,9,10,11,12,13,14,15,",57.5179,56.4946,56.2405,56.4393,56.2109,58.0099,57.4873,58.1181,1.70416259765625,0.0500076815971472,1.62744140625,1.7822265625,3490.125,102.41573191095762,8
ch2_cla_l1_20250801T195005221_20250801T195013221.fits,/home/saurabh/moon_project/data/CLASS/ch2_cla_l1_2025_08/cla/data/calibrated/2025/08/01/ch2_cla_l1_20250801T195005221_20250801T195013221.fits,2025-08-01T19:50:05.221,2025-08-01T19:50:13.221,2025-08-01T19:50:09.221,8.0,-49.5,13.5,106.277,56.4582,57.2383,56.4626,57.2386,60.2987,60.2987,CLASS_add_scds.pro,2.1,147,1,"0,1,2,3,4,5,6,7,8,9,10,11,12,13,14,15,",57.114,56.475,55.8356,56.4209,55.8063,57.9772,57.0838,58.083,1.6854248046875,0.0542037745933533,1.609375,1.75830078125,3451.75,111.00933036718772,8
ch2_cla_l1_20250801T195013221_20250801T195021221.fits,/home/saurabh/moon_project/data/CLASS/ch2_cla_l1_2025_08/cla/data/calibrated/2025/08/01/ch2_cla_l1_20250801T195013221_20250801T195021221.fits,2025-08-01T19:50:13.221,2025-08-01T19:50:21.221,2025-08-01T19:50:17.221,8.0,-49.4,13.5,106.415,56.0539,57.2125,56.0583,57.2125,59.9742,59.9742,CLASS_add_scds.pro,2.1,148,1,"0,1,2,3,4,5,6,7,8,9,10,11,12,13,14,15,",56.7103,56.456,55.4307,56.4026,55.4017,57.9449,56.6803,58.0488,1.69146728515625,0.0369589488729354,1.6376953125,1.74072265625,3464.125,75.69192729177172,8
ch2_cla_l1_20250801T195021221_20250801T195029221.fits,/home/saurabh/moon_project/data/CLASS/ch2_cla_l1_2025_08/cla/data/calibrated/2025/08/01/ch2_cla_l1_20250801T195021221_20250801T195029221.fits,2025-08-01T19:50:21.221,2025-08-01T19:50:29.221,2025-08-01T19:50:25.221,8.0,-49.4,13.5,106.553,55.6498,57.1871,55.6542,57.1873,59.6503,59.6503,CLASS_add_scds.pro,2.1,149,1,"0,1,2,3,4,5,6,7,8,9,10,11,12,13,14,15,",56.3065,56.437,55.0259,56.3849,54.9971,57.9136,56.2768,58.015,1.71923828125,0.0663575065657966,1.6259765625,1.8076171875,3521.0,135.9001734467515,8
ch2_cla_l1_20250801T195029221_20250801T195037221.fits,/home/saurabh/moon_project/data/CLASS/ch2_cla_l1_2025_08/cla/data/calibrated/2025/08/01/ch2_cla_l1_20250801T195029221_20250801T195037221.fits,2025-08-01T19:50:29.221,2025-08-01T19:50:37.221,2025-08-01T19:50:33.221,8.0,-49.3,13.5,106.69,55.2457,57.1623,55.2501,57.1625,59.327,59.327,CLASS_add_scds.pro,2.1,150,1,"0,1,2,3,4,5,6,7,8,9,10,11,12,13,14,15,",55.9029,56.4188,54.6211,56.3675,54.5926,57.8829,55.8735,57.9824,1.71539306640625,0.0398715032094048,1.6533203125,1.7744140625,3513.125,81.65683857286103,8
ch2_cla_l1_20250801T195037221_20250801T195045221.fits,/home/saurabh/moon_project/data/CLASS/ch2_cla_l1_2025_08/cla/data/calibrated/2025/08/01/ch2_cla_l1_20250801T195037221_20250801T195045221.fits,2025-08-01T19:50:37.221,2025-08-01T19:50:45.221,2025-08-01T19:50:41.221,8.0,-49.3,13.5,106.826,54.8416,57.1379,54.8461,57.1383,59.0044,59.0044,CLASS_add_scds.pro,2.1,151,1,"0,1,2,3,4,5,6,7,8,9,10,11,12,13,14,15,",55.4992,56.4008,54.2164,56.3503,54.1882,57.8528,55.4701,57.9503,1.726806640625,0.0498853185723824,1.6630859375,1.81103515625,3536.5,102.16513243623916,8
ch2_cla_l1_20250801T195045221_20250801T195053221.fits,/home/saurabh/moon_project/data/CLASS/ch2_cla_l1_2025_08/cla/data/calibrated/2025/08/01/ch2_cla_l1_20250801T195045221_20250801T195053221.fits,2025-08-01T19:50:45.221,2025-08-01T19:50:53.221,2025-08-01T19:50:49.221,8.0,-49.3,13.5,106.963,54.4376,57.114,54.442,57.1144,58.6825,58.6825,CLASS_add_scds.pro,2.1,152,1,"0,1,2,3,4,5,6,7,8,9,10,11,12,13,14,15,",55.0957,56.383,53.8117,56.3334,53.7837,57.8233,55.0668,57.9189,1.705322265625,0.0542774004772425,1.619140625,1.78515625,3492.5,111.16011617739264,8
ch2_cla_l1_20250801T195053221_20250801T195101221.fits,/home/saurabh/moon_project/data/CLASS/ch2_cla_l1_2025_08/cla/data/calibrated/2025/08/01/ch2_cla_l1_20250801T195053221_20250801T195101221.fits,2025-08-01T19:50:53.221,2025-08-01T19:51:01.221,2025-08-01T19:50:57.221,8.0,-49.3,13.5,107.098,54.0336,57.0905,54.0382,57.0909,58.3613,58.3613,CLASS_add_scds.pro,2.1,153,1,"0,1,2,3,4,5,6,7,8,9,10,11,12,13,14,15,",54.6921,56.3655,53.4072,56.3166,53.3794,57.7942,54.6634,57.888,1.76483154296875,0.0654556775885368,1.689453125,1.8701171875,3614.375,134.0532277013234,8
ch2_cla_l1_20250801T195101221_20250801T195109221.fits,/home/saurabh/moon_project/data/CLASS/ch2_cla_l1_2025_08/cla/data/calibrated/2025/08/01/ch2_cla_l1_20250801T195101221_20250801T195109221.fits,2025-08-01T19:51:01.221,2025-08-01T19:51:09.221,2025-08-01T19:51:05.221,8.0,-49.3,13.5,107.234,53.6297,57.0674,53.6342,57.0677,58.0407,58.0407,CLASS_add_scds.pro,2.1,154,1,"0,1,2,3,4,5,6,7,8,9,10,11,12,13,14,15,",54.2887,56.3483,53.0028,56.3002,52.9752,57.7658,54.2603,57.8578,1.694091796875,0.080692077648699,1.59326171875,1.814453125,3469.5,165.2573750245356,8
ch2_cla_l1_20250801T195109221_20250801T195117221.fits,/home/saurabh/moon_project/data/CLASS/ch2_cla_l1_2025_08/cla/data/calibrated/2025/08/01/ch2_cla_l1_20250801T195109221_20250801T195117221.fits,2025-08-01T19:51:09.221,2025-08-01T19:51:17.221,2025-08-01T19:51:13.221,8.0,-49.3,13.5,107.369,53.2259,57.0448,53.2305,57.0451,57.7209,57.7209,CLASS_add_scds.pro,2.1,155,1,"0,1,2,3,4,5,6,7,8,9,10,11,12,13,14,15,",53.8854,56.3314,52.5984,56.284,52.571,57.7378,53.8572,57.8282,1.753173828125,0.1003269029369278,1.58349609375,1.88037109375,3590.5,205.46949721482815,8
ch2_cla_l1_20250801T195117221_20250801T195125221.fits,/home/saurabh/moon_project/data/CLASS/ch2_cla_l1_2025_08/cla/data/calibrated/2025/08/01/ch2_cla_l1_20250801T195117221_20250801T195125221.fits,2025-08-01T19:51:17.221,2025-08-01T19:51:25.221,2025-08-01T19:51:21.221,8.0,-49.3,13.5,107.503,52.8221,57.0226,52.8266,57.0229,57.4018,57.4018,CLASS_add_scds.pro,2.1,156,1,"0,1,2,3,4,5,6,7,8,9,10,11,12,13,14,15,",53.4821,56.3147,52.194,56.268,52.1669,57.7104,53.4541,57.7992,1.71954345703125,0.0752124943680977,1.6220703125,1.841796875,3521.625,154.03518846586414,8
ch2_cla_l1_20250801T195125221_20250801T195133221.fits,/home/saurabh/moon_project/data/CLASS/ch2_cla_l1_2025_08/cla/data/calibrated/2025/08/01/ch2_cla_l1_20250801T195125221_20250801T195133221.fits,2025-08-01T19:51:25.221,2025-08-01T19:51:33.221,2025-08-01T19:51:29.221,8.0,-49.3,13.5,107.637,52.4184,57.0008,52.4231,57.0009,57.0834,57.0834,CLASS_add_scds.pro,2.1,157,1,"0,1,2,3,4,5,6,7,8,9,10,11,12,13,14,15,",53.0789,56.2981,51.7896,56.2524,51.7626,57.6837,53.0512,57.7705,1.77459716796875,0.058439469446344,1.70458984375,1.87890625,3634.375,119.68403342611268,8
ch2_cla_l1_20250801T195133221_20250801T195141221.fits,/home/saurabh/moon_project/data/CLASS/ch2_cla_l1_2025_08/cla/data/calibrated/2025/08/01/ch2_cla_l1_20250801T195133221_20250801T195141221.fits,2025-08-01T19:51:33.221,2025-08-01T19:51:41.221,2025-08-01T19:51:37.221,8.0,-49.3,13.5,107.771,52.0147,56.9793,52.0192,56.9795,56.7658,56.7658,CLASS_add_scds.pro,2.1,158,1,"0,1,2,3,4,5,6,7,8,9,10,11,12,13,14,15,",52.6755,56.2821,51.3852,56.237,51.3585,57.6573,52.648,57.7427,1.71075439453125,0.0485335263962426,1.6484375,1.79248046875,3503.625,99.39666205950496,8
ch2_cla_l1_20250801T195141221_20250801T195149221.fits,/home/saurabh/moon_project/data/CLASS/ch2_cla_l1_2025_08/cla/data/calibrated/2025/08/01/ch2_cla_l1_20250801T195141221_20250801T195149221.fits,2025-08-01T19:51:41.221,2025-08-01T19:51:49.221,2025-08-01T19:51:45.221,8.0,-49.3,13.5,107.904,51.6111,56.9582,51.6156,56.9584,56.4489,56.4489,CLASS_add_scds.pro,2.1,159,1,"0,1,2,3,4,5,6,7,8,9,10,11,12,13,14,15,",52.2723,56.2662,50.9811,56.2218,50.9545,57.6315,52.245,57.7153,1.7767333984375,0.0470047019183473,1.70556640625,1.85107421875,3638.75,96.26562952877538,8
ch2_cla_l1_20250801T195149221_20250801T195157221.fits,/home/saurabh/moon_project/data/CLASS/ch2_cla_l1_2025_08/cla/data/calibrated/2025/08/01/ch2_cla_l1_20250801T195149221_20250801T195157221.fits,2025-08-01T19:51:49.221,2025-08-01T19:51:57.221,2025-08-01T19:51:53.221,8.0,-49.3,13.5,108.037,51.2075,56.9375,51.212,56.9377,56.1328,56.1328,CLASS_add_scds.pro,2.1,160,1,"0,1,2,3,4,5,6,7,8,9,10,11,12,13,14,15,",51.8692,56.2507,50.5769,56.2067,50.5505,57.6061,51.8421,57.6885,1.74554443359375,0.0524048779752633,1.67529296875,1.82861328125,3574.875,107.32519009333936,8
ch2_cla_l1_20250801T195157221_20250801T195205221.fits,/home/saurabh/moon_project/data/CLASS/ch2_cla_l1_2025_08/cla/data/calibrated/2025/08/01/ch2_cla_l1_20250801T195157221_20250801T195205221.fits,2025-08-01T19:51:57.221,2025-08-01T19:52:05.221,2025-08-01T19:52:01.221,8.0,-49.3,13.5,108.169,50.804,56.9171,50.8085,56.9174,55.8175,55.8175,CLASS_add_scds.pro,2.1,161,1,"0,1,2,3,4,5,6,7,8,9,10,11,12,13,14,15,",51.4661,56.2352,50.1728,56.1919,50.1466,57.5811,51.4393,57.6621,1.78631591796875,0.0377273728181767,1.728515625,1.83642578125,3658.375,77.26565953162597,8
ch2_cla_l1_20250801T195205221_20250801T195213221.fits,/home/saurabh/moon_project/data/CLASS/ch2_cla_l1_2025_08/cla/data/calibrated/2025/08/01/ch2_cla_l1_20250801T195205221_20250801T195213221.fits,2025-08-01T19:52:05.221,2025-08-01T19:52:13.221,2025-08-01T19:52:09.221,8.0,-49.3,13.5,108.3,50.4005,56.897,50.4051,56.8973,55.503,55.503,CLASS_add_scds.pro,2.1,162,1,"0,1,2,3,4,5,6,7,8,9,10,11,12,13,14,15,",51.0631,56.22,49.7687,56.1772,49.7428,57.5565,51.0364,57.6362,1.7479248046875,0.052771661080506,1.677734375,1.8359375,3579.75,108.07636189287646,8
ch2_cla_l1_20250801T195213221_20250801T195221221.fits,/home/saurabh/moon_project/data/CLASS/ch2_cla_l1_2025_08/cla/data/calibrated/2025/08/01/ch2_cla_l1_20250801T195213221_20250801T195221221.fits,2025-08-01T19:52:13.221,2025-08-01T19:52:21.221,2025-08-01T19:52:17.221,8.0,-49.2,13.5,108.432,49.9971,56.8772,50.0016,56.8775,55.1893,55.1893,CLASS_add_scds.pro,2.1,163,1,"0,1,2,3,4,5,6,7,8,9,10,11,12,13,14,15,",50.6601,56.2049,49.3647,56.1628,49.3389,57.5323,50.6337,57.6107,1.7935791015625,0.0349636554803162,1.74853515625,1.85205078125,3673.25,71.60556642368765,8
ch2_cla_l1_20250801T195221221_20250801T195229221.fits,/home/saurabh/moon_project/data/CLASS/ch2_cla_l1_2025_08/cla/data/calibrated/2025/08/01/ch2_cla_l1_20250801T195221221_20250801T195229221.fits,2025-08-01T19:52:21.221,2025-08-01T19:52:29.221,2025-08-01T19:52:25.221,8.0,-49.2,13.5,108.562,49.5937,56.8578,49.5983,56.8581,54.8765,54.8765,CLASS_add_scds.pro,2.1,164,1,"0,1,2,3,4,5,6,7,8,9,10,11,12,13,14,15,",50.2572,56.1901,48.9608,56.1485,48.9352,57.5087,50.231,57.5856,1.70947265625,0.0961285358694929,1.5986328125,1.8681640625,3501.0,196.87124146072156,8
ch2_cla_l1_20250801T195229221_20250801T195237221.fits,/home/saurabh/moon_project/data/CLASS/ch2_cla_l1_2025_08/cla/data/calibrated/2025/08/01/ch2_cla_l1_20250801T195229221_20250801T195237221.fits,2025-08-01T19:52:29.221,2025-08-01T19:52:37.221,2025-08-01T19:52:33.221,8.0,-49.2,13.5,108.692,49.1904,56.8387,49.195,56.8389,54.5645,54.5645,CLASS_add_scds.pro,2.1,165,1,"0,1,2,3,4,5,6,7,8,9,10,11,12,13,14,15,",49.8544,56.1755,48.5569,56.1345,48.5315,57.4853,49.8283,57.5611,1.66253662109375,0.052879134807838,1.57080078125,1.7392578125,3404.875,108.29646808645238,8
ch2_cla_l1_20250801T195237221_20250801T195245221.fits,/home/saurabh/moon_project/data/CLASS/ch2_cla_l1_2025_08/cla/data/calibrated/2025/08/01/ch2_cla_l1_20250801T195237221_20250801T195245221.fits,2025-08-01T19:52:37.221,2025-08-01T19:52:45.221,2025-08-01T19:52:41.221,8.0,-49.0,13.5,108.822,48.7872,56.8198,48.7918,56.82,54.2533,54.2533,CLASS_add_scds.pro,2.1,166,1,"0,1,2,3,4,5,6,7,8,9,10,11,12,13,14,15,",49.4516,56.1611,48.1531,56.1206,48.1278,57.4624,49.4257,57.5369,1.65130615234375,0.0721592359349269,1.54345703125,1.77587890625,3381.875,147.7821151947304,8
ch2_cla_l1_20250801T195245221_20250801T195253221.fits,/home/saurabh/moon_project/data/CLASS/ch2_cla_l1_2025_08/cla/data/calibrated/2025/08/01/ch2_cla_l1_20250801T195245221_20250801T195253221.fits,2025-08-01T19:52:45.221,2025-08-01T19:52:53.221,2025-08-01T19:52:49.221,8.0,-49.0,13.5,108.951,48.384,56.8013,48.3885,56.8015,53.943,53.943,CLASS_add_scds.pro,2.1,167,1,"0,1,2,3,4,5,6,7,8,9,10,11,12,13,14,15,",49.0488,56.1469,47.7493,56.1068,47.7242,57.4398,49.0231,57.5131,1.6820068359375,0.0573979007954203,1.58154296875,1.765625,3444.75,117.55090082902082,8
ch2_cla_l1_20250801T195253221_20250801T195301221.fits,/home/saurabh/moon_project/data/CLASS/ch2_cla_l1_2025_08/cla/data/calibrated/2025/08/01/ch2_cla_l1_20250801T195253221_20250801T195301221.fits,2025-08-01T19:52:53.221,2025-08-01T19:53:01.221,2025-08-01T19:52:57.221,8.0,-49.0,13.5,109.08,47.9808,56.783,47.9854,56.7832,53.6336,53.6336,CLASS_add_scds.pro,2.1,168,1,"0,1,2,3,4,5,6,7,8,9,10,11,12,13,14,15,",48.6461,56.1328,47.3457,56.0933,47.3207,57.4176,48.6206,57.4898,1.65618896484375,0.0849466797339145,1.53955078125,1.794921875,3391.875,173.970800095057,8
ch2_cla_l1_20250801T195301221_20250801T195309221.fits,/home/saurabh/moon_project/data/CLASS/ch2_cla_l1_2025_08/cla/data/calibrated/2025/08/01/ch2_cla_l1_20250801T195301221_20250801T195309221.fits,2025-08-01T19:53:01.221,2025-08-01T19:53:09.221,2025-08-01T19:53:05.221,8.0,-49.0,13.5,109.208,47.5778,56.765,47.5823,56.7652,53.3252,53.3252,CLASS_add_scds.pro,2.1,169,1,"0,1,2,3,4,5,6,7,8,9,10,11,12,13,14,15,",48.2435,56.1189,46.942,56.0799,46.9173,57.3957,48.2181,57.4668,1.66827392578125,0.075711687209223,1.5634765625,1.78271484375,3416.625,155.05753540448876,8
ch2_cla_l1_20250801T195309221_20250801T195317221.fits,/home/saurabh/moon_project/data/CLASS/ch2_cla_l1_2025_08/cla/data/calibrated/2025/08/01/ch2_cla_l1_20250801T195309221_20250801T195317221.fits,2025-08-01T19:53:09.221,2025-08-01T19:53:17.221,2025-08-01T19:53:13.221,8.0,-48.9,13.5,109.336,47.1747,56.7472,47.1793,56.7474,53.0176,53.0176,CLASS_add_scds.pro,2.1,170,1,"0,1,2,3,4,5,6,7,8,9,10,11,12,13,14,15,",47.8409,56.1052,46.5384,56.0667,46.5138,57.3742,47.8157,57.4442,1.6982421875,0.0753862155214924,1.5654296875,1.8232421875,3478.0,154.39096938801643,8
ch2_cla_l1_20250801T195317221_20250801T195325221.fits,/home/saurabh/moon_project/data/CLASS/ch2_cla_l1_2025_08/cla/data/calibrated/2025/08/01/ch2_cla_l1_20250801T195317221_20250801T195325221.fits,2025-08-01T19:53:17.221,2025-08-01T19:53:25.221,2025-08-01T19:53:21.221,8.0,-48.9,13.5,109.463,46.7717,56.7297,46.7763,56.7299,52.711,52.711,CLASS_add_scds.pro,2.1,171,1,"0,1,2,3,4,5,6,7,8,9,10,11,12,13,14,15,",47.4384,56.0917,46.135,56.0536,46.1105,57.3531,47.4133,57.422,1.693603515625,0.0766821457457917,1.59814453125,1.81884765625,3468.5,157.04503448738154,8
ch2_cla_l1_20250801T195325221_20250801T195333221.fits,/home/saurabh/moon_project/data/CLASS/ch2_cla_l1_2025_08/cla/data/calibrated/2025/08/01/ch2_cla_l1_20250801T195325221_20250801T195333221.fits,2025-08-01T19:53:25.221,2025-08-01T19:53:33.221,2025-08-01T19:53:29.221,8.0,-48.9,13.5,109.589,46.3688,56.7124,46.3734,56.7126,52.4053,52.4053,CLASS_add_scds.pro,2.1,172,1,"0,1,2,3,4,5,6,7,8,9,10,11,12,13,14,15,",47.036,56.0784,45.7315,56.0406,45.7071,57.3322,47.0111,57.4001,1.70501708984375,0.0736069958157127,1.57177734375,1.80712890625,3491.875,150.74712743057967,8
ch2_cla_l1_20250801T195333221_20250801T195341221.fits,/home/saurabh/moon_project/data/CLASS/ch2_cla_l1_2025_08/cla/data/calibrated/2025/08/01/ch2_cla_l1_20250801T195333221_20250801T195341221.fits,2025-08-01T19:53:33.221,2025-08-01T19:53:41.221,2025-08-01T19:53:37.221,8.0,-48.9,13.5,109.715,45.9659,56.6954,45.9706,56.6957,52.1006,52.1006,CLASS_add_scds.pro,2.1,173,1,"0,1,2,3,4,5,6,7,8,9,10,11,12,13,14,15,",46.6335,56.0652,45.328,56.0277,45.3039,57.3116,46.6088,57.3786,1.6851806640625,0.0464551378055733,1.61083984375,1.76123046875,3451.25,95.14012222581415,8
ch2_cla_l1_20250801T195341221_20250801T195349221.fits,/home/saurabh/moon_project/data/CLASS/ch2_cla_l1_2025_08/cla/data/calibrated/2025/08/01/ch2_cla_l1_20250801T195341221_20250801T195349221.fits,2025-08-01T19:53:41.221,2025-08-01T19:53:49.221,2025-08-01T19:53:45.221,8.0,-48.9,13.5,109.84,45.5631,56.6786,45.5677,56.6787,51.7969,51.7969,CLASS_add_scds.pro,2.1,174,1,"0,1,2,3,4,5,6,7,8,9,10,11,12,13,14,15,",46.2312,56.0519,44.9246,56.0151,44.9006,57.2914,46.2066,57.3571,1.72491455078125,0.0798382772522219,1.595703125,1.8408203125,3532.625,163.50879181255056,8
ch2_cla_l1_20250801T195349221_20250801T195357221.fits,/home/saurabh/moon_project/data/CLASS/ch2_cla_l1_2025_08/cla/data/calibrated/2025/08/01/ch2_cla_l1_20250801T195349221_20250801T195357221.fits,2025-08-01T19:53:49.221,2025-08-01T19:53:57.221,2025-08-01T19:53:53.221,8.0,-48.9,13.5,109.965,45.1603,56.662,45.165,56.6621,51.4943,51.4943,CLASS_add_scds.pro,2.1,175,1,"0,1,2,3,4,5,6,7,8,9,10,11,12,13,14,15,",45.8287,56.039,44.5215,56.0025,44.4976,57.2714,45.8043,57.3362,1.68963623046875,0.0379398324186144,1.6376953125,1.74365234375,3460.375,77.70077679332243,8
ch2_cla_l1_20250801T195357221_20250801T195405221.fits,/home/saurabh/moon_project/data/CLASS/ch2_cla_l1_2025_08/cla/data/calibrated/2025/08/01/ch2_cla_l1_20250801T195357221_20250801T195405221.fits,2025-08-01T19:53:57.221,2025-08-01T19:54:05.221,2025-08-01T19:54:01.221,8.0,-48.9,13.5,110.089,44.7576,56.6457,44.7622,56.6459,51.1926,51.1926,CLASS_add_scds.pro,2.1,176,1,"0,1,2,3,4,5,6,7,8,9,10,11,12,13,14,15,",45.4266,56.0262,44.1181,55.9902,44.0943,57.2518,45.4024,57.3157,1.7335205078125,0.0602953207424106,1.61962890625,1.80126953125,3550.25,123.484816880457,8
ch2_cla_l1_20250801T195405221_20250801T195413221.fits,/home/saurabh/moon_project/data/CLASS/ch2_cla_l1_2025_08/cla/data/calibrated/2025/08/01/ch2_cla_l1_20250801T195405221_20250801T195413221.fits,2025-08-01T19:54:05.221,2025-08-01T19:54:13.221,2025-08-01T19:54:09.221,8.0,-48.9,13.5,110.213,44.3549,56.6295,44.3596,56.6296,50.892,50.892,CLASS_add_scds.pro,2.1,177,1,"0,1,2,3,4,5,6,7,8,9,10,11,12,13,14,15,",45.0243,56.0136,43.7149,55.9778,43.6913,57.2323,45.0001,57.2954,1.70208740234375,0.0376193350323372,1.6552734375,1.7568359375,3485.875,77.0443981462266,8
ch2_cla_l1_20250801T195413221_20250801T195421221.fits,/home/saurabh/moon_project/data/CLASS/ch2_cla_l1_2025_08/cla/data/calibrated/2025/08/01/ch2_cla_l1_20250801T195413221_20250801T195421221.fits,2025-08-01T19:54:13.221,2025-08-01T19:54:21.221,2025-08-01T19:54:17.221,8.0,-48.8,13.5,110.336,43.9523,56.6136,43.9569,56.6137,50.5924,50.5924,CLASS_add_scds.pro,2.1,178,1,"0,1,2,3,4,5,6,7,8,9,10,11,12,13,14,15,",44.6221,56.001,43.3117,55.9657,43.2883,57.2132,44.5981,57.2754,1.76702880859375,0.0420484704281326,1.7119140625,1.82958984375,3618.875,86.11526743681567,8
ch2_cla_l1_20250801T195421221_20250801T195429221.fits,/home/saurabh/moon_project/data/CLASS/ch2_cla_l1_2025_08/cla/data/calibrated/2025/08/01/ch2_cla_l1_20250801T195421221_20250801T195429221.fits,2025-08-01T19:54:21.221,2025-08-01T19:54:29.221,2025-08-01T19:54:25.221,8.0,-48.7,13.5,110.458,43.5497,56.5978,43.5544,56.598,50.294,50.294,CLASS_add_scds.pro,2.1,179,1,"0,1,2,3,4,5,6,7,8,9,10,11,12,13,14,15,",44.22,55.9887,42.9087,55.9536,42.8853,57.1944,44.1961,57.2558,1.7032470703125,0.0426670730250739,1.63037109375,1.76123046875,3488.25,87.38216555535149,8
ch2_cla_l1_20250801T195429221_20250801T195437221.fits,/home/saurabh/moon_project/data/CLASS/ch2_cla_l1_2025_08/cla/data/calibrated/2025/08/01/ch2_cla_l1_20250801T195429221_20250801T195437221.fits,2025-08-01T19:54:29.221,2025-08-01T19:54:37.221,2025-08-01T19:54:33.221,8.0,-48.6,13.5,110.58,43.1472,56.5823,43.1518,56.5825,49.9966,49.9966,CLASS_add_scds.pro,2.1,180,1,"0,1,2,3,4,5,6,7,8,9,10,11,12,13,14,15,",43.8179,55.9764,42.5055,55.9417,42.4823,57.1758,43.7942,57.2363,1.75811767578125,0.0616870529704116,1.658203125,1.8486328125,3600.625,126.335084483403,8
ch2_cla_l1_20250801T195437221_20250801T195445221.fits,/home/saurabh/moon_project/data/CLASS/ch2_cla_l1_2025_08/cla/data/calibrated/2025/08/01/ch2_cla_l1_20250801T195437221_20250801T195445221.fits,2025-08-01T19:54:37.221,2025-08-01T19:54:45.221,2025-08-01T19:54:41.221,8.0,-48.6,13.5,110.701,42.7448,56.5669,42.7494,56.5671,49.7004,49.7004,CLASS_add_scds.pro,2.1,181,1,"0,1,2,3,4,5,6,7,8,9,10,11,12,13,14,15,",43.4158,55.9643,42.1026,55.9299,42.0795,57.1575,43.3922,57.2172,1.7264404296875,0.0447104079211658,1.6572265625,1.79736328125,3535.75,91.56691542254768,8
ch2_cla_l1_20250801T195445221_20250801T195453221.fits,/home/saurabh/moon_project/data/CLASS/ch2_cla_l1_2025_08/cla/data/calibrated/2025/08/01/ch2_cla_l1_20250801T195445221_20250801T195453221.fits,2025-08-01T19:54:45.221,2025-08-01T19:54:53.221,2025-08-01T19:54:49.221,8.0,-48.6,13.5,110.822,42.3423,56.5517,42.347,56.5519,49.4053,49.4053,CLASS_add_scds.pro,2.1,182,1,"0,1,2,3,4,5,6,7,8,9,10,11,12,13,14,15,",43.0138,55.9523,41.6997,55.9182,41.6767,57.1394,42.9904,57.1984,1.76275634765625,0.0623813251768833,1.68115234375,1.85693359375,3610.125,127.75695396225711,8
ch2_cla_l1_20250801T195453221_20250801T195501221.fits,/home/saurabh/moon_project/data/CLASS/ch2_cla_l1_2025_08/cla/data/calibrated/2025/08/01/ch2_cla_l1_20250801T195453221_20250801T195501221.fits,2025-08-01T19:54:53.221,2025-08-01T19:55:01.221,2025-08-01T19:54:57.221,8.0,-48.5,13.5,110.942,41.94,56.5368,41.9446,56.5369,49.1113,49.1113,CLASS_add_scds.pro,2.1,183,1,"0,1,2,3,4,5,6,7,8,9,10,11,12,13,14,15,",42.6119,55.9404,41.2968,55.9066,41.274,57.1215,42.5886,57.1797,1.7109375,0.0769074523693613,1.58984375,1.81103515625,3504.0,157.50646245245213,8
ch2_cla_l1_20250801T195501221_20250801T195509221.fits,/home/saurabh/moon_project/data/CLASS/ch2_cla_l1_2025_08/cla/data/calibrated/2025/08/01/ch2_cla_l1_20250801T195501221_20250801T195509221.fits,2025-08-01T19:55:01.221,2025-08-01T19:55:09.221,2025-08-01T19:55:05.221,8.0,-48.5,13.5,111.061,41.5377,56.5219,41.5423,56.522,48.8186,48.8186,CLASS_add_scds.pro,2.1,184,1,"0,1,2,3,4,5,6,7,8,9,10,11,12,13,14,15,",42.21,55.9285,40.894,55.8951,40.8713,57.1039,42.1869,57.1612,1.77276611328125,0.0749539267848896,1.67333984375,1.89453125,3630.625,153.5056420554539,8
ch2_cla_l1_20250801T195509221_20250801T195517221.fits,/home/saurabh/moon_project/data/CLASS/ch2_cla_l1_2025_08/cla/data/calibrated/2025/08/01/ch2_cla_l1_20250801T195509221_20250801T195517221.fits,2025-08-01T19:55:09.221,2025-08-01T19:55:17.221,2025-08-01T19:55:13.221,8.0,-48.5,13.5,111.18,41.1354,56.5073,41.14,56.5074,48.5271,48.5271,CLASS_add_scds.pro,2.1,185,1,"0,1,2,3,4,5,6,7,8,9,10,11,12,13,14,15,",41.8083,55.9169,40.4913,55.8836,40.4686,57.0865,41.7852,57.1432,1.745849609375,0.0848666765950104,1.60986328125,1.8564453125,3575.5,173.8069536665813,8
ch2_cla_l1_20250801T195517221_20250801T195525221.fits,/home/saurabh/moon_project/data/CLASS/ch2_cla_l1_2025_08/cla/data/calibrated/2025/08/01/ch2_cla_l1_20250801T195517221_20250801T195525221.fits,2025-08-01T19:55:17.221,2025-08-01T19:55:25.221,2025-08-01T19:55:21.221,8.0,-48.5,13.5,111.298,40.7332,56.4928,40.7379,56.493,48.2368,48.2368,CLASS_add_scds.pro,2.1,186,1,"0,1,2,3,4,5,6,7,8,9,10,11,12,13,14,15,",41.4065,55.9052,40.0886,55.8724,40.066,57.0693,41.3835,57.1252,1.7608642578125,0.0459864737366581,1.69580078125,1.83984375,3606.25,94.18029821267594,8
ch2_cla_l1_20250801T195525221_20250801T195533221.fits,/home/saurabh/moon_project/data/CLASS/ch2_cla_l1_2025_08/cla/data/calibrated/2025/08/01/ch2_cla_l1_20250801T195525221_20250801T195533221.fits,2025-08-01T19:55:25.221,2025-08-01T19:55:33.221,2025-08-01T19:55:29.221,8.0,-48.5,13.5,111.416,40.331,56.4785,40.3357,56.4785,47.9477,47.9477,CLASS_add_scds.pro,2.1,187,1,"0,1,2,3,4,5,6,7,8,9,10,11,12,13,14,15,",41.0047,55.8938,39.6859,55.861,39.6635,57.0522,40.9819,57.1076,1.75439453125,0.077858169468902,1.64404296875,1.8759765625,3593.0,159.4535310723114,8
ch2_cla_l1_20250801T195533221_20250801T195541221.fits,/home/saurabh/moon_project/data/CLASS/ch2_cla_l1_2025_08/cla/data/calibrated/2025/08/01/ch2_cla_l1_20250801T195533221_20250801T195541221.fits,2025-08-01T19:55:33.221,2025-08-01T19:55:41.221,2025-08-01T19:55:37.221,8.0,-48.5,13.5,111.532,39.9289,56.4643,39.9336,56.4644,47.6599,47.6599,CLASS_add_scds.pro,2.1,188,1,"0,1,2,3,4,5,6,7,8,9,10,11,12,13,14,15,",40.603,55.8822,39.2832,55.85,39.2609,57.0356,40.5803,57.09,1.7764892578125,0.0431283735452411,1.71484375,1.84912109375,3638.25,88.32690902065382,8
ch2_cla_l1_20250801T195541221_20250801T195549221.fits,/home/saurabh/moon_project/data/CLASS/ch2_cla_l1_2025_08/cla/data/calibrated/2025/08/01/ch2_cla_l1_20250801T195541221_20250801T195549221.fits,2025-08-01T19:55:41.221,2025-08-01T19:55:49.221,2025-08-01T19:55:45.221,8.0,-48.5,13.5,111.649,39.5268,56.4503,39.5315,56.4504,47.3734,47.3734,CLASS_add_scds.pro,2.1,189,1,"0,1,2,3,4,5,6,7,8,9,10,11,12,13,14,15,",40.2013,55.8711,38.8807,55.839,38.8585,57.0191,40.1787,57.0729,1.785888671875,0.0621721661483866,1.69384765625,1.8837890625,3657.5,127.32859627189578,8
ch2_cla_l1_20250801T195549221_20250801T195557221.fits,/home/saurabh/moon_project/data/CLASS/ch2_cla_l1_2025_08/cla/data/calibrated/2025/08/01/ch2_cla_l1_20250801T195549221_20250801T195557221.fits,2025-08-01T19:55:49.221,2025-08-01T19:55:57.221,2025-08-01T19:55:53.221,8.0,-48.4,13.5,111.764,39.1248,56.4364,39.1295,56.4366,47.0883,47.0883,CLASS_add_scds.pro,2.1,190,1,"0,1,2,3,4,5,6,7,8,9,10,11,12,13,14,15,",39.7998,55.8599,38.4782,55.8281,38.4561,57.0027,39.7773,57.056,1.77056884765625,0.0380415885298556,1.72412109375,1.8310546875,3626.125,77.90917330914432,8
ch2_cla_l1_20250801T195557221_20250801T195605221.fits,/home/saurabh/moon_project/data/CLASS/ch2_cla_l1_2025_08/cla/data/calibrated/2025/08/01/ch2_cla_l1_20250801T195557221_20250801T195605221.fits,2025-08-01T19:55:57.221,2025-08-01T19:56:05.221,2025-08-01T19:56:01.221,8.0,-48.3,13.5,111.879,38.7228,56.4227,38.7275,56.4229,46.8045,46.8045,CLASS_add_scds.pro,2.1,191,1,"0,1,2,3,4,5,6,7,8,9,10,11,12,13,14,15,",39.3982,55.8488,38.0757,55.8172,38.0537,56.9866,39.3758,57.0392,1.79656982421875,0.0631764117046353,1.69775390625,1.87744140625,3679.375,129.38529117109323,8
ch2_cla_l1_20250801T195605221_20250801T195613221.fits,/home/saurabh/moon_project/data/CLASS/ch2_cla_l1_2025_08/cla/data/calibrated/2025/08/01/ch2_cla_l1_20250801T195605221_20250801T195613221.fits,2025-08-01T19:56:05.221,2025-08-01T19:56:13.221,2025-08-01T19:56:09.221,8.0,-48.3,13.5,111.993,38.3209,56.4091,38.3256,56.4093,46.522,46.522,CLASS_add_scds.pro,2.1,192,1,"0,1,2,3,4,5,6,7,8,9,10,11,12,13,14,15,",38.9967,55.8378,37.6733,55.8064,37.6514,56.9706,38.9744,57.0227,1.79443359375,0.0352723158489201,1.73779296875,1.857421875,3675.0,72.23770285858842,8
ch2_cla_l1_20250801T195613221_20250801T195621221.fits,/home/saurabh/moon_project/data/CLASS/ch2_cla_l1_2025_08/cla/data/calibrated/2025/08/01/ch2_cla_l1_20250801T195613221_20250801T195621221.fits,2025-08-01T19:56:13.221,2025-08-01T19:56:21.221,2025-08-01T19:56:17.221,8.0,-48.3,13.5,112.107,37.919,56.3957,37.9237,56.3958,46.241,46.241,CLASS_add_scds.pro,2.1,193,1,"0,1,2,3,4,5,6,7,8,9,10,11,12,13,14,15,",38.5952,55.8268,37.2711,55.7957,37.2492,56.9549,38.573,57.0062,1.80938720703125,0.0654489127018325,1.7314453125,1.912109375,3705.625,134.03937321335314,8
ch2_cla_l1_20250801T195621221_20250801T195629221.fits,/home/saurabh/moon_project/data/CLASS/ch2_cla_l1_2025_08/cla/data/calibrated/2025/08/01/ch2_cla_l1_20250801T195621221_20250801T195629221.fits,2025-08-01T19:56:21.221,2025-08-01T19:56:29.221,2025-08-01T19:56:25.221,8.0,-48.2,13.5,112.219,37.5172,56.3824,37.5219,56.3825,45.9614,45.9614,CLASS_add_scds.pro,2.1,194,1,"0,1,2,3,4,5,6,7,8,9,10,11,12,13,14,15,",38.1939,55.816,36.8688,55.7851,36.847,56.9393,38.1718,56.9901,1.78173828125,0.060393671379456,1.68310546875,1.85986328125,3649.0,123.68623898512604,8
ch2_cla_l1_20250801T195629221_20250801T195637221.fits,/home/saurabh/moon_project/data/CLASS/ch2_cla_l1_2025_08/cla/data/calibrated/2025/08/01/ch2_cla_l1_20250801T195629221_20250801T195637221.fits,2025-08-01T19:56:29.221,2025-08-01T19:56:37.221,2025-08-01T19:56:33.221,8.0,-48.2,13.5,112.331,37.1154,56.3692,37.1202,56.3694,45.6832,45.6832,CLASS_add_scds.pro,2.1,195,1,"0,1,2,3,4,5,6,7,8,9,10,11,12,13,14,15,",37.7925,55.8053,36.4665,55.7745,36.4449,56.9239,37.7705,56.9742,1.82342529296875,0.0486995639430134,1.75146484375,1.89306640625,3734.375,99.7367069552916,8
ch2_cla_l1_20250801T195637221_20250801T195645221.fits,/home/saurabh/moon_project/data/CLASS/ch2_cla_l1_2025_08/cla/data/calibrated/2025/08/01/ch2_cla_l1_20250801T195637221_20250801T195645221.fits,2025-08-01T19:56:37.221,2025-08-01T19:56:45.221,2025-08-01T19:56:41.221,8.0,-48.2,13.5,112.443,36.7137,56.3561,36.7184,56.3563,45.4065,45.4065,CLASS_add_scds.pro,2.1,196,1,"0,1,2,3,4,5,6,7,8,9,10,11,12,13,14,15,",37.3912,55.7946,36.0643,55.764,36.0427,56.9086,37.3693,56.9583,1.72210693359375,0.0911835235726728,1.5810546875,1.841796875,3526.875,186.74385627683407,8
ch2_cla_l1_20250801T195645221_20250801T195653221.fits,/home/saurabh/moon_project/data/CLASS/ch2_cla_l1_2025_08/cla/data/calibrated/2025/08/01/ch2_cla_l1_20250801T195645221_20250801T195653221.fits,2025-08-01T19:56:45.221,2025-08-01T19:56:53.221,2025-08-01T19:56:49.221,8.0,-48.2,13.5,112.554,36.312,56.3432,36.3167,56.3433,45.1313,45.1313,CLASS_add_scds.pro,2.1,197,1,"0,1,2,3,4,5,6,7,8,9,10,11,12,13,14,15,",36.9899,55.7839,35.6622,55.7536,35.6407,56.8935,36.968,56.9426,1.70526123046875,0.1014608146615459,1.5244140625,1.84716796875,3492.375,207.7917484268461,8
ch2_cla_l1_20250801T195653221_20250801T195701221.fits,/home/saurabh/moon_project/data/CLASS/ch2_cla_l1_2025_08/cla/data/calibrated/2025/08/01/ch2_cla_l1_20250801T195653221_20250801T195701221.fits,2025-08-01T19:56:53.221,2025-08-01T19:57:01.221,2025-08-01T19:56:57.221,8.0,-48.2,13.5,112.664,35.9104,56.3304,35.9151,56.3305,44.8576,44.8576,CLASS_add_scds.pro,2.1,198,1,"0,1,2,3,4,5,6,7,8,9,10,11,12,13,14,15,",36.5888,55.7734,35.2601,55.7433,35.2387,56.8786,36.567,56.9272,1.6683349609375,0.0808783235850372,1.55859375,1.78662109375,3416.75,165.63880670215627,8
ch2_cla_l1_20250801T195701221_20250801T195709221.fits,/home/saurabh/moon_project/data/CLASS/ch2_cla_l1_2025_08/cla/data/calibrated/2025/08/01/ch2_cla_l1_20250801T195701221_20250801T195709221.fits,2025-08-01T19:57:01.221,2025-08-01T19:57:09.221,2025-08-01T19:57:05.221,8.0,-48.1,13.5,112.773,35.5088,56.3177,35.5135,56.3179,44.5855,44.5855,CLASS_add_scds.pro,2.1,199,1,"0,1,2,3,4,5,6,7,8,9,10,11,12,13,14,15,",36.1876,55.763,34.858,55.733,34.8367,56.8638,36.1659,56.912,1.7347412109375,0.0803633339328615,1.6318359375,1.85107421875,3552.75,164.58410789450048,8
ch2_cla_l1_20250801T195709221_20250801T195717221.fits,/home/saurabh/moon_project/data/CLASS/ch2_cla_l1_2025_08/cla/data/calibrated/2025/08/01/ch2_cla_l1_20250801T195709221_20250801T195717221.fits,2025-08-01T19:57:09.221,2025-08-01T19:57:17.221,2025-08-01T19:57:13.221,8.0,-48.0,13.5,112.882,35.1072,56.3051,35.112,56.3053,44.315,44.315,CLASS_add_scds.pro,2.1,200,1,"0,1,2,3,4,5,6,7,8,9,10,11,12,13,14,15,",35.7864,55.7526,34.456,55.7227,34.4348,56.8492,35.7648,56.8969,1.6715087890625,0.0582963936809919,1.58837890625,1.76025390625,3423.25,119.39101425867143,8
ch2_cla_l1_20250801T195717221_20250801T195725221.fits,/home/saurabh/moon_project/data/CLASS/ch2_cla_l1_2025_08/cla/data/calibrated/2025/08/01/ch2_cla_l1_20250801T195717221_20250801T195725221.fits,2025-08-01T19:57:17.221,2025-08-01T19:57:25.221,2025-08-01T19:57:21.221,8.0,-48.0,13.5,112.99,34.7057,56.2927,34.7104,56.2928,44.0461,44.0461,CLASS_add_scds.pro,2.1,201,1,"0,1,2,3,4,5,6,7,8,9,10,11,12,13,14,15,",35.3852,55.7422,34.0541,55.7127,34.0329,56.8348,35.3637,56.8818,1.72833251953125,0.0404225239748759,1.66943359375,1.79150390625,3539.625,82.78532910054604,8
ch2_cla_l1_20250801T195725221_20250801T195733221.fits,/home/saurabh/moon_project/data/CLASS/ch2_cla_l1_2025_08/cla/data/calibrated/2025/08/01/ch2_cla_l1_20250801T195725221_20250801T195733221.fits,2025-08-01T19:57:25.221,2025-08-01T19:57:33.221,2025-08-01T19:57:29.221,8.0,-48.0,13.5,113.097,34.3042,56.2803,34.309,56.2805,43.7788,43.7788,CLASS_add_scds.pro,2.1,202,1,"0,1,2,3,4,5,6,7,8,9,10,11,12,13,14,15,",34.9842,55.732,33.6521,55.7025,33.631,56.8205,34.9628,56.8671,1.680908203125,0.041945929411273,1.61572265625,1.7529296875,3442.5,85.90526343428722,8
ch2_cla_l1_20250801T195733221_20250801T195741221.fits,/home/saurabh/moon_project/data/CLASS/ch2_cla_l1_2025_08/cla/data/calibrated/2025/08/01/ch2_cla_l1_20250801T195733221_20250801T195741221.fits,2025-08-01T19:57:33.221,2025-08-01T19:57:41.221,2025-08-01T19:57:37.221,8.0,-47.9,13.5,113.203,33.9028,56.2681,33.9076,56.2682,43.5132,43.5132,CLASS_add_scds.pro,2.1,203,1,"0,1,2,3,4,5,6,7,8,9,10,11,12,13,14,15,",34.5831,55.7217,33.2503,55.6926,33.2293,56.8064,34.5618,56.8525,1.74456787109375,0.0405130016273485,1.6826171875,1.81494140625,3572.875,82.97062733280977,8
ch2_cla_l1_20250801T195741221_20250801T195749221.fits,/home/saurabh/moon_project/data/CLASS/ch2_cla_l1_2025_08/cla/data/calibrated/2025/08/01/ch2_cla_l1_20250801T195741221_20250801T195749221.fits,2025-08-01T19:57:41.221,2025-08-01T19:57:49.221,2025-08-01T19:57:45.221,8.0,-47.8,13.5,113.309,33.5015,56.2559,33.5063,56.2561,43.2493,43.2493,CLASS_add_scds.pro,2.1,204,1,"0,1,2,3,4,5,6,7,8,9,10,11,12,13,14,15,",34.1822,55.7117,32.8485,55.6825,32.8276,56.7924,34.161,56.8381,1.68255615234375,0.0532450097814063,1.619140625,1.7861328125,3445.875,109.04578003232012,8
ch2_cla_l1_20250801T195749221_20250801T195757221.fits,/home/saurabh/moon_project/data/CLASS/ch2_cla_l1_2025_08/cla/data/calibrated/2025/08/01/ch2_cla_l1_20250801T195749221_20250801T195757221.fits,2025-08-01T19:57:49.221,2025-08-01T19:57:57.221,2025-08-01T19:57:53.221,8.0,-47.8,13.5,113.414,33.1001,56.2439,33.1048,56.244,42.9872,42.9872,CLASS_add_scds.pro,2.1,205,1,"0,1,2,3,4,5,6,7,8,9,10,11,12,13,14,15,",33.7813,55.7015,32.4467,55.6727,32.4259,56.7785,33.7601,56.8237,1.7388916015625,0.0408273123777644,1.67529296875,1.798828125,3561.25,83.61433574966163,8
ch2_cla_l1_20250801T195757221_20250801T195805221.fits,/home/saurabh/moon_project/data/CLASS/ch2_cla_l1_2025_08/cla/data/calibrated/2025/08/01/ch2_cla_l1_20250801T195757221_20250801T195805221.fits,2025-08-01T19:57:57.221,2025-08-01T19:58:05.221,2025-08-01T19:58:01.221,8.0,-47.7,13.5,113.518,32.6989,56.2319,32.7036,56.2321,42.7268,42.7268,CLASS_add_scds.pro,2.1,206,1,"0,1,2,3,4,5,6,7,8,9,10,11,12,13,14,15,",33.3803,55.6916,32.0451,55.6629,32.0244,56.7649,33.3593,56.8095,1.71771240234375,0.0506586544252566,1.65283203125,1.80908203125,3517.875,103.74892426292568,8
ch2_cla_l1_20250801T195805221_20250801T195813221.fits,/home/saurabh/moon_project/data/CLASS/ch2_cla_l1_2025_08/cla/data/calibrated/2025/08/01/ch2_cla_l1_20250801T195805221_20250801T195813221.fits,2025-08-01T19:58:05.221,2025-08-01T19:58:13.221,2025-08-01T19:58:09.221,8.0,-47.7,13.5,113.621,32.2976,56.2201,32.3023,56.2203,42.4682,42.4682,CLASS_add_scds.pro,2.1,207,1,"0,1,2,3,4,5,6,7,8,9,10,11,12,13,14,15,",32.9796,55.6817,31.6433,55.653,31.6226,56.7512,32.9586,56.7956,1.741455078125,0.042889410314897,1.67333984375,1.80419921875,3566.5,87.83751232490917,8
ch2_cla_l1_20250801T195813221_20250801T195821221.fits,/home/saurabh/moon_project/data/CLASS/ch2_cla_l1_2025_08/cla/data/calibrated/2025/08/01/ch2_cla_l1_20250801T195813221_20250801T195821221.fits,2025-08-01T19:58:13.221,2025-08-01T19:58:21.221,2025-08-01T19:58:17.221,8.0,-47.7,13.5,113.724,31.8964,56.2083,31.9011,56.2085,42.2115,42.2115,CLASS_add_scds.pro,2.1,208,1,"0,1,2,3,4,5,6,7,8,9,10,11,12,13,14,15,",32.5786,55.6716,31.2417,55.6432,31.2211,56.7378,32.5577,56.7816,1.725341796875,0.0690967879593965,1.6240234375,1.85107421875,3533.5,141.51022174084406,8
ch2_cla_l1_20250801T195821221_20250801T195829221.fits,/home/saurabh/moon_project/data/CLASS/ch2_cla_l1_2025_08/cla/data/calibrated/2025/08/01/ch2_cla_l1_20250801T195821221_20250801T195829221.fits,2025-08-01T19:58:21.221,2025-08-01T19:58:29.221,2025-08-01T19:58:25.221,8.0,-47.6,13.5,113.826,31.4953,56.1967,31.5001,56.1969,41.9566,41.9566,CLASS_add_scds.pro,2.1,209,1,"0,1,2,3,4,5,6,7,8,9,10,11,12,13,14,15,",32.1779,55.6618,30.8402,55.6335,30.8196,56.7244,32.1571,56.7679,1.748779296875,0.0563995794556929,1.65966796875,1.8427734375,3581.5,115.50633872525908,8
ch2_cla_l1_20250801T195829221_20250801T195837221.fits,/home/saurabh/moon_project/data/CLASS/ch2_cla_l1_2025_08/cla/data/calibrated/2025/08/01/ch2_cla_l1_20250801T195829221_20250801T195837221.fits,2025-08-01T19:58:29.221,2025-08-01T19:58:37.221,2025-08-01T19:58:33.221,8.0,-47.6,13.5,113.927,31.0942,56.1851,31.0989,56.1853,41.7036,41.7036,CLASS_add_scds.pro,2.1,210,1,"0,1,2,3,4,5,6,7,8,9,10,11,12,13,14,15,",31.7772,55.652,30.4388,55.6239,30.4183,56.7112,31.7564,56.7542,1.76019287109375,0.0745449784011877,1.63671875,1.8798828125,3604.875,152.6681157656325,8
ch2_cla_l1_20250801T195837221_20250801T195845221.fits,/home/saurabh/moon_project/data/CLASS/ch2_cla_l1_2025_08/cla/data/calibrated/2025/08/01/ch2_cla_l1_20250801T195837221_20250801T195845221.fits,2025-08-01T19:58:37.221,2025-08-01T19:58:45.221,2025-08-01T19:58:41.221,8.0,-47.6,13.5,114.028,30.6931,56.1736,30.6979,56.1738,41.4526,41.4526,CLASS_add_scds.pro,2.1,211,1,"0,1,2,3,4,5,6,7,8,9,10,11,12,13,14,15,",31.3766,55.6424,30.0371,55.6143,30.0167,56.6982,31.3559,56.7408,1.741455078125,0.0758703502972939,1.642578125,1.86181640625,3566.5,155.38247740885805,8
ch2_cla_l1_20250801T195845221_20250801T195853221.fits,/home/saurabh/moon_project/data/CLASS/ch2_cla_l1_2025_08/cla/data/calibrated/2025/08/01/ch2_cla_l1_20250801T195845221_20250801T195853221.fits,2025-08-01T19:58:45.221,2025-08-01T19:58:53.221,2025-08-01T19:58:49.221,8.0,-47.6,13.5,114.127,30.2921,56.1622,30.2968,56.1624,41.2035,41.2035,CLASS_add_scds.pro,2.1,212,1,"0,1,2,3,4,5,6,7,8,9,10,11,12,13,14,15,",30.9757,55.6326,29.6358,55.6047,29.6155,56.6851,30.9551,56.7274,1.74462890625,0.0717267895492442,1.63427734375,1.82470703125,3573.0,146.89646499685222,8
ch2_cla_l1_20250801T195853221_20250801T195901221.fits,/home/saurabh/moon_project/data/CLASS/ch2_cla_l1_2025_08/cla/data/calibrated/2025/08/01/ch2_cla_l1_20250801T195853221_20250801T195901221.fits,2025-08-01T19:58:53.221,2025-08-01T19:59:01.221,2025-08-01T19:58:57.221,8.0,-47.5,13.5,114.226,29.8911,56.1509,29.896,56.1511,40.9565,40.9565,CLASS_add_scds.pro,2.1,213,1,"0,1,2,3,4,5,6,7,8,9,10,11,12,13,14,15,",30.5753,55.6229,29.2345,55.5952,29.2142,56.6723,30.5548,56.7141,1.76068115234375,0.0761707291848773,1.65673828125,1.8681640625,3605.875,155.99765337062885,8
ch2_cla_l1_20250801T195901221_20250801T195909221.fits,/home/saurabh/moon_project/data/CLASS/ch2_cla_l1_2025_08/cla/data/calibrated/2025/08/01/ch2_cla_l1_20250801T195901221_20250801T195909221.fits,2025-08-01T19:59:01.221,2025-08-01T19:59:09.221,2025-08-01T19:59:05.221,8.0,-47.4,13.5,114.324,29.4902,56.1397,29.4949,56.1399,40.7115,40.7115,CLASS_add_scds.pro,2.1,214,1,"0,1,2,3,4,5,6,7,8,9,10,11,12,13,14,15,",30.1747,55.6134,28.8331,55.5857,28.8129,56.6596,30.1543,56.701,1.76837158203125,0.08501461444366,1.64794921875,1.91162109375,3621.625,174.10993038061574,8
ch2_cla_l1_20250801T195909221_20250801T195917221.fits,/home/saurabh/moon_project/data/CLASS/ch2_cla_l1_2025_08/cla/data/calibrated/2025/08/01/ch2_cla_l1_20250801T195909221_20250801T195917221.fits,2025-08-01T19:59:09.221,2025-08-01T19:59:17.221,2025-08-01T19:59:13.221,8.0,-47.3,13.5,114.422,29.0893,56.1285,29.094,56.1287,40.4685,40.4685,CLASS_add_scds.pro,2.1,215,1,"0,1,2,3,4,5,6,7,8,9,10,11,12,13,14,15,",29.7742,55.6038,28.4318,55.5763,28.4116,56.647,29.7538,56.6881,1.7412109375,0.0479283731191299,1.6728515625,1.82763671875,3566.0,98.15730814797816,8
ch2_cla_l1_20250801T195917221_20250801T195925221.fits,/home/saurabh/moon_project/data/CLASS/ch2_cla_l1_2025_08/cla/data/calibrated/2025/08/01/ch2_cla_l1_20250801T195917221_20250801T195925221.fits,2025-08-01T19:59:17.221,2025-08-01T19:59:25.221,2025-08-01T19:59:21.221,8.0,-47.3,13.5,114.518,28.6884,56.1175,28.6931,56.1176,40.2277,40.2277,CLASS_add_scds.pro,2.1,216,1,"0,1,2,3,4,5,6,7,8,9,10,11,12,13,14,15,",29.3737,55.5943,28.0305,55.5668,28.0104,56.6344,29.3533,56.6752,1.78985595703125,0.0755955337623046,1.67041015625,1.8935546875,3665.625,154.81965314519988,8
ch2_cla_l1_20250801T195925221_20250801T195933221.fits,/home/saurabh/moon_project/data/CLASS/ch2_cla_l1_2025_08/cla/data/calibrated/2025/08/01/ch2_cla_l1_20250801T195925221_20250801T195933221.fits,2025-08-01T19:59:25.221,2025-08-01T19:59:33.221,2025-08-01T19:59:29.221,8.0,-47.3,13.5,114.614,28.2876,56.1065,28.2925,56.1066,39.989,39.989,CLASS_add_scds.pro,2.1,217,1,"0,1,2,3,4,5,6,7,8,9,10,11,12,13,14,15,",28.9732,55.5848,27.6295,55.5575,27.6094,56.6221,28.9529,56.6624,1.7659912109375,0.0501262637292651,1.6943359375,1.84716796875,3616.75,102.65858811753507,8
ch2_cla_l1_20250801T195933221_20250801T195941221.fits,/home/saurabh/moon_project/data/CLASS/ch2_cla_l1_2025_08/cla/data/calibrated/2025/08/01/ch2_cla_l1_20250801T195933221_20250801T195941221.fits,2025-08-01T19:59:33.221,2025-08-01T19:59:41.221,2025-08-01T19:59:37.221,8.0,-47.3,13.5,114.709,27.8868,56.0956,27.8916,56.0957,39.7526,39.7526,CLASS_add_scds.pro,2.1,218,1,"0,1,2,3,4,5,6,7,8,9,10,11,12,13,14,15,",28.573,55.5755,27.2283,55.5482,27.2082,56.6097,28.5527,56.6498,1.80938720703125,0.0587191375438888,1.68603515625,1.87451171875,3705.625,120.25679368988445,8
ch2_cla_l1_20250801T195941221_20250801T195949221.fits,/home/saurabh/moon_project/data/CLASS/ch2_cla_l1_2025_08/cla/data/calibrated/2025/08/01/ch2_cla_l1_20250801T195941221_20250801T195949221.fits,2025-08-01T19:59:41.221,2025-08-01T19:59:49.221,2025-08-01T19:59:45.221,8.0,-47.3,13.5,114.803,27.4861,56.0847,27.4908,56.0848,39.5184,39.5184,CLASS_add_scds.pro,2.1,219,1,"0,1,2,3,4,5,6,7,8,9,10,11,12,13,14,15,",28.1725,55.5661,26.827,55.5389,26.8071,56.5975,28.1523,56.6372,1.76177978515625,0.0377567020086188,1.70556640625,1.822265625,3608.125,77.32572571365145,8
ch2_cla_l1_20250801T195949221_20250801T195957221.fits,/home/saurabh/moon_project/data/CLASS/ch2_cla_l1_2025_08/cla/data/calibrated/2025/08/01/ch2_cla_l1_20250801T195949221_20250801T195957221.fits,2025-08-01T19:59:49.221,2025-08-01T19:59:57.221,2025-08-01T19:59:53.221,8.0,-47.3,13.5,114.896,27.0854,56.0739,27.09,56.074,39.2864,39.2864,CLASS_add_scds.pro,2.1,220,1,"0,1,2,3,4,5,6,7,8,9,10,11,12,13,14,15,",27.772,55.5567,26.426,55.5296,26.4061,56.5854,27.7519,56.6247,1.811279296875,0.0602824682861113,1.70068359375,1.8935546875,3709.5,123.45849504995596,8
ch2_cla_l1_20250801T195957221_20250801T200005221.fits,/home/saurabh/moon_project/data/CLASS/ch2_cla_l1_2025_08/cla/data/calibrated/2025/08/01/ch2_cla_l1_20250801T195957221_20250801T200005221.fits,2025-08-01T19:59:57.221,2025-08-01T20:00:05.221,2025-08-01T20:00:01.221,8.0,-47.3,13.5,114.989,26.6847,56.0632,26.6894,56.0633,39.0568,39.0568,CLASS_add_scds.pro,2.1,221,1,"0,1,2,3,4,5,6,7,8,9,10,11,12,13,14,15,",27.3718,55.5474,26.0252,55.5205,26.0053,56.5735,27.3517,56.6124,1.78118896484375,0.0407385256440552,1.71630859375,1.8359375,3647.875,83.43250051902521,8
ch2_cla_l1_20250801T200005221_20250801T200013221.fits,/home/saurabh/moon_project/data/CLASS/ch2_cla_l1_2025_08/cla/data/calibrated/2025/08/01/ch2_cla_l1_20250801T200005221_20250801T200013221.fits,2025-08-01T20:00:05.221,2025-08-01T20:00:13.221,2025-08-01T20:00:09.221,8.0,-47.1,13.5,115.08,26.2841,56.0526,26.289,56.0528,38.8295,38.8295,CLASS_add_scds.pro,2.1,222,1,"0,1,2,3,4,5,6,7,8,9,10,11,12,13,14,15,",26.9717,55.5382,25.6242,55.5113,25.6044,56.5615,26.9517,56.6003,1.82122802734375,0.0607341559536285,1.71826171875,1.8974609375,3729.875,124.3835513930313,8
ch2_cla_l1_20250801T200013221_20250801T200021221.fits,/home/saurabh/moon_project/data/CLASS/ch2_cla_l1_2025_08/cla/data/calibrated/2025/08/01/ch2_cla_l1_20250801T200013221_20250801T200021221.fits,2025-08-01T20:00:13.221,2025-08-01T20:00:21.221,2025-08-01T20:00:17.221,8.0,-47.0,13.5,115.171,25.8835,56.042,25.8884,56.0422,38.6046,38.6046,CLASS_add_scds.pro,2.1,223,1,"0,1,2,3,4,5,6,7,8,9,10,11,12,13,14,15,",26.5715,55.529,25.223,55.502,25.2033,56.5497,26.5515,56.5882,1.75701904296875,0.0451328700923738,1.68212890625,1.8095703125,3598.375,92.43211794918166,8
ch2_cla_l1_20250801T200021221_20250801T200029221.fits,/home/saurabh/moon_project/data/CLASS/ch2_cla_l1_2025_08/cla/data/calibrated/2025/08/01/ch2_cla_l1_20250801T200021221_20250801T200029221.fits,2025-08-01T20:00:21.221,2025-08-01T20:00:29.221,2025-08-01T20:00:25.221,8.0,-46.9,13.5,115.261,25.483,56.0315,25.4876,56.0315,38.3821,38.3821,CLASS_add_scds.pro,2.1,224,1,"0,1,2,3,4,5,6,7,8,9,10,11,12,13,14,15,",26.1711,55.5197,24.8222,55.4929,24.8025,56.5379,26.1512,56.576,1.84124755859375,0.0546104900995476,1.74951171875,1.9189453125,3770.875,111.84228372387356,8
ch2_cla_l1_20250801T200029221_20250801T200037221.fits,/home/saurabh/moon_project/data/CLASS/ch2_cla_l1_2025_08/cla/data/calibrated/2025/08/01/ch2_cla_l1_20250801T200029221_20250801T200037221.fits,2025-08-01T20:00:29.221,2025-08-01T20:00:37.221,2025-08-01T20:00:33.221,8.0,-46.9,13.5,115.351,25.0825,56.021,25.0873,56.0212,38.1621,38.1621,CLASS_add_scds.pro,2.1,225,1,"0,1,2,3,4,5,6,7,8,9,10,11,12,13,14,15,",25.771,55.5105,24.4209,55.4837,24.4013,56.5262,25.7512,56.5641,1.7672119140625,0.0717921709737146,1.65234375,1.8740234375,3619.25,147.03036615416752,8
ch2_cla_l1_20250801T200037221_20250801T200045221.fits,/home/saurabh/moon_project/data/CLASS/ch2_cla_l1_2025_08/cla/data/calibrated/2025/08/01/ch2_cla_l1_20250801T200037221_20250801T200045221.fits,2025-08-01T20:00:37.221,2025-08-01T20:00:45.221,2025-08-01T20:00:41.221,8.0,-46.9,13.5,115.439,24.682,56.0106,24.6867,56.0107,37.9447,37.9447,CLASS_add_scds.pro,2.1,226,1,"0,1,2,3,4,5,6,7,8,9,10,11,12,13,14,15,",25.3704,55.5011,24.0203,55.4747,24.0007,56.5148,25.3507,56.552,1.8267822265625,0.0772070222505618,1.72607421875,1.94970703125,3741.25,158.11998156915075,8
ch2_cla_l1_20250801T200045221_20250801T200053221.fits,/home/saurabh/moon_project/data/CLASS/ch2_cla_l1_2025_08/cla/data/calibrated/2025/08/01/ch2_cla_l1_20250801T200045221_20250801T200053221.fits,2025-08-01T20:00:45.221,2025-08-01T20:00:53.221,2025-08-01T20:00:49.221,8.0,-46.9,13.5,115.526,24.2816,56.0003,24.2862,56.0004,37.7298,37.7298,CLASS_add_scds.pro,2.1,227,1,"0,1,2,3,4,5,6,7,8,9,10,11,12,13,14,15,",24.9706,55.4922,23.6196,55.4657,23.6001,56.5033,24.9508,56.5405,1.81146240234375,0.0857841560294391,1.6884765625,1.9111328125,3709.875,175.68595154829134,8
ch2_cla_l1_20250801T200053221_20250801T200101221.fits,/home/saurabh/moon_project/data/CLASS/ch2_cla_l1_2025_08/cla/data/calibrated/2025/08/01/ch2_cla_l1_20250801T200053221_20250801T200101221.fits,2025-08-01T20:00:53.221,2025-08-01T20:01:01.221,2025-08-01T20:00:57.221,8.0,-46.9,13.5,115.613,23.8812,55.99,23.8858,55.9901,37.5175,37.5175,CLASS_add_scds.pro,2.1,228,1,"0,1,2,3,4,5,6,7,8,9,10,11,12,13,14,15,",24.5706,55.4832,23.2193,55.4568,23.1997,56.492,24.5509,56.5289,1.79107666015625,0.0870814051863351,1.6689453125,1.92822265625,3668.125,178.34271782161446,8
ch2_cla_l1_20250801T200101221_20250801T200109221.fits,/home/saurabh/moon_project/data/CLASS/ch2_cla_l1_2025_08/cla/data/calibrated/2025/08/01/ch2_cla_l1_20250801T200101221_20250801T200109221.fits,2025-08-01T20:01:01.221,2025-08-01T20:01:09.221,2025-08-01T20:01:05.221,8.0,-46.8,13.5,115.699,23.4808,55.9798,23.4862,55.9801,37.3079,37.3079,CLASS_add_scds.pro,2.1,229,1,"0,1,2,3,4,5,6,7,8,9,10,11,12,13,14,15,",24.171,55.4743,22.8188,55.4478,22.7992,56.4807,24.1513,56.5175,1.69512939453125,0.077245475349066,1.583984375,1.80712890625,3471.625,158.19873351488718,8
ch2_cla_l1_20250801T200109221_20250801T200117221.fits,/home/saurabh/moon_project/data/CLASS/ch2_cla_l1_2025_08/cla/data/calibrated/2025/08/01/ch2_cla_l1_20250801T200109221_20250801T200117221.fits,2025-08-01T20:01:09.221,2025-08-01T20:01:17.221,2025-08-01T20:01:13.221,8.0,-46.7,13.5,115.784,23.0805,55.9697,23.0857,55.9698,37.101,37.101,CLASS_add_scds.pro,2.1,230,1,"0,1,2,3,4,5,6,7,8,9,10,11,12,13,14,15,",23.7712,55.4653,22.4178,55.4388,22.3984,56.4694,23.7515,56.506,1.71527099609375,0.0466341917663293,1.64306640625,1.78662109375,3512.875,95.50682473744256,8
ch2_cla_l1_20250801T200117221_20250801T200125221.fits,/home/saurabh/moon_project/data/CLASS/ch2_cla_l1_2025_08/cla/data/calibrated/2025/08/01/ch2_cla_l1_20250801T200117221_20250801T200125221.fits,2025-08-01T20:01:17.221,2025-08-01T20:01:25.221,2025-08-01T20:01:21.221,8.0,-46.6,13.5,115.868,22.6802,55.9596,22.6851,55.9596,36.8968,36.8968,CLASS_add_scds.pro,2.1,231,1,"0,1,2,3,4,5,6,7,8,9,10,11,12,13,14,15,",23.3709,55.4561,22.0171,55.4299,21.9977,56.4583,23.3513,56.4945,1.71234130859375,0.0755547477101744,1.59716796875,1.82275390625,3506.875,154.7361233104373,8
ch2_cla_l1_20250801T200125221_20250801T200133221.fits,/home/saurabh/moon_project/data/CLASS/ch2_cla_l1_2025_08/cla/data/calibrated/2025/08/01/ch2_cla_l1_20250801T200125221_20250801T200133221.fits,2025-08-01T20:01:25.221,2025-08-01T20:01:33.221,2025-08-01T20:01:29.221,8.0,-46.6,13.5,115.951,22.2799,55.9495,22.2848,55.9496,36.6954,36.6954,CLASS_add_scds.pro,2.1,232,1,"0,1,2,3,4,5,6,7,8,9,10,11,12,13,14,15,",22.9708,55.4472,21.6164,55.421,21.597,56.4473,22.9513,56.4831,1.72039794921875,0.036128040131114,1.677734375,1.78271484375,3523.375,73.99022618852149,8
ch2_cla_l1_20250801T200133221_20250801T200141221.fits,/home/saurabh/moon_project/data/CLASS/ch2_cla_l1_2025_08/cla/data/calibrated/2025/08/01/ch2_cla_l1_20250801T200133221_20250801T200141221.fits,2025-08-01T20:01:33.221,2025-08-01T20:01:41.221,2025-08-01T20:01:37.221,8.0,-46.6,13.5,116.033,21.8797,55.9395,21.8846,55.9397,36.4968,36.4968,CLASS_add_scds.pro,2.1,233,1,"0,1,2,3,4,5,6,7,8,9,10,11,12,13,14,15,",22.5708,55.4382,21.2159,55.4121,21.1966,56.4364,22.5514,56.4719,1.71441650390625,0.0568922869342687,1.6396484375,1.8017578125,3511.125,116.51540364138248,8
ch2_cla_l1_20250801T200141221_20250801T200149221.fits,/home/saurabh/moon_project/data/CLASS/ch2_cla_l1_2025_08/cla/data/calibrated/2025/08/01/ch2_cla_l1_20250801T200141221_20250801T200149221.fits,2025-08-01T20:01:41.221,2025-08-01T20:01:49.221,2025-08-01T20:01:45.221,8.0,-46.6,13.5,116.115,21.4795,55.9296,21.4844,55.9298,36.3011,36.3011,CLASS_add_scds.pro,2.1,234,1,"0,1,2,3,4,5,6,7,8,9,10,11,12,13,14,15,",22.171,55.4294,20.8154,55.4033,20.7961,56.4255,22.1516,56.4608,1.72711181640625,0.0333611709861701,1.6787109375,1.7705078125,3537.125,68.32367817967648,8
ch2_cla_l1_20250801T200149221_20250801T200157221.fits,/home/saurabh/moon_project/data/CLASS/ch2_cla_l1_2025_08/cla/data/calibrated/2025/08/01/ch2_cla_l1_20250801T200149221_20250801T200157221.fits,2025-08-01T20:01:49.221,2025-08-01T20:01:57.221,2025-08-01T20:01:53.221,8.0,-46.6,13.5,116.195,21.0794,55.9197,21.0844,55.9198,36.1084,36.1084,CLASS_add_scds.pro,2.1,235,1,"0,1,2,3,4,5,6,7,8,9,10,11,12,13,14,15,",21.7712,55.4205,20.415,55.3944,20.3958,56.4146,21.7518,56.4497,1.75311279296875,0.0642095479779888,1.65283203125,1.82470703125,3590.375,131.50115425892113,8
ch2_cla_l1_20250801T200157221_20250801T200205221.fits,/home/saurabh/moon_project/data/CLASS/ch2_cla_l1_2025_08/cla/data/calibrated/2025/08/01/ch2_cla_l1_20250801T200157221_20250801T200205221.fits,2025-08-01T20:01:57.221,2025-08-01T20:02:05.221,2025-08-01T20:02:01.221,8.0,-46.5,13.5,116.274,20.6793,55.9098,20.6841,55.9099,35.9186,35.9186,CLASS_add_scds.pro,2.1,236,1,"0,1,2,3,4,5,6,7,8,9,10,11,12,13,14,15,",21.3715,55.4116,20.0144,55.3855,19.9952,56.4039,21.3521,56.4387,1.717041015625,0.0564834594049359,1.625,1.7939453125,3516.5,115.67812486130887,8
ch2_cla_l1_20250801T200205221_20250801T200213221.fits,/home/saurabh/moon_project/data/CLASS/ch2_cla_l1_2025_08/cla/data/calibrated/2025/08/01/ch2_cla_l1_20250801T200205221_20250801T200213221.fits,2025-08-01T20:02:05.221,2025-08-01T20:02:13.221,2025-08-01T20:02:09.221,8.0,-46.4,13.5,116.353,20.2792,55.9,20.2839,55.9,35.7318,35.7318,CLASS_add_scds.pro,2.1,237,1,"0,1,2,3,4,5,6,7,8,9,10,11,12,13,14,15,",20.9715,55.4027,19.6141,55.3767,19.5949,56.3931,20.9522,56.4278,1.75518798828125,0.0471488130716812,1.69189453125,1.82373046875,3594.625,96.56076917080324,8
ch2_cla_l1_20250801T200213221_20250801T200221221.fits,/home/saurabh/moon_project/data/CLASS/ch2_cla_l1_2025_08/cla/data/calibrated/2025/08/01/ch2_cla_l1_20250801T200213221_20250801T200221221.fits,2025-08-01T20:02:13.221,2025-08-01T20:02:21.221,2025-08-01T20:02:17.221,8.0,-46.3,13.5,116.431,19.8791,55.8902,19.884,55.8903,35.5481,35.5481,CLASS_add_scds.pro,2.1,238,1,"0,1,2,3,4,5,6,7,8,9,10,11,12,13,14,15,",20.5718,55.3939,19.2137,55.3679,19.1946,56.3826,20.5526,56.4169,1.73248291015625,0.0599291177835473,1.63525390625,1.82080078125,3548.125,122.73483322070506,8
ch2_cla_l1_20250801T200221221_20250801T200229221.fits,/home/saurabh/moon_project/data/CLASS/ch2_cla_l1_2025_08/cla/data/calibrated/2025/08/01/ch2_cla_l1_20250801T200221221_20250801T200229221.fits,2025-08-01T20:02:21.221,2025-08-01T20:02:29.221,2025-08-01T20:02:25.221,8.0,-46.2,13.5,116.507,19.4791,55.8805,19.484,55.8806,35.3676,35.3676,CLASS_add_scds.pro,2.1,239,1,"0,1,2,3,4,5,6,7,8,9,10,11,12,13,14,15,",20.1721,55.3851,18.8133,55.3592,18.7942,56.3721,20.1528,56.4062,1.7581787109375,0.0821352967046767,1.591796875,1.86083984375,3600.75,168.2130876511779,8
ch2_cla_l1_20250801T200229221_20250801T200237221.fits,/home/saurabh/moon_project/data/CLASS/ch2_cla_l1_2025_08/cla/data/calibrated/2025/08/01/ch2_cla_l1_20250801T200229221_20250801T200237221.fits,2025-08-01T20:02:29.221,2025-08-01T20:02:37.221,2025-08-01T20:02:33.221,8.0,-46.2,13.5,116.583,19.0791,55.8708,19.0839,55.871,35.1901,35.1901,CLASS_add_scds.pro,2.1,240,1,"0,1,2,3,4,5,6,7,8,9,10,11,12,13,14,15,",19.7723,55.3763,18.4132,55.3505,18.3941,56.3617,19.7531,56.3955,1.72198486328125,0.0739843064516595,1.63037109375,1.84326171875,3526.625,151.51985961299877,8
ch2_cla_l1_20250801T200237221_20250801T200245221.fits,/home/saurabh/moon_project/data/CLASS/ch2_cla_l1_2025_08/cla/data/calibrated/2025/08/01/ch2_cla_l1_20250801T200237221_20250801T200245221.fits,2025-08-01T20:02:37.221,2025-08-01T20:02:45.221,2025-08-01T20:02:41.221,8.0,-46.2,13.5,116.658,18.6791,55.8612,18.684,55.8613,35.0159,35.0159,CLASS_add_scds.pro,2.1,241,1,"0,1,2,3,4,5,6,7,8,9,10,11,12,13,14,15,",19.3729,55.3677,18.0129,55.3418,17.9938,56.3512,19.3537,56.385,1.7791748046875,0.101923291247461,1.6015625,1.9189453125,3643.75,208.73890047480023,8
ch2_cla_l1_20250801T200245221_20250801T200253221.fits,/home/saurabh/moon_project/data/CLASS/ch2_cla_l1_2025_08/cla/data/calibrated/2025/08/01/ch2_cla_l1_20250801T200245221_20250801T200253221.fits,2025-08-01T20:02:45.221,2025-08-01T20:02:53.221,2025-08-01T20:02:49.221,8.0,-46.2,13.5,116.732,18.2792,55.8516,18.2841,55.8518,34.845,34.845,CLASS_add_scds.pro,2.1,242,1,"0,1,2,3,4,5,6,7,8,9,10,11,12,13,14,15,",18.9731,55.3589,17.6126,55.333,17.5937,56.3408,18.954,56.3744,1.7393798828125,0.0762003750983876,1.650390625,1.85107421875,3562.25,156.0583682014979,8
ch2_cla_l1_20250801T200253221_20250801T200301221.fits,/home/saurabh/moon_project/data/CLASS/ch2_cla_l1_2025_08/cla/data/calibrated/2025/08/01/ch2_cla_l1_20250801T200253221_20250801T200301221.fits,2025-08-01T20:02:53.221,2025-08-01T20:03:01.221,2025-08-01T20:02:57.221,8.0,-46.1,13.5,116.805,17.8793,55.8421,17.8841,55.8421,34.6773,34.6773,CLASS_add_scds.pro,2.1,243,1,"0,1,2,3,4,5,6,7,8,9,10,11,12,13,14,15,",18.5735,55.3501,17.2124,55.3243,17.1935,56.3306,18.5544,56.3638,1.7823486328125,0.0448024892986378,1.7265625,1.86083984375,3650.25,91.7554980836104,8
ch2_cla_l1_20250801T200301221_20250801T200309221.fits,/home/saurabh/moon_project/data/CLASS/ch2_cla_l1_2025_08/cla/data/calibrated/2025/08/01/ch2_cla_l1_20250801T200301221_20250801T200309221.fits,2025-08-01T20:03:01.221,2025-08-01T20:03:09.221,2025-08-01T20:03:05.221,8.0,-46.0,13.5,116.877,17.4794,55.8326,17.4844,55.8327,34.513,34.513,CLASS_add_scds.pro,2.1,244,1,"0,1,2,3,4,5,6,7,8,9,10,11,12,13,14,15,",18.1739,55.3414,16.8124,55.3155,16.7934,56.3203,18.1548,56.3534,1.731201171875,0.0456954036613255,1.6669921875,1.80078125,3545.5,93.58418669839472,8
ch2_cla_l1_20250801T200309221_20250801T200317221.fits,/home/saurabh/moon_project/data/CLASS/ch2_cla_l1_2025_08/cla/data/calibrated/2025/08/01/ch2_cla_l1_20250801T200309221_20250801T200317221.fits,2025-08-01T20:03:09.221,2025-08-01T20:03:17.221,2025-08-01T20:03:13.221,8.0,-45.9,13.5,116.948,17.0796,55.8231,17.0845,55.8231,34.3522,34.3522,CLASS_add_scds.pro,2.1,245,1,"0,1,2,3,4,5,6,7,8,9,10,11,12,13,14,15,",17.7744,55.3326,16.4122,55.3069,16.3933,56.3102,17.7554,56.343,1.80316162109375,0.0455912598524082,1.73828125,1.88916015625,3692.875,93.37090017773204,8
ch2_cla_l1_20250801T200317221_20250801T200325221.fits,/home/saurabh/moon_project/data/CLASS/ch2_cla_l1_2025_08/cla/data/calibrated/2025/08/01/ch2_cla_l1_20250801T200317221_20250801T200325221.fits,2025-08-01T20:03:17.221,2025-08-01T20:03:25.221,2025-08-01T20:03:21.221,8.0,-45.8,13.5,117.018,16.6798,55.8136,16.6846,55.8137,34.1947,34.1947,CLASS_add_scds.pro,2.1,246,1,"0,1,2,3,4,5,6,7,8,9,10,11,12,13,14,15,",17.3749,55.324,16.0121,55.2983,15.9932,56.3001,17.3558,56.3328,1.74847412109375,0.0476743123400911,1.6904296875,1.8330078125,3580.875,97.6369916725067,8
ch2_cla_l1_20250801T200325221_20250801T200333221.fits,/home/saurabh/moon_project/data/CLASS/ch2_cla_l1_2025_08/cla/data/calibrated/2025/08/01/ch2_cla_l1_20250801T200325221_20250801T200333221.fits,2025-08-01T20:03:25.221,2025-08-01T20:03:33.221,2025-08-01T20:03:29.221,8.0,-45.8,13.5,117.087,16.28,55.8042,16.2849,55.8044,34.0408,34.0408,CLASS_add_scds.pro,2.1,247,1,"0,1,2,3,4,5,6,7,8,9,10,11,12,13,14,15,",16.9753,55.3153,15.612,55.2896,15.5932,56.29,16.9563,56.3225,1.78729248046875,0.0366094080127813,1.7333984375,1.83642578125,3660.375,74.97606761017622,8
ch2_cla_l1_20250801T200333221_20250801T200341221.fits,/home/saurabh/moon_project/data/CLASS/ch2_cla_l1_2025_08/cla/data/calibrated/2025/08/01/ch2_cla_l1_20250801T200333221_20250801T200341221.fits,2025-08-01T20:03:33.221,2025-08-01T20:03:41.221,2025-08-01T20:03:37.221,8.0,-45.8,13.5,117.155,15.8803,55.7949,15.8851,55.7949,33.8904,33.8904,CLASS_add_scds.pro,2.1,248,1,"0,1,2,3,4,5,6,7,8,9,10,11,12,13,14,15,",16.5758,55.3066,15.212,55.281,15.1932,56.28,16.5569,56.3123,1.768798828125,0.053733127518505,1.697265625,1.8681640625,3622.5,110.04544515789829,8
ch2_cla_l1_20250801T200341221_20250801T200349221.fits,/home/saurabh/moon_project/data/CLASS/ch2_cla_l1_2025_08/cla/data/calibrated/2025/08/01/ch2_cla_l1_20250801T200341221_20250801T200349221.fits,2025-08-01T20:03:41.221,2025-08-01T20:03:49.221,2025-08-01T20:03:45.221,8.0,-45.8,13.5,117.222,15.4805,55.7855,15.4854,55.7856,33.7436,33.7436,CLASS_add_scds.pro,2.1,249,1,"0,1,2,3,4,5,6,7,8,9,10,11,12,13,14,15,",16.1763,55.298,14.8121,55.2724,14.7933,56.2701,16.1574,56.3022,1.80987548828125,0.0363442263687378,1.75341796875,1.85791015625,3706.625,74.43297560317508,8
ch2_cla_l1_20250801T200349221_20250801T200357221.fits,/home/saurabh/moon_project/data/CLASS/ch2_cla_l1_2025_08/cla/data/calibrated/2025/08/01/ch2_cla_l1_20250801T200349221_20250801T200357221.fits,2025-08-01T20:03:49.221,2025-08-01T20:03:57.221,2025-08-01T20:03:53.221,8.0,-45.7,13.5,117.288,15.0808,55.7762,15.0857,55.7763,33.6004,33.6004,CLASS_add_scds.pro,2.1,250,1,"0,1,2,3,4,5,6,7,8,9,10,11,12,13,14,15,",15.777,55.2895,14.4122,55.2637,14.3934,56.2603,15.7581,56.2922,1.77227783203125,0.0691347022671784,1.6650390625,1.875,3629.625,141.5878702431815,8
ch2_cla_l1_20250801T200357221_20250801T200405221.fits,/home/saurabh/moon_project/data/CLASS/ch2_cla_l1_2025_08/cla/data/calibrated/2025/08/01/ch2_cla_l1_20250801T200357221_20250801T200405221.fits,2025-08-01T20:03:57.221,2025-08-01T20:04:05.221,2025-08-01T20:04:01.221,8.0,-45.6,13.5,117.353,14.6812,55.7669,14.6861,55.7671,33.4609,33.4609,CLASS_add_scds.pro,2.1,251,1,"0,1,2,3,4,5,6,7,8,9,10,11,12,13,14,15,",15.3776,55.2808,14.0121,55.2552,13.9934,56.2505,15.3587,56.2822,1.79766845703125,0.0572292392352069,1.70849609375,1.88623046875,3681.625,117.20548195370384,8
ch2_cla_l1_20250801T200405221_20250801T200413221.fits,/home/saurabh/moon_project/data/CLASS/ch2_cla_l1_2025_08/cla/data/calibrated/2025/08/01/ch2_cla_l1_20250801T200405221_20250801T200413221.fits,2025-08-01T20:04:05.221,2025-08-01T20:04:13.221,2025-08-01T20:04:09.221,8.0,-45.6,13.5,117.417,14.2816,55.7577,14.2864,55.7579,33.3251,33.3251,CLASS_add_scds.pro,2.1,252,1,"0,1,2,3,4,5,6,7,8,9,10,11,12,13,14,15,",14.9781,55.2722,13.6123,55.2465,13.5936,56.2407,14.9593,56.2722,1.78955078125,0.0739714438819122,1.6845703125,1.92724609375,3665.0,151.49351707015623,8
ch2_cla_l1_20250801T200413221_20250801T200421221.fits,/home/saurabh/moon_project/data/CLASS/ch2_cla_l1_2025_08/cla/data/calibrated/2025/08/01/ch2_cla_l1_20250801T200413221_20250801T200421221.fits,2025-08-01T20:04:13.221,2025-08-01T20:04:21.221,2025-08-01T20:04:17.221,8.0,-45.5,13.5,117.48,13.882,55.7485,13.8868,55.7486,33.1932,33.1932,CLASS_add_scds.pro,2.1,253,1,"0,1,2,3,4,5,6,7,8,9,10,11,12,13,14,15,",14.5788,55.2636,13.2124,55.2378,13.1937,56.2309,14.56,56.2623,1.80279541015625,0.0592420408687227,1.7294921875,1.892578125,3692.125,121.3276996991442,8
ch2_cla_l1_20250801T200421221_20250801T200429221.fits,/home/saurabh/moon_project/data/CLASS/ch2_cla_l1_2025_08/cla/data/calibrated/2025/08/01/ch2_cla_l1_20250801T200421221_20250801T200429221.fits,2025-08-01T20:04:21.221,2025-08-01T20:04:29.221,2025-08-01T20:04:25.221,8.0,-45.5,13.5,117.542,13.4824,55.7393,13.4872,55.7394,33.065,33.065,CLASS_add_scds.pro,2.1,254,1,"0,1,2,3,4,5,6,7,8,9,10,11,12,13,14,15,",14.1794,55.2549,12.8127,55.2292,12.794,56.2212,14.1606,56.2524,1.8018798828125,0.0863789700267484,1.6806640625,1.93701171875,3690.25,176.9041306147808,8
ch2_cla_l1_20250801T200429221_20250801T200437221.fits,/home/saurabh/moon_project/data/CLASS/ch2_cla_l1_2025_08/cla/data/calibrated/2025/08/01/ch2_cla_l1_20250801T200429221_20250801T200437221.fits,2025-08-01T20:04:29.221,2025-08-01T20:04:37.221,2025-08-01T20:04:33.221,8.0,-45.5,13.5,117.603,13.0828,55.7301,13.0877,55.7302,32.9407,32.9407,CLASS_add_scds.pro,2.1,255,1,"0,1,2,3,4,5,6,7,8,9,10,11,12,13,14,15,",13.7802,55.2463,12.4129,55.2206,12.3942,56.2115,13.7614,56.2426,1.80914306640625,0.0745033886596905,1.71533203125,1.92822265625,3705.125,152.58293997504626,8
ch2_cla_l1_20250801T200437221_20250801T200445221.fits,/home/saurabh/moon_project/data/CLASS/ch2_cla_l1_2025_08/cla/data/calibrated/2025/08/01/ch2_cla_l1_20250801T200437221_20250801T200445221.fits,2025-08-01T20:04:37.221,2025-08-01T20:04:45.221,2025-08-01T20:04:41.221,8.0,-45.5,13.5,117.663,12.6833,55.721,12.6881,55.7211,32.8203,32.8203,CLASS_add_scds.pro,2.1,256,1,"0,1,2,3,4,5,6,7,8,9,10,11,12,13,14,15,",13.3809,55.2377,12.0132,55.2121,11.9945,56.202,13.3622,56.2328,1.83447265625,0.0800606844847109,1.697265625,1.96533203125,3757.0,163.96428182468802,8
ch2_cla_l1_20250801T200445221_20250801T200453221.fits,/home/saurabh/moon_project/data/CLASS/ch2_cla_l1_2025_08/cla/data/calibrated/2025/08/01/ch2_cla_l1_20250801T200445221_20250801T200453221.fits,2025-08-01T20:04:45.221,2025-08-01T20:04:53.221,2025-08-01T20:04:49.221,8.0,-45.3,13.5,117.723,12.2838,55.7119,12.2887,55.7121,32.7038,32.7038,CLASS_add_scds.pro,2.1,257,1,"0,1,2,3,4,5,6,7,8,9,10,11,12,13,14,15,",12.9817,55.2292,11.6134,55.2035,11.5947,56.1925,12.963,56.2232,1.8096923828125,0.0550838819160018,1.72705078125,1.89794921875,3706.25,112.81179016397178,8
ch2_cla_l1_20250801T200453221_20250801T200501221.fits,/home/saurabh/moon_project/data/CLASS/ch2_cla_l1_2025_08/cla/data/calibrated/2025/08/01/ch2_cla_l1_20250801T200453221_20250801T200501221.fits,2025-08-01T20:04:53.221,2025-08-01T20:05:01.221,2025-08-01T20:04:57.221,8.0,-45.3,13.5,117.781,11.8843,55.7028,11.8892,55.703,32.5914,32.5914,CLASS_add_scds.pro,2.1,258,1,"0,1,2,3,4,5,6,7,8,9,10,11,12,13,14,15,",12.5824,55.2206,11.2137,55.1949,11.1951,56.1829,12.5636,56.2135,1.827392578125,0.0634341590855283,1.71142578125,1.91796875,3742.5,129.91315780716198,8
ch2_cla_l1_20250801T200501221_20250801T200509221.fits,/home/saurabh/moon_project/data/CLASS/ch2_cla_l1_2025_08/cla/data/calibrated/2025/08/01/ch2_cla_l1_20250801T200501221_20250801T200509221.fits,2025-08-01T20:05:01.221,2025-08-01T20:05:09.221,2025-08-01T20:05:05.221,8.0,-45.2,13.5,117.838,11.4849,55.6938,11.4897,55.6939,32.4829,32.4829,CLASS_add_scds.pro,2.1,259,1,"0,1,2,3,4,5,6,7,8,9,10,11,12,13,14,15,",12.1832,55.212,10.8142,55.1863,10.7956,56.1735,12.1645,56.2039,1.81878662109375,0.0465274368622487,1.74462890625,1.89990234375,3724.875,95.2881906938855,8
ch2_cla_l1_20250801T200509221_20250801T200517221.fits,/home/saurabh/moon_project/data/CLASS/ch2_cla_l1_2025_08/cla/data/calibrated/2025/08/01/ch2_cla_l1_20250801T200509221_20250801T200517221.fits,2025-08-01T20:05:09.221,2025-08-01T20:05:17.221,2025-08-01T20:05:13.221,8.0,-45.2,13.5,117.894,11.0855,55.6847,11.0903,55.6848,32.3786,32.3786,CLASS_add_scds.pro,2.1,260,1,"0,1,2,3,4,5,6,7,8,9,10,11,12,13,14,15,",11.7841,55.2035,10.4146,55.1777,10.396,56.1641,11.7654,56.1944,1.79327392578125,0.1099991215943277,1.61474609375,1.93359375,3672.625,225.2782010251832,8
ch2_cla_l1_20250801T200517221_20250801T200525221.fits,/home/saurabh/moon_project/data/CLASS/ch2_cla_l1_2025_08/cla/data/calibrated/2025/08/01/ch2_cla_l1_20250801T200517221_20250801T200525221.fits,2025-08-01T20:05:17.221,2025-08-01T20:05:25.221,2025-08-01T20:05:21.221,8.0,-45.1,13.5,117.949,10.6861,55.6757,10.6911,55.6758,32.2784,32.2784,CLASS_add_scds.pro,2.1,261,1,"0,1,2,3,4,5,6,7,8,9,10,11,12,13,14,15,",11.385,55.1949,10.015,55.169,9.9964,56.1546,11.3663,56.1848,1.68096923828125,0.0344575139331199,1.62890625,1.74169921875,3442.625,70.56898853502963,8
ch2_cla_l1_20250801T200525221_20250801T200533221.fits,/home/saurabh/moon_project/data/CLASS/ch2_cla_l1_2025_08/cla/data/calibrated/2025/08/01/ch2_cla_l1_20250801T200525221_20250801T200533221.fits,2025-08-01T20:05:25.221,2025-08-01T20:05:33.221,2025-08-01T20:05:29.221,8.0,-45.1,13.5,118.004,10.2867,55.6667,10.2917,55.6668,32.1823,32.1823,CLASS_add_scds.pro,2.1,262,1,"0,1,2,3,4,5,6,7,8,9,10,11,12,13,14,15,",10.9858,55.1862,9.6154,55.1605,9.5968,56.1453,10.9672,56.1753,1.73858642578125,0.0651808768161428,1.6240234375,1.8359375,3560.625,133.49043571946055,8
ch2_cla_l1_20250801T200533221_20250801T200541221.fits,/home/saurabh/moon_project/data/CLASS/ch2_cla_l1_2025_08/cla/data/calibrated/2025/08/01/ch2_cla_l1_20250801T200533221_20250801T200541221.fits,2025-08-01T20:05:33.221,2025-08-01T20:05:41.221,2025-08-01T20:05:37.221,8.0,-45.1,13.5,118.057,9.8874,55.6578,9.8923,55.6579,32.0903,32.0903,CLASS_add_scds.pro,2.1,263,1,"0,1,2,3,4,5,6,7,8,9,10,11,12,13,14,15,",10.5867,55.1777,9.2159,55.1519,9.1973,56.1361,10.5681,56.1659,1.69964599609375,0.0330781910269662,1.6416015625,1.74365234375,3480.875,67.74413522322693,8
ch2_cla_l1_20250801T200549221_20250801T200557221.fits,/home/saurabh/moon_project/data/CLASS/ch2_cla_l1_2025_08/cla/data/calibrated/2025/08/01/ch2_cla_l1_20250801T200549221_20250801T200557221.fits,2025-08-01T20:05:49.221,2025-08-01T20:05:57.221,2025-08-01T20:05:53.221,8.0,-44.9,13.5,118.161,9.0887,55.6399,9.0937,55.6401,31.9192,31.9192,CLASS_add_scds.pro,2.1,265,1,"0,1,2,3,4,5,6,7,8,9,10,11,12,13,14,15,",9.7883,55.1606,8.4168,55.1348,8.3983,56.1177,9.7697,56.1472,1.68994140625,0.059376743835999,1.59619140625,1.76708984375,3461.0,121.603571376126,8
ch2_cla_l1_20250801T200621221_20250801T200629221.fits,/home/saurabh/moon_project/data/CLASS/ch2_cla_l1_2025_08/cla/data/calibrated/2025/08/01/ch2_cla_l1_20250801T200621221_20250801T200629221.fits,2025-08-01T20:06:21.221,2025-08-01T20:06:29.221,2025-08-01T20:06:25.221,8.0,-44.7,13.5,118.356,7.4918,55.6043,7.4967,55.6045,31.6287,31.6287,CLASS_add_scds.pro,2.1,269,1,"0,1,2,3,4,5,6,7,8,9,10,11,12,13,14,15,",8.1923,55.1263,6.8191,55.1003,6.8006,56.0811,8.1737,56.1102,1.711181640625,0.0767638292523255,1.59033203125,1.8076171875,3504.5,157.2123223087627,8
ch2_cla_l1_20250801T200941221_20250801T200949221.fits,/home/saurabh/moon_project/data/CLASS/ch2_cla_l1_2025_08/cla/data/calibrated/2025/08/01/ch2_cla_l1_20250801T200941221_20250801T200949221.fits,2025-08-01T20:09:41.221,2025-08-01T20:09:49.221,2025-08-01T20:09:45.221,8.0,-43.3,13.5,119.223,-2.483,55.3853,-2.478,55.3855,31.4465,31.4465,CLASS_add_scds.pro,2.1,294,1,"0,1,2,3,4,5,6,7,8,9,10,11,12,13,14,15,",-1.7785,54.9083,-3.1585,54.8806,-3.1771,55.863,-1.7971,55.89,1.71209716796875,0.0713272440388425,1.61474609375,1.83447265625,3506.375,146.07819579154955,8
ch2_cla_l1_20250801T200957221_20250801T201005221.fits,/home/saurabh/moon_project/data/CLASS/ch2_cla_l1_2025_08/cla/data/calibrated/2025/08/01/ch2_cla_l1_20250801T200957221_20250801T201005221.fits,2025-08-01T20:09:57.221,2025-08-01T20:10:05.221,2025-08-01T20:10:01.221,8.0,-43.2,13.5,119.265,-3.2806,55.3678,-3.2756,55.3679,31.5546,31.5546,CLASS_add_scds.pro,2.1,296,1,"0,1,2,3,4,5,6,7,8,9,10,11,12,13,14,15,",-2.5761,54.8904,-3.9561,54.8624,-3.9747,55.8461,-2.5946,55.8729,1.70159912109375,0.0983483557467874,1.56396484375,1.85009765625,3484.875,201.41743256942075,8
ch2_cla_l1_20250801T201357221_20250801T201405221.fits,/home/saurabh/moon_project/data/CLASS/ch2_cla_l1_2025_08/cla/data/calibrated/2025/08/01/ch2_cla_l1_20250801T201357221_20250801T201405221.fits,2025-08-01T20:13:57.221,2025-08-01T20:14:05.221,2025-08-01T20:14:01.221,8.0,-41.4,13.5,119.405,-15.2428,55.0986,-15.2378,55.0988,35.143,35.143,CLASS_add_scds.pro,2.1,326,1,"0,1,2,3,4,5,6,7,8,9,10,11,12,13,14,15,",-14.5369,54.6057,-15.9181,54.5734,-15.9373,55.5949,-14.556,55.621,1.706787109375,0.0775381664047266,1.61083984375,1.8291015625,3495.5,158.79816479688026,8
ch2_cla_l1_20250801T203437221_20250801T203445221.fits,/home/saurabh/moon_project/data/CLASS/ch2_cla_l1_2025_08/cla/data/calibrated/2025/08/01/ch2_cla_l1_20250801T203437221_20250801T203445221.fits,2025-08-01T20:34:37.221,2025-08-01T20:34:45.221,2025-08-01T20:34:41.221,8.0,-36.7,13.5,106.821,-77.3256,50.3657,-77.3212,50.3678,80.8057,80.8057,CLASS_add_scds.pro,2.1,481,1,"0,1,2,3,4,5,6,7,8,9,10,11,12,13,14,15,",-76.6383,48.7136,-77.9121,48.0133,-77.9919,52.2024,-76.7108,52.5163,1.6639404296875,0.0796459912667657,1.5634765625,1.7880859375,3407.75,163.11499011433622,8
ch2_cla_l1_20250801T203453221_20250801T203501221.fits,/home/saurabh/moon_project/data/CLASS/ch2_cla_l1_2025_08/cla/data/calibrated/2025/08/01/ch2_cla_l1_20250801T203453221_20250801T203501221.fits,2025-08-01T20:34:53.221,2025-08-01T20:35:01.221,2025-08-01T20:34:57.221,8.0,-36.7,13.5,106.549,-78.131,50.0229,-78.1266,50.0255,81.4944,81.4944,CLASS_add_scds.pro,2.1,483,1,"0,1,2,3,4,5,6,7,8,9,10,11,12,13,14,15,",-77.4425,48.2895,-78.7128,47.4948,-78.7981,51.9649,-77.5194,52.3208,1.70001220703125,0.0745264715471984,1.57958984375,1.7958984375,3481.625,152.6302137286623,8
ch2_cla_l1_20250801T203501221_20250801T203509221.fits,/home/saurabh/moon_project/data/CLASS/ch2_cla_l1_2025_08/cla/data/calibrated/2025/08/01/ch2_cla_l1_20250801T203501221_20250801T203509221.fits,2025-08-01T20:35:01.221,2025-08-01T20:35:09.221,2025-08-01T20:35:05.221,8.0,-36.7,13.5,106.413,-78.5337,49.8339,-78.5292,49.8367,81.839,81.839,CLASS_add_scds.pro,2.1,484,1,"0,1,2,3,4,5,6,7,8,9,10,11,12,13,14,15,",-77.8445,48.0567,-79.1127,47.2073,-79.2011,51.8331,-77.9238,52.2137,1.69732666015625,0.0854332484677339,1.578125,1.84033203125,3476.125,174.9672928619191,8
ch2_cla_l1_20250801T203509221_20250801T203517221.fits,/home/saurabh/moon_project/data/CLASS/ch2_cla_l1_2025_08/cla/data/calibrated/2025/08/01/ch2_cla_l1_20250801T203509221_20250801T203517221.fits,2025-08-01T20:35:09.221,2025-08-01T20:35:17.221,2025-08-01T20:35:13.221,8.0,-36.7,13.5,106.276,-78.9362,49.6313,-78.9318,49.6338,82.1838,82.1838,CLASS_add_scds.pro,2.1,485,1,"0,1,2,3,4,5,6,7,8,9,10,11,12,13,14,15,",-78.2461,47.8086,-79.5126,46.8978,-79.6042,51.6914,-78.328,52.0998,1.56158447265625,0.050936242304528,1.48486328125,1.63330078125,3198.125,104.3174242396734,8
ch2_cla_l1_20250801T203517221_20250801T203525221.fits,/home/saurabh/moon_project/data/CLASS/ch2_cla_l1_2025_08/cla/data/calibrated/2025/08/01/ch2_cla_l1_20250801T203517221_20250801T203525221.fits,2025-08-01T20:35:17.221,2025-08-01T20:35:25.221,2025-08-01T20:35:21.221,8.0,-36.7,13.5,106.138,-79.3387,49.4136,-79.3343,49.4165,82.5287,82.5287,CLASS_add_scds.pro,2.1,486,1,"0,1,2,3,4,5,6,7,8,9,10,11,12,13,14,15,",-78.6477,47.5427,-79.9123,46.5642,-80.0073,51.5389,-78.7324,51.9775,1.62017822265625,0.044259200718278,1.5556640625,1.6953125,3318.125,90.64284307103348,8
ch2_cla_l1_20250801T203525221_20250801T203533221.fits,/home/saurabh/moon_project/data/CLASS/ch2_cla_l1_2025_08/cla/data/calibrated/2025/08/01/ch2_cla_l1_20250801T203525221_20250801T203533221.fits,2025-08-01T20:35:25.221,2025-08-01T20:35:33.221,2025-08-01T20:35:29.221,8.0,-36.7,13.5,106.0,-79.741,49.1792,-79.7366,49.1826,82.8738,82.8738,CLASS_add_scds.pro,2.1,487,1,"0,1,2,3,4,5,6,7,8,9,10,11,12,13,14,15,",-79.0491,47.2577,-80.3115,46.2035,-80.4104,51.3738,-79.1367,51.8468,1.59661865234375,0.0787193307387333,1.49462890625,1.73388671875,3269.875,161.21718935292583,8
ch2_cla_l1_20250801T203533221_20250801T203541221.fits,/home/saurabh/moon_project/data/CLASS/ch2_cla_l1_2025_08/cla/data/calibrated/2025/08/01/ch2_cla_l1_20250801T203533221_20250801T203541221.fits,2025-08-01T20:35:33.221,2025-08-01T20:35:41.221,2025-08-01T20:35:37.221,8.0,-36.7,13.5,105.862,-80.1433,48.9259,-80.1389,48.9294,83.219,83.219,CLASS_add_scds.pro,2.1,488,1,"0,1,2,3,4,5,6,7,8,9,10,11,12,13,14,15,",-79.4503,46.9514,-80.7105,45.8113,-80.8135,51.1941,-79.5411,51.7063,1.62261962890625,0.03644015708981,1.578125,1.68603515625,3323.125,74.62944171993095,8
ch2_cla_l1_20250801T203541221_20250801T203549221.fits,/home/saurabh/moon_project/data/CLASS/ch2_cla_l1_2025_08/cla/data/calibrated/2025/08/01/ch2_cla_l1_20250801T203541221_20250801T203549221.fits,2025-08-01T20:35:41.221,2025-08-01T20:35:49.221,2025-08-01T20:35:45.221,8.0,-36.7,13.5,105.724,-80.5454,48.6513,-80.541,48.6552,83.5644,83.5644,CLASS_add_scds.pro,2.1,489,1,"0,1,2,3,4,5,6,7,8,9,10,11,12,13,14,15,",-79.8512,46.6205,-81.109,45.3849,-81.2164,50.9987,-79.9455,51.5543,1.6048583984375,0.0670004792267471,1.5166015625,1.70361328125,3286.75,137.21698145637805,8
ch2_cla_l1_20250801T203549221_20250801T203557221.fits,/home/saurabh/moon_project/data/CLASS/ch2_cla_l1_2025_08/cla/data/calibrated/2025/08/01/ch2_cla_l1_20250801T203549221_20250801T203557221.fits,2025-08-01T20:35:49.221,2025-08-01T20:35:57.221,2025-08-01T20:35:53.221,8.0,-36.7,13.5,105.585,-80.9473,48.3526,-80.9429,48.3567,83.9099,83.9099,CLASS_add_scds.pro,2.1,490,1,"0,1,2,3,4,5,6,7,8,9,10,11,12,13,14,15,",-80.2518,46.2633,-81.5071,44.9181,-81.6194,50.7845,-80.3498,51.3906,1.62835693359375,0.0347444546382672,1.57666015625,1.68359375,3334.875,71.1566430991714,8
ch2_cla_l1_20250801T203557221_20250801T203605221.fits,/home/saurabh/moon_project/data/CLASS/ch2_cla_l1_2025_08/cla/data/calibrated/2025/08/01/ch2_cla_l1_20250801T203557221_20250801T203605221.fits,2025-08-01T20:35:57.221,2025-08-01T20:36:05.221,2025-08-01T20:36:01.221,8.0,-36.7,13.5,105.445,-81.349,48.0265,-81.3447,48.0307,84.2556,84.2556,CLASS_add_scds.pro,2.1,491,1,"0,1,2,3,4,5,6,7,8,9,10,11,12,13,14,15,",-80.6521,45.8751,-81.9045,44.4065,-82.0223,50.5496,-80.7541,51.2122,1.64349365234375,0.0557273180272591,1.5654296875,1.71923828125,3365.875,114.12954731982674,8
ch2_cla_l1_20250801T203605221_20250801T203613221.fits,/home/saurabh/moon_project/data/CLASS/ch2_cla_l1_2025_08/cla/data/calibrated/2025/08/01/ch2_cla_l1_20250801T203605221_20250801T203613221.fits,2025-08-01T20:36:05.221,2025-08-01T20:36:13.221,2025-08-01T20:36:09.221,8.0,-36.7,13.5,105.306,-81.7505,47.6689,-81.7462,47.6734,84.6014,84.6014,CLASS_add_scds.pro,2.1,492,1,"0,1,2,3,4,5,6,7,8,9,10,11,12,13,14,15,",-81.0519,45.4532,-82.3014,43.842,-82.4251,50.29,-81.1584,51.0186,1.62078857421875,0.0597643584073559,1.52734375,1.70458984375,3319.375,122.39740601826496,8
ch2_cla_l1_20250801T203613221_20250801T203621221.fits,/home/saurabh/moon_project/data/CLASS/ch2_cla_l1_2025_08/cla/data/calibrated/2025/08/01/ch2_cla_l1_20250801T203613221_20250801T203621221.fits,2025-08-01T20:36:13.221,2025-08-01T20:36:21.221,2025-08-01T20:36:17.221,8.0,-36.7,13.5,105.166,-82.1517,47.2751,-82.1474,47.2805,84.9473,84.9473,CLASS_add_scds.pro,2.1,493,1,"0,1,2,3,4,5,6,7,8,9,10,11,12,13,14,15,",-81.4513,44.9916,-82.6975,43.2156,-82.8278,50.0007,-81.5626,50.8066,1.63006591796875,0.0724092036646229,1.5146484375,1.73974609375,3338.375,148.29404910514785,8
ch2_cla_l1_20250801T203621221_20250801T203629221.fits,/home/saurabh/moon_project/data/CLASS/ch2_cla_l1_2025_08/cla/data/calibrated/2025/08/01/ch2_cla_l1_20250801T203621221_20250801T203629221.fits,2025-08-01T20:36:21.221,2025-08-01T20:36:29.221,2025-08-01T20:36:25.221,8.0,-36.7,13.5,105.025,-82.5526,46.8392,-82.5481,46.8448,85.2933,85.2933,CLASS_add_scds.pro,2.1,494,1,"0,1,2,3,4,5,6,7,8,9,10,11,12,13,14,15,",-81.8501,44.4841,-83.0927,42.5186,-83.2304,49.6784,-81.9668,50.5725,1.64178466796875,0.0625054152731238,1.54833984375,1.73486328125,3362.375,128.01109047935762,8
ch2_cla_l1_20250801T203629221_20250801T203637221.fits,/home/saurabh/moon_project/data/CLASS/ch2_cla_l1_2025_08/cla/data/calibrated/2025/08/01/ch2_cla_l1_20250801T203629221_20250801T203637221.fits,2025-08-01T20:36:29.221,2025-08-01T20:36:37.221,2025-08-01T20:36:33.221,8.0,-36.7,13.5,104.885,-82.953,46.3541,-82.9486,46.3604,85.6395,85.6395,CLASS_add_scds.pro,2.1,495,1,"0,1,2,3,4,5,6,7,8,9,10,11,12,13,14,15,",-82.2484,43.9259,-83.4868,41.7379,-83.6328,49.3161,-82.371,50.3152,1.645263671875,0.08140773344035,1.48681640625,1.75341796875,3369.5,166.72303808583692,8
ch2_cla_l1_20250801T203637221_20250801T203645221.fits,/home/saurabh/moon_project/data/CLASS/ch2_cla_l1_2025_08/cla/data/calibrated/2025/08/01/ch2_cla_l1_20250801T203637221_20250801T203645221.fits,2025-08-01T20:36:37.221,2025-08-01T20:36:45.221,2025-08-01T20:36:41.221,8.0,-36.7,13.5,104.744,-83.353,45.8109,-83.3487,45.8177,85.9857,85.9857,CLASS_add_scds.pro,2.1,496,1,"0,1,2,3,4,5,6,7,8,9,10,11,12,13,14,15,",-82.6459,43.3079,-83.8797,40.856,-84.035,48.9048,-82.7749,50.03,1.62835693359375,0.0784302063157858,1.52490234375,1.7470703125,3334.875,160.62506253472935,8
ch2_cla_l1_20250801T203645221_20250801T203653221.fits,/home/saurabh/moon_project/data/CLASS/ch2_cla_l1_2025_08/cla/data/calibrated/2025/08/01/ch2_cla_l1_20250801T203645221_20250801T203653221.fits,2025-08-01T20:36:45.221,2025-08-01T20:36:53.221,2025-08-01T20:36:49.221,8.0,-36.7,13.5,104.602,-83.7523,45.1986,-83.748,45.2066,86.3321,86.3321,CLASS_add_scds.pro,2.1,497,1,"0,1,2,3,4,5,6,7,8,9,10,11,12,13,14,15,",-83.0425,42.6187,-84.271,39.8539,-84.4369,48.4344,-83.1789,49.7105,1.6719970703125,0.0806763530434171,1.5283203125,1.77587890625,3424.25,165.2251710329184,8
ch2_cla_l1_20250801T203653221_20250801T203701221.fits,/home/saurabh/moon_project/data/CLASS/ch2_cla_l1_2025_08/cla/data/calibrated/2025/08/01/ch2_cla_l1_20250801T203653221_20250801T203701221.fits,2025-08-01T20:36:53.221,2025-08-01T20:37:01.221,2025-08-01T20:36:57.221,8.0,-36.7,13.5,104.461,-84.1509,44.5032,-84.1468,44.5117,86.6786,86.6786,CLASS_add_scds.pro,2.1,498,1,"0,1,2,3,4,5,6,7,8,9,10,11,12,13,14,15,",-83.4381,41.8466,-84.6603,38.7059,-84.8385,47.8919,-83.5826,49.3512,1.65283203125,0.0739456544545334,1.5556640625,1.75732421875,3385.0,151.4407003228845,8
ch2_cla_l1_20250801T203701221_20250801T203709221.fits,/home/saurabh/moon_project/data/CLASS/ch2_cla_l1_2025_08/cla/data/calibrated/2025/08/01/ch2_cla_l1_20250801T203701221_20250801T203709221.fits,2025-08-01T20:37:01.221,2025-08-01T20:37:09.221,2025-08-01T20:37:05.221,8.0,-36.7,13.5,104.319,-84.5486,43.7066,-84.5444,43.7171,87.0251,87.0251,CLASS_add_scds.pro,2.1,499,1,"0,1,2,3,4,5,6,7,8,9,10,11,12,13,14,15,",-83.8324,40.9762,-85.0471,37.3794,-85.2395,47.2591,-83.9862,48.9447,1.6783447265625,0.0683921268399955,1.546875,1.77587890625,3437.25,140.0670757683108,8
ch2_cla_l1_20250801T203709221_20250801T203717221.fits,/home/saurabh/moon_project/data/CLASS/ch2_cla_l1_2025_08/cla/data/calibrated/2025/08/01/ch2_cla_l1_20250801T203709221_20250801T203717221.fits,2025-08-01T20:37:09.221,2025-08-01T20:37:17.221,2025-08-01T20:37:13.221,8.0,-36.7,13.5,104.176,-84.9452,42.7853,-84.9409,42.7974,87.3718,87.3718,CLASS_add_scds.pro,2.1,500,1,"0,1,2,3,4,5,6,7,8,9,10,11,12,13,14,15,",-84.225,39.9886,-85.4312,35.8267,-85.6401,46.5093,-84.3893,48.4811,1.64276123046875,0.0490375930419074,1.56884765625,1.72021484375,3364.375,100.42899054982652,8
ch2_cla_l1_20250801T203725221_20250801T203733221.fits,/home/saurabh/moon_project/data/CLASS/ch2_cla_l1_2025_08/cla/data/calibrated/2025/08/01/ch2_cla_l1_20250801T203725221_20250801T203733221.fits,2025-08-01T20:37:25.221,2025-08-01T20:37:33.221,2025-08-01T20:37:29.221,8.0,-36.7,13.5,103.891,-85.7335,40.4319,-85.7295,40.447,88.0654,88.0654,CLASS_add_scds.pro,2.1,502,1,"0,1,2,3,4,5,6,7,8,9,10,11,12,13,14,15,",-85.0046,37.5457,-86.186,31.7959,-86.4381,44.5077,-85.1947,47.3186,1.64678955078125,0.0347321987957176,1.60205078125,1.6953125,3372.625,71.13154313362975,8
ch2_cla_l1_20250801T203733221_20250801T203741221.fits,/home/saurabh/moon_project/data/CLASS/ch2_cla_l1_2025_08/cla/data/calibrated/2025/08/01/ch2_cla_l1_20250801T203733221_20250801T203741221.fits,2025-08-01T20:37:33.221,2025-08-01T20:37:41.221,2025-08-01T20:37:37.221,8.0,-36.9,13.5,103.748,-86.1242,38.8983,-86.1201,38.9184,88.4123,88.4123,CLASS_add_scds.pro,2.1,503,1,"0,1,2,3,4,5,6,7,8,9,10,11,12,13,14,15,",-85.39,36.018,-86.554,29.1276,-86.8349,43.1327,-85.5964,46.5802,1.7022705078125,0.0410726760295712,1.64453125,1.759765625,3486.25,84.11684050856199,8
ch2_cla_l1_20250801T203741221_20250801T203749221.fits,/home/saurabh/moon_project/data/CLASS/ch2_cla_l1_2025_08/cla/data/calibrated/2025/08/01/ch2_cla_l1_20250801T203741221_20250801T203749221.fits,2025-08-01T20:37:41.221,2025-08-01T20:37:49.221,2025-08-01T20:37:45.221,8.0,-36.9,13.5,103.604,-86.5117,37.023,-86.5076,37.0479,88.7593,88.7593,CLASS_add_scds.pro,2.1,504,1,"0,1,2,3,4,5,6,7,8,9,10,11,12,13,14,15,",-85.7716,34.2148,-86.9132,25.8258,-87.2296,41.3625,-85.9973,45.696,1.6546630859375,0.0410884288883947,1.5947265625,1.72607421875,3388.75,84.14910236343242,8
ch2_cla_l1_20250801T203757221_20250801T203805221.fits,/home/saurabh/moon_project/data/CLASS/ch2_cla_l1_2025_08/cla/data/calibrated/2025/08/01/ch2_cla_l1_20250801T203757221_20250801T203805221.fits,2025-08-01T20:37:57.221,2025-08-01T20:38:05.221,2025-08-01T20:38:01.221,8.0,-36.9,13.5,103.317,-87.2708,31.692,-87.2668,31.7306,89.4535,89.4535,CLASS_add_scds.pro,2.1,506,1,"0,1,2,3,4,5,6,7,8,9,10,11,12,13,14,15,",-86.5185,29.4304,-87.587,16.3662,-88.0064,35.7409,-86.7956,43.2627,1.67071533203125,0.0661564785859236,1.57958984375,1.78955078125,3421.625,135.48846814397157,8
ch2_cla_l1_20250801T203813221_20250801T203821221.fits,/home/saurabh/moon_project/data/CLASS/ch2_cla_l1_2025_08/cla/data/calibrated/2025/08/01/ch2_cla_l1_20250801T203813221_20250801T203821221.fits,2025-08-01T20:38:13.221,2025-08-01T20:38:21.221,2025-08-01T20:38:17.221,8.0,-36.9,13.5,103.028,-87.9889,22.4208,-87.9853,22.4888,90.1479,90.1479,CLASS_add_scds.pro,2.1,508,1,"0,1,2,3,4,5,6,7,8,9,10,11,12,13,14,15,",-87.2287,22.1173,-88.1484,0.4501,-88.7409,23.2903,-87.5847,39.2299,1.6922607421875,0.0500548674764282,1.60400390625,1.75439453125,3465.75,102.51236859172514,8
ch2_cla_l1_20250801T203829221_20250801T203837221.fits,/home/saurabh/moon_project/data/CLASS/ch2_cla_l1_2025_08/cla/data/calibrated/2025/08/01/ch2_cla_l1_20250801T203829221_20250801T203837221.fits,2025-08-01T20:38:29.221,2025-08-01T20:38:37.221,2025-08-01T20:38:33.221,8.0,-36.9,13.5,102.738,-88.6007,4.108,-88.5981,4.2498,90.8425,90.8425,CLASS_add_scds.pro,2.1,510,1,"0,1,2,3,4,5,6,7,8,9,10,11,12,13,14,15,",-88.3495,-11.1024,-89.2852,-13.634,-88.7118,24.0385,-87.8642,10.1478,1.703857421875,0.1042810810799273,1.55126953125,1.85009765625,3489.5,213.5676540516912,8
ch2_cla_l1_20250801T203917221_20250801T203925221.fits,/home/saurabh/moon_project/data/CLASS/ch2_cla_l1_2025_08/cla/data/calibrated/2025/08/01/ch2_cla_l1_20250801T203917221_20250801T203925221.fits,2025-08-01T20:39:17.221,2025-08-01T20:39:25.221,2025-08-01T20:39:21.221,8.0,-37.0,13.5,101.864,-88.0992,-89.8979,-88.1028,-89.8267,92.9273,92.9273,CLASS_add_scds.pro,2.1,516,1,"0,1,2,3,4,5,6,7,8,9,10,11,12,13,14,15,",-87.7237,-107.725,-88.853,-89.1354,-88.2278,-66.5417,-87.3536,-90.1301,1.70367431640625,0.1085031560811733,1.53857421875,1.85595703125,3489.125,222.21446365424293,8
ch2_cla_l1_20250801T203925221_20250801T203933221.fits,/home/saurabh/moon_project/data/CLASS/ch2_cla_l1_2025_08/cla/data/calibrated/2025/08/01/ch2_cla_l1_20250801T203925221_20250801T203933221.fits,2025-08-01T20:39:25.221,2025-08-01T20:39:33.221,2025-08-01T20:39:29.221,8.0,-37.0,13.5,101.717,-87.7539,-95.8504,-87.758,-95.8002,93.2749,93.2749,CLASS_add_scds.pro,2.1,517,1,"0,2,3,4,5,6,7,8,9,10,11,12,13,14,15,",-87.333,-110.284,-88.5033,-98.2517,-87.9844,-76.4464,-87.0113,-94.5775,1.60235595703125,0.0325085084907252,1.5537109375,1.64599609375,3281.625,66.57742538900533,8
ch2_cla_l1_20250801T203933221_20250801T203941221.fits,/home/saurabh/moon_project/data/CLASS/ch2_cla_l1_2025_08/cla/data/calibrated/2025/08/01/ch2_cla_l1_20250801T203933221_20250801T203941221.fits,2025-08-01T20:39:33.221,2025-08-01T20:39:41.221,2025-08-01T20:39:37.221,8.0,-37.1,13.5,101.571,-87.3909,-100.185,-87.3948,-100.148,93.6224,93.6224,CLASS_add_scds.pro,2.1,518,1,"0,2,3,4,5,6,7,8,9,10,11,12,13,14,15,",-86.9382,-112.188,-88.1301,-103.83,-87.6943,-84.0447,-86.6546,-98.0973,1.64752197265625,0.0563001121853821,1.54296875,1.7177734375,3374.125,115.30262975566268,8
ch2_cla_l1_20250801T203941221_20250801T203949221.fits,/home/saurabh/moon_project/data/CLASS/ch2_cla_l1_2025_08/cla/data/calibrated/2025/08/01/ch2_cla_l1_20250801T203941221_20250801T203949221.fits,2025-08-01T20:39:41.221,2025-08-01T20:39:49.221,2025-08-01T20:39:45.221,8.0,-37.1,13.5,101.424,-87.0166,-103.448,-87.0206,-103.421,93.97,93.97,CLASS_add_scds.pro,2.1,519,1,"0,2,3,4,5,6,7,8,9,10,11,12,13,14,15,",-86.5408,-113.657,-87.745,-107.532,-87.3728,-89.8708,-86.2878,-100.93,1.620361328125,0.0333239496737864,1.5712890625,1.6669921875,3318.5,68.24744893191456,8
ch2_cla_l1_20250801T203949221_20250801T203957221.fits,/home/saurabh/moon_project/data/CLASS/ch2_cla_l1_2025_08/cla/data/calibrated/2025/08/01/ch2_cla_l1_20250801T203949221_20250801T203957221.fits,2025-08-01T20:39:49.221,2025-08-01T20:39:57.221,2025-08-01T20:39:53.221,8.0,-37.0,13.5,101.277,-86.6347,-105.979,-86.6388,-105.957,94.3175,94.3175,CLASS_add_scds.pro,2.1,520,1,"0,3,4,5,6,7,8,9,10,11,12,13,14,15,",-86.1417,-114.823,-87.3533,-110.148,-87.0302,-94.3912,-85.9135,-103.25,1.661865234375,0.0533578338432399,1.57470703125,1.7392578125,3403.5,109.2768437109554,8
ch2_cla_l1_20250801T203957221_20250801T204005221.fits,/home/saurabh/moon_project/data/CLASS/ch2_cla_l1_2025_08/cla/data/calibrated/2025/08/01/ch2_cla_l1_20250801T203957221_20250801T204005221.fits,2025-08-01T20:39:57.221,2025-08-01T20:40:05.221,2025-08-01T20:40:01.221,8.0,-37.0,13.5,101.13,-86.2476,-107.992,-86.2517,-107.975,94.6651,94.6651,CLASS_add_scds.pro,2.1,521,1,"0,3,4,5,6,7,8,9,10,11,12,13,14,15,",-85.7411,-115.773,-86.9576,-112.087,-86.673,-97.9596,-85.5336,-105.179,1.6102294921875,0.0610548238401474,1.50830078125,1.685546875,3297.75,125.04027922462195,8
ch2_cla_l1_20250801T204005221_20250801T204013221.fits,/home/saurabh/moon_project/data/CLASS/ch2_cla_l1_2025_08/cla/data/calibrated/2025/08/01/ch2_cla_l1_20250801T204005221_20250801T204013221.fits,2025-08-01T20:40:05.221,2025-08-01T20:40:13.221,2025-08-01T20:40:09.221,8.0,-36.9,13.5,100.983,-85.8567,-109.628,-85.8608,-109.614,95.0126,95.0126,CLASS_add_scds.pro,2.1,522,1,"0,3,4,5,8,9,10,11,12,13,14,15,",-85.3395,-116.558,-86.559,-113.582,-86.3053,-100.831,-85.1495,-106.804,1.67022705078125,0.0643007202269977,1.58984375,1.7607421875,3420.625,131.68787502489144,8
ch2_cla_l1_20250801T204013221_20250801T204021221.fits,/home/saurabh/moon_project/data/CLASS/ch2_cla_l1_2025_08/cla/data/calibrated/2025/08/01/ch2_cla_l1_20250801T204013221_20250801T204021221.fits,2025-08-01T20:40:13.221,2025-08-01T20:40:21.221,2025-08-01T20:40:17.221,8.0,-36.9,13.5,100.836,-85.4629,-110.982,-85.467,-110.969,95.3602,95.3602,CLASS_add_scds.pro,2.1,523,1,"0,3,4,5,8,9,10,11,12,13,14,15,",-84.937,-117.22,-86.1586,-114.765,-85.9301,-103.176,-84.7618,-108.191,1.63232421875,0.0579037686002237,1.54345703125,1.712890625,3343.0,118.58691809325826,8
ch2_cla_l1_20250801T204021221_20250801T204029221.fits,/home/saurabh/moon_project/data/CLASS/ch2_cla_l1_2025_08/cla/data/calibrated/2025/08/01/ch2_cla_l1_20250801T204021221_20250801T204029221.fits,2025-08-01T20:40:21.221,2025-08-01T20:40:29.221,2025-08-01T20:40:25.221,8.0,-37.0,13.5,100.688,-85.0669,-112.119,-85.0709,-112.109,95.7077,95.7077,CLASS_add_scds.pro,2.1,524,1,"0,3,4,5,8,9,10,11,12,13,14,15,",-84.534,-117.785,-85.7567,-115.726,-85.549,-105.125,-84.3715,-109.388,1.67236328125,0.0751925947444858,1.57373046875,1.77978515625,3425.0,153.99443403670702,8
ch2_cla_l1_20250801T204029221_20250801T204037221.fits,/home/saurabh/moon_project/data/CLASS/ch2_cla_l1_2025_08/cla/data/calibrated/2025/08/01/ch2_cla_l1_20250801T204029221_20250801T204037221.fits,2025-08-01T20:40:29.221,2025-08-01T20:40:37.221,2025-08-01T20:40:33.221,8.0,-37.0,13.5,100.541,-84.6692,-113.088,-84.6732,-113.08,96.0552,96.0552,CLASS_add_scds.pro,2.1,525,1,"0,3,4,5,8,9,10,11,12,13,14,15,",-84.1304,-118.274,-85.3538,-116.522,-85.1636,-106.766,-83.979,-110.429,1.62017822265625,0.0730892364556642,1.5302734375,1.724609375,3318.125,149.68675626120034,8
ch2_cla_l1_20250801T204037221_20250801T204045221.fits,/home/saurabh/moon_project/data/CLASS/ch2_cla_l1_2025_08/cla/data/calibrated/2025/08/01/ch2_cla_l1_20250801T204037221_20250801T204045221.fits,2025-08-01T20:40:37.221,2025-08-01T20:40:45.221,2025-08-01T20:40:41.221,8.0,-37.0,13.5,100.393,-84.2702,-113.923,-84.2742,-113.917,96.4027,96.4027,CLASS_add_scds.pro,2.1,526,1,"0,3,4,5,8,9,10,11,12,13,14,15,",-83.7265,-118.699,-84.95,-117.191,-84.7748,-108.164,-83.5847,-111.342,1.694580078125,0.0781982078873734,1.59912109375,1.81494140625,3470.5,160.1499297533408,8
ch2_cla_l1_20250801T204045221_20250801T204053221.fits,/home/saurabh/moon_project/data/CLASS/ch2_cla_l1_2025_08/cla/data/calibrated/2025/08/01/ch2_cla_l1_20250801T204045221_20250801T204053221.fits,2025-08-01T20:40:45.221,2025-08-01T20:40:53.221,2025-08-01T20:40:49.221,8.0,-37.0,13.5,100.245,-83.87,-114.65,-83.8741,-114.643,96.7501,96.7501,CLASS_add_scds.pro,2.1,527,1,"0,3,4,5,8,9,10,11,12,13,14,15,",-83.3221,-119.074,-84.5457,-117.761,-84.3832,-109.368,-83.1888,-112.151,1.641357421875,0.0610661193783469,1.533203125,1.7177734375,3361.5,125.06341248685462,8
ch2_cla_l1_20250801T204053221_20250801T204101221.fits,/home/saurabh/moon_project/data/CLASS/ch2_cla_l1_2025_08/cla/data/calibrated/2025/08/01/ch2_cla_l1_20250801T204053221_20250801T204101221.fits,2025-08-01T20:40:53.221,2025-08-01T20:41:01.221,2025-08-01T20:40:57.221,8.0,-37.1,13.5,100.097,-83.4689,-115.288,-83.473,-115.283,97.0975,97.0975,CLASS_add_scds.pro,2.1,528,1,"0,3,4,5,8,9,10,11,12,13,14,15,",-82.9174,-119.407,-84.1408,-118.253,-83.9894,-110.415,-82.7919,-112.871,1.678466796875,0.0450233592606717,1.61181640625,1.74951171875,3437.5,92.20783976585568,8
ch2_cla_l1_20250801T204101221_20250801T204109221.fits,/home/saurabh/moon_project/data/CLASS/ch2_cla_l1_2025_08/cla/data/calibrated/2025/08/01/ch2_cla_l1_20250801T204101221_20250801T204109221.fits,2025-08-01T20:41:01.221,2025-08-01T20:41:09.221,2025-08-01T20:41:05.221,8.0,-37.1,13.5,99.9495,-83.0671,-115.853,-83.0712,-115.848,97.4448,97.4448,CLASS_add_scds.pro,2.1,529,1,"0,3,4,5,8,9,10,11,12,13,14,15,",-82.5126,-119.705,-83.7355,-118.683,-83.5939,-111.335,-82.3938,-113.516,1.65924072265625,0.075553846112293,1.5576171875,1.79736328125,3398.125,154.7342768379761,8
ch2_cla_l1_20250801T204109221_20250801T204117221.fits,/home/saurabh/moon_project/data/CLASS/ch2_cla_l1_2025_08/cla/data/calibrated/2025/08/01/ch2_cla_l1_20250801T204109221_20250801T204117221.fits,2025-08-01T20:41:09.221,2025-08-01T20:41:17.221,2025-08-01T20:41:13.221,8.0,-37.1,13.5,99.8015,-82.6646,-116.356,-82.6687,-116.352,97.7921,97.7921,CLASS_add_scds.pro,2.1,530,1,"0,3,4,5,8,9,10,11,12,13,14,15,",-82.1074,-119.972,-83.3299,-119.061,-83.1969,-112.148,-81.9948,-114.098,1.7003173828125,0.0438147163522403,1.638671875,1.76953125,3482.25,89.73253908938814,8
ch2_cla_l1_20250801T204117221_20250801T204125221.fits,/home/saurabh/moon_project/data/CLASS/ch2_cla_l1_2025_08/cla/data/calibrated/2025/08/01/ch2_cla_l1_20250801T204117221_20250801T204125221.fits,2025-08-01T20:41:17.221,2025-08-01T20:41:25.221,2025-08-01T20:41:21.221,8.0,-37.2,13.5,99.6535,-82.2615,-116.808,-82.2655,-116.804,98.1394,98.1394,CLASS_add_scds.pro,2.1,531,1,"0,3,4,5,8,9,10,11,12,13,14,15,",-81.7019,-120.214,-82.9239,-119.396,-82.7986,-112.871,-81.5949,-114.624,1.64532470703125,0.0483549460507548,1.57861328125,1.73193359375,3369.625,99.03092951194591,8
ch2_cla_l1_20250801T204125221_20250801T204133221.fits,/home/saurabh/moon_project/data/CLASS/ch2_cla_l1_2025_08/cla/data/calibrated/2025/08/01/ch2_cla_l1_20250801T204125221_20250801T204133221.fits,2025-08-01T20:41:25.221,2025-08-01T20:41:33.221,2025-08-01T20:41:29.221,8.0,-37.2,13.5,99.5055,-81.8579,-117.215,-81.862,-117.212,98.4866,98.4866,CLASS_add_scds.pro,2.1,532,1,"0,3,4,5,8,9,10,11,",-81.2965,-120.433,-82.5175,-119.696,-82.399,-113.519,-81.1945,-115.103,1.68963623046875,0.0344505940339633,1.64111328125,1.73828125,3460.375,70.55481658155695,8
ch2_cla_l1_20250801T204133221_20250801T204141221.fits,/home/saurabh/moon_project/data/CLASS/ch2_cla_l1_2025_08/cla/data/calibrated/2025/08/01/ch2_cla_l1_20250801T204133221_20250801T204141221.fits,2025-08-01T20:41:33.221,2025-08-01T20:41:41.221,2025-08-01T20:41:37.221,8.0,-37.2,13.5,99.3574,-81.4539,-117.584,-81.4581,-117.581,98.8337,98.8337,CLASS_add_scds.pro,2.1,533,1,"0,3,4,5,8,9,10,11,",-80.8906,-120.633,-82.1112,-119.964,-81.9988,-114.103,-80.7932,-115.541,1.68353271484375,0.0613951090749423,1.59521484375,1.76708984375,3447.875,125.73718338548184,8
ch2_cla_l1_20250801T204141221_20250801T204149221.fits,/home/saurabh/moon_project/data/CLASS/ch2_cla_l1_2025_08/cla/data/calibrated/2025/08/01/ch2_cla_l1_20250801T204141221_20250801T204149221.fits,2025-08-01T20:41:41.221,2025-08-01T20:41:49.221,2025-08-01T20:41:45.221,8.0,-37.2,13.5,99.2093,-81.0495,-117.92,-81.0534,-117.917,99.1808,99.1808,CLASS_add_scds.pro,2.1,534,1,"0,3,4,5,8,9,10,11,",-80.4848,-120.817,-81.7043,-120.207,-81.5975,-114.631,-80.3917,-115.942,1.704833984375,0.0382341011122626,1.64697265625,1.75439453125,3491.5,78.3034390779139,8
ch2_cla_l1_20250801T204149221_20250801T204157221.fits,/home/saurabh/moon_project/data/CLASS/ch2_cla_l1_2025_08/cla/data/calibrated/2025/08/01/ch2_cla_l1_20250801T204149221_20250801T204157221.fits,2025-08-01T20:41:49.221,2025-08-01T20:41:57.221,2025-08-01T20:41:53.221,8.0,-37.2,13.5,99.0612,-80.6448,-118.227,-80.6492,-118.225,99.5278,99.5278,CLASS_add_scds.pro,2.1,535,1,"0,3,4,5,8,9,10,11,",-80.0787,-120.986,-81.2975,-120.428,-81.1958,-115.111,-79.9895,-116.311,1.685302734375,0.0746570922460974,1.56640625,1.8056640625,3451.5,152.8977249200075,8
ch2_cla_l1_20250801T204157221_20250801T204205221.fits,/home/saurabh/moon_project/data/CLASS/ch2_cla_l1_2025_08/cla/data/calibrated/2025/08/01/ch2_cla_l1_20250801T204157221_20250801T204205221.fits,2025-08-01T20:41:57.221,2025-08-01T20:42:05.221,2025-08-01T20:42:01.221,8.0,-37.2,13.5,98.9131,-80.2398,-118.509,-80.244,-118.507,99.8747,99.8747,CLASS_add_scds.pro,2.1,536,1,"0,3,4,5,8,9,10,11,",-79.6725,-121.142,-80.8904,-120.629,-80.7933,-115.55,-79.5868,-116.653,1.69708251953125,0.0590378777583351,1.6015625,1.78369140625,3475.625,120.90957364907048,8
ch2_cla_l1_20250801T204213221_20250801T204221221.fits,/home/saurabh/moon_project/data/CLASS/ch2_cla_l1_2025_08/cla/data/calibrated/2025/08/01/ch2_cla_l1_20250801T204213221_20250801T204221221.fits,2025-08-01T20:42:13.221,2025-08-01T20:42:21.221,2025-08-01T20:42:17.221,8.0,-37.3,13.5,98.6169,-79.429,-119.01,-79.433,-119.008,100.568,100.568,CLASS_add_scds.pro,2.1,538,1,"0,3,4,5,8,9,10,11,",-78.8598,-121.421,-80.0756,-120.983,-79.9866,-116.322,-78.7804,-117.262,1.6871337890625,0.0788841421621118,1.5830078125,1.80908203125,3455.25,161.55472314800508,8
ch2_cla_l1_20250801T204229221_20250801T204237221.fits,/home/saurabh/moon_project/data/CLASS/ch2_cla_l1_2025_08/cla/data/calibrated/2025/08/01/ch2_cla_l1_20250801T204229221_20250801T204237221.fits,2025-08-01T20:42:29.221,2025-08-01T20:42:37.221,2025-08-01T20:42:33.221,8.0,-37.3,13.5,98.3207,-78.6172,-119.44,-78.6212,-119.439,101.261,101.261,CLASS_add_scds.pro,2.1,540,1,"0,3,4,5,8,9,10,11,",-78.0464,-121.663,-79.2604,-121.285,-79.1783,-116.981,-77.9726,-117.791,1.705810546875,0.0780076371530774,1.61474609375,1.82763671875,3493.5,159.7596408895027,8
ch2_cla_l1_20250801T204245221_20250801T204253221.fits,/home/saurabh/moon_project/data/CLASS/ch2_cla_l1_2025_08/cla/data/calibrated/2025/08/01/ch2_cla_l1_20250801T204245221_20250801T204253221.fits,2025-08-01T20:42:45.221,2025-08-01T20:42:53.221,2025-08-01T20:42:49.221,8.0,-37.3,13.5,98.0246,-77.8046,-119.815,-77.8087,-119.813,101.954,101.954,CLASS_add_scds.pro,2.1,542,1,"0,3,4,5,8,9,10,11,",-77.2327,-121.876,-78.4447,-121.545,-78.3685,-117.549,-77.1638,-118.255,1.6898193359375,0.0419992840115508,1.623046875,1.7587890625,3460.75,86.01453365565612,8
ch2_cla_l1_20250801T204301221_20250801T204309221.fits,/home/saurabh/moon_project/data/CLASS/ch2_cla_l1_2025_08/cla/data/calibrated/2025/08/01/ch2_cla_l1_20250801T204301221_20250801T204309221.fits,2025-08-01T20:43:01.221,2025-08-01T20:43:09.221,2025-08-01T20:43:05.221,8.0,-37.4,13.5,97.7287,-76.9913,-120.143,-76.9954,-120.142,102.646,102.646,CLASS_add_scds.pro,2.1,544,1,"0,3,4,5,8,9,10,11,",-76.4186,-122.063,-77.6286,-121.773,-77.5575,-118.044,-76.3539,-118.664,1.71063232421875,0.0491409742562564,1.63818359375,1.79443359375,3503.375,100.64071527681314,8
ch2_cla_l1_20250801T204317221_20250801T204325221.fits,/home/saurabh/moon_project/data/CLASS/ch2_cla_l1_2025_08/cla/data/calibrated/2025/08/01/ch2_cla_l1_20250801T204317221_20250801T204325221.fits,2025-08-01T20:43:17.221,2025-08-01T20:43:25.221,2025-08-01T20:43:21.221,8.0,-37.4,13.5,97.433,-76.1774,-120.434,-76.1814,-120.433,103.338,103.338,CLASS_add_scds.pro,2.1,546,1,"0,3,4,5,8,9,10,11,",-75.6041,-122.232,-76.8119,-121.973,-76.7453,-118.48,-75.5431,-119.029,1.6982421875,0.0385331388683883,1.63818359375,1.7490234375,3478.0,78.91586840245937,8
ch2_cla_l1_20250801T204333221_20250801T204341221.fits,/home/saurabh/moon_project/data/CLASS/ch2_cla_l1_2025_08/cla/data/calibrated/2025/08/01/ch2_cla_l1_20250801T204333221_20250801T204341221.fits,2025-08-01T20:43:33.221,2025-08-01T20:43:41.221,2025-08-01T20:43:37.221,8.0,-37.4,13.5,97.1376,-75.3629,-120.693,-75.367,-120.693,104.03,104.03,CLASS_add_scds.pro,2.1,548,1,"0,3,4,5,8,9,10,11,",-74.7892,-122.382,-75.9948,-122.151,-75.9322,-118.866,-74.7316,-119.355,1.66998291015625,0.0862877137794719,1.5712890625,1.83740234375,3420.125,176.7172378203585,8
ch2_cla_l1_20250801T204341221_20250801T204349221.fits,/home/saurabh/moon_project/data/CLASS/ch2_cla_l1_2025_08/cla/data/calibrated/2025/08/01/ch2_cla_l1_20250801T204341221_20250801T204349221.fits,2025-08-01T20:43:41.221,2025-08-01T20:43:49.221,2025-08-01T20:43:45.221,8.0,-37.4,13.5,96.99,-74.9555,-120.813,-74.9596,-120.812,104.375,104.375,CLASS_add_scds.pro,2.1,549,1,"0,3,4,5,8,9,10,11,",-74.3815,-122.452,-75.5862,-122.233,-75.5254,-119.043,-74.3255,-119.506,1.6351318359375,0.056943338201029,1.537109375,1.71337890625,3348.75,116.61995663570744,8
ch2_cla_l1_20250801T204349221_20250801T204357221.fits,/home/saurabh/moon_project/data/CLASS/ch2_cla_l1_2025_08/cla/data/calibrated/2025/08/01/ch2_cla_l1_20250801T204349221_20250801T204357221.fits,2025-08-01T20:43:49.221,2025-08-01T20:43:57.221,2025-08-01T20:43:53.221,8.0,-37.6,13.5,96.8425,-74.5479,-120.926,-74.552,-120.926,104.72,104.72,CLASS_add_scds.pro,2.1,550,1,"0,3,4,5,8,9,10,11,",-73.974,-122.519,-75.1774,-122.311,-75.1184,-119.21,-73.9195,-119.649,1.594482421875,0.0444998494202345,1.51953125,1.669921875,3265.5,91.13569161264036,8
ch2_cla_l1_20250801T204357221_20250801T204405221.fits,/home/saurabh/moon_project/data/CLASS/ch2_cla_l1_2025_08/cla/data/calibrated/2025/08/01/ch2_cla_l1_20250801T204357221_20250801T204405221.fits,2025-08-01T20:43:57.221,2025-08-01T20:44:05.221,2025-08-01T20:44:01.221,8.0,-37.6,13.5,96.6951,-74.1402,-121.034,-74.1443,-121.034,105.065,105.065,CLASS_add_scds.pro,2.1,551,1,"0,3,4,5,8,9,10,11,",-73.5662,-122.582,-74.7687,-122.385,-74.7113,-119.369,-73.513,-119.786,1.6575927734375,0.0551722316829959,1.564453125,1.73046875,3394.75,112.99273048677576,8
ch2_cla_l1_20250801T204405221_20250801T204413221.fits,/home/saurabh/moon_project/data/CLASS/ch2_cla_l1_2025_08/cla/data/calibrated/2025/08/01/ch2_cla_l1_20250801T204405221_20250801T204413221.fits,2025-08-01T20:44:05.221,2025-08-01T20:44:13.221,2025-08-01T20:44:09.221,8.0,-37.5,13.5,96.5478,-73.7324,-121.137,-73.7365,-121.136,105.41,105.41,CLASS_add_scds.pro,2.1,552,1,"0,3,4,5,8,10,11,",-73.1583,-122.643,-74.3597,-122.454,-74.3039,-119.52,-73.1064,-119.916,1.60321044921875,0.0827155344974926,1.4912109375,1.705078125,3283.375,169.40141465086495,8
ch2_cla_l1_20250801T204413221_20250801T204421221.fits,/home/saurabh/moon_project/data/CLASS/ch2_cla_l1_2025_08/cla/data/calibrated/2025/08/01/ch2_cla_l1_20250801T204413221_20250801T204421221.fits,2025-08-01T20:44:13.221,2025-08-01T20:44:21.221,2025-08-01T20:44:17.221,8.0,-37.5,13.5,96.4006,-73.3245,-121.235,-73.3285,-121.234,105.755,105.755,CLASS_add_scds.pro,2.1,553,1,"0,3,4,5,8,10,11,",-72.7505,-122.701,-73.9506,-122.521,-73.8962,-119.663,-72.6999,-120.04,1.64617919921875,0.0730465847443831,1.5595703125,1.75048828125,3371.375,149.59940555649658,8
ch2_cla_l1_20250801T204421221_20250801T204429221.fits,/home/saurabh/moon_project/data/CLASS/ch2_cla_l1_2025_08/cla/data/calibrated/2025/08/01/ch2_cla_l1_20250801T204421221_20250801T204429221.fits,2025-08-01T20:44:21.221,2025-08-01T20:44:29.221,2025-08-01T20:44:25.221,8.0,-37.6,13.5,96.2535,-72.9165,-121.328,-72.9205,-121.327,106.099,106.099,CLASS_add_scds.pro,2.1,554,1,"0,3,4,5,8,9,10,11,",-72.3424,-122.756,-73.5416,-122.585,-73.4886,-119.8,-72.293,-120.159,1.637939453125,0.1042970840019307,1.49462890625,1.80224609375,3354.5,213.60042803595425,8
ch2_cla_l1_20250801T204429221_20250801T204437221.fits,/home/saurabh/moon_project/data/CLASS/ch2_cla_l1_2025_08/cla/data/calibrated/2025/08/01/ch2_cla_l1_20250801T204429221_20250801T204437221.fits,2025-08-01T20:44:29.221,2025-08-01T20:44:37.221,2025-08-01T20:44:33.221,8.0,-37.5,13.5,96.1066,-72.5084,-121.417,-72.5124,-121.417,106.444,106.444,CLASS_add_scds.pro,2.1,555,1,"0,3,4,8,9,10,11,",-71.9344,-122.809,-73.1323,-122.645,-73.0806,-119.93,-71.8862,-120.272,1.662109375,0.0799163353625815,1.5556640625,1.7802734375,3404.0,163.66865482256696,8
ch2_cla_l1_20250801T204437221_20250801T204445221.fits,/home/saurabh/moon_project/data/CLASS/ch2_cla_l1_2025_08/cla/data/calibrated/2025/08/01/ch2_cla_l1_20250801T204437221_20250801T204445221.fits,2025-08-01T20:44:37.221,2025-08-01T20:44:45.221,2025-08-01T20:44:41.221,8.0,-37.7,13.5,95.9598,-72.1002,-121.502,-72.1041,-121.502,106.788,106.788,CLASS_add_scds.pro,2.1,556,1,"0,3,4,5,8,10,11,",-71.5264,-122.86,-72.7231,-122.703,-72.6728,-120.054,-71.4792,-120.381,1.63995361328125,0.0613037824698141,1.54150390625,1.740234375,3358.625,125.5501464981793,8
ch2_cla_l1_20250801T204445221_20250801T204453221.fits,/home/saurabh/moon_project/data/CLASS/ch2_cla_l1_2025_08/cla/data/calibrated/2025/08/01/ch2_cla_l1_20250801T204445221_20250801T204453221.fits,2025-08-01T20:44:45.221,2025-08-01T20:44:53.221,2025-08-01T20:44:49.221,8.0,-37.7,13.5,95.8131,-71.6919,-121.584,-71.696,-121.584,107.132,107.132,CLASS_add_scds.pro,2.1,557,1,"0,3,4,5,8,10,11,",-71.1181,-122.909,-72.3139,-122.759,-72.2647,-120.173,-71.072,-120.485,1.6519775390625,0.0464287359632993,1.591796875,1.72705078125,3383.25,95.086051252837,8
ch2_cla_l1_20250801T204453221_20250801T204501221.fits,/home/saurabh/moon_project/data/CLASS/ch2_cla_l1_2025_08/cla/data/calibrated/2025/08/01/ch2_cla_l1_20250801T204453221_20250801T204501221.fits,2025-08-01T20:44:53.221,2025-08-01T20:45:01.221,2025-08-01T20:44:57.221,8.0,-37.7,13.5,95.6665,-71.2834,-121.662,-71.2876,-121.662,107.476,107.476,CLASS_add_scds.pro,2.1,558,1,"0,3,4,5,8,10,11,",-70.7098,-122.956,-71.9045,-122.812,-71.8564,-120.286,-70.6648,-120.585,1.6751708984375,0.0599588414212361,1.56640625,1.7548828125,3430.75,122.79570723069156,8
ch2_cla_l1_20250801T204501221_20250801T204509221.fits,/home/saurabh/moon_project/data/CLASS/ch2_cla_l1_2025_08/cla/data/calibrated/2025/08/01/ch2_cla_l1_20250801T204501221_20250801T204509221.fits,2025-08-01T20:45:01.221,2025-08-01T20:45:09.221,2025-08-01T20:45:05.221,8.0,-37.7,13.5,95.5202,-70.8749,-121.737,-70.8789,-121.737,107.819,107.819,CLASS_add_scds.pro,2.1,559,1,"0,3,4,5,8,10,11,",-70.3014,-123.002,-71.495,-122.864,-71.4481,-120.395,-70.2574,-120.681,1.65740966796875,0.0388324502902629,1.59765625,1.712890625,3394.375,79.52885819445848,8
ch2_cla_l1_20250801T204509221_20250801T204517221.fits,/home/saurabh/moon_project/data/CLASS/ch2_cla_l1_2025_08/cla/data/calibrated/2025/08/01/ch2_cla_l1_20250801T204509221_20250801T204517221.fits,2025-08-01T20:45:09.221,2025-08-01T20:45:17.221,2025-08-01T20:45:13.221,8.0,-37.7,13.5,95.3739,-70.4663,-121.81,-70.4702,-121.809,108.162,108.162,CLASS_add_scds.pro,2.1,560,1,"0,3,4,5,8,9,10,11,",-69.8929,-123.046,-71.0854,-122.913,-71.0396,-120.499,-69.8497,-120.773,1.6624755859375,0.0629986894864818,1.57177734375,1.7490234375,3404.75,129.02131606831486,8
ch2_cla_l1_20250801T204517221_20250801T204525221.fits,/home/saurabh/moon_project/data/CLASS/ch2_cla_l1_2025_08/cla/data/calibrated/2025/08/01/ch2_cla_l1_20250801T204517221_20250801T204525221.fits,2025-08-01T20:45:17.221,2025-08-01T20:45:25.221,2025-08-01T20:45:21.221,8.0,-37.7,13.5,95.2279,-70.0576,-121.879,-70.0616,-121.879,108.505,108.505,CLASS_add_scds.pro,2.1,561,1,"0,3,4,5,6,8,9,10,11,",-69.4844,-123.088,-70.6757,-122.96,-70.6308,-120.598,-69.4422,-120.862,1.65850830078125,0.0366121989755926,1.60107421875,1.70703125,3396.625,74.98178350201373,8
ch2_cla_l1_20250801T204525221_20250801T204533221.fits,/home/saurabh/moon_project/data/CLASS/ch2_cla_l1_2025_08/cla/data/calibrated/2025/08/01/ch2_cla_l1_20250801T204525221_20250801T204533221.fits,2025-08-01T20:45:25.221,2025-08-01T20:45:33.221,2025-08-01T20:45:29.221,8.0,-38.1,13.5,95.082,-69.6488,-121.946,-69.6528,-121.945,108.848,108.848,CLASS_add_scds.pro,2.1,562,1,"0,1,2,3,4,5,6,7,8,9,10,11,12,13,14,15,",-69.0758,-123.129,-70.2661,-123.005,-70.2222,-120.694,-69.0343,-120.947,1.696044921875,0.0503379842533588,1.6103515625,1.765625,3473.5,103.09219175087898,8
ch2_cla_l1_20250801T204533221_20250801T204541221.fits,/home/saurabh/moon_project/data/CLASS/ch2_cla_l1_2025_08/cla/data/calibrated/2025/08/01/ch2_cla_l1_20250801T204533221_20250801T204541221.fits,2025-08-01T20:45:33.221,2025-08-01T20:45:41.221,2025-08-01T20:45:37.221,8.0,-38.1,13.5,94.9363,-69.2399,-122.01,-69.2439,-122.01,109.191,109.191,CLASS_add_scds.pro,2.1,563,1,"0,1,2,3,4,5,6,7,8,9,10,11,12,13,14,15,",-68.6669,-123.168,-69.8562,-123.049,-69.8132,-120.786,-68.6263,-121.03,1.66473388671875,0.0430336499241959,1.5927734375,1.73095703125,3409.375,88.13291504475337,8
ch2_cla_l1_20250801T204541221_20250801T204549221.fits,/home/saurabh/moon_project/data/CLASS/ch2_cla_l1_2025_08/cla/data/calibrated/2025/08/01/ch2_cla_l1_20250801T204541221_20250801T204549221.fits,2025-08-01T20:45:41.221,2025-08-01T20:45:49.221,2025-08-01T20:45:45.221,8.0,-38.2,13.5,94.7908,-68.8309,-122.072,-68.8347,-122.072,109.533,109.533,CLASS_add_scds.pro,2.1,564,1,"0,1,2,3,4,5,6,7,8,9,10,11,12,13,14,15,",-68.2583,-123.206,-69.4462,-123.091,-69.404,-120.875,-68.2184,-121.109,1.703857421875,0.0692641809904345,1.61669921875,1.81591796875,3489.5,141.85304266840987,8
ch2_cla_l1_20250801T204549221_20250801T204557221.fits,/home/saurabh/moon_project/data/CLASS/ch2_cla_l1_2025_08/cla/data/calibrated/2025/08/01/ch2_cla_l1_20250801T204549221_20250801T204557221.fits,2025-08-01T20:45:49.221,2025-08-01T20:45:57.221,2025-08-01T20:45:53.221,8.0,-38.3,13.5,94.6455,-68.4219,-122.132,-68.4258,-122.131,109.875,109.875,CLASS_add_scds.pro,2.1,565,1,"0,1,2,3,4,5,6,7,8,9,10,11,12,13,14,15,",-67.8495,-123.243,-69.0363,-123.132,-68.9951,-120.961,-67.8104,-121.185,1.66961669921875,0.0557288459731255,1.5810546875,1.75341796875,3419.375,114.1326765529612,8
ch2_cla_l1_20250801T204605221_20250801T204613221.fits,/home/saurabh/moon_project/data/CLASS/ch2_cla_l1_2025_08/cla/data/calibrated/2025/08/01/ch2_cla_l1_20250801T204605221_20250801T204613221.fits,2025-08-01T20:46:05.221,2025-08-01T20:46:13.221,2025-08-01T20:46:09.221,8.0,-38.3,13.5,94.3555,-67.6035,-122.245,-67.6074,-122.245,110.559,110.559,CLASS_add_scds.pro,2.1,567,1,"0,1,2,3,4,5,6,7,8,9,10,11,12,13,14,15,",-67.0316,-123.312,-68.2162,-123.209,-68.1766,-121.122,-66.9941,-121.331,1.653076171875,0.0765665748334827,1.564453125,1.76416015625,3385.5,156.80834525897257,8
ch2_cla_l1_20250801T204621221_20250801T204629221.fits,/home/saurabh/moon_project/data/CLASS/ch2_cla_l1_2025_08/cla/data/calibrated/2025/08/01/ch2_cla_l1_20250801T204621221_20250801T204629221.fits,2025-08-01T20:46:21.221,2025-08-01T20:46:29.221,2025-08-01T20:46:25.221,8.0,-38.3,13.5,94.0664,-66.7848,-122.351,-66.7888,-122.351,111.241,111.241,CLASS_add_scds.pro,2.1,569,1,"0,1,2,3,4,5,6,7,8,9,10,11,12,13,14,15,",-66.2134,-123.378,-67.3958,-123.281,-67.3576,-121.272,-66.1771,-121.467,1.673095703125,0.0789899627489967,1.56591796875,1.796875,3426.5,161.7714437099453,8
ch2_cla_l1_20250801T204629221_20250801T204637221.fits,/home/saurabh/moon_project/data/CLASS/ch2_cla_l1_2025_08/cla/data/calibrated/2025/08/01/ch2_cla_l1_20250801T204629221_20250801T204637221.fits,2025-08-01T20:46:29.221,2025-08-01T20:46:37.221,2025-08-01T20:46:33.221,8.0,-38.3,13.5,93.9223,-66.3753,-122.401,-66.3792,-122.401,111.581,111.581,CLASS_add_scds.pro,2.1,570,1,"0,1,2,3,4,5,6,7,8,9,10,11,12,13,14,15,",-65.8043,-123.41,-66.9856,-123.316,-66.9481,-121.343,-65.7687,-121.531,1.712890625,0.0486583264166224,1.640625,1.79833984375,3508.0,99.65225250124269,8
ch2_cla_l1_20250801T204637221_20250801T204645221.fits,/home/saurabh/moon_project/data/CLASS/ch2_cla_l1_2025_08/cla/data/calibrated/2025/08/01/ch2_cla_l1_20250801T204637221_20250801T204645221.fits,2025-08-01T20:46:37.221,2025-08-01T20:46:45.221,2025-08-01T20:46:41.221,8.0,-38.3,13.5,93.7783,-65.9658,-122.45,-65.9697,-122.45,111.922,111.922,CLASS_add_scds.pro,2.1,571,1,"0,1,2,3,4,5,6,7,8,9,10,11,12,13,14,15,",-65.3949,-123.44,-66.5753,-123.35,-66.5385,-121.412,-65.3598,-121.594,1.67620849609375,0.0573781298209066,1.587890625,1.75390625,3432.875,117.51040987321689,8
ch2_cla_l1_20250801T204653221_20250801T204701221.fits,/home/saurabh/moon_project/data/CLASS/ch2_cla_l1_2025_08/cla/data/calibrated/2025/08/01/ch2_cla_l1_20250801T204653221_20250801T204701221.fits,2025-08-01T20:46:53.221,2025-08-01T20:47:01.221,2025-08-01T20:46:57.221,8.0,-38.4,13.5,93.4912,-65.1464,-122.544,-65.1503,-122.543,112.602,112.602,CLASS_add_scds.pro,2.1,573,0,"0,1,2,3,4,5,6,7,8,9,10,11,12,13,14,15,",-64.5762,-123.499,-65.7542,-123.413,-65.7186,-121.544,-64.5423,-121.714,1.7103271484375,0.0755841846058627,1.6181640625,1.84619140625,3502.75,154.79641007280682,8
ch2_cla_l1_20250801T212808772_20250801T212816772.fits,/home/saurabh/moon_project/data/CLASS/ch2_cla_l1_2025_08/cla/data/calibrated/2025/08/01/ch2_cla_l1_20250801T212808772_20250801T212816772.fits,2025-08-01T21:28:08.772,2025-08-01T21:28:16.772,2025-08-01T21:28:12.772,8.0,-47.3,13.5,85.861,63.3223,-127.409,63.3186,-127.409,111.025,111.025,CLASS_add_scds.pro,2.1,0,0,"0,1,2,3,4,5,6,7,8,9,10,11,12,13,14,15,",63.8606,-128.264,62.7431,-128.126,62.7722,-126.587,63.8909,-126.662,1.7540283203125,0.0563909732010727,1.669921875,1.8447265625,3592.25,115.48871311579698,8
ch2_cla_l1_20250801T212816772_20250801T212824772.fits,/home/saurabh/moon_project/data/CLASS/ch2_cla_l1_2025_08/cla/data/calibrated/2025/08/01/ch2_cla_l1_20250801T212816772_20250801T212824772.fits,2025-08-01T21:28:16.772,2025-08-01T21:28:24.772,2025-08-01T21:28:20.772,8.0,-47.3,13.5,85.9782,63.7355,-127.45,63.7319,-127.45,110.681,110.681,CLASS_add_scds.pro,2.1,1,0,"0,1,2,3,4,5,6,7,8,9,10,11,12,13,14,15,",64.2739,-128.319,63.1556,-128.177,63.1851,-126.614,64.3047,-126.691,1.70849609375,0.0525869093900945,1.6259765625,1.78125,3499.0,107.69799043091352,8
ch2_cla_l1_20250801T212824772_20250801T212832772.fits,/home/saurabh/moon_project/data/CLASS/ch2_cla_l1_2025_08/cla/data/calibrated/2025/08/01/ch2_cla_l1_20250801T212824772_20250801T212832772.fits,2025-08-01T21:28:24.772,2025-08-01T21:28:32.772,2025-08-01T21:28:28.772,8.0,-47.3,13.5,86.096,64.1486,-127.492,64.145,-127.491,110.337,110.337,CLASS_add_scds.pro,2.1,2,1,"0,1,2,3,4,5,6,7,8,9,10,11,12,13,14,15,",64.6872,-128.376,63.5679,-128.23,63.598,-126.641,64.7185,-126.721,1.76202392578125,0.0487394126462282,1.6865234375,1.83984375,3608.625,99.81831709947544,8
ch2_cla_l1_20250801T212832772_20250801T212840772.fits,/home/saurabh/moon_project/data/CLASS/ch2_cla_l1_2025_08/cla/data/calibrated/2025/08/01/ch2_cla_l1_20250801T212832772_20250801T212840772.fits,2025-08-01T21:28:32.772,2025-08-01T21:28:40.772,2025-08-01T21:28:36.772,8.0,-47.3,13.5,86.2145,64.5617,-127.535,64.558,-127.534,109.992,109.992,CLASS_add_scds.pro,2.1,3,1,"0,1,2,3,4,5,6,7,8,9,10,11,12,13,14,15,",65.1004,-128.434,63.9803,-128.284,64.0108,-126.67,65.1323,-126.752,1.740966796875,0.0724398012589167,1.63623046875,1.8642578125,3565.5,148.35671297826158,8
ch2_cla_l1_20250801T212840772_20250801T212848772.fits,/home/saurabh/moon_project/data/CLASS/ch2_cla_l1_2025_08/cla/data/calibrated/2025/08/01/ch2_cla_l1_20250801T212840772_20250801T212848772.fits,2025-08-01T21:28:40.772,2025-08-01T21:28:48.772,2025-08-01T21:28:44.772,8.0,-47.3,13.5,86.3336,64.9747,-127.579,64.9711,-127.578,109.646,109.646,CLASS_add_scds.pro,2.1,4,1,"0,1,2,3,4,5,6,7,8,9,10,11,12,13,14,15,",65.5135,-128.495,64.3926,-128.339,64.4236,-126.699,65.5459,-126.783,1.7498779296875,0.0412827699302443,1.693359375,1.80908203125,3583.75,84.54711281714052,8
ch2_cla_l1_20250801T212848772_20250801T212856772.fits,/home/saurabh/moon_project/data/CLASS/ch2_cla_l1_2025_08/cla/data/calibrated/2025/08/01/ch2_cla_l1_20250801T212848772_20250801T212856772.fits,2025-08-01T21:28:48.772,2025-08-01T21:28:56.772,2025-08-01T21:28:52.772,8.0,-47.4,13.5,86.4533,65.3876,-127.624,65.3841,-127.624,109.301,109.301,CLASS_add_scds.pro,2.1,5,1,"0,1,2,3,4,5,6,7,8,9,10,11,12,13,14,15,",65.9266,-128.558,64.8047,-128.397,64.8363,-126.729,65.9596,-126.816,1.7481689453125,0.0637895518045461,1.67236328125,1.845703125,3580.25,130.64100209571046,8
ch2_cla_l1_20250801T212856772_20250801T212904772.fits,/home/saurabh/moon_project/data/CLASS/ch2_cla_l1_2025_08/cla/data/calibrated/2025/08/01/ch2_cla_l1_20250801T212856772_20250801T212904772.fits,2025-08-01T21:28:56.772,2025-08-01T21:29:04.772,2025-08-01T21:29:00.772,8.0,-47.4,13.5,86.5737,65.8005,-127.671,65.797,-127.671,108.955,108.955,CLASS_add_scds.pro,2.1,6,1,"0,1,2,3,4,5,6,7,8,9,10,11,12,13,14,15,",66.3395,-128.622,65.2169,-128.456,65.249,-126.76,66.3731,-126.849,1.769287109375,0.040867544658365,1.71044921875,1.83251953125,3623.5,83.69673146033158,8
ch2_cla_l1_20250801T212904772_20250801T212912772.fits,/home/saurabh/moon_project/data/CLASS/ch2_cla_l1_2025_08/cla/data/calibrated/2025/08/01/ch2_cla_l1_20250801T212904772_20250801T212912772.fits,2025-08-01T21:29:04.772,2025-08-01T21:29:12.772,2025-08-01T21:29:08.772,8.0,-47.4,13.5,86.6947,66.2133,-127.72,66.2097,-127.719,108.609,108.609,CLASS_add_scds.pro,2.1,7,1,"0,1,2,3,4,5,6,7,8,9,10,11,12,13,14,15,",66.7525,-128.689,65.6289,-128.517,65.6615,-126.792,66.7867,-126.883,1.7637939453125,0.0609252637937391,1.69189453125,1.85205078125,3612.25,124.7749402495778,8
ch2_cla_l1_20250801T212912772_20250801T212920772.fits,/home/saurabh/moon_project/data/CLASS/ch2_cla_l1_2025_08/cla/data/calibrated/2025/08/01/ch2_cla_l1_20250801T212912772_20250801T212920772.fits,2025-08-01T21:29:12.772,2025-08-01T21:29:20.772,2025-08-01T21:29:16.772,8.0,-47.4,13.5,86.8163,66.6261,-127.77,66.6224,-127.769,108.263,108.263,CLASS_add_scds.pro,2.1,8,1,"0,1,2,3,4,5,6,7,8,9,10,11,12,13,14,15,",67.1653,-128.758,66.0409,-128.58,66.0741,-126.824,67.2001,-126.919,1.7579345703125,0.0580405138986424,1.66650390625,1.84228515625,3600.25,118.86697246441985,8
ch2_cla_l1_20250801T212920772_20250801T212928772.fits,/home/saurabh/moon_project/data/CLASS/ch2_cla_l1_2025_08/cla/data/calibrated/2025/08/01/ch2_cla_l1_20250801T212920772_20250801T212928772.fits,2025-08-01T21:29:20.772,2025-08-01T21:29:28.772,2025-08-01T21:29:24.772,8.0,-47.4,13.5,86.9385,67.0387,-127.821,67.0351,-127.821,107.917,107.917,CLASS_add_scds.pro,2.1,9,1,"0,1,2,3,4,5,6,7,8,9,10,11,12,13,14,15,",67.578,-128.829,66.4527,-128.645,66.4865,-126.858,67.6135,-126.956,1.76629638671875,0.0718586482527121,1.646484375,1.86962890625,3617.375,147.16651162155452,8
ch2_cla_l1_20250801T212928772_20250801T212936772.fits,/home/saurabh/moon_project/data/CLASS/ch2_cla_l1_2025_08/cla/data/calibrated/2025/08/01/ch2_cla_l1_20250801T212928772_20250801T212936772.fits,2025-08-01T21:29:28.772,2025-08-01T21:29:36.772,2025-08-01T21:29:32.772,8.0,-47.3,13.5,87.0613,67.4513,-127.875,67.4476,-127.874,107.57,107.57,CLASS_add_scds.pro,2.1,10,1,"0,1,2,3,4,5,6,7,8,9,10,11,13,",67.9906,-128.903,66.8644,-128.712,66.8989,-126.893,68.0267,-126.994,1.77752685546875,0.0564478331986863,1.68896484375,1.85791015625,3640.375,115.60516239090956,8
ch2_cla_l1_20250801T212936772_20250801T212944772.fits,/home/saurabh/moon_project/data/CLASS/ch2_cla_l1_2025_08/cla/data/calibrated/2025/08/01/ch2_cla_l1_20250801T212936772_20250801T212944772.fits,2025-08-01T21:29:36.772,2025-08-01T21:29:44.772,2025-08-01T21:29:40.772,8.0,-47.3,13.5,87.1847,67.8639,-127.93,67.8601,-127.929,107.223,107.223,CLASS_add_scds.pro,2.1,11,1,"0,1,2,3,4,5,6,7,8,9,10,11,13,",68.4032,-128.98,67.2761,-128.781,67.3111,-126.928,68.44,-127.033,1.77178955078125,0.0839689373643188,1.6259765625,1.91015625,3628.625,171.9683837221249,8
ch2_cla_l1_20250801T212944772_20250801T212952772.fits,/home/saurabh/moon_project/data/CLASS/ch2_cla_l1_2025_08/cla/data/calibrated/2025/08/01/ch2_cla_l1_20250801T212944772_20250801T212952772.fits,2025-08-01T21:29:44.772,2025-08-01T21:29:52.772,2025-08-01T21:29:48.772,8.0,-47.3,13.5,87.3087,68.2763,-127.987,68.2726,-127.987,106.876,106.876,CLASS_add_scds.pro,2.1,12,1,"0,1,2,3,4,5,6,7,8,9,10,11,13,",68.8156,-129.059,67.6877,-128.853,67.7234,-126.965,68.8532,-127.074,1.768310546875,0.0752129755171259,1.67041015625,1.88671875,3621.5,154.03617385907395,8
ch2_cla_l1_20250801T212952772_20250801T213000772.fits,/home/saurabh/moon_project/data/CLASS/ch2_cla_l1_2025_08/cla/data/calibrated/2025/08/01/ch2_cla_l1_20250801T212952772_20250801T213000772.fits,2025-08-01T21:29:52.772,2025-08-01T21:30:00.772,2025-08-01T21:29:56.772,8.0,-47.3,13.5,87.4334,68.6887,-128.046,68.685,-128.046,106.529,106.529,CLASS_add_scds.pro,2.1,13,1,"0,1,2,3,4,5,6,7,8,9,10,11,13,",69.228,-129.142,68.0991,-128.928,68.1355,-127.003,69.2664,-127.116,1.81072998046875,0.0869767160671401,1.6494140625,1.92626953125,3708.375,178.1283145055031,8
ch2_cla_l1_20250801T213000772_20250801T213008772.fits,/home/saurabh/moon_project/data/CLASS/ch2_cla_l1_2025_08/cla/data/calibrated/2025/08/01/ch2_cla_l1_20250801T213000772_20250801T213008772.fits,2025-08-01T21:30:00.772,2025-08-01T21:30:08.772,2025-08-01T21:30:04.772,8.0,-47.3,13.5,87.5586,69.101,-128.108,69.0972,-128.107,106.181,106.181,CLASS_add_scds.pro,2.1,14,1,"0,1,2,3,4,5,6,7,8,9,10,11,13,",69.6402,-129.228,68.5106,-129.005,68.5478,-127.043,69.6794,-127.159,1.788818359375,0.0767256619156439,1.68408203125,1.9111328125,3663.5,157.13415560323878,8
ch2_cla_l1_20250801T213008772_20250801T213016772.fits,/home/saurabh/moon_project/data/CLASS/ch2_cla_l1_2025_08/cla/data/calibrated/2025/08/01/ch2_cla_l1_20250801T213008772_20250801T213016772.fits,2025-08-01T21:30:08.772,2025-08-01T21:30:16.772,2025-08-01T21:30:12.772,8.0,-47.3,13.5,87.6843,69.5132,-128.172,69.5095,-128.171,105.834,105.834,CLASS_add_scds.pro,2.1,15,1,"0,1,2,3,4,5,6,7,8,9,10,11,13,",70.0524,-129.317,68.9218,-129.085,68.9597,-127.084,70.0924,-127.204,1.79803466796875,0.0749766438311027,1.69091796875,1.912109375,3682.375,153.5521665660985,8
ch2_cla_l1_20250801T213016772_20250801T213024772.fits,/home/saurabh/moon_project/data/CLASS/ch2_cla_l1_2025_08/cla/data/calibrated/2025/08/01/ch2_cla_l1_20250801T213016772_20250801T213024772.fits,2025-08-01T21:30:16.772,2025-08-01T21:30:24.772,2025-08-01T21:30:20.772,8.0,-47.4,13.5,87.8107,69.9253,-128.238,69.9217,-128.237,105.485,105.485,CLASS_add_scds.pro,2.1,16,1,"0,1,2,3,4,5,6,7,8,9,10,11,13,",70.4645,-129.41,69.3331,-129.169,69.3718,-127.126,70.5053,-127.251,1.77764892578125,0.0494222624494656,1.70263671875,1.8564453125,3640.625,101.21679349650574,8
ch2_cla_l1_20250801T213024772_20250801T213032772.fits,/home/saurabh/moon_project/data/CLASS/ch2_cla_l1_2025_08/cla/data/calibrated/2025/08/01/ch2_cla_l1_20250801T213024772_20250801T213032772.fits,2025-08-01T21:30:24.772,2025-08-01T21:30:32.772,2025-08-01T21:30:28.772,8.0,-47.4,13.5,87.9376,70.3374,-128.307,70.3335,-128.306,105.137,105.137,CLASS_add_scds.pro,2.1,17,1,"0,1,2,3,4,5,6,7,8,9,10,11,13,",70.8764,-129.506,69.7441,-129.255,69.7836,-127.17,70.9182,-127.3,1.833251953125,0.0725408196751842,1.69189453125,1.92919921875,3754.5,148.56359869477737,8
ch2_cla_l1_20250801T213032772_20250801T213040772.fits,/home/saurabh/moon_project/data/CLASS/ch2_cla_l1_2025_08/cla/data/calibrated/2025/08/01/ch2_cla_l1_20250801T213032772_20250801T213040772.fits,2025-08-01T21:30:32.772,2025-08-01T21:30:40.772,2025-08-01T21:30:36.772,8.0,-47.4,13.5,88.0651,70.7493,-128.378,70.7456,-128.377,104.789,104.789,CLASS_add_scds.pro,2.1,18,1,"0,1,2,3,4,5,6,7,8,9,10,11,13,",71.2883,-129.607,70.1551,-129.345,70.1954,-127.215,71.3311,-127.35,1.6568603515625,0.0301672131017959,1.61474609375,1.70068359375,3393.25,61.78245243247817,8
ch2_cla_l1_20250801T213040772_20250801T213048772.fits,/home/saurabh/moon_project/data/CLASS/ch2_cla_l1_2025_08/cla/data/calibrated/2025/08/01/ch2_cla_l1_20250801T213040772_20250801T213048772.fits,2025-08-01T21:30:40.772,2025-08-01T21:30:48.772,2025-08-01T21:30:44.772,8.0,-47.4,13.5,88.1931,71.1612,-128.453,71.1575,-128.452,104.44,104.44,CLASS_add_scds.pro,2.1,19,1,"0,1,2,3,4,5,6,7,8,9,10,11,13,",71.7001,-129.712,70.5661,-129.438,70.6073,-127.262,71.7438,-127.403,1.712890625,0.0388991072155463,1.65087890625,1.76806640625,3508.0,79.66537157743902,8
ch2_cla_l1_20250801T213048772_20250801T213056772.fits,/home/saurabh/moon_project/data/CLASS/ch2_cla_l1_2025_08/cla/data/calibrated/2025/08/01/ch2_cla_l1_20250801T213048772_20250801T213056772.fits,2025-08-01T21:30:48.772,2025-08-01T21:30:56.772,2025-08-01T21:30:52.772,8.0,-47.4,13.5,88.3216,71.573,-128.53,71.5693,-128.529,104.092,104.092,CLASS_add_scds.pro,2.1,20,1,"0,1,2,3,4,5,6,7,8,9,10,11,13,",72.1117,-129.821,70.9769,-129.536,71.019,-127.311,72.1565,-127.458,1.66485595703125,0.0420504954112388,1.60009765625,1.720703125,3409.625,86.11941460221715,8
ch2_cla_l1_20250801T213056772_20250801T213104772.fits,/home/saurabh/moon_project/data/CLASS/ch2_cla_l1_2025_08/cla/data/calibrated/2025/08/01/ch2_cla_l1_20250801T213056772_20250801T213104772.fits,2025-08-01T21:30:56.772,2025-08-01T21:31:04.772,2025-08-01T21:31:00.772,8.0,-47.4,13.5,88.4507,71.9847,-128.611,71.9809,-128.611,103.743,103.743,CLASS_add_scds.pro,2.1,21,1,"0,1,2,3,4,5,6,7,8,9,10,11,13,",72.5233,-129.936,71.3875,-129.637,71.4306,-127.362,72.5691,-127.515,1.7310791015625,0.0383974408426597,1.6708984375,1.7783203125,3545.25,78.63795884576717,8
ch2_cla_l1_20250801T213104772_20250801T213112772.fits,/home/saurabh/moon_project/data/CLASS/ch2_cla_l1_2025_08/cla/data/calibrated/2025/08/01/ch2_cla_l1_20250801T213104772_20250801T213112772.fits,2025-08-01T21:31:04.772,2025-08-01T21:31:12.772,2025-08-01T21:31:08.772,8.0,-47.4,13.5,88.5803,72.3963,-128.696,72.3926,-128.695,103.394,103.394,CLASS_add_scds.pro,2.1,22,1,"0,1,2,3,4,5,6,7,8,9,10,11,13,",72.9346,-130.056,71.7981,-129.743,71.8422,-127.415,72.9816,-127.575,1.66650390625,0.0449612841498675,1.5888671875,1.736328125,3413.0,92.0807099389288,8
ch2_cla_l1_20250801T213112772_20250801T213120772.fits,/home/saurabh/moon_project/data/CLASS/ch2_cla_l1_2025_08/cla/data/calibrated/2025/08/01/ch2_cla_l1_20250801T213112772_20250801T213120772.fits,2025-08-01T21:31:12.772,2025-08-01T21:31:20.772,2025-08-01T21:31:16.772,8.0,-47.4,13.5,88.7105,72.8078,-128.784,72.8041,-128.783,103.045,103.045,CLASS_add_scds.pro,2.1,23,1,"0,1,2,3,4,5,6,7,8,9,10,11,13,",73.3458,-130.182,72.2086,-129.853,72.2537,-127.47,73.394,-127.638,1.71954345703125,0.0586442638820575,1.62353515625,1.8115234375,3521.625,120.10345243045384,8
ch2_cla_l1_20250801T213120772_20250801T213128772.fits,/home/saurabh/moon_project/data/CLASS/ch2_cla_l1_2025_08/cla/data/calibrated/2025/08/01/ch2_cla_l1_20250801T213120772_20250801T213128772.fits,2025-08-01T21:31:20.772,2025-08-01T21:31:28.772,2025-08-01T21:31:24.772,8.0,-47.5,13.5,88.8411,73.2192,-128.877,73.2155,-128.876,102.696,102.696,CLASS_add_scds.pro,2.1,24,1,"0,1,2,3,4,5,6,7,8,9,10,11,13,",73.7569,-130.314,72.6188,-129.969,72.665,-127.528,73.8064,-127.703,1.699462890625,0.0534420267098341,1.60302734375,1.77490234375,3480.5,109.44927070174045,8
ch2_cla_l1_20250801T213128772_20250801T213136772.fits,/home/saurabh/moon_project/data/CLASS/ch2_cla_l1_2025_08/cla/data/calibrated/2025/08/01/ch2_cla_l1_20250801T213128772_20250801T213136772.fits,2025-08-01T21:31:28.772,2025-08-01T21:31:36.772,2025-08-01T21:31:32.772,8.0,-47.5,13.5,88.9723,73.6305,-128.974,73.6269,-128.973,102.346,102.346,CLASS_add_scds.pro,2.1,25,1,"0,1,2,3,4,5,6,7,8,9,10,11,13,",74.168,-130.452,73.029,-130.09,73.0763,-127.588,74.2187,-127.772,1.728515625,0.0653932384483719,1.65185546875,1.83740234375,3540.0,133.92535234226563,8
ch2_cla_l1_20250801T213136772_20250801T213144772.fits,/home/saurabh/moon_project/data/CLASS/ch2_cla_l1_2025_08/cla/data/calibrated/2025/08/01/ch2_cla_l1_20250801T213136772_20250801T213144772.fits,2025-08-01T21:31:36.772,2025-08-01T21:31:44.772,2025-08-01T21:31:40.772,8.0,-47.5,13.5,89.1039,74.0417,-129.076,74.0381,-129.074,101.997,101.997,CLASS_add_scds.pro,2.1,26,1,"0,1,2,3,4,5,6,7,8,9,10,11,13,",74.5788,-130.598,73.439,-130.217,73.4877,-127.651,74.631,-127.844,1.69268798828125,0.0865747923678608,1.56640625,1.7978515625,3466.625,177.3051747693789,8
ch2_cla_l1_20250801T213144772_20250801T213152772.fits,/home/saurabh/moon_project/data/CLASS/ch2_cla_l1_2025_08/cla/data/calibrated/2025/08/01/ch2_cla_l1_20250801T213144772_20250801T213152772.fits,2025-08-01T21:31:44.772,2025-08-01T21:31:52.772,2025-08-01T21:31:48.772,8.0,-47.5,13.5,89.2361,74.4528,-129.182,74.4492,-129.181,101.647,101.647,CLASS_add_scds.pro,2.1,27,1,"0,1,2,3,4,5,6,7,8,9,10,11,13,",74.9894,-130.751,73.849,-130.35,73.8989,-127.717,75.0431,-127.92,1.7305908203125,0.0741874227161856,1.630859375,1.8388671875,3544.25,151.93584172274822,8
ch2_cla_l1_20250801T213152772_20250801T213200772.fits,/home/saurabh/moon_project/data/CLASS/ch2_cla_l1_2025_08/cla/data/calibrated/2025/08/01/ch2_cla_l1_20250801T213152772_20250801T213200772.fits,2025-08-01T21:31:52.772,2025-08-01T21:32:00.772,2025-08-01T21:31:56.772,8.0,-47.5,13.5,89.3687,74.8638,-129.295,74.8601,-129.294,101.297,101.297,CLASS_add_scds.pro,2.1,28,1,"0,1,2,3,4,5,6,7,8,9,10,11,13,",75.3999,-130.913,74.2587,-130.49,74.3099,-127.786,75.4551,-128.0,1.72344970703125,0.1059128026711589,1.57177734375,1.884765625,3529.625,216.9094198705336,8
ch2_cla_l1_20250801T213200772_20250801T213208772.fits,/home/saurabh/moon_project/data/CLASS/ch2_cla_l1_2025_08/cla/data/calibrated/2025/08/01/ch2_cla_l1_20250801T213200772_20250801T213208772.fits,2025-08-01T21:32:00.772,2025-08-01T21:32:08.772,2025-08-01T21:32:04.772,8.0,-47.5,13.5,89.5018,75.2747,-129.413,75.2709,-129.412,100.947,100.947,CLASS_add_scds.pro,2.1,29,1,"0,1,2,3,4,5,6,7,8,9,10,11,13,",75.8102,-131.084,74.6682,-130.637,74.7208,-127.858,75.867,-128.084,1.717529296875,0.0496293086885282,1.64990234375,1.80224609375,3517.5,101.6408241941059,8
ch2_cla_l1_20250801T213208772_20250801T213216772.fits,/home/saurabh/moon_project/data/CLASS/ch2_cla_l1_2025_08/cla/data/calibrated/2025/08/01/ch2_cla_l1_20250801T213208772_20250801T213216772.fits,2025-08-01T21:32:08.772,2025-08-01T21:32:16.772,2025-08-01T21:32:12.772,8.0,-47.5,13.5,89.6354,75.6854,-129.538,75.6817,-129.537,100.597,100.597,CLASS_add_scds.pro,2.1,30,1,"0,1,2,3,4,5,6,7,8,9,10,11,13,",76.2203,-131.266,75.0776,-130.792,75.1317,-127.935,76.2789,-128.173,1.733642578125,0.0629750319156361,1.6318359375,1.82275390625,3550.5,128.9728653632228,8
ch2_cla_l1_20250801T213216772_20250801T213224772.fits,/home/saurabh/moon_project/data/CLASS/ch2_cla_l1_2025_08/cla/data/calibrated/2025/08/01/ch2_cla_l1_20250801T213216772_20250801T213224772.fits,2025-08-01T21:32:16.772,2025-08-01T21:32:24.772,2025-08-01T21:32:20.772,8.0,-47.5,13.5,89.7694,76.0961,-129.671,76.0922,-129.67,100.247,100.247,CLASS_add_scds.pro,2.1,31,1,"0,1,2,3,4,5,6,7,8,9,10,11,13,",76.6302,-131.458,75.4869,-130.956,75.5426,-128.015,76.6907,-128.268,1.7457275390625,0.0445027195450026,1.677734375,1.822265625,3575.25,91.14156962816536,8
ch2_cla_l1_20250801T213224772_20250801T213232772.fits,/home/saurabh/moon_project/data/CLASS/ch2_cla_l1_2025_08/cla/data/calibrated/2025/08/01/ch2_cla_l1_20250801T213224772_20250801T213232772.fits,2025-08-01T21:32:24.772,2025-08-01T21:32:32.772,2025-08-01T21:32:28.772,8.0,-47.5,13.5,89.904,76.5065,-129.811,76.5027,-129.81,99.8969,99.8969,CLASS_add_scds.pro,2.1,32,1,"0,1,2,3,4,5,6,7,8,9,10,11,13,",77.04,-131.661,75.8959,-131.128,75.9533,-128.1,77.1025,-128.368,1.74853515625,0.0744652347955078,1.6484375,1.853515625,3581.0,152.50480086120007,8
ch2_cla_l1_20250801T213232772_20250801T213240772.fits,/home/saurabh/moon_project/data/CLASS/ch2_cla_l1_2025_08/cla/data/calibrated/2025/08/01/ch2_cla_l1_20250801T213232772_20250801T213240772.fits,2025-08-01T21:32:32.772,2025-08-01T21:32:40.772,2025-08-01T21:32:36.772,8.0,-47.5,13.5,90.0389,76.9169,-129.959,76.9131,-129.958,99.5466,99.5466,CLASS_add_scds.pro,2.1,33,1,"0,1,2,3,4,5,6,7,8,9,10,11,13,",77.4495,-131.878,76.3048,-131.311,76.364,-128.19,77.5141,-128.474,1.73114013671875,0.0359314125544397,1.67041015625,1.77734375,3545.375,73.58753291149256,8
ch2_cla_l1_20250801T213240772_20250801T213248772.fits,/home/saurabh/moon_project/data/CLASS/ch2_cla_l1_2025_08/cla/data/calibrated/2025/08/01/ch2_cla_l1_20250801T213240772_20250801T213248772.fits,2025-08-01T21:32:40.772,2025-08-01T21:32:48.772,2025-08-01T21:32:44.772,8.0,-47.6,13.5,90.1743,77.3271,-130.117,77.3233,-130.116,99.1963,99.1963,CLASS_add_scds.pro,2.1,34,1,"0,1,2,3,4,5,6,7,8,9,10,11,13,",77.8587,-132.11,76.7135,-131.505,76.7746,-128.285,77.9255,-128.587,1.75384521484375,0.0682334206633646,1.6484375,1.83642578125,3591.875,139.7420455185707,8
ch2_cla_l1_20250801T213248772_20250801T213256772.fits,/home/saurabh/moon_project/data/CLASS/ch2_cla_l1_2025_08/cla/data/calibrated/2025/08/01/ch2_cla_l1_20250801T213248772_20250801T213256772.fits,2025-08-01T21:32:48.772,2025-08-01T21:32:56.772,2025-08-01T21:32:52.772,8.0,-47.8,13.5,90.3101,77.7371,-130.286,77.7333,-130.284,98.8458,98.8458,CLASS_add_scds.pro,2.1,35,1,"0,1,2,3,4,5,6,7,8,9,10,11,12,13,14,",78.2677,-132.357,77.1219,-131.711,77.185,-128.386,78.3369,-128.708,1.75054931640625,0.035943259494413,1.6875,1.794921875,3585.125,73.61179544455786,8
ch2_cla_l1_20250801T213256772_20250801T213304772.fits,/home/saurabh/moon_project/data/CLASS/ch2_cla_l1_2025_08/cla/data/calibrated/2025/08/01/ch2_cla_l1_20250801T213256772_20250801T213304772.fits,2025-08-01T21:32:56.772,2025-08-01T21:33:04.772,2025-08-01T21:33:00.772,8.0,-47.9,13.5,90.4464,78.147,-130.465,78.1432,-130.463,98.4953,98.4953,CLASS_add_scds.pro,2.1,36,1,"0,1,2,3,4,5,6,7,8,9,10,11,12,13,14,15,",78.6764,-132.621,77.5302,-131.93,77.5954,-128.493,78.7482,-128.838,1.7757568359375,0.0464140617837868,1.703125,1.8408203125,3636.75,95.05599853319546,8
ch2_cla_l1_20250801T213304772_20250801T213312772.fits,/home/saurabh/moon_project/data/CLASS/ch2_cla_l1_2025_08/cla/data/calibrated/2025/08/01/ch2_cla_l1_20250801T213304772_20250801T213312772.fits,2025-08-01T21:33:04.772,2025-08-01T21:33:12.772,2025-08-01T21:33:08.772,8.0,-47.9,13.5,90.5831,78.5566,-130.657,78.5528,-130.655,98.1446,98.1446,CLASS_add_scds.pro,2.1,37,1,"0,1,2,3,4,5,6,7,8,9,10,11,12,13,14,15,",79.0848,-132.906,77.9381,-132.164,78.0056,-128.607,79.1594,-128.977,1.735595703125,0.0580711675653807,1.6357421875,1.81396484375,3554.5,118.92975117389976,8
ch2_cla_l1_20250801T213312772_20250801T213320772.fits,/home/saurabh/moon_project/data/CLASS/ch2_cla_l1_2025_08/cla/data/calibrated/2025/08/01/ch2_cla_l1_20250801T213312772_20250801T213320772.fits,2025-08-01T21:33:12.772,2025-08-01T21:33:20.772,2025-08-01T21:33:16.772,8.0,-47.9,13.5,90.7202,78.9661,-130.863,78.9623,-130.861,97.794,97.794,CLASS_add_scds.pro,2.1,38,1,"0,1,2,3,4,5,6,7,8,9,10,11,12,13,14,15,",79.4928,-133.212,78.3458,-132.414,78.4157,-128.729,79.5704,-129.126,1.7978515625,0.0632475694375684,1.71435546875,1.90283203125,3682.0,129.53102220814023,8
ch2_cla_l1_20250801T213320772_20250801T213328772.fits,/home/saurabh/moon_project/data/CLASS/ch2_cla_l1_2025_08/cla/data/calibrated/2025/08/01/ch2_cla_l1_20250801T213320772_20250801T213328772.fits,2025-08-01T21:33:20.772,2025-08-01T21:33:28.772,2025-08-01T21:33:24.772,8.0,-47.9,13.5,90.8577,79.3754,-131.085,79.3716,-131.082,97.4433,97.4433,CLASS_add_scds.pro,2.1,39,1,"0,1,2,3,4,5,6,7,8,9,10,11,12,13,14,15,",79.9005,-133.542,78.7532,-132.682,78.8258,-128.859,79.9813,-129.287,1.74322509765625,0.0636327477876072,1.66064453125,1.8369140625,3570.125,130.3198674690197,8
ch2_cla_l1_20250801T213328772_20250801T213336772.fits,/home/saurabh/moon_project/data/CLASS/ch2_cla_l1_2025_08/cla/data/calibrated/2025/08/01/ch2_cla_l1_20250801T213328772_20250801T213336772.fits,2025-08-01T21:33:28.772,2025-08-01T21:33:36.772,2025-08-01T21:33:32.772,8.0,-47.9,13.5,90.9956,79.7844,-131.324,79.7806,-131.321,97.0925,97.0925,CLASS_add_scds.pro,2.1,40,1,"0,1,2,3,4,5,6,7,8,9,10,11,12,13,14,15,",80.3077,-133.9,79.1603,-132.969,79.2357,-128.999,80.3921,-129.462,1.7989501953125,0.0804116351936952,1.69482421875,1.91845703125,3684.25,164.68302887668784,8
ch2_cla_l1_20250801T213336772_20250801T213344772.fits,/home/saurabh/moon_project/data/CLASS/ch2_cla_l1_2025_08/cla/data/calibrated/2025/08/01/ch2_cla_l1_20250801T213336772_20250801T213344772.fits,2025-08-01T21:33:36.772,2025-08-01T21:33:44.772,2025-08-01T21:33:40.772,8.0,-47.9,13.5,91.134,80.1932,-131.582,80.1894,-131.579,96.7417,96.7417,CLASS_add_scds.pro,2.1,41,1,"0,1,2,3,4,5,6,7,8,9,10,11,12,13,14,15,",80.7144,-134.288,79.567,-133.279,79.6454,-129.15,80.8026,-129.652,1.746826171875,0.0745936511981567,1.64306640625,1.85693359375,3577.5,152.76779765382494,8
ch2_cla_l1_20250801T213344772_20250801T213352772.fits,/home/saurabh/moon_project/data/CLASS/ch2_cla_l1_2025_08/cla/data/calibrated/2025/08/01/ch2_cla_l1_20250801T213344772_20250801T213352772.fits,2025-08-01T21:33:44.772,2025-08-01T21:33:52.772,2025-08-01T21:33:48.772,8.0,-47.9,13.5,91.2726,80.6018,-131.863,80.5979,-131.86,96.3908,96.3908,CLASS_add_scds.pro,2.1,42,1,"0,1,2,3,4,5,6,7,8,9,10,11,12,13,14,15,",81.1207,-134.713,79.9733,-133.613,80.055,-129.313,81.2131,-129.859,1.82110595703125,0.0743402332960124,1.72900390625,1.93603515625,3729.625,152.24879779023357,8
ch2_cla_l1_20250801T213352772_20250801T213400772.fits,/home/saurabh/moon_project/data/CLASS/ch2_cla_l1_2025_08/cla/data/calibrated/2025/08/01/ch2_cla_l1_20250801T213352772_20250801T213400772.fits,2025-08-01T21:33:52.772,2025-08-01T21:34:00.772,2025-08-01T21:33:56.772,8.0,-48.0,13.5,91.4117,81.01,-132.169,81.0062,-132.165,96.0399,96.0399,CLASS_add_scds.pro,2.1,43,1,"0,1,2,3,4,5,6,7,8,9,10,11,12,13,14,15,",81.5264,-135.177,80.3792,-133.975,80.4645,-129.49,81.6234,-130.086,1.75103759765625,0.0581323897883781,1.6650390625,1.833984375,3586.125,119.05513428659847,8
ch2_cla_l1_20250801T213400772_20250801T213408772.fits,/home/saurabh/moon_project/data/CLASS/ch2_cla_l1_2025_08/cla/data/calibrated/2025/08/01/ch2_cla_l1_20250801T213400772_20250801T213408772.fits,2025-08-01T21:34:00.772,2025-08-01T21:34:08.772,2025-08-01T21:34:04.772,8.0,-48.0,13.5,91.5512,81.4179,-132.503,81.4141,-132.5,95.689,95.689,CLASS_add_scds.pro,2.1,44,1,"0,1,2,3,4,5,6,7,8,9,10,11,12,13,14,15,",81.9314,-135.688,80.7847,-134.369,80.8738,-129.682,82.0334,-130.337,1.80841064453125,0.0448846603633532,1.74609375,1.8916015625,3703.625,91.9237844241475,8
ch2_cla_l1_20250801T213408772_20250801T213416772.fits,/home/saurabh/moon_project/data/CLASS/ch2_cla_l1_2025_08/cla/data/calibrated/2025/08/01/ch2_cla_l1_20250801T213408772_20250801T213416772.fits,2025-08-01T21:34:08.772,2025-08-01T21:34:16.772,2025-08-01T21:34:12.772,8.0,-47.9,13.5,91.691,81.8254,-132.87,81.8215,-132.867,95.338,95.338,CLASS_add_scds.pro,2.1,45,1,"0,1,2,3,4,5,6,7,8,9,10,11,12,13,14,15,",82.3357,-136.252,81.1896,-134.799,81.283,-129.891,82.4433,-130.613,1.774169921875,0.05137670823467,1.6923828125,1.84326171875,3633.5,105.21949846460426,8
ch2_cla_l1_20250801T213416772_20250801T213424772.fits,/home/saurabh/moon_project/data/CLASS/ch2_cla_l1_2025_08/cla/data/calibrated/2025/08/01/ch2_cla_l1_20250801T213416772_20250801T213424772.fits,2025-08-01T21:34:16.772,2025-08-01T21:34:24.772,2025-08-01T21:34:20.772,8.0,-48.0,13.5,91.8312,82.2325,-133.276,82.2286,-133.272,94.9871,94.9871,CLASS_add_scds.pro,2.1,46,1,"0,1,2,3,4,5,6,7,8,9,10,11,12,13,14,15,",82.739,-136.879,81.5939,-135.27,81.692,-130.12,82.8528,-130.921,1.83465576171875,0.0453632071016586,1.7744140625,1.90673828125,3757.375,92.90384814419691,8
ch2_cla_l1_20250801T213424772_20250801T213432772.fits,/home/saurabh/moon_project/data/CLASS/ch2_cla_l1_2025_08/cla/data/calibrated/2025/08/01/ch2_cla_l1_20250801T213424772_20250801T213432772.fits,2025-08-01T21:34:24.772,2025-08-01T21:34:32.772,2025-08-01T21:34:28.772,8.0,-48.0,13.5,91.9718,82.6391,-133.725,82.6352,-133.721,94.6361,94.6361,CLASS_add_scds.pro,2.1,47,1,"0,1,2,3,4,5,6,7,8,9,10,11,12,13,14,15,",83.1414,-137.578,81.9974,-135.788,82.1006,-130.374,83.2622,-131.265,1.77587890625,0.0516101963348586,1.71240234375,1.87060546875,3637.0,105.69768209379048,8
ch2_cla_l1_20250801T213432772_20250801T213440772.fits,/home/saurabh/moon_project/data/CLASS/ch2_cla_l1_2025_08/cla/data/calibrated/2025/08/01/ch2_cla_l1_20250801T213432772_20250801T213440772.fits,2025-08-01T21:34:32.772,2025-08-01T21:34:40.772,2025-08-01T21:34:36.772,8.0,-48.0,13.5,92.1127,83.0451,-134.227,83.0413,-134.222,94.2851,94.2851,CLASS_add_scds.pro,2.1,48,1,"0,1,2,3,4,5,6,7,8,9,10,11,12,13,14,15,",83.5425,-138.364,82.4004,-136.36,82.5093,-130.653,83.6711,-131.654,1.82464599609375,0.0362348845401455,1.77685546875,1.88037109375,3736.875,74.20904353821805,8
ch2_cla_l1_20250801T213440772_20250801T213448772.fits,/home/saurabh/moon_project/data/CLASS/ch2_cla_l1_2025_08/cla/data/calibrated/2025/08/01/ch2_cla_l1_20250801T213440772_20250801T213448772.fits,2025-08-01T21:34:40.772,2025-08-01T21:34:48.772,2025-08-01T21:34:44.772,8.0,-48.0,13.5,92.2539,83.4505,-134.79,83.4467,-134.785,93.9341,93.9341,CLASS_add_scds.pro,2.1,49,1,"0,1,2,3,4,5,6,7,8,9,10,11,12,13,14,15,",83.9423,-139.253,82.8023,-136.995,82.9175,-130.965,84.0797,-132.095,1.80914306640625,0.0697914984347898,1.72265625,1.91748046875,3705.125,142.9329887944497,8
ch2_cla_l1_20250801T213448772_20250801T213456772.fits,/home/saurabh/moon_project/data/CLASS/ch2_cla_l1_2025_08/cla/data/calibrated/2025/08/01/ch2_cla_l1_20250801T213448772_20250801T213456772.fits,2025-08-01T21:34:48.772,2025-08-01T21:34:56.772,2025-08-01T21:34:52.772,8.0,-48.0,13.5,92.3955,83.8551,-135.427,83.8512,-135.421,93.5831,93.5831,CLASS_add_scds.pro,2.1,50,1,"0,1,2,3,4,5,6,7,8,9,10,11,12,13,14,15,",84.3403,-140.267,83.2032,-137.706,83.3255,-131.314,84.4879,-132.601,1.7001953125,0.0456424520002532,1.62060546875,1.7607421875,3482.0,93.47574169651872,8
ch2_cla_l1_20250801T213456772_20250801T213504772.fits,/home/saurabh/moon_project/data/CLASS/ch2_cla_l1_2025_08/cla/data/calibrated/2025/08/01/ch2_cla_l1_20250801T213456772_20250801T213504772.fits,2025-08-01T21:34:56.772,2025-08-01T21:35:04.772,2025-08-01T21:35:00.772,8.0,-48.1,13.5,92.5375,84.2588,-136.153,84.2549,-136.145,93.2321,93.2321,CLASS_add_scds.pro,2.1,51,1,"0,1,2,3,4,5,6,7,8,9,10,11,12,13,14,15,",84.7362,-141.433,83.6029,-138.504,83.7332,-131.708,84.8955,-133.187,1.69354248046875,0.0687230924489377,1.580078125,1.7978515625,3468.375,140.74489333542442,8
ch2_cla_l1_20250801T213504772_20250801T213512772.fits,/home/saurabh/moon_project/data/CLASS/ch2_cla_l1_2025_08/cla/data/calibrated/2025/08/01/ch2_cla_l1_20250801T213504772_20250801T213512772.fits,2025-08-01T21:35:04.772,2025-08-01T21:35:12.772,2025-08-01T21:35:08.772,8.0,-48.2,13.5,92.6797,84.6614,-136.988,84.6576,-136.979,92.8811,92.8811,CLASS_add_scds.pro,2.1,52,1,"0,1,2,3,4,5,6,7,8,9,10,11,12,13,14,15,",85.1295,-142.788,84.0011,-139.409,84.1405,-132.156,85.3023,-133.874,1.7030029296875,0.0580504891169489,1.61181640625,1.7822265625,3487.75,118.88740171151142,8
ch2_cla_l1_20250801T213512772_20250801T213520772.fits,/home/saurabh/moon_project/data/CLASS/ch2_cla_l1_2025_08/cla/data/calibrated/2025/08/01/ch2_cla_l1_20250801T213512772_20250801T213520772.fits,2025-08-01T21:35:12.772,2025-08-01T21:35:20.772,2025-08-01T21:35:16.772,8.0,-48.2,13.5,92.8223,85.0626,-137.958,85.0589,-137.948,92.5301,92.5301,CLASS_add_scds.pro,2.1,53,1,"0,1,2,3,4,5,6,7,8,9,10,11,12,13,14,15,",85.5196,-144.379,84.3975,-140.441,84.5471,-132.671,85.7083,-134.69,1.7003173828125,0.0907335467535489,1.56689453125,1.82080078125,3482.25,185.82230375126815,8
ch2_cla_l1_20250801T213520772_20250801T213528772.fits,/home/saurabh/moon_project/data/CLASS/ch2_cla_l1_2025_08/cla/data/calibrated/2025/08/01/ch2_cla_l1_20250801T213520772_20250801T213528772.fits,2025-08-01T21:35:20.772,2025-08-01T21:35:28.772,2025-08-01T21:35:24.772,8.0,-48.2,13.5,92.9652,85.4621,-139.098,85.4583,-139.086,92.1792,92.1792,CLASS_add_scds.pro,2.1,54,1,"0,1,2,3,4,5,6,7,8,9,10,11,12,13,14,15,",85.9056,-146.27,84.7918,-141.629,84.9534,-133.267,86.1133,-135.675,1.693359375,0.0714022042790962,1.60498046875,1.798828125,3468.0,146.23171436358902,8
ch2_cla_l1_20250801T213528772_20250801T213536772.fits,/home/saurabh/moon_project/data/CLASS/ch2_cla_l1_2025_08/cla/data/calibrated/2025/08/01/ch2_cla_l1_20250801T213528772_20250801T213536772.fits,2025-08-01T21:35:28.772,2025-08-01T21:35:36.772,2025-08-01T21:35:32.772,8.0,-48.2,13.5,93.1085,85.8594,-140.457,85.8557,-140.443,91.8283,91.8283,CLASS_add_scds.pro,2.1,55,1,"0,1,2,3,4,5,6,7,8,9,10,11,12,13,14,15,",86.2862,-148.553,85.1836,-143.01,85.3589,-133.966,86.5169,-136.889,1.7215576171875,0.0841038256827873,1.57666015625,1.85546875,3525.75,172.24463499834846,8
ch2_cla_l1_20250801T213536772_20250801T213544772.fits,/home/saurabh/moon_project/data/CLASS/ch2_cla_l1_2025_08/cla/data/calibrated/2025/08/01/ch2_cla_l1_20250801T213536772_20250801T213544772.fits,2025-08-01T21:35:36.772,2025-08-01T21:35:44.772,2025-08-01T21:35:40.772,8.0,-48.2,13.5,93.252,86.2539,-142.102,86.2502,-142.085,91.4774,91.4774,CLASS_add_scds.pro,2.1,56,1,"0,1,2,3,4,5,6,7,8,9,10,11,12,13,14,15,",86.6593,-151.346,85.5719,-144.634,85.7637,-134.799,86.9181,-138.417,1.712890625,0.0756541111209836,1.623046875,1.83642578125,3508.0,154.93961957577446,8
ch2_cla_l1_20250801T213544772_20250801T213552772.fits,/home/saurabh/moon_project/data/CLASS/ch2_cla_l1_2025_08/cla/data/calibrated/2025/08/01/ch2_cla_l1_20250801T213544772_20250801T213552772.fits,2025-08-01T21:35:44.772,2025-08-01T21:35:52.772,2025-08-01T21:35:48.772,8.0,-48.2,13.5,93.3958,86.6445,-144.131,86.6406,-144.109,91.1265,91.1265,CLASS_add_scds.pro,2.1,57,1,"0,1,2,3,4,5,6,7,8,9,10,11,12,13,14,15,",87.0226,-154.833,85.9558,-146.567,86.1669,-135.806,87.3167,-140.4,1.73773193359375,0.0915328521938073,1.59228515625,1.8583984375,3558.875,187.45928129291744,8
ch2_cla_l1_20250801T213552772_20250801T213600772.fits,/home/saurabh/moon_project/data/CLASS/ch2_cla_l1_2025_08/cla/data/calibrated/2025/08/01/ch2_cla_l1_20250801T213552772_20250801T213600772.fits,2025-08-01T21:35:52.772,2025-08-01T21:36:00.772,2025-08-01T21:35:56.772,8.0,-48.2,13.5,93.54,87.0297,-146.689,87.0259,-146.66,90.7757,90.7757,CLASS_add_scds.pro,2.1,58,1,"0,1,2,3,4,5,6,7,8,9,10,11,12,13,14,15,",87.3718,-159.261,86.3343,-148.901,86.569,-137.048,87.7108,-143.066,1.70147705078125,0.0459836499288618,1.63427734375,1.779296875,3484.625,94.17451505430908,8
ch2_cla_l1_20250801T213600772_20250801T213608772.fits,/home/saurabh/moon_project/data/CLASS/ch2_cla_l1_2025_08/cla/data/calibrated/2025/08/01/ch2_cla_l1_20250801T213600772_20250801T213608772.fits,2025-08-01T21:36:00.772,2025-08-01T21:36:08.772,2025-08-01T21:36:04.772,8.0,-48.2,13.5,93.6844,87.4072,-149.998,87.4036,-149.96,90.425,90.425,CLASS_add_scds.pro,2.1,59,1,"0,1,2,3,4,5,6,7,8,9,10,11,12,13,14,15,",87.7007,-165.001,86.7052,-151.764,86.9688,-138.616,88.0981,-146.827,1.7479248046875,0.0805106891010548,1.611328125,1.84326171875,3579.75,164.88589127896037,8
ch2_cla_l1_20250801T213608772_20250801T213616772.fits,/home/saurabh/moon_project/data/CLASS/ch2_cla_l1_2025_08/cla/data/calibrated/2025/08/01/ch2_cla_l1_20250801T213608772_20250801T213616772.fits,2025-08-01T21:36:08.772,2025-08-01T21:36:16.772,2025-08-01T21:36:12.772,8.0,-48.2,13.5,93.829,87.7732,-154.412,87.7696,-154.359,90.0743,90.0743,CLASS_add_scds.pro,2.1,60,1,"0,1,2,3,4,5,6,7,8,9,10,11,12,13,14,15,",87.999,-172.546,87.0658,-155.342,87.3658,-140.658,88.4729,-152.468,1.7254638671875,0.0417430495455682,1.662109375,1.7919921875,3533.75,85.48976546932387,8
ch2_cla_l1_20250801T213616772_20250801T213624772.fits,/home/saurabh/moon_project/data/CLASS/ch2_cla_l1_2025_08/cla/data/calibrated/2025/08/01/ch2_cla_l1_20250801T213616772_20250801T213624772.fits,2025-08-01T21:36:16.772,2025-08-01T21:36:24.772,2025-08-01T21:36:20.772,8.0,-48.3,13.5,93.974,88.1208,-160.505,88.1175,-160.433,89.7236,89.7236,CLASS_add_scds.pro,2.1,61,1,"0,1,2,3,4,5,6,7,8,9,10,11,12,13,14,15,",88.2512,177.514,87.4118,-159.897,87.7581,-143.418,88.8235,-161.609,1.76910400390625,0.0426676218314061,1.70166015625,1.8154296875,3623.125,87.38328951071988,8
ch2_cla_l1_20250801T213624772_20250801T213632772.fits,/home/saurabh/moon_project/data/CLASS/ch2_cla_l1_2025_08/cla/data/calibrated/2025/08/01/ch2_cla_l1_20250801T213624772_20250801T213632772.fits,2025-08-01T21:36:24.772,2025-08-01T21:36:32.772,2025-08-01T21:36:28.772,8.0,-48.3,13.5,94.1191,88.4378,-169.204,88.4349,-169.102,89.373,89.373,CLASS_add_scds.pro,2.1,62,1,"0,1,2,3,4,5,6,7,8,9,10,11,12,13,14,15,",88.4347,164.771,87.7365,-165.804,88.1431,-147.334,89.1206,-177.615,1.71649169921875,0.0358089231969854,1.65087890625,1.76318359375,3515.375,73.33667470742627,8
ch2_cla_l1_20250801T213632772_20250801T213640772.fits,/home/saurabh/moon_project/data/CLASS/ch2_cla_l1_2025_08/cla/data/calibrated/2025/08/01/ch2_cla_l1_20250801T213632772_20250801T213640772.fits,2025-08-01T21:36:32.772,2025-08-01T21:36:40.772,2025-08-01T21:36:36.772,8.0,-48.3,13.5,94.2646,88.7017,178.153,88.6996,178.3,89.0225,89.0225,CLASS_add_scds.pro,2.1,63,1,"0,1,2,3,4,5,6,7,8,9,10,11,12,13,14,15,",89.2933,155.081,88.0293,-173.57,88.5148,-153.245,88.8603,-162.896,1.7841796875,0.0343556138897384,1.732421875,1.8388671875,3654.0,70.36029724618443,8
ch2_cla_l1_20250801T213640772_20250801T213648772.fits,/home/saurabh/moon_project/data/CLASS/ch2_cla_l1_2025_08/cla/data/calibrated/2025/08/01/ch2_cla_l1_20250801T213640772_20250801T213648772.fits,2025-08-01T21:36:40.772,2025-08-01T21:36:48.772,2025-08-01T21:36:44.772,8.0,-48.3,13.5,94.4102,88.8746,160.47,88.8736,160.669,88.672,88.672,CLASS_add_scds.pro,2.1,64,1,"0,1,2,3,4,5,6,7,8,9,10,11,12,13,14,15,",89.2933,155.081,88.5019,133.786,88.4479,163.232,88.8603,-162.896,1.732421875,0.0335064028088997,1.6806640625,1.77783203125,3548.0,68.62111295262663,8
ch2_cla_l1_20250801T213648772_20250801T213656772.fits,/home/saurabh/moon_project/data/CLASS/ch2_cla_l1_2025_08/cla/data/calibrated/2025/08/01/ch2_cla_l1_20250801T213648772_20250801T213656772.fits,2025-08-01T21:36:48.772,2025-08-01T21:36:56.772,2025-08-01T21:36:52.772,8.0,-48.3,13.5,94.5561,88.9122,139.219,88.9126,139.433,88.3216,88.3216,CLASS_add_scds.pro,2.1,65,1,"0,1,2,3,4,5,6,7,8,9,10,11,12,13,14,15,",89.0193,99.6965,88.5019,133.786,88.4479,163.232,89.3011,151.654,1.772705078125,0.0578072210427685,1.6845703125,1.8525390625,3630.5,118.38918869558994,8
ch2_cla_l1_20250801T213656772_20250801T213704772.fits,/home/saurabh/moon_project/data/CLASS/ch2_cla_l1_2025_08/cla/data/calibrated/2025/08/01/ch2_cla_l1_20250801T213656772_20250801T213704772.fits,2025-08-01T21:36:56.772,2025-08-01T21:37:04.772,2025-08-01T21:37:00.772,8.0,-48.3,13.5,94.7021,88.8019,119.318,88.8036,119.493,87.9713,87.9713,CLASS_add_scds.pro,2.1,66,1,"0,1,2,3,4,5,6,7,8,9,10,11,12,13,14,15,",89.0193,99.6965,88.1601,107.815,88.4922,132.255,89.3011,151.654,1.73638916015625,0.0400147580271885,1.67236328125,1.796875,3556.125,81.9502244396822,8
ch2_cla_l1_20250801T213704772_20250801T213712772.fits,/home/saurabh/moon_project/data/CLASS/ch2_cla_l1_2025_08/cla/data/calibrated/2025/08/01/ch2_cla_l1_20250801T213704772_20250801T213712772.fits,2025-08-01T21:37:04.772,2025-08-01T21:37:12.772,2025-08-01T21:37:08.772,8.0,-48.4,13.5,94.8484,88.5776,104.232,88.5802,104.357,87.6211,87.6211,CLASS_add_scds.pro,2.1,67,1,"0,1,2,3,4,5,6,7,8,9,10,11,12,13,14,15,",88.6971,86.8028,88.3358,79.2472,87.8882,98.8822,89.2349,119.612,1.791748046875,0.0592325897666526,1.69140625,1.87939453125,3669.5,121.30834384210463,8
ch2_cla_l1_20250801T213712772_20250801T213720772.fits,/home/saurabh/moon_project/data/CLASS/ch2_cla_l1_2025_08/cla/data/calibrated/2025/08/01/ch2_cla_l1_20250801T213712772_20250801T213720772.fits,2025-08-01T21:37:12.772,2025-08-01T21:37:20.772,2025-08-01T21:37:16.772,8.0,-48.3,13.5,94.9949,88.2835,93.7651,88.2866,93.8508,87.2709,87.2709,CLASS_add_scds.pro,2.1,68,1,"0,1,2,3,4,5,6,7,8,9,10,11,12,13,14,15,",88.9917,98.0394,87.956,74.4387,87.577,92.1105,88.3546,118.211,1.7423095703125,0.0878951782984736,1.60546875,1.8447265625,3568.25,180.00932515527396,8
ch2_cla_l1_20250801T213720772_20250801T213728772.fits,/home/saurabh/moon_project/data/CLASS/ch2_cla_l1_2025_08/cla/data/calibrated/2025/08/01/ch2_cla_l1_20250801T213720772_20250801T213728772.fits,2025-08-01T21:37:20.772,2025-08-01T21:37:28.772,2025-08-01T21:37:24.772,8.0,-48.3,13.5,95.1415,87.9495,86.5253,87.9529,86.5861,86.9209,86.9209,CLASS_add_scds.pro,2.1,69,1,"0,1,2,3,4,5,6,7,8,9,10,11,12,13,14,15,",88.6651,85.8751,87.5665,71.1496,87.24,86.9328,88.1357,106.893,1.77874755859375,0.0742946322886093,1.68798828125,1.8935546875,3642.875,152.15540692707197,8
ch2_cla_l1_20250801T213728772_20250801T213736772.fits,/home/saurabh/moon_project/data/CLASS/ch2_cla_l1_2025_08/cla/data/calibrated/2025/08/01/ch2_cla_l1_20250801T213728772_20250801T213736772.fits,2025-08-01T21:37:28.772,2025-08-01T21:37:36.772,2025-08-01T21:37:32.772,8.0,-48.4,13.5,95.2884,87.5921,81.3707,87.5957,81.4137,86.5709,86.5709,CLASS_add_scds.pro,2.1,70,1,"0,1,2,3,4,5,6,7,8,9,10,11,12,13,14,15,",88.3025,78.681,87.1713,68.773,86.8855,82.9071,87.8605,98.2115,1.77679443359375,0.1027744420216809,1.62548828125,1.9267578125,3638.875,210.48205726040263,8
ch2_cla_l1_20250801T213736772_20250801T213744772.fits,/home/saurabh/moon_project/data/CLASS/ch2_cla_l1_2025_08/cla/data/calibrated/2025/08/01/ch2_cla_l1_20250801T213736772_20250801T213744772.fits,2025-08-01T21:37:36.772,2025-08-01T21:37:44.772,2025-08-01T21:37:40.772,8.0,-48.4,13.5,95.4354,87.2205,77.57,87.2243,77.6022,86.2211,86.2211,CLASS_add_scds.pro,2.1,71,1,"0,1,2,3,4,5,6,7,8,9,10,11,12,13,14,15,",87.9228,74.0653,86.7725,66.9819,86.5189,79.7175,87.5477,91.6236,1.78521728515625,0.058279849692696,1.69482421875,1.8720703125,3656.125,119.35713217064156,8
ch2_cla_l1_20250801T213744772_20250801T213752772.fits,/home/saurabh/moon_project/data/CLASS/ch2_cla_l1_2025_08/cla/data/calibrated/2025/08/01/ch2_cla_l1_20250801T213744772_20250801T213752772.fits,2025-08-01T21:37:44.772,2025-08-01T21:37:52.772,2025-08-01T21:37:48.772,8.0,-48.4,13.5,95.5825,86.8396,74.6747,86.8434,74.699,85.8714,85.8714,CLASS_add_scds.pro,2.1,72,1,"0,1,2,3,4,5,6,7,8,9,10,11,12,13,14,15,",87.5339,70.8898,86.3714,65.5841,86.1437,77.1412,87.2101,86.5768,1.76641845703125,0.0750397610853477,1.66259765625,1.87939453125,3617.625,153.68143070279226,8
ch2_cla_l1_20250801T213752772_20250801T213800772.fits,/home/saurabh/moon_project/data/CLASS/ch2_cla_l1_2025_08/cla/data/calibrated/2025/08/01/ch2_cla_l1_20250801T213752772_20250801T213800772.fits,2025-08-01T21:37:52.772,2025-08-01T21:38:00.772,2025-08-01T21:37:56.772,8.0,-48.5,13.5,95.7298,86.4524,72.4062,86.4565,72.4268,85.5217,85.5217,CLASS_add_scds.pro,2.1,73,1,"0,1,2,3,4,5,6,7,8,9,10,11,12,13,14,15,",87.1397,68.583,85.9683,64.4645,85.7619,75.0242,86.8558,82.6426,1.7919921875,0.0446427481513736,1.732421875,1.8681640625,3670.0,91.42834821401324,8
ch2_cla_l1_20250801T213800772_20250801T213808772.fits,/home/saurabh/moon_project/data/CLASS/ch2_cla_l1_2025_08/cla/data/calibrated/2025/08/01/ch2_cla_l1_20250801T213800772_20250801T213808772.fits,2025-08-01T21:38:00.772,2025-08-01T21:38:08.772,2025-08-01T21:38:04.772,8.0,-48.5,13.5,95.8773,86.0608,70.5858,86.0648,70.6017,85.1722,85.1722,CLASS_add_scds.pro,2.1,74,1,"0,1,2,3,4,5,6,7,8,9,10,11,12,13,14,15,",86.7417,66.8359,85.5642,63.5487,85.3754,73.2596,86.4895,79.5149,1.80340576171875,0.0656048477786574,1.70068359375,1.9111328125,3693.375,134.35872825069035,8
ch2_cla_l1_20250801T213808772_20250801T213816772.fits,/home/saurabh/moon_project/data/CLASS/ch2_cla_l1_2025_08/cla/data/calibrated/2025/08/01/ch2_cla_l1_20250801T213808772_20250801T213816772.fits,2025-08-01T21:38:08.772,2025-08-01T21:38:16.772,2025-08-01T21:38:12.772,8.0,-48.5,13.5,96.0249,85.6661,69.0954,85.67,69.1086,84.8229,84.8229,CLASS_add_scds.pro,2.1,75,1,"0,1,2,3,4,5,6,7,8,9,10,11,12,13,14,15,",86.3415,65.4704,85.1591,62.7851,84.9853,71.7679,86.1148,76.9853,1.79949951171875,0.0395003170083485,1.7353515625,1.86083984375,3685.375,80.89664923309776,8
ch2_cla_l1_20250801T213816772_20250801T213824772.fits,/home/saurabh/moon_project/data/CLASS/ch2_cla_l1_2025_08/cla/data/calibrated/2025/08/01/ch2_cla_l1_20250801T213816772_20250801T213824772.fits,2025-08-01T21:38:16.772,2025-08-01T21:38:24.772,2025-08-01T21:38:20.772,8.0,-48.6,13.5,96.1726,85.269,67.8539,85.273,67.8655,84.4736,84.4736,CLASS_add_scds.pro,2.1,76,1,"0,1,2,3,4,5,6,7,8,9,10,11,12,13,14,15,",85.9398,64.3736,84.7536,62.1388,84.5925,70.4918,85.734,74.9033,1.809326171875,0.0681167969570833,1.703125,1.892578125,3705.5,139.50320016810676,8
ch2_cla_l1_20250801T213824772_20250801T213832772.fits,/home/saurabh/moon_project/data/CLASS/ch2_cla_l1_2025_08/cla/data/calibrated/2025/08/01/ch2_cla_l1_20250801T213824772_20250801T213832772.fits,2025-08-01T21:38:24.772,2025-08-01T21:38:32.772,2025-08-01T21:38:28.772,8.0,-48.6,13.5,96.3204,84.8701,66.8047,84.8741,66.8141,84.1245,84.1245,CLASS_add_scds.pro,2.1,77,1,"0,1,2,3,4,5,6,7,8,9,10,11,12,13,14,15,",85.537,63.4741,84.3475,61.5842,84.1974,69.3883,85.3487,73.1644,1.801025390625,0.0354274402121385,1.755859375,1.85595703125,3688.5,72.55539755445983,8
ch2_cla_l1_20250801T213832772_20250801T213840772.fits,/home/saurabh/moon_project/data/CLASS/ch2_cla_l1_2025_08/cla/data/calibrated/2025/08/01/ch2_cla_l1_20250801T213832772_20250801T213840772.fits,2025-08-01T21:38:32.772,2025-08-01T21:38:40.772,2025-08-01T21:38:36.772,8.0,-48.6,13.5,96.4684,84.4698,65.9068,84.474,65.9145,83.7755,83.7755,CLASS_add_scds.pro,2.1,78,1,"0,1,2,3,4,5,6,7,8,9,10,11,12,13,14,15,",85.1333,62.722,83.941,61.1036,83.8005,68.4256,84.9598,71.6915,1.84210205078125,0.0502139673348906,1.75048828125,1.90234375,3772.625,102.83820510185612,8
ch2_cla_l1_20250801T213840772_20250801T213848772.fits,/home/saurabh/moon_project/data/CLASS/ch2_cla_l1_2025_08/cla/data/calibrated/2025/08/01/ch2_cla_l1_20250801T213840772_20250801T213848772.fits,2025-08-01T21:38:40.772,2025-08-01T21:38:48.772,2025-08-01T21:38:44.772,8.0,-48.6,13.5,96.6164,84.0684,65.1298,84.0725,65.1365,83.4267,83.4267,CLASS_add_scds.pro,2.1,79,1,"0,1,2,3,4,5,6,7,8,9,10,11,12,13,14,15,",84.729,62.0848,83.5343,60.6836,83.4022,67.5793,84.5681,70.4302,1.79046630859375,0.0644882238691214,1.68701171875,1.88525390625,3666.875,132.07188248396076,8
ch2_cla_l1_20250801T213848772_20250801T213856772.fits,/home/saurabh/moon_project/data/CLASS/ch2_cla_l1_2025_08/cla/data/calibrated/2025/08/01/ch2_cla_l1_20250801T213848772_20250801T213856772.fits,2025-08-01T21:38:48.772,2025-08-01T21:38:56.772,2025-08-01T21:38:52.772,8.0,-48.6,13.5,96.7646,83.6662,64.451,83.6703,64.4573,83.078,83.078,CLASS_add_scds.pro,2.1,80,1,"0,1,2,3,4,5,6,7,8,9,10,11,12,13,14,15,",84.3242,61.5392,83.1271,60.3124,83.0025,66.8288,84.1742,69.3399,1.8482666015625,0.0665439492362588,1.77099609375,1.955078125,3785.25,136.28200803585818,8
ch2_cla_l1_20250801T213856772_20250801T213904772.fits,/home/saurabh/moon_project/data/CLASS/ch2_cla_l1_2025_08/cla/data/calibrated/2025/08/01/ch2_cla_l1_20250801T213856772_20250801T213904772.fits,2025-08-01T21:38:56.772,2025-08-01T21:39:04.772,2025-08-01T21:39:00.772,8.0,-48.6,13.5,96.9128,83.2632,63.853,83.2673,63.8587,82.7295,82.7295,CLASS_add_scds.pro,2.1,81,1,"0,1,2,3,4,5,6,7,8,9,10,11,12,13,14,15,",83.919,61.0646,82.72,59.9828,82.602,66.1598,83.7785,68.3865,1.8109130859375,0.0544338963438748,1.72265625,1.89013671875,3708.75,111.48061971225567,8
ch2_cla_l1_20250801T213904772_20250801T213912772.fits,/home/saurabh/moon_project/data/CLASS/ch2_cla_l1_2025_08/cla/data/calibrated/2025/08/01/ch2_cla_l1_20250801T213904772_20250801T213912772.fits,2025-08-01T21:39:04.772,2025-08-01T21:39:12.772,2025-08-01T21:39:08.772,8.0,-48.6,13.5,97.0611,82.8596,63.3222,82.8638,63.3273,82.3811,82.3811,CLASS_add_scds.pro,2.1,82,1,"0,1,2,3,4,5,6,7,8,9,10,11,12,13,14,15,",83.5136,60.6497,82.3126,59.6874,82.2006,65.5589,83.3815,67.5481,1.71270751953125,0.098790130980087,1.54150390625,1.84033203125,3507.625,202.32218824721835,8
ch2_cla_l1_20250801T213912772_20250801T213920772.fits,/home/saurabh/moon_project/data/CLASS/ch2_cla_l1_2025_08/cla/data/calibrated/2025/08/01/ch2_cla_l1_20250801T213912772_20250801T213920772.fits,2025-08-01T21:39:12.772,2025-08-01T21:39:20.772,2025-08-01T21:39:16.772,8.0,-48.7,13.5,97.2095,82.4556,62.8479,82.4597,62.8523,82.0329,82.0329,CLASS_add_scds.pro,2.1,83,1,"0,1,2,3,4,5,6,7,8,9,10,11,12,13,14,15,",83.1078,60.2826,81.9052,59.421,81.7985,65.0164,82.9831,66.8038,1.6759033203125,0.0767832384946021,1.5712890625,1.80078125,3432.25,157.25207243694527,8
ch2_cla_l1_20250801T213920772_20250801T213928772.fits,/home/saurabh/moon_project/data/CLASS/ch2_cla_l1_2025_08/cla/data/calibrated/2025/08/01/ch2_cla_l1_20250801T213920772_20250801T213928772.fits,2025-08-01T21:39:20.772,2025-08-01T21:39:28.772,2025-08-01T21:39:24.772,8.0,-48.7,13.5,97.358,82.0512,62.4215,82.0554,62.4255,81.6849,81.6849,CLASS_add_scds.pro,2.1,84,1,"0,1,2,3,4,5,6,7,8,9,10,11,12,13,14,15,",82.702,59.956,81.4976,59.1801,81.3958,64.5246,82.5839,66.1394,1.748046875,0.0778432944244479,1.6474609375,1.873046875,3580.0,159.42306698126933,8
ch2_cla_l1_20250801T213928772_20250801T213936772.fits,/home/saurabh/moon_project/data/CLASS/ch2_cla_l1_2025_08/cla/data/calibrated/2025/08/01/ch2_cla_l1_20250801T213928772_20250801T213936772.fits,2025-08-01T21:39:28.772,2025-08-01T21:39:36.772,2025-08-01T21:39:32.772,8.0,-48.7,13.5,97.5065,81.6465,62.0361,81.6507,62.0398,81.337,81.337,CLASS_add_scds.pro,2.1,85,1,"0,1,2,3,4,5,6,7,8,9,10,11,12,13,14,15,",82.296,59.6634,81.09,58.9611,80.9926,64.077,82.1838,65.5427,1.69622802734375,0.0754297737899436,1.607421875,1.81787109375,3473.875,154.48017672180467,8
ch2_cla_l1_20250801T213936772_20250801T213944772.fits,/home/saurabh/moon_project/data/CLASS/ch2_cla_l1_2025_08/cla/data/calibrated/2025/08/01/ch2_cla_l1_20250801T213936772_20250801T213944772.fits,2025-08-01T21:39:36.772,2025-08-01T21:39:44.772,2025-08-01T21:39:40.772,8.0,-48.7,13.5,97.6551,81.2414,61.686,81.2455,61.6894,80.9893,80.9893,CLASS_add_scds.pro,2.1,86,1,"0,1,2,3,4,5,6,7,8,9,10,11,12,13,14,15,",81.8899,59.3998,80.6823,58.7607,80.5889,63.6673,81.783,65.0041,1.74041748046875,0.0436435084607639,1.6796875,1.80712890625,3564.375,89.38190532764447,8
ch2_cla_l1_20250801T213944772_20250801T213952772.fits,/home/saurabh/moon_project/data/CLASS/ch2_cla_l1_2025_08/cla/data/calibrated/2025/08/01/ch2_cla_l1_20250801T213944772_20250801T213952772.fits,2025-08-01T21:39:44.772,2025-08-01T21:39:52.772,2025-08-01T21:39:48.772,8.0,-48.7,13.5,97.8036,80.8362,61.3666,80.8403,61.3698,80.6418,80.6418,CLASS_add_scds.pro,2.1,87,1,"0,1,2,3,4,5,6,7,8,9,10,11,12,13,14,15,",81.4836,59.1611,80.2746,58.5765,80.1849,63.2908,81.3816,64.5154,1.70220947265625,0.0533995880918296,1.62744140625,1.7783203125,3486.125,109.36235641206711,8
ch2_cla_l1_20250801T213952772_20250801T214000772.fits,/home/saurabh/moon_project/data/CLASS/ch2_cla_l1_2025_08/cla/data/calibrated/2025/08/01/ch2_cla_l1_20250801T213952772_20250801T214000772.fits,2025-08-01T21:39:52.772,2025-08-01T21:40:00.772,2025-08-01T21:39:56.772,8.0,-48.7,13.5,97.9523,80.4308,61.074,80.4349,61.0768,80.2945,80.2945,CLASS_add_scds.pro,2.1,88,1,"0,1,2,3,4,5,6,7,8,9,10,11,12,13,14,15,",81.0773,58.9434,79.8668,58.407,79.7806,62.944,80.9797,64.0697,1.75665283203125,0.0448990758058573,1.685546875,1.82666015625,3597.625,91.95330725039592,8
ch2_cla_l1_20250801T214000772_20250801T214008772.fits,/home/saurabh/moon_project/data/CLASS/ch2_cla_l1_2025_08/cla/data/calibrated/2025/08/01/ch2_cla_l1_20250801T214000772_20250801T214008772.fits,2025-08-01T21:40:00.772,2025-08-01T21:40:08.772,2025-08-01T21:40:04.772,8.0,-48.7,13.5,98.1009,80.0252,60.8049,80.0294,60.8076,79.9474,79.9474,CLASS_add_scds.pro,2.1,89,1,"0,1,2,3,4,5,6,7,8,9,10,11,12,13,14,15,",80.6709,58.7444,79.4592,58.2502,79.3761,62.6235,80.5774,63.6619,1.71905517578125,0.0787883119961439,1.62890625,1.8671875,3520.625,161.3584629681027,8
ch2_cla_l1_20250801T214008772_20250801T214016772.fits,/home/saurabh/moon_project/data/CLASS/ch2_cla_l1_2025_08/cla/data/calibrated/2025/08/01/ch2_cla_l1_20250801T214008772_20250801T214016772.fits,2025-08-01T21:40:08.772,2025-08-01T21:40:16.772,2025-08-01T21:40:12.772,8.0,-48.7,13.5,98.2496,79.6194,60.5565,79.6236,60.5587,79.6005,79.6005,CLASS_add_scds.pro,2.1,90,1,"0,1,2,3,4,5,6,7,8,9,10,11,12,13,14,15,",80.2647,58.5618,79.0514,58.1048,78.9712,62.3262,80.1748,63.2874,1.74908447265625,0.0360350593686693,1.69677734375,1.80908203125,3582.125,73.79980158703488,8
ch2_cla_l1_20250801T214016772_20250801T214024772.fits,/home/saurabh/moon_project/data/CLASS/ch2_cla_l1_2025_08/cla/data/calibrated/2025/08/01/ch2_cla_l1_20250801T214016772_20250801T214024772.fits,2025-08-01T21:40:16.772,2025-08-01T21:40:24.772,2025-08-01T21:40:20.772,8.0,-48.7,13.5,98.3982,79.2136,60.3266,79.2178,60.3288,79.2537,79.2537,CLASS_add_scds.pro,2.1,91,1,"0,1,2,3,4,5,6,7,8,9,10,11,12,13,14,15,",79.8583,58.3934,78.6437,57.9698,78.5662,62.05,79.7718,62.9421,1.7286376953125,0.0507971770073956,1.6669921875,1.822265625,3540.25,104.03261851114635,8
ch2_cla_l1_20250801T214024772_20250801T214032772.fits,/home/saurabh/moon_project/data/CLASS/ch2_cla_l1_2025_08/cla/data/calibrated/2025/08/01/ch2_cla_l1_20250801T214024772_20250801T214032772.fits,2025-08-01T21:40:24.772,2025-08-01T21:40:32.772,2025-08-01T21:40:28.772,8.0,-48.7,13.5,98.5469,78.8077,60.1131,78.8119,60.1153,78.9072,78.9072,CLASS_add_scds.pro,2.1,92,1,"0,1,2,3,4,5,6,7,8,9,10,11,12,13,14,15,",79.4519,58.238,78.2359,57.8437,78.1609,61.7925,79.3686,62.6231,1.7664794921875,0.0352797986417114,1.71435546875,1.8134765625,3617.75,72.2530276182251,8
ch2_cla_l1_20250801T214032772_20250801T214040772.fits,/home/saurabh/moon_project/data/CLASS/ch2_cla_l1_2025_08/cla/data/calibrated/2025/08/01/ch2_cla_l1_20250801T214032772_20250801T214040772.fits,2025-08-01T21:40:32.772,2025-08-01T21:40:40.772,2025-08-01T21:40:36.772,8.0,-48.7,13.5,98.6955,78.4017,59.9144,78.4059,59.9164,78.561,78.561,CLASS_add_scds.pro,2.1,93,1,"0,1,2,3,4,5,6,7,8,9,10,11,12,13,14,15,",79.0455,58.0935,77.8281,57.7256,77.7555,61.5516,78.9651,62.327,1.73486328125,0.0695184343752267,1.63720703125,1.86328125,3553.0,142.37375360046428,8
ch2_cla_l1_20250801T214040772_20250801T214048772.fits,/home/saurabh/moon_project/data/CLASS/ch2_cla_l1_2025_08/cla/data/calibrated/2025/08/01/ch2_cla_l1_20250801T214040772_20250801T214048772.fits,2025-08-01T21:40:40.772,2025-08-01T21:40:48.772,2025-08-01T21:40:44.772,8.0,-48.7,13.5,98.8442,77.9956,59.7288,77.9998,59.7307,78.2149,78.2149,CLASS_add_scds.pro,2.1,94,1,"0,1,2,3,4,5,6,7,8,9,10,11,12,13,14,15,",78.639,57.9589,77.4205,57.6153,77.3501,61.3263,78.5613,62.0513,1.75994873046875,0.0559405199531111,1.6767578125,1.8359375,3604.375,114.5661848639716,8
ch2_cla_l1_20250801T214048772_20250801T214056772.fits,/home/saurabh/moon_project/data/CLASS/ch2_cla_l1_2025_08/cla/data/calibrated/2025/08/01/ch2_cla_l1_20250801T214048772_20250801T214056772.fits,2025-08-01T21:40:48.772,2025-08-01T21:40:56.772,2025-08-01T21:40:52.772,8.0,-48.8,13.5,98.9928,77.5895,59.5552,77.5936,59.5569,77.869,77.869,CLASS_add_scds.pro,2.1,95,1,"0,1,2,3,4,5,6,7,8,9,10,11,12,13,14,15,",78.2327,57.8338,77.0127,57.5112,76.9444,61.1144,78.1575,61.7949,1.76910400390625,0.0702181895076819,1.658203125,1.8837890625,3623.125,143.80685211173255,8
ch2_cla_l1_20250801T214056772_20250801T214104772.fits,/home/saurabh/moon_project/data/CLASS/ch2_cla_l1_2025_08/cla/data/calibrated/2025/08/01/ch2_cla_l1_20250801T214056772_20250801T214104772.fits,2025-08-01T21:40:56.772,2025-08-01T21:41:04.772,2025-08-01T21:41:00.772,8.0,-48.8,13.5,99.1414,77.1834,59.3923,77.1876,59.3939,77.5234,77.5234,CLASS_add_scds.pro,2.1,96,1,"0,1,2,3,4,5,6,7,8,9,10,11,12,13,14,15,",77.8263,57.7162,76.6051,57.4134,76.5388,60.9155,77.7534,61.5545,1.7637939453125,0.0655761900537484,1.677734375,1.8740234375,3612.25,134.30003723007675,8
ch2_cla_l1_20250801T214104772_20250801T214112772.fits,/home/saurabh/moon_project/data/CLASS/ch2_cla_l1_2025_08/cla/data/calibrated/2025/08/01/ch2_cla_l1_20250801T214104772_20250801T214112772.fits,2025-08-01T21:41:04.772,2025-08-01T21:41:12.772,2025-08-01T21:41:08.772,8.0,-48.8,13.5,99.2899,76.7772,59.2392,76.7814,59.2407,77.1781,77.1781,CLASS_add_scds.pro,2.1,97,1,"0,1,2,3,4,5,6,7,8,9,10,11,12,13,14,15,",77.42,57.606,76.1976,57.3211,76.133,60.7278,77.3494,61.3294,1.77386474609375,0.0779624064453475,1.64208984375,1.8955078125,3632.875,159.66700840007172,8
ch2_cla_l1_20250801T214112772_20250801T214120772.fits,/home/saurabh/moon_project/data/CLASS/ch2_cla_l1_2025_08/cla/data/calibrated/2025/08/01/ch2_cla_l1_20250801T214112772_20250801T214120772.fits,2025-08-01T21:41:12.772,2025-08-01T21:41:20.772,2025-08-01T21:41:16.772,8.0,-48.8,13.5,99.4384,76.3711,59.0951,76.3754,59.0967,76.8329,76.8329,CLASS_add_scds.pro,2.1,98,1,"0,1,2,3,4,5,6,7,8,9,10,11,12,13,14,15,",77.0137,57.5028,75.7902,57.2341,75.7272,60.551,76.9451,61.1184,1.7701416015625,0.0816695354428612,1.6640625,1.89208984375,3625.25,167.25920858697992,8
ch2_cla_l1_20250801T214120772_20250801T214128772.fits,/home/saurabh/moon_project/data/CLASS/ch2_cla_l1_2025_08/cla/data/calibrated/2025/08/01/ch2_cla_l1_20250801T214120772_20250801T214128772.fits,2025-08-01T21:41:20.772,2025-08-01T21:41:28.772,2025-08-01T21:41:24.772,8.0,-48.9,13.5,99.5868,75.9649,58.9591,75.9692,58.9606,76.4881,76.4881,CLASS_add_scds.pro,2.1,99,1,"0,1,2,3,4,5,6,7,8,9,10,11,12,13,14,15,",76.6076,57.4059,75.3825,57.1513,75.3212,60.3833,76.5409,60.9203,1.80767822265625,0.0873715284723247,1.64990234375,1.92431640625,3702.125,178.93689031132098,8
ch2_cla_l1_20250801T214128772_20250801T214136772.fits,/home/saurabh/moon_project/data/CLASS/ch2_cla_l1_2025_08/cla/data/calibrated/2025/08/01/ch2_cla_l1_20250801T214128772_20250801T214136772.fits,2025-08-01T21:41:28.772,2025-08-01T21:41:36.772,2025-08-01T21:41:32.772,8.0,-48.8,13.5,99.7352,75.5587,58.8305,75.5629,58.8319,76.1434,76.1434,CLASS_add_scds.pro,2.1,100,1,"0,1,2,3,4,5,6,7,8,9,10,11,12,13,14,15,",76.2012,57.3138,74.975,57.073,74.9152,60.2248,76.1364,60.7328,1.75921630859375,0.0479286840229202,1.69384765625,1.84423828125,3602.875,98.1579448789406,8
ch2_cla_l1_20250801T214136772_20250801T214144772.fits,/home/saurabh/moon_project/data/CLASS/ch2_cla_l1_2025_08/cla/data/calibrated/2025/08/01/ch2_cla_l1_20250801T214136772_20250801T214144772.fits,2025-08-01T21:41:36.772,2025-08-01T21:41:44.772,2025-08-01T21:41:40.772,8.0,-48.8,13.5,99.8835,75.1525,58.7088,75.1567,58.7101,75.7991,75.7991,CLASS_add_scds.pro,2.1,101,1,"0,1,2,3,4,5,6,7,8,9,10,11,12,13,14,15,",75.795,57.2269,74.5676,56.9986,74.5092,60.0744,75.7318,60.5561,1.800048828125,0.0727424356519636,1.67724609375,1.91015625,3686.5,148.97650821522163,8
ch2_cla_l1_20250801T214144772_20250801T214152772.fits,/home/saurabh/moon_project/data/CLASS/ch2_cla_l1_2025_08/cla/data/calibrated/2025/08/01/ch2_cla_l1_20250801T214144772_20250801T214152772.fits,2025-08-01T21:41:44.772,2025-08-01T21:41:52.772,2025-08-01T21:41:48.772,8.0,-48.9,13.5,100.032,74.7463,58.5934,74.7505,58.5946,75.455,75.455,CLASS_add_scds.pro,2.1,102,1,"0,1,2,3,4,5,6,7,8,9,10,11,12,13,14,15,",75.3888,57.1448,74.1602,56.9278,74.1032,59.9315,75.3273,60.389,1.78021240234375,0.0438012562440353,1.7236328125,1.859375,3645.875,89.70497278778441,8
ch2_cla_l1_20250801T214152772_20250801T214200772.fits,/home/saurabh/moon_project/data/CLASS/ch2_cla_l1_2025_08/cla/data/calibrated/2025/08/01/ch2_cla_l1_20250801T214152772_20250801T214200772.fits,2025-08-01T21:41:52.772,2025-08-01T21:42:00.772,2025-08-01T21:41:56.772,8.0,-48.9,13.5,100.18,74.3401,58.4838,74.3444,58.485,75.1111,75.1111,CLASS_add_scds.pro,2.1,103,1,"0,1,2,3,4,5,6,7,8,9,10,11,12,13,14,15,",74.9827,57.0667,73.7527,56.8601,73.6971,59.7955,74.9227,60.2306,1.83624267578125,0.0736493229830933,1.69970703125,1.9345703125,3760.625,150.83381346937526,8
ch2_cla_l1_20250801T214200772_20250801T214208772.fits,/home/saurabh/moon_project/data/CLASS/ch2_cla_l1_2025_08/cla/data/calibrated/2025/08/01/ch2_cla_l1_20250801T214200772_20250801T214208772.fits,2025-08-01T21:42:00.772,2025-08-01T21:42:08.772,2025-08-01T21:42:04.772,8.0,-48.9,13.5,100.328,73.9339,58.3795,73.9382,58.3806,74.7676,74.7676,CLASS_add_scds.pro,2.1,104,1,"0,1,2,3,4,5,6,7,8,9,10,11,12,13,14,15,",74.5765,56.9924,73.3454,56.7957,73.291,59.666,74.518,60.0802,1.77203369140625,0.0391404056243796,1.72216796875,1.84521484375,3629.125,80.15955071872953,8
ch2_cla_l1_20250801T214208772_20250801T214216772.fits,/home/saurabh/moon_project/data/CLASS/ch2_cla_l1_2025_08/cla/data/calibrated/2025/08/01/ch2_cla_l1_20250801T214208772_20250801T214216772.fits,2025-08-01T21:42:08.772,2025-08-01T21:42:16.772,2025-08-01T21:42:12.772,8.0,-48.9,13.5,100.476,73.5278,58.2802,73.532,58.2812,74.4243,74.4243,CLASS_add_scds.pro,2.1,105,1,"0,1,2,3,4,5,6,7,8,9,10,11,12,13,14,15,",74.1704,56.9218,72.9381,56.7342,72.8849,59.5425,74.1133,59.9374,1.839599609375,0.0347871325050729,1.783203125,1.88818359375,3767.5,71.24404737038938,8
ch2_cla_l1_20250801T214216772_20250801T214224772.fits,/home/saurabh/moon_project/data/CLASS/ch2_cla_l1_2025_08/cla/data/calibrated/2025/08/01/ch2_cla_l1_20250801T214216772_20250801T214224772.fits,2025-08-01T21:42:16.772,2025-08-01T21:42:24.772,2025-08-01T21:42:20.772,8.0,-48.9,13.5,100.624,73.1217,58.1855,73.1259,58.1865,74.0813,74.0813,CLASS_add_scds.pro,2.1,106,1,"0,1,2,3,4,5,6,7,8,9,10,11,12,13,14,15,",73.7644,56.8546,72.5309,56.6754,72.4788,59.4247,73.7086,59.8017,1.78533935546875,0.0368939218627297,1.73095703125,1.83642578125,3656.375,75.55875197487052,8
ch2_cla_l1_20250801T214224772_20250801T214232772.fits,/home/saurabh/moon_project/data/CLASS/ch2_cla_l1_2025_08/cla/data/calibrated/2025/08/01/ch2_cla_l1_20250801T214224772_20250801T214232772.fits,2025-08-01T21:42:24.772,2025-08-01T21:42:32.772,2025-08-01T21:42:28.772,8.0,-48.9,13.5,100.771,72.7156,58.0951,72.7198,58.096,73.7387,73.7387,CLASS_add_scds.pro,2.1,107,1,"0,1,2,3,4,5,6,7,8,9,10,11,12,13,14,15,",73.3585,56.7905,72.1238,56.619,72.0728,59.3121,73.3039,59.6724,1.84326171875,0.0451344265438011,1.76708984375,1.90625,3775.0,92.4353055617047,8
ch2_cla_l1_20250801T214232772_20250801T214240772.fits,/home/saurabh/moon_project/data/CLASS/ch2_cla_l1_2025_08/cla/data/calibrated/2025/08/01/ch2_cla_l1_20250801T214232772_20250801T214240772.fits,2025-08-01T21:42:32.772,2025-08-01T21:42:40.772,2025-08-01T21:42:36.772,8.0,-48.9,13.5,100.919,72.3095,58.0087,72.3138,58.0095,73.3963,73.3963,CLASS_add_scds.pro,2.1,108,1,"0,1,2,3,4,5,6,7,8,9,10,11,12,13,14,15,",72.9526,56.7291,71.7167,56.565,71.6667,59.2043,72.8992,59.549,1.799560546875,0.0515560525933888,1.72265625,1.86767578125,3685.5,105.58679571126036,8
ch2_cla_l1_20250801T214240772_20250801T214248772.fits,/home/saurabh/moon_project/data/CLASS/ch2_cla_l1_2025_08/cla/data/calibrated/2025/08/01/ch2_cla_l1_20250801T214240772_20250801T214248772.fits,2025-08-01T21:42:40.772,2025-08-01T21:42:48.772,2025-08-01T21:42:44.772,8.0,-48.9,13.5,101.067,71.9034,57.926,71.9077,57.9268,73.0542,73.0542,CLASS_add_scds.pro,2.1,109,1,"0,1,2,3,4,5,6,7,8,9,10,11,12,13,14,15,",72.5468,56.6705,71.3097,56.5131,71.2606,59.101,72.4945,59.4314,1.853271484375,0.0528569487343541,1.767578125,1.92724609375,3795.5,108.2510310079572,8
ch2_cla_l1_20250801T214248772_20250801T214256772.fits,/home/saurabh/moon_project/data/CLASS/ch2_cla_l1_2025_08/cla/data/calibrated/2025/08/01/ch2_cla_l1_20250801T214248772_20250801T214256772.fits,2025-08-01T21:42:48.772,2025-08-01T21:42:56.772,2025-08-01T21:42:52.772,8.0,-48.9,13.5,101.214,71.4974,57.8468,71.5017,57.8475,72.7125,72.7125,CLASS_add_scds.pro,2.1,110,1,"0,1,2,3,4,5,6,7,8,9,10,11,12,13,14,15,",72.1409,56.6144,70.9026,56.4632,70.8545,59.002,72.0897,59.3188,1.7943115234375,0.0557336205339712,1.708984375,1.87353515625,3674.75,114.1424548535732,8
ch2_cla_l1_20250801T214256772_20250801T214304772.fits,/home/saurabh/moon_project/data/CLASS/ch2_cla_l1_2025_08/cla/data/calibrated/2025/08/01/ch2_cla_l1_20250801T214256772_20250801T214304772.fits,2025-08-01T21:42:56.772,2025-08-01T21:43:04.772,2025-08-01T21:43:00.772,8.0,-48.9,13.5,101.361,71.0915,57.7708,71.0958,57.7715,72.371,72.371,CLASS_add_scds.pro,2.1,111,1,"0,1,2,3,4,5,6,7,8,9,10,11,12,13,14,15,",71.7352,56.5604,70.4957,56.4152,70.4485,58.9069,71.6849,59.211,1.83746337890625,0.0724588116968178,1.74853515625,1.9541015625,3763.125,148.395646355083,8
ch2_cla_l1_20250801T214304772_20250801T214312772.fits,/home/saurabh/moon_project/data/CLASS/ch2_cla_l1_2025_08/cla/data/calibrated/2025/08/01/ch2_cla_l1_20250801T214304772_20250801T214312772.fits,2025-08-01T21:43:04.772,2025-08-01T21:43:12.772,2025-08-01T21:43:08.772,8.0,-48.9,13.5,101.508,70.6855,57.6978,70.6898,57.6985,72.0299,72.0299,CLASS_add_scds.pro,2.1,112,1,"0,1,2,3,4,5,6,7,8,9,10,11,12,13,14,15,",71.3295,56.5087,70.0888,56.3691,70.0424,58.8157,71.2802,59.1078,1.822265625,0.08240491399411,1.6953125,1.9267578125,3732.0,168.7652638599374,8
ch2_cla_l1_20250801T214312772_20250801T214320772.fits,/home/saurabh/moon_project/data/CLASS/ch2_cla_l1_2025_08/cla/data/calibrated/2025/08/01/ch2_cla_l1_20250801T214312772_20250801T214320772.fits,2025-08-01T21:43:12.772,2025-08-01T21:43:20.772,2025-08-01T21:43:16.772,8.0,-48.9,13.5,101.655,70.2796,57.6277,70.2839,57.6285,71.6891,71.6891,CLASS_add_scds.pro,2.1,113,1,"0,1,2,3,4,5,6,7,8,9,10,11,12,13,14,15,",70.9238,56.459,69.6819,56.3246,69.6364,58.7279,70.8755,59.0088,1.85955810546875,0.0752401130003597,1.75830078125,1.96826171875,3808.375,154.09175142473674,8
ch2_cla_l1_20250801T214320772_20250801T214328772.fits,/home/saurabh/moon_project/data/CLASS/ch2_cla_l1_2025_08/cla/data/calibrated/2025/08/01/ch2_cla_l1_20250801T214320772_20250801T214328772.fits,2025-08-01T21:43:20.772,2025-08-01T21:43:28.772,2025-08-01T21:43:24.772,8.0,-48.9,13.5,101.802,69.8737,57.5603,69.878,57.5611,71.3487,71.3487,CLASS_add_scds.pro,2.1,114,1,"0,1,2,3,4,5,6,7,8,9,10,11,12,13,14,15,",70.5182,56.4112,69.2751,56.2817,69.2304,58.6435,70.4708,58.9138,1.714599609375,0.0977503731678316,1.5947265625,1.87646484375,3511.5,200.19276424771917,8
ch2_cla_l1_20250801T214328772_20250801T214336772.fits,/home/saurabh/moon_project/data/CLASS/ch2_cla_l1_2025_08/cla/data/calibrated/2025/08/01/ch2_cla_l1_20250801T214328772_20250801T214336772.fits,2025-08-01T21:43:28.772,2025-08-01T21:43:36.772,2025-08-01T21:43:32.772,8.0,-48.9,13.5,101.949,69.4679,57.4954,69.4722,57.4961,71.0086,71.0086,CLASS_add_scds.pro,2.1,115,1,"0,1,2,3,4,5,6,7,8,9,10,11,12,13,14,15,",70.1126,56.3652,68.8684,56.2403,68.8244,58.5622,70.066,58.8226,1.71978759765625,0.049660481924312,1.64404296875,1.78955078125,3522.125,101.70466698099102,8
ch2_cla_l1_20250801T214336772_20250801T214344772.fits,/home/saurabh/moon_project/data/CLASS/ch2_cla_l1_2025_08/cla/data/calibrated/2025/08/01/ch2_cla_l1_20250801T214336772_20250801T214344772.fits,2025-08-01T21:43:36.772,2025-08-01T21:43:44.772,2025-08-01T21:43:40.772,8.0,-48.9,13.5,102.095,69.0621,57.4329,69.0665,57.4335,70.6689,70.6689,CLASS_add_scds.pro,2.1,116,1,"0,1,2,3,4,5,6,7,8,9,10,11,12,13,14,15,",69.7071,56.3209,68.4618,56.2002,68.4185,58.4838,69.6614,58.7349,1.735107421875,0.0639480685302535,1.6396484375,1.84130859375,3553.5,130.9656443499592,8
ch2_cla_l1_20250801T214344772_20250801T214352772.fits,/home/saurabh/moon_project/data/CLASS/ch2_cla_l1_2025_08/cla/data/calibrated/2025/08/01/ch2_cla_l1_20250801T214344772_20250801T214352772.fits,2025-08-01T21:43:44.772,2025-08-01T21:43:52.772,2025-08-01T21:43:48.772,8.0,-48.9,13.5,102.241,68.6564,57.3726,68.6607,57.3733,70.3295,70.3295,CLASS_add_scds.pro,2.1,117,1,"0,1,2,3,4,5,6,7,8,9,10,11,12,13,14,15,",69.3017,56.278,68.0552,56.1615,68.0126,58.4082,69.2568,58.6504,1.743408203125,0.0456528980340988,1.68505859375,1.82763671875,3570.5,93.49713517383454,8
ch2_cla_l1_20250801T214352772_20250801T214400772.fits,/home/saurabh/moon_project/data/CLASS/ch2_cla_l1_2025_08/cla/data/calibrated/2025/08/01/ch2_cla_l1_20250801T214352772_20250801T214400772.fits,2025-08-01T21:43:52.772,2025-08-01T21:44:00.772,2025-08-01T21:43:56.772,8.0,-48.9,13.5,102.387,68.2507,57.3144,68.255,57.3149,69.9905,69.9905,CLASS_add_scds.pro,2.1,118,1,"0,1,2,3,4,5,6,7,8,9,10,11,12,13,14,15,",68.8963,56.2367,67.6486,56.124,67.6068,58.3353,68.8522,58.5691,1.73931884765625,0.0600006852224368,1.6455078125,1.81494140625,3562.125,122.88140333555069,8
ch2_cla_l1_20250801T214400772_20250801T214408772.fits,/home/saurabh/moon_project/data/CLASS/ch2_cla_l1_2025_08/cla/data/calibrated/2025/08/01/ch2_cla_l1_20250801T214400772_20250801T214408772.fits,2025-08-01T21:44:00.772,2025-08-01T21:44:08.772,2025-08-01T21:44:04.772,8.0,-49.0,13.5,102.533,67.8451,57.2582,67.8494,57.2587,69.6518,69.6518,CLASS_add_scds.pro,2.1,119,1,"0,1,2,3,4,5,6,7,8,9,10,11,12,13,14,15,",68.491,56.1967,67.2421,56.0878,67.2009,58.2648,68.4476,58.4906,1.73370361328125,0.0380840929863272,1.685546875,1.7978515625,3550.625,77.99622243599823,8
ch2_cla_l1_20250801T214408772_20250801T214416772.fits,/home/saurabh/moon_project/data/CLASS/ch2_cla_l1_2025_08/cla/data/calibrated/2025/08/01/ch2_cla_l1_20250801T214408772_20250801T214416772.fits,2025-08-01T21:44:08.772,2025-08-01T21:44:16.772,2025-08-01T21:44:12.772,8.0,-49.0,13.5,102.678,67.4395,57.2039,67.4438,57.2045,69.3136,69.3136,CLASS_add_scds.pro,2.1,120,1,"0,1,2,3,4,5,6,7,8,9,10,11,12,13,14,15,",68.0857,56.1581,66.8357,56.0526,66.7951,58.1967,68.0429,58.4151,1.7579345703125,0.0610542659816446,1.6650390625,1.83544921875,3600.25,125.0391367304082,8
ch2_cla_l1_20250801T214416772_20250801T214424772.fits,/home/saurabh/moon_project/data/CLASS/ch2_cla_l1_2025_08/cla/data/calibrated/2025/08/01/ch2_cla_l1_20250801T214416772_20250801T214424772.fits,2025-08-01T21:44:16.772,2025-08-01T21:44:24.772,2025-08-01T21:44:20.772,8.0,-49.0,13.5,102.824,67.0339,57.1514,67.0383,57.152,68.9757,68.9757,CLASS_add_scds.pro,2.1,121,1,"0,1,2,3,4,5,6,7,8,9,10,11,12,13,14,15,",67.6805,56.1208,66.4293,56.0185,66.3893,58.1308,67.6384,58.3421,1.73748779296875,0.04066697980379,1.6650390625,1.79736328125,3558.375,83.28597463816205,8
ch2_cla_l1_20250801T214424772_20250801T214432772.fits,/home/saurabh/moon_project/data/CLASS/ch2_cla_l1_2025_08/cla/data/calibrated/2025/08/01/ch2_cla_l1_20250801T214424772_20250801T214432772.fits,2025-08-01T21:44:24.772,2025-08-01T21:44:32.772,2025-08-01T21:44:28.772,8.0,-49.0,13.5,102.969,66.6284,57.1005,66.6328,57.1012,68.6382,68.6382,CLASS_add_scds.pro,2.1,122,1,"0,1,2,3,4,5,6,7,8,9,10,11,12,13,14,15,",67.2753,56.0846,66.0229,55.9854,65.9835,58.067,67.2339,58.2716,1.76239013671875,0.0523655421070333,1.69140625,1.85205078125,3609.375,107.24463023520438,8
ch2_cla_l1_20250801T214432772_20250801T214440772.fits,/home/saurabh/moon_project/data/CLASS/ch2_cla_l1_2025_08/cla/data/calibrated/2025/08/01/ch2_cla_l1_20250801T214432772_20250801T214440772.fits,2025-08-01T21:44:32.772,2025-08-01T21:44:40.772,2025-08-01T21:44:36.772,8.0,-49.0,13.5,103.114,66.223,57.0513,66.2273,57.0519,68.3012,68.3012,CLASS_add_scds.pro,2.1,123,1,"0,1,2,3,4,5,6,7,8,9,10,11,12,13,14,15,",66.8701,56.0494,65.6167,55.9533,65.5779,58.0053,66.8294,58.2034,1.73760986328125,0.0587829079685696,1.63720703125,1.8193359375,3558.625,120.38739551963072,8
ch2_cla_l1_20250801T214440772_20250801T214448772.fits,/home/saurabh/moon_project/data/CLASS/ch2_cla_l1_2025_08/cla/data/calibrated/2025/08/01/ch2_cla_l1_20250801T214440772_20250801T214448772.fits,2025-08-01T21:44:40.772,2025-08-01T21:44:48.772,2025-08-01T21:44:44.772,8.0,-49.0,13.5,103.259,65.8176,57.0036,65.8219,57.0042,67.9645,67.9645,CLASS_add_scds.pro,2.1,124,1,"0,1,2,3,4,5,6,7,8,9,10,11,12,13,14,15,",66.4652,56.0155,65.2105,55.922,65.1721,57.9454,66.425,58.1376,1.7979736328125,0.0594706002331244,1.71337890625,1.8916015625,3682.25,121.79578927743884,8
ch2_cla_l1_20250801T214448772_20250801T214456772.fits,/home/saurabh/moon_project/data/CLASS/ch2_cla_l1_2025_08/cla/data/calibrated/2025/08/01/ch2_cla_l1_20250801T214448772_20250801T214456772.fits,2025-08-01T21:44:48.772,2025-08-01T21:44:56.772,2025-08-01T21:44:52.772,8.0,-49.0,13.5,103.403,65.4122,56.9574,65.4167,56.9581,67.6283,67.6283,CLASS_add_scds.pro,2.1,125,1,"0,1,2,3,4,5,6,7,8,9,10,11,12,13,14,15,",66.0601,55.9823,64.8044,55.8917,64.7666,57.8875,66.0205,58.0736,1.73004150390625,0.0773672962539869,1.63134765625,1.85498046875,3543.125,158.44822272816532,8
ch2_cla_l1_20250801T214456772_20250801T214504772.fits,/home/saurabh/moon_project/data/CLASS/ch2_cla_l1_2025_08/cla/data/calibrated/2025/08/01/ch2_cla_l1_20250801T214456772_20250801T214504772.fits,2025-08-01T21:44:56.772,2025-08-01T21:45:04.772,2025-08-01T21:45:00.772,8.0,-49.0,13.5,103.547,65.0069,56.9125,65.0113,56.9131,67.2924,67.2924,CLASS_add_scds.pro,2.1,126,1,"0,1,2,3,4,5,6,7,8,9,10,11,12,13,14,15,",65.6552,55.9504,64.3985,55.8622,64.3612,57.8313,65.6162,58.012,1.80194091796875,0.0764850981469552,1.71044921875,1.923828125,3690.375,156.64148100496425,8
ch2_cla_l1_20250801T214504772_20250801T214512772.fits,/home/saurabh/moon_project/data/CLASS/ch2_cla_l1_2025_08/cla/data/calibrated/2025/08/01/ch2_cla_l1_20250801T214504772_20250801T214512772.fits,2025-08-01T21:45:04.772,2025-08-01T21:45:12.772,2025-08-01T21:45:08.772,8.0,-49.0,13.5,103.691,64.6016,56.8689,64.6062,56.8694,66.9571,66.9571,CLASS_add_scds.pro,2.1,127,1,"0,1,2,3,4,5,6,7,8,9,10,11,12,13,14,15,",65.2505,55.9194,63.9924,55.8332,63.9556,57.7764,65.212,57.9523,1.74755859375,0.0735378148382289,1.6552734375,1.86572265625,3579.0,150.6054447886928,8
ch2_cla_l1_20250801T214512772_20250801T214520772.fits,/home/saurabh/moon_project/data/CLASS/ch2_cla_l1_2025_08/cla/data/calibrated/2025/08/01/ch2_cla_l1_20250801T214512772_20250801T214520772.fits,2025-08-01T21:45:12.772,2025-08-01T21:45:20.772,2025-08-01T21:45:16.772,8.0,-49.0,13.5,103.835,64.1964,56.8266,64.2009,56.827,66.6221,66.6221,CLASS_add_scds.pro,2.1,128,1,"0,1,2,3,4,5,6,7,8,9,10,11,12,13,14,15,",64.8457,55.8888,63.5865,55.8053,63.5501,57.7235,64.8077,57.8939,1.80615234375,0.0556475392534577,1.7236328125,1.89453125,3699.0,113.9661603910815,8
ch2_cla_l1_20250801T214520772_20250801T214528772.fits,/home/saurabh/moon_project/data/CLASS/ch2_cla_l1_2025_08/cla/data/calibrated/2025/08/01/ch2_cla_l1_20250801T214520772_20250801T214528772.fits,2025-08-01T21:45:20.772,2025-08-01T21:45:28.772,2025-08-01T21:45:24.772,8.0,-49.0,13.5,103.978,63.7913,56.7855,63.7958,56.786,66.2876,66.2876,CLASS_add_scds.pro,2.1,129,1,"0,1,2,3,4,5,6,7,8,9,10,11,12,13,14,15,",64.4409,55.8594,63.1804,55.7779,63.1446,57.6719,64.4034,57.8377,1.73858642578125,0.042879830043467,1.66650390625,1.80712890625,3560.625,87.8178919290206,8
ch2_cla_l1_20250801T214528772_20250801T214536772.fits,/home/saurabh/moon_project/data/CLASS/ch2_cla_l1_2025_08/cla/data/calibrated/2025/08/01/ch2_cla_l1_20250801T214528772_20250801T214536772.fits,2025-08-01T21:45:28.772,2025-08-01T21:45:36.772,2025-08-01T21:45:32.772,8.0,-49.0,13.5,104.121,63.3862,56.7455,63.3906,56.746,65.9536,65.9536,CLASS_add_scds.pro,2.1,130,1,"0,1,2,3,4,5,6,7,8,9,10,11,12,13,14,15,",64.036,55.8306,62.7746,55.7513,62.7391,57.6218,63.9991,57.783,1.8067626953125,0.046775894756953,1.73681640625,1.87890625,3700.25,95.7970324622398,8
ch2_cla_l1_20250801T214536772_20250801T214544772.fits,/home/saurabh/moon_project/data/CLASS/ch2_cla_l1_2025_08/cla/data/calibrated/2025/08/01/ch2_cla_l1_20250801T214536772_20250801T214544772.fits,2025-08-01T21:45:36.772,2025-08-01T21:45:44.772,2025-08-01T21:45:40.772,8.0,-49.0,13.5,104.264,62.9812,56.7066,62.9855,56.707,65.62,65.62,CLASS_add_scds.pro,2.1,131,1,"0,1,2,3,4,5,6,7,8,9,10,11,12,13,14,15,",63.6314,55.8026,62.3691,55.7253,62.334,57.5731,63.5949,57.7299,1.775634765625,0.0500842882601375,1.70654296875,1.85302734375,3636.5,102.57262235676173,8
ch2_cla_l1_20250801T214544772_20250801T214552772.fits,/home/saurabh/moon_project/data/CLASS/ch2_cla_l1_2025_08/cla/data/calibrated/2025/08/01/ch2_cla_l1_20250801T214544772_20250801T214552772.fits,2025-08-01T21:45:44.772,2025-08-01T21:45:52.772,2025-08-01T21:45:48.772,8.0,-48.9,13.5,104.407,62.5762,56.6687,62.5807,56.6691,65.2869,65.2869,CLASS_add_scds.pro,2.1,132,1,"0,1,2,3,4,5,6,7,8,9,10,11,12,13,14,15,",63.2271,55.7755,61.9632,55.6999,61.9286,57.5256,63.191,57.6785,1.80194091796875,0.0296101846882599,1.7568359375,1.85009765625,3690.375,60.64165824155631,8
ch2_cla_l1_20250801T214552772_20250801T214600772.fits,/home/saurabh/moon_project/data/CLASS/ch2_cla_l1_2025_08/cla/data/calibrated/2025/08/01/ch2_cla_l1_20250801T214552772_20250801T214600772.fits,2025-08-01T21:45:52.772,2025-08-01T21:46:00.772,2025-08-01T21:45:56.772,8.0,-49.0,13.5,104.549,62.1712,56.6318,62.1757,56.6323,64.9543,64.9543,CLASS_add_scds.pro,2.1,133,1,"0,1,2,3,4,5,6,7,8,9,10,11,12,13,14,15,",62.8223,55.7488,61.5575,55.6751,61.5233,57.4795,62.7867,57.6281,1.78082275390625,0.0547388186325094,1.72216796875,1.87841796875,3647.125,112.1051005593794,8
ch2_cla_l1_20250801T214600772_20250801T214608772.fits,/home/saurabh/moon_project/data/CLASS/ch2_cla_l1_2025_08/cla/data/calibrated/2025/08/01/ch2_cla_l1_20250801T214600772_20250801T214608772.fits,2025-08-01T21:46:00.772,2025-08-01T21:46:08.772,2025-08-01T21:46:04.772,8.0,-48.9,13.5,104.691,61.7663,56.5959,61.771,56.5963,64.6222,64.6222,CLASS_add_scds.pro,2.1,134,1,"0,1,2,3,4,5,6,7,8,9,10,11,12,13,14,15,",62.4178,55.7228,61.1519,55.6508,61.1181,57.4344,62.3826,57.5794,1.82427978515625,0.0382790056021125,1.77392578125,1.880859375,3736.125,78.39540347312644,8
ch2_cla_l1_20250801T214608772_20250801T214616772.fits,/home/saurabh/moon_project/data/CLASS/ch2_cla_l1_2025_08/cla/data/calibrated/2025/08/01/ch2_cla_l1_20250801T214608772_20250801T214616772.fits,2025-08-01T21:46:08.772,2025-08-01T21:46:16.772,2025-08-01T21:46:12.772,8.0,-48.9,13.5,104.833,61.3615,56.5609,61.366,56.5612,64.2905,64.2905,CLASS_add_scds.pro,2.1,135,1,"0,1,2,3,4,5,6,7,8,9,10,11,12,13,14,15,",62.0134,55.6973,60.7463,55.6272,60.7129,57.3906,61.9787,57.5317,1.740478515625,0.1244943473088567,1.60693359375,1.90625,3564.5,254.9644232885387,8
ch2_cla_l1_20250801T214616772_20250801T214624772.fits,/home/saurabh/moon_project/data/CLASS/ch2_cla_l1_2025_08/cla/data/calibrated/2025/08/01/ch2_cla_l1_20250801T214616772_20250801T214624772.fits,2025-08-01T21:46:16.772,2025-08-01T21:46:24.772,2025-08-01T21:46:20.772,8.0,-48.9,13.5,104.974,60.9567,56.5267,60.9612,56.5271,63.9594,63.9594,CLASS_add_scds.pro,2.1,136,1,"0,1,2,3,4,5,6,7,8,9,10,11,12,13,14,15,",61.609,55.6727,60.3408,55.6041,60.3078,57.348,61.5746,57.4855,1.6844482421875,0.0600910519959977,1.58837890625,1.76806640625,3449.75,123.0664744878033,8
ch2_cla_l1_20250801T214624772_20250801T214632772.fits,/home/saurabh/moon_project/data/CLASS/ch2_cla_l1_2025_08/cla/data/calibrated/2025/08/01/ch2_cla_l1_20250801T214624772_20250801T214632772.fits,2025-08-01T21:46:24.772,2025-08-01T21:46:32.772,2025-08-01T21:46:28.772,8.0,-48.9,13.5,105.115,60.552,56.4934,60.5565,56.4937,63.6288,63.6288,CLASS_add_scds.pro,2.1,137,1,"0,1,2,3,4,5,6,7,8,9,10,11,12,13,14,15,",61.2047,55.6485,59.9354,55.5814,59.9027,57.3063,61.1707,57.4406,1.69354248046875,0.0705639113688467,1.583984375,1.80517578125,3468.375,144.51489048339818,8
ch2_cla_l1_20250801T214632772_20250801T214640772.fits,/home/saurabh/moon_project/data/CLASS/ch2_cla_l1_2025_08/cla/data/calibrated/2025/08/01/ch2_cla_l1_20250801T214632772_20250801T214640772.fits,2025-08-01T21:46:32.772,2025-08-01T21:46:40.772,2025-08-01T21:46:36.772,8.0,-48.9,13.5,105.256,60.1473,56.4608,60.1518,56.4612,63.2987,63.2987,CLASS_add_scds.pro,2.1,138,1,"0,1,2,3,4,5,6,7,8,9,10,11,12,13,14,15,",60.8004,55.6249,59.5301,55.5593,59.4977,57.2658,60.7669,57.3967,1.70489501953125,0.0591963165962723,1.61376953125,1.79248046875,3491.625,121.2340563891658,8
ch2_cla_l1_20250801T214640772_20250801T214648772.fits,/home/saurabh/moon_project/data/CLASS/ch2_cla_l1_2025_08/cla/data/calibrated/2025/08/01/ch2_cla_l1_20250801T214640772_20250801T214648772.fits,2025-08-01T21:46:40.772,2025-08-01T21:46:48.772,2025-08-01T21:46:44.772,8.0,-48.9,13.5,105.396,59.7427,56.429,59.7472,56.4294,62.9692,62.9692,CLASS_add_scds.pro,2.1,139,1,"0,1,2,3,4,5,6,7,8,9,10,11,12,13,14,15,",60.3963,55.6018,59.1247,55.5375,59.0927,57.2261,60.3631,57.354,1.68402099609375,0.0885213593561599,1.556640625,1.83447265625,3448.875,181.29174396141548,8
ch2_cla_l1_20250801T214648772_20250801T214656772.fits,/home/saurabh/moon_project/data/CLASS/ch2_cla_l1_2025_08/cla/data/calibrated/2025/08/01/ch2_cla_l1_20250801T214648772_20250801T214656772.fits,2025-08-01T21:46:48.772,2025-08-01T21:46:56.772,2025-08-01T21:46:52.772,8.0,-48.9,13.5,105.536,59.3382,56.398,59.3426,56.3983,62.6402,62.6402,CLASS_add_scds.pro,2.1,140,1,"0,1,2,3,4,5,6,7,8,9,10,11,12,13,14,15,",59.9921,55.5791,58.7195,55.5163,58.6878,57.1874,59.9592,57.3123,1.6949462890625,0.0759034510038492,1.58740234375,1.80419921875,3471.25,155.45026765588315,8
ch2_cla_l1_20250801T214656772_20250801T214704772.fits,/home/saurabh/moon_project/data/CLASS/ch2_cla_l1_2025_08/cla/data/calibrated/2025/08/01/ch2_cla_l1_20250801T214656772_20250801T214704772.fits,2025-08-01T21:46:56.772,2025-08-01T21:47:04.772,2025-08-01T21:47:00.772,8.0,-48.9,13.5,105.676,58.9337,56.3677,58.9381,56.368,62.3118,62.3118,CLASS_add_scds.pro,2.1,141,1,"0,1,2,3,4,5,6,7,8,9,10,11,12,13,14,15,",59.588,55.5571,58.3143,55.4955,58.2829,57.1496,59.5555,57.2716,1.7239990234375,0.0764658637797431,1.59033203125,1.84619140625,3530.75,156.60208902091404,8
ch2_cla_l1_20250801T214704772_20250801T214712772.fits,/home/saurabh/moon_project/data/CLASS/ch2_cla_l1_2025_08/cla/data/calibrated/2025/08/01/ch2_cla_l1_20250801T214704772_20250801T214712772.fits,2025-08-01T21:47:04.772,2025-08-01T21:47:12.772,2025-08-01T21:47:08.772,8.0,-48.8,13.5,105.815,58.5292,56.338,58.5337,56.3385,61.9839,61.9839,CLASS_add_scds.pro,2.1,142,1,"0,1,2,3,4,5,6,7,8,9,10,11,12,13,14,15,",59.184,55.5354,57.9092,55.4752,57.8782,57.1129,59.1518,57.232,1.71435546875,0.0786165306144122,1.62060546875,1.83984375,3511.0,161.0066546983163,8
ch2_cla_l1_20250801T214712772_20250801T214720772.fits,/home/saurabh/moon_project/data/CLASS/ch2_cla_l1_2025_08/cla/data/calibrated/2025/08/01/ch2_cla_l1_20250801T214712772_20250801T214720772.fits,2025-08-01T21:47:12.772,2025-08-01T21:47:20.772,2025-08-01T21:47:16.772,8.0,-48.8,13.5,105.954,58.1248,56.309,58.1294,56.3095,61.6566,61.6566,CLASS_add_scds.pro,2.1,143,1,"0,1,2,3,4,5,6,7,8,9,10,11,12,13,14,15,",58.7801,55.5144,57.5042,55.4551,57.4735,57.0767,58.7483,57.1934,1.72479248046875,0.0794118081859098,1.5966796875,1.8369140625,3532.375,162.63538316474327,8
ch2_cla_l1_20250801T214720772_20250801T214728772.fits,/home/saurabh/moon_project/data/CLASS/ch2_cla_l1_2025_08/cla/data/calibrated/2025/08/01/ch2_cla_l1_20250801T214720772_20250801T214728772.fits,2025-08-01T21:47:20.772,2025-08-01T21:47:28.772,2025-08-01T21:47:24.772,8.0,-48.8,13.5,106.093,57.7205,56.2806,57.725,56.281,61.3299,61.3299,CLASS_add_scds.pro,2.1,144,1,"0,1,2,3,4,5,6,7,8,9,10,11,12,13,14,15,",58.3762,55.4935,57.0991,55.4353,57.0687,57.0413,58.3447,57.1555,1.70184326171875,0.043817971425287,1.64404296875,1.77490234375,3485.375,89.73920547898783,8
ch2_cla_l1_20250801T214728772_20250801T214736772.fits,/home/saurabh/moon_project/data/CLASS/ch2_cla_l1_2025_08/cla/data/calibrated/2025/08/01/ch2_cla_l1_20250801T214728772_20250801T214736772.fits,2025-08-01T21:47:28.772,2025-08-01T21:47:36.772,2025-08-01T21:47:32.772,8.0,-48.8,13.5,106.231,57.3162,56.2528,57.3207,56.2532,61.0037,61.0037,CLASS_add_scds.pro,2.1,145,1,"0,1,2,3,4,5,6,7,8,9,10,11,12,13,14,15,",57.9722,55.4728,56.6941,55.416,56.664,57.0067,57.9411,57.1183,1.7640380859375,0.072044121461383,1.62158203125,1.85498046875,3612.75,147.54636075291242,8
ch2_cla_l1_20250801T214736772_20250801T214744772.fits,/home/saurabh/moon_project/data/CLASS/ch2_cla_l1_2025_08/cla/data/calibrated/2025/08/01/ch2_cla_l1_20250801T214736772_20250801T214744772.fits,2025-08-01T21:47:36.772,2025-08-01T21:47:44.772,2025-08-01T21:47:40.772,8.0,-48.8,13.5,106.369,56.9119,56.2256,56.9165,56.226,60.6782,60.6782,CLASS_add_scds.pro,2.1,146,1,"0,1,2,3,4,5,6,7,8,9,10,11,12,13,14,15,",57.5684,55.4528,56.2892,55.397,56.2594,56.973,57.5376,57.0822,1.58642578125,0.0329270627078372,1.53955078125,1.63623046875,3249.0,67.43462442565074,8
ch2_cla_l1_20250801T214744772_20250801T214752772.fits,/home/saurabh/moon_project/data/CLASS/ch2_cla_l1_2025_08/cla/data/calibrated/2025/08/01/ch2_cla_l1_20250801T214744772_20250801T214752772.fits,2025-08-01T21:47:44.772,2025-08-01T21:47:52.772,2025-08-01T21:47:48.772,8.0,-48.8,13.5,106.506,56.5078,56.199,56.5123,56.1994,60.3533,60.3533,CLASS_add_scds.pro,2.1,147,1,"0,1,2,3,4,5,6,7,8,9,10,11,12,13,14,15,",57.1647,55.4332,55.8845,55.3784,55.8549,56.94,57.1341,57.0468,1.6287841796875,0.0530728573114485,1.53125,1.70068359375,3335.75,108.6932117738467,8
ch2_cla_l1_20250801T214752772_20250801T214800772.fits,/home/saurabh/moon_project/data/CLASS/ch2_cla_l1_2025_08/cla/data/calibrated/2025/08/01/ch2_cla_l1_20250801T214752772_20250801T214800772.fits,2025-08-01T21:47:52.772,2025-08-01T21:48:00.772,2025-08-01T21:47:56.772,8.0,-48.8,13.5,106.643,56.1036,56.1729,56.1082,56.173,60.029,60.029,CLASS_add_scds.pro,2.1,148,1,"0,1,2,3,4,5,6,7,8,9,10,11,12,13,14,15,",56.761,55.414,55.4797,55.36,55.4504,56.9075,56.7307,57.0123,1.58935546875,0.0334738584896231,1.53515625,1.6396484375,3255.0,68.55446218674817,8
ch2_cla_l1_20250801T214800772_20250801T214808772.fits,/home/saurabh/moon_project/data/CLASS/ch2_cla_l1_2025_08/cla/data/calibrated/2025/08/01/ch2_cla_l1_20250801T214800772_20250801T214808772.fits,2025-08-01T21:48:00.772,2025-08-01T21:48:08.772,2025-08-01T21:48:04.772,8.0,-48.8,13.5,106.78,55.6996,56.1473,55.7041,56.1476,59.7054,59.7054,CLASS_add_scds.pro,2.1,149,1,"0,1,2,3,4,5,6,7,8,9,10,11,12,13,14,15,",56.3574,55.3949,55.075,55.3421,55.046,56.8759,56.3274,56.9783,1.66180419921875,0.037077179903884,1.611328125,1.71240234375,3403.375,75.93406444315451,8
ch2_cla_l1_20250801T214808772_20250801T214816772.fits,/home/saurabh/moon_project/data/CLASS/ch2_cla_l1_2025_08/cla/data/calibrated/2025/08/01/ch2_cla_l1_20250801T214808772_20250801T214816772.fits,2025-08-01T21:48:08.772,2025-08-01T21:48:16.772,2025-08-01T21:48:12.772,8.0,-48.8,13.5,106.916,55.2955,56.1223,55.3001,56.1225,59.3824,59.3824,CLASS_add_scds.pro,2.1,150,1,"0,1,2,3,4,5,6,7,8,9,10,11,12,13,14,15,",55.9539,55.3764,54.6703,55.3245,54.6415,56.8449,55.9241,56.9454,1.5826416015625,0.0559963927664203,1.482421875,1.66357421875,3241.25,114.68061238562888,8
ch2_cla_l1_20250801T214816772_20250801T214824772.fits,/home/saurabh/moon_project/data/CLASS/ch2_cla_l1_2025_08/cla/data/calibrated/2025/08/01/ch2_cla_l1_20250801T214816772_20250801T214824772.fits,2025-08-01T21:48:16.772,2025-08-01T21:48:24.772,2025-08-01T21:48:20.772,8.0,-48.8,13.5,107.052,54.8916,56.0977,54.8961,56.0979,59.0601,59.0601,CLASS_add_scds.pro,2.1,151,1,"0,1,2,3,4,5,6,7,8,9,10,11,12,13,14,15,",55.5503,55.3582,54.2658,55.3072,54.2372,56.8146,55.5208,56.913,1.6568603515625,0.0597614019702422,1.55029296875,1.72998046875,3393.25,122.39135123505604,8
ch2_cla_l1_20250801T214824772_20250801T214832772.fits,/home/saurabh/moon_project/data/CLASS/ch2_cla_l1_2025_08/cla/data/calibrated/2025/08/01/ch2_cla_l1_20250801T214824772_20250801T214832772.fits,2025-08-01T21:48:24.772,2025-08-01T21:48:32.772,2025-08-01T21:48:28.772,8.0,-48.8,13.5,107.187,54.4877,56.0735,54.4921,56.0739,58.7384,58.7384,CLASS_add_scds.pro,2.1,152,1,"0,1,2,3,4,5,6,7,8,9,10,11,12,13,14,15,",55.1469,55.3404,53.8612,55.2901,53.8329,56.7849,55.1177,56.8814,1.62420654296875,0.0522828730247468,1.537109375,1.7080078125,3326.375,107.07532395468156,8
ch2_cla_l1_20250801T214832772_20250801T214840772.fits,/home/saurabh/moon_project/data/CLASS/ch2_cla_l1_2025_08/cla/data/calibrated/2025/08/01/ch2_cla_l1_20250801T214832772_20250801T214840772.fits,2025-08-01T21:48:32.772,2025-08-01T21:48:40.772,2025-08-01T21:48:36.772,8.0,-48.8,13.5,107.322,54.0838,56.0498,54.0885,56.0502,58.4175,58.4175,CLASS_add_scds.pro,2.1,153,1,"0,1,2,3,4,5,6,7,8,9,10,11,12,13,14,15,",54.7434,55.3227,53.4568,55.2733,53.4287,56.7556,54.7144,56.8503,1.65997314453125,0.0613815158518454,1.58154296875,1.7578125,3399.625,125.70934446457944,8
ch2_cla_l1_20250801T214840772_20250801T214848772.fits,/home/saurabh/moon_project/data/CLASS/ch2_cla_l1_2025_08/cla/data/calibrated/2025/08/01/ch2_cla_l1_20250801T214840772_20250801T214848772.fits,2025-08-01T21:48:40.772,2025-08-01T21:48:48.772,2025-08-01T21:48:44.772,8.0,-48.8,13.5,107.457,53.68,56.0266,53.6847,56.027,58.0972,58.0972,CLASS_add_scds.pro,2.1,154,1,"0,1,2,3,4,5,6,7,8,9,10,11,12,13,14,15,",54.3402,55.3053,53.0523,55.2566,53.0245,56.7269,54.3115,56.8199,1.6204833984375,0.0884329398075675,1.48583984375,1.72998046875,3318.75,181.11066072589827,8
ch2_cla_l1_20250801T214848772_20250801T214856772.fits,/home/saurabh/moon_project/data/CLASS/ch2_cla_l1_2025_08/cla/data/calibrated/2025/08/01/ch2_cla_l1_20250801T214848772_20250801T214856772.fits,2025-08-01T21:48:48.772,2025-08-01T21:48:56.772,2025-08-01T21:48:52.772,8.0,-48.8,13.5,107.591,53.2763,56.0038,53.281,56.004,57.7776,57.7776,CLASS_add_scds.pro,2.1,155,1,"0,1,2,3,4,5,6,7,8,9,10,11,12,13,14,15,",53.9367,55.2881,52.6482,55.2403,52.6205,56.6988,53.9083,56.7899,1.66717529296875,0.0755297243744441,1.57666015625,1.7734375,3414.375,154.68487551886162,8
ch2_cla_l1_20250801T214856772_20250801T214904772.fits,/home/saurabh/moon_project/data/CLASS/ch2_cla_l1_2025_08/cla/data/calibrated/2025/08/01/ch2_cla_l1_20250801T214856772_20250801T214904772.fits,2025-08-01T21:48:56.772,2025-08-01T21:49:04.772,2025-08-01T21:49:00.772,8.0,-48.6,13.5,107.724,52.8726,55.9814,52.8772,55.9817,57.4588,57.4588,CLASS_add_scds.pro,2.1,156,1,"0,1,2,3,4,5,6,7,8,9,10,11,12,13,14,15,",53.5337,55.2715,52.2439,55.2242,52.2165,56.6712,53.5055,56.7608,1.66082763671875,0.1029616800722058,1.51513671875,1.82275390625,3401.375,210.86552078787764,8
ch2_cla_l1_20250801T214904772_20250801T214912772.fits,/home/saurabh/moon_project/data/CLASS/ch2_cla_l1_2025_08/cla/data/calibrated/2025/08/01/ch2_cla_l1_20250801T214904772_20250801T214912772.fits,2025-08-01T21:49:04.772,2025-08-01T21:49:12.772,2025-08-01T21:49:08.772,8.0,-48.6,13.5,107.857,52.469,55.9593,52.4737,55.9595,57.1407,57.1407,CLASS_add_scds.pro,2.1,157,1,"0,1,2,3,4,5,6,7,8,9,10,11,12,13,14,15,",53.1306,55.2547,51.8396,55.2084,51.8124,56.6442,53.1026,56.7319,1.65716552734375,0.0436384355059113,1.5947265625,1.732421875,3393.875,89.37151591610639,8
ch2_cla_l1_20250801T214912772_20250801T214920772.fits,/home/saurabh/moon_project/data/CLASS/ch2_cla_l1_2025_08/cla/data/calibrated/2025/08/01/ch2_cla_l1_20250801T214912772_20250801T214920772.fits,2025-08-01T21:49:12.772,2025-08-01T21:49:20.772,2025-08-01T21:49:16.772,8.0,-48.5,13.5,107.99,52.0654,55.9377,52.0701,55.9379,56.8233,56.8233,CLASS_add_scds.pro,2.1,158,1,"0,1,2,3,4,5,6,7,8,9,10,11,12,13,14,15,",52.7273,55.2385,51.4353,55.1927,51.4083,56.6175,52.6996,56.7038,1.65216064453125,0.0777916198396796,1.53759765625,1.77783203125,3383.625,159.3172374316638,8
ch2_cla_l1_20250801T214920772_20250801T214928772.fits,/home/saurabh/moon_project/data/CLASS/ch2_cla_l1_2025_08/cla/data/calibrated/2025/08/01/ch2_cla_l1_20250801T214920772_20250801T214928772.fits,2025-08-01T21:49:20.772,2025-08-01T21:49:28.772,2025-08-01T21:49:24.772,8.0,-48.5,13.5,108.122,51.6619,55.9164,51.6665,55.9167,56.5067,56.5067,CLASS_add_scds.pro,2.1,159,1,"0,1,2,3,4,5,6,7,8,9,10,11,12,13,14,15,",52.3242,55.2224,51.0312,55.1774,51.0044,56.5915,52.2966,56.6761,1.679931640625,0.0455026928929706,1.61376953125,1.7451171875,3440.5,93.1895150448038,8
ch2_cla_l1_20250801T214928772_20250801T214936772.fits,/home/saurabh/moon_project/data/CLASS/ch2_cla_l1_2025_08/cla/data/calibrated/2025/08/01/ch2_cla_l1_20250801T214928772_20250801T214936772.fits,2025-08-01T21:49:28.772,2025-08-01T21:49:36.772,2025-08-01T21:49:32.772,8.0,-48.5,13.5,108.254,51.2584,55.8955,51.263,55.8958,56.1909,56.1909,CLASS_add_scds.pro,2.1,160,1,"0,1,2,3,4,5,6,7,8,9,10,11,12,13,14,15,",51.9211,55.2067,50.6271,55.1623,50.6005,56.5659,51.8938,56.6491,1.6708984375,0.0699360777487378,1.58447265625,1.7861328125,3422.0,143.2290872294152,8
ch2_cla_l1_20250801T214936772_20250801T214944772.fits,/home/saurabh/moon_project/data/CLASS/ch2_cla_l1_2025_08/cla/data/calibrated/2025/08/01/ch2_cla_l1_20250801T214936772_20250801T214944772.fits,2025-08-01T21:49:36.772,2025-08-01T21:49:44.772,2025-08-01T21:49:40.772,8.0,-48.5,13.5,108.385,50.855,55.8749,50.8596,55.8752,55.8758,55.8758,CLASS_add_scds.pro,2.1,161,1,"0,1,2,3,4,5,6,7,8,9,10,11,12,13,14,15,",51.5182,55.1911,50.2231,55.1473,50.1967,56.5407,51.491,56.6225,1.67266845703125,0.0301956372445387,1.6357421875,1.71630859375,3425.625,61.84066507681541,8
ch2_cla_l1_20250801T214944772_20250801T214952772.fits,/home/saurabh/moon_project/data/CLASS/ch2_cla_l1_2025_08/cla/data/calibrated/2025/08/01/ch2_cla_l1_20250801T214944772_20250801T214952772.fits,2025-08-01T21:49:44.772,2025-08-01T21:49:52.772,2025-08-01T21:49:48.772,8.0,-48.5,13.5,108.516,50.4516,55.8547,50.4562,55.8549,55.5616,55.5616,CLASS_add_scds.pro,2.1,162,1,"0,1,2,3,4,5,6,7,8,9,10,11,12,13,14,15,",51.1153,55.1758,49.8192,55.1325,49.793,56.516,51.0883,56.5964,1.6949462890625,0.0632140379586033,1.60791015625,1.78125,3471.25,129.46234973921955,8
ch2_cla_l1_20250801T214952772_20250801T215000772.fits,/home/saurabh/moon_project/data/CLASS/ch2_cla_l1_2025_08/cla/data/calibrated/2025/08/01/ch2_cla_l1_20250801T214952772_20250801T215000772.fits,2025-08-01T21:49:52.772,2025-08-01T21:50:00.772,2025-08-01T21:49:56.772,8.0,-48.5,13.5,108.646,50.0483,55.8348,50.0529,55.8351,55.2481,55.2481,CLASS_add_scds.pro,2.1,163,1,"0,1,2,3,4,5,6,7,8,9,10,11,12,13,14,15,",50.7124,55.1606,49.4153,55.118,49.3893,56.4917,50.6857,56.5707,1.6904296875,0.0361064092721409,1.6416015625,1.7490234375,3462.0,73.9459261893446,8
ch2_cla_l1_20250801T215000772_20250801T215008772.fits,/home/saurabh/moon_project/data/CLASS/ch2_cla_l1_2025_08/cla/data/calibrated/2025/08/01/ch2_cla_l1_20250801T215000772_20250801T215008772.fits,2025-08-01T21:50:00.772,2025-08-01T21:50:08.772,2025-08-01T21:50:04.772,8.0,-48.5,13.5,108.776,49.645,55.8152,49.6497,55.8155,54.9355,54.9355,CLASS_add_scds.pro,2.1,164,1,"0,1,2,3,4,5,6,7,8,9,10,11,12,13,14,15,",50.3096,55.1457,49.0115,55.1036,48.9856,56.4678,50.2831,56.5455,1.71710205078125,0.0454044836576694,1.646484375,1.7802734375,3516.625,92.98838253090696,8
ch2_cla_l1_20250801T215008772_20250801T215016772.fits,/home/saurabh/moon_project/data/CLASS/ch2_cla_l1_2025_08/cla/data/calibrated/2025/08/01/ch2_cla_l1_20250801T215008772_20250801T215016772.fits,2025-08-01T21:50:08.772,2025-08-01T21:50:16.772,2025-08-01T21:50:12.772,8.0,-48.5,13.5,108.905,49.2418,55.7959,49.2464,55.7962,54.6238,54.6238,CLASS_add_scds.pro,2.1,165,1,"0,1,2,3,4,5,6,7,8,9,10,11,12,13,14,15,",49.9069,55.131,48.6077,55.0894,48.582,56.4442,49.8805,56.5208,1.67822265625,0.057732344627997,1.578125,1.75537109375,3437.0,118.23584179813788,8
ch2_cla_l1_20250801T215016772_20250801T215024772.fits,/home/saurabh/moon_project/data/CLASS/ch2_cla_l1_2025_08/cla/data/calibrated/2025/08/01/ch2_cla_l1_20250801T215016772_20250801T215024772.fits,2025-08-01T21:50:16.772,2025-08-01T21:50:24.772,2025-08-01T21:50:20.772,8.0,-48.5,13.5,109.034,48.8387,55.7769,48.8433,55.7771,54.3129,54.3129,CLASS_add_scds.pro,2.1,166,1,"0,1,2,3,4,5,6,7,8,9,10,11,12,13,14,15,",49.5041,55.1164,48.204,55.0754,48.1785,56.4211,49.4779,56.4963,1.7203369140625,0.0538627559617716,1.65234375,1.7998046875,3523.25,110.31092420970826,8
ch2_cla_l1_20250801T215024772_20250801T215032772.fits,/home/saurabh/moon_project/data/CLASS/ch2_cla_l1_2025_08/cla/data/calibrated/2025/08/01/ch2_cla_l1_20250801T215024772_20250801T215032772.fits,2025-08-01T21:50:24.772,2025-08-01T21:50:32.772,2025-08-01T21:50:28.772,8.0,-48.5,13.5,109.162,48.4356,55.7582,48.4402,55.7584,54.0028,54.0028,CLASS_add_scds.pro,2.1,167,1,"0,1,2,3,4,5,6,7,8,9,10,11,12,13,14,15,",49.1014,55.102,47.8003,55.0615,47.775,56.3984,49.0755,56.4724,1.6864013671875,0.0663337632462225,1.60107421875,1.78173828125,3453.75,135.85154712826372,8
ch2_cla_l1_20250801T215032772_20250801T215040772.fits,/home/saurabh/moon_project/data/CLASS/ch2_cla_l1_2025_08/cla/data/calibrated/2025/08/01/ch2_cla_l1_20250801T215032772_20250801T215040772.fits,2025-08-01T21:50:32.772,2025-08-01T21:50:40.772,2025-08-01T21:50:36.772,8.0,-48.5,13.5,109.289,48.0325,55.7397,48.0371,55.7399,53.6937,53.6937,CLASS_add_scds.pro,2.1,168,1,"0,1,2,3,4,5,6,7,8,9,10,11,12,13,14,15,",48.6989,55.0879,47.3967,55.0479,47.3715,56.376,48.6731,56.4489,1.73321533203125,0.0981339243543725,1.56494140625,1.8671875,3549.625,200.978277077755,8
ch2_cla_l1_20250801T215040772_20250801T215048772.fits,/home/saurabh/moon_project/data/CLASS/ch2_cla_l1_2025_08/cla/data/calibrated/2025/08/01/ch2_cla_l1_20250801T215040772_20250801T215048772.fits,2025-08-01T21:50:40.772,2025-08-01T21:50:48.772,2025-08-01T21:50:44.772,8.0,-48.5,13.5,109.416,47.6295,55.7216,47.6342,55.7218,53.3855,53.3855,CLASS_add_scds.pro,2.1,169,1,"0,1,2,3,4,5,6,7,8,9,10,11,12,13,14,15,",48.2963,55.0739,46.9932,55.0344,46.9681,56.354,48.2707,56.4257,1.69390869140625,0.0783998016015008,1.6005859375,1.83154296875,3469.125,160.56279367987378,8
ch2_cla_l1_20250801T215048772_20250801T215056772.fits,/home/saurabh/moon_project/data/CLASS/ch2_cla_l1_2025_08/cla/data/calibrated/2025/08/01/ch2_cla_l1_20250801T215048772_20250801T215056772.fits,2025-08-01T21:50:48.772,2025-08-01T21:50:56.772,2025-08-01T21:50:52.772,8.0,-48.5,13.5,109.543,47.2266,55.7037,47.2312,55.7039,53.0782,53.0782,CLASS_add_scds.pro,2.1,170,1,"0,1,2,3,4,5,6,7,8,9,10,11,12,13,14,15,",47.8938,55.06,46.5897,55.021,46.5648,56.3323,47.8683,56.4029,1.77197265625,0.071220708576809,1.67431640625,1.8720703125,3629.0,145.86001116530483,8
ch2_cla_l1_20250801T215056772_20250801T215104772.fits,/home/saurabh/moon_project/data/CLASS/ch2_cla_l1_2025_08/cla/data/calibrated/2025/08/01/ch2_cla_l1_20250801T215056772_20250801T215104772.fits,2025-08-01T21:50:56.772,2025-08-01T21:51:04.772,2025-08-01T21:51:00.772,8.0,-48.4,13.5,109.669,46.8237,55.686,46.8284,55.6862,52.7718,52.7718,CLASS_add_scds.pro,2.1,171,1,"0,1,2,3,4,5,6,7,8,9,10,11,12,13,14,15,",47.4914,55.0464,46.1862,55.0077,46.1615,56.3109,47.4661,56.3805,1.68646240234375,0.048764912696337,1.61279296875,1.767578125,3453.875,99.87054120209822,8
ch2_cla_l1_20250801T215104772_20250801T215112772.fits,/home/saurabh/moon_project/data/CLASS/ch2_cla_l1_2025_08/cla/data/calibrated/2025/08/01/ch2_cla_l1_20250801T215104772_20250801T215112772.fits,2025-08-01T21:51:04.772,2025-08-01T21:51:12.772,2025-08-01T21:51:08.772,8.0,-48.3,13.5,109.794,46.4208,55.6686,46.4255,55.6688,52.4664,52.4664,CLASS_add_scds.pro,2.1,172,1,"0,1,2,3,4,5,6,7,8,9,10,11,12,13,14,15,",47.0889,55.0328,45.7829,54.9947,45.7583,56.2899,47.0638,56.3583,1.754150390625,0.0452399513991984,1.685546875,1.8310546875,3592.5,92.6514204655585,8
ch2_cla_l1_20250801T215112772_20250801T215120772.fits,/home/saurabh/moon_project/data/CLASS/ch2_cla_l1_2025_08/cla/data/calibrated/2025/08/01/ch2_cla_l1_20250801T215112772_20250801T215120772.fits,2025-08-01T21:51:12.772,2025-08-01T21:51:20.772,2025-08-01T21:51:16.772,8.0,-48.2,13.5,109.919,46.0181,55.6514,46.0227,55.6517,52.1619,52.1619,CLASS_add_scds.pro,2.1,173,1,"0,1,2,3,4,5,6,7,8,9,10,11,12,13,14,15,",46.6866,55.0195,45.3796,54.9818,45.3552,56.2692,46.6616,56.3367,1.72119140625,0.0532830971316552,1.64990234375,1.7958984375,3525.0,109.12378292562992,8
ch2_cla_l1_20250801T215120772_20250801T215128772.fits,/home/saurabh/moon_project/data/CLASS/ch2_cla_l1_2025_08/cla/data/calibrated/2025/08/01/ch2_cla_l1_20250801T215120772_20250801T215128772.fits,2025-08-01T21:51:20.772,2025-08-01T21:51:28.772,2025-08-01T21:51:24.772,8.0,-48.2,13.5,110.043,45.6153,55.6345,45.62,55.6345,51.8585,51.8585,CLASS_add_scds.pro,2.1,174,1,"0,1,2,3,4,5,6,7,8,9,10,11,12,13,14,15,",46.2844,55.0063,44.9762,54.969,44.952,56.2487,46.2596,56.3152,1.7783203125,0.0411954299169813,1.7119140625,1.845703125,3642.0,84.3682404699778,8
ch2_cla_l1_20250801T215128772_20250801T215136772.fits,/home/saurabh/moon_project/data/CLASS/ch2_cla_l1_2025_08/cla/data/calibrated/2025/08/01/ch2_cla_l1_20250801T215128772_20250801T215136772.fits,2025-08-01T21:51:28.772,2025-08-01T21:51:36.772,2025-08-01T21:51:32.772,8.0,-48.2,13.5,110.167,45.2126,55.6178,45.2174,55.6178,51.556,51.556,CLASS_add_scds.pro,2.1,175,1,"0,1,2,3,4,5,6,7,8,9,10,11,12,13,14,15,",45.882,54.9931,44.5732,54.9563,44.5491,56.2286,45.8574,56.294,1.72418212890625,0.0503687188912434,1.654296875,1.81591796875,3531.125,103.15513628926648,8
ch2_cla_l1_20250801T215136772_20250801T215144772.fits,/home/saurabh/moon_project/data/CLASS/ch2_cla_l1_2025_08/cla/data/calibrated/2025/08/01/ch2_cla_l1_20250801T215136772_20250801T215144772.fits,2025-08-01T21:51:36.772,2025-08-01T21:51:44.772,2025-08-01T21:51:40.772,8.0,-48.2,13.5,110.29,44.81,55.6013,44.8147,55.6015,51.2546,51.2546,CLASS_add_scds.pro,2.1,176,1,"0,1,2,3,4,5,6,7,8,9,10,11,12,13,14,15,",45.48,54.9803,44.1699,54.9439,44.1459,56.2089,45.4555,56.2734,1.7674560546875,0.0394302496088954,1.72119140625,1.82373046875,3619.75,80.7531511990178,8
ch2_cla_l1_20250801T215144772_20250801T215152772.fits,/home/saurabh/moon_project/data/CLASS/ch2_cla_l1_2025_08/cla/data/calibrated/2025/08/01/ch2_cla_l1_20250801T215144772_20250801T215152772.fits,2025-08-01T21:51:44.772,2025-08-01T21:51:52.772,2025-08-01T21:51:48.772,8.0,-48.2,13.5,110.412,44.4074,55.585,44.4121,55.5851,50.9542,50.9542,CLASS_add_scds.pro,2.1,177,1,"0,1,2,3,4,5,6,7,8,9,10,11,12,13,14,15,",45.0778,54.9677,43.7668,54.9314,43.743,56.1892,45.0534,56.2531,1.7498779296875,0.0540325887829851,1.6748046875,1.84423828125,3583.75,110.65874182755353,8
ch2_cla_l1_20250801T215152772_20250801T215200772.fits,/home/saurabh/moon_project/data/CLASS/ch2_cla_l1_2025_08/cla/data/calibrated/2025/08/01/ch2_cla_l1_20250801T215152772_20250801T215200772.fits,2025-08-01T21:51:52.772,2025-08-01T21:52:00.772,2025-08-01T21:51:56.772,8.0,-48.2,13.5,110.534,44.0049,55.569,44.0097,55.5691,50.6549,50.6549,CLASS_add_scds.pro,2.1,178,1,"0,1,2,3,4,5,6,7,8,9,10,11,12,13,14,15,",44.6757,54.9549,43.3637,54.9192,43.34,56.17,44.6515,56.2327,1.65313720703125,0.041668886170991,1.5830078125,1.7138671875,3385.625,85.33787887818967,8
ch2_cla_l1_20250801T215200772_20250801T215208772.fits,/home/saurabh/moon_project/data/CLASS/ch2_cla_l1_2025_08/cla/data/calibrated/2025/08/01/ch2_cla_l1_20250801T215200772_20250801T215208772.fits,2025-08-01T21:52:00.772,2025-08-01T21:52:08.772,2025-08-01T21:52:04.772,8.0,-48.2,13.5,110.656,43.6024,55.5531,43.6071,55.5532,50.3567,50.3567,CLASS_add_scds.pro,2.1,179,1,"0,1,2,3,4,5,6,7,8,9,10,11,12,13,14,15,",44.2736,54.9425,42.9607,54.907,42.9371,56.151,44.2495,56.2129,1.62652587890625,0.0704984778749125,1.52392578125,1.75048828125,3331.125,144.38088268782084,8
ch2_cla_l1_20250801T215208772_20250801T215216772.fits,/home/saurabh/moon_project/data/CLASS/ch2_cla_l1_2025_08/cla/data/calibrated/2025/08/01/ch2_cla_l1_20250801T215208772_20250801T215216772.fits,2025-08-01T21:52:08.772,2025-08-01T21:52:16.772,2025-08-01T21:52:12.772,8.0,-48.2,13.5,110.776,43.2,55.5374,43.2046,55.5376,50.0596,50.0596,CLASS_add_scds.pro,2.1,180,1,"0,1,2,3,4,5,6,7,8,9,10,11,12,13,14,15,",43.8716,54.9301,42.5578,54.895,42.5343,56.1323,43.8476,56.1934,1.6551513671875,0.0548813168545411,1.56787109375,1.73193359375,3389.75,112.39693691810037,8
ch2_cla_l1_20250801T215216772_20250801T215224772.fits,/home/saurabh/moon_project/data/CLASS/ch2_cla_l1_2025_08/cla/data/calibrated/2025/08/01/ch2_cla_l1_20250801T215216772_20250801T215224772.fits,2025-08-01T21:52:16.772,2025-08-01T21:52:24.772,2025-08-01T21:52:20.772,8.0,-48.2,13.5,110.896,42.7976,55.5219,42.8023,55.5221,49.7636,49.7636,CLASS_add_scds.pro,2.1,181,1,"0,1,2,3,4,5,6,7,8,9,10,11,12,13,14,15,",43.4696,54.9179,42.1549,54.8832,42.1316,56.1139,43.4458,56.1741,1.65142822265625,0.0860600526558481,1.5166015625,1.7705078125,3382.125,176.250987839177,8
ch2_cla_l1_20250801T215224772_20250801T215232772.fits,/home/saurabh/moon_project/data/CLASS/ch2_cla_l1_2025_08/cla/data/calibrated/2025/08/01/ch2_cla_l1_20250801T215224772_20250801T215232772.fits,2025-08-01T21:52:24.772,2025-08-01T21:52:32.772,2025-08-01T21:52:28.772,8.0,-48.1,13.5,111.016,42.3953,55.5066,42.4,55.5068,49.4687,49.4687,CLASS_add_scds.pro,2.1,182,1,"0,1,2,3,4,5,6,7,8,9,10,11,12,13,14,15,",43.0678,54.9058,41.7521,54.8714,41.7289,56.0956,43.0441,56.1551,1.64617919921875,0.0719477019256659,1.55810546875,1.763671875,3371.375,147.34889354376378,8
ch2_cla_l1_20250801T215232772_20250801T215240772.fits,/home/saurabh/moon_project/data/CLASS/ch2_cla_l1_2025_08/cla/data/calibrated/2025/08/01/ch2_cla_l1_20250801T215232772_20250801T215240772.fits,2025-08-01T21:52:32.772,2025-08-01T21:52:40.772,2025-08-01T21:52:36.772,8.0,-48.0,13.5,111.135,41.993,55.4915,41.9977,55.4917,49.175,49.175,CLASS_add_scds.pro,2.1,183,1,"0,1,2,3,4,5,6,7,8,9,10,11,12,13,14,15,",42.666,54.8938,41.3493,54.8595,41.3263,56.0776,42.6424,56.1364,1.673828125,0.0782652549620669,1.54052734375,1.796875,3428.0,160.2872421623131,8
ch2_cla_l1_20250801T215240772_20250801T215248772.fits,/home/saurabh/moon_project/data/CLASS/ch2_cla_l1_2025_08/cla/data/calibrated/2025/08/01/ch2_cla_l1_20250801T215240772_20250801T215248772.fits,2025-08-01T21:52:40.772,2025-08-01T21:52:48.772,2025-08-01T21:52:44.772,8.0,-47.9,13.5,111.253,41.5908,55.4766,41.5956,55.4767,48.8825,48.8825,CLASS_add_scds.pro,2.1,184,1,"0,1,2,3,4,5,6,7,8,9,10,11,12,13,14,15,",42.2642,54.8817,40.9466,54.848,40.9236,56.0598,42.2407,56.1177,1.667236328125,0.0747747034624797,1.5654296875,1.77587890625,3414.5,153.1385926911586,8
ch2_cla_l1_20250801T215248772_20250801T215256772.fits,/home/saurabh/moon_project/data/CLASS/ch2_cla_l1_2025_08/cla/data/calibrated/2025/08/01/ch2_cla_l1_20250801T215248772_20250801T215256772.fits,2025-08-01T21:52:48.772,2025-08-01T21:52:56.772,2025-08-01T21:52:52.772,8.0,-47.9,13.5,111.371,41.1886,55.4618,41.1934,55.462,48.5911,48.5911,CLASS_add_scds.pro,2.1,185,1,"0,1,2,3,4,5,6,7,8,9,10,11,12,13,14,15,",41.8624,54.87,40.5439,54.8365,40.5211,56.0423,41.8391,56.0995,1.67926025390625,0.0850168179054669,1.5478515625,1.81640625,3439.125,174.11444307039633,8
ch2_cla_l1_20250801T215256772_20250801T215304772.fits,/home/saurabh/moon_project/data/CLASS/ch2_cla_l1_2025_08/cla/data/calibrated/2025/08/01/ch2_cla_l1_20250801T215256772_20250801T215304772.fits,2025-08-01T21:52:56.772,2025-08-01T21:53:04.772,2025-08-01T21:53:00.772,8.0,-47.8,13.5,111.488,40.7864,55.4472,40.7913,55.4474,48.3011,48.3011,CLASS_add_scds.pro,2.1,186,1,"0,1,2,3,4,5,6,7,8,9,10,11,12,13,14,15,",41.4607,54.8583,40.1414,54.8252,40.1186,56.0251,41.4375,56.0814,1.66253662109375,0.0445904083053896,1.6005859375,1.7412109375,3404.875,91.32115620943796,8
ch2_cla_l1_20250801T215304772_20250801T215312772.fits,/home/saurabh/moon_project/data/CLASS/ch2_cla_l1_2025_08/cla/data/calibrated/2025/08/01/ch2_cla_l1_20250801T215304772_20250801T215312772.fits,2025-08-01T21:53:04.772,2025-08-01T21:53:12.772,2025-08-01T21:53:08.772,8.0,-47.8,13.5,111.604,40.3844,55.4328,40.3892,55.4329,48.0122,48.0122,CLASS_add_scds.pro,2.1,187,1,"0,1,2,3,4,5,6,7,8,9,10,11,12,13,14,15,",41.0591,54.8468,39.7387,54.8137,39.7161,56.0078,41.036,56.0637,1.700439453125,0.0754476358505742,1.58203125,1.8134765625,3482.5,154.51675822197595,8
ch2_cla_l1_20250801T215312772_20250801T215320772.fits,/home/saurabh/moon_project/data/CLASS/ch2_cla_l1_2025_08/cla/data/calibrated/2025/08/01/ch2_cla_l1_20250801T215312772_20250801T215320772.fits,2025-08-01T21:53:12.772,2025-08-01T21:53:20.772,2025-08-01T21:53:16.772,8.0,-47.8,13.5,111.719,39.9823,55.4185,39.9872,55.4187,47.7247,47.7247,CLASS_add_scds.pro,2.1,188,1,"0,1,2,3,4,5,6,7,8,9,10,11,12,13,14,15,",40.6574,54.8352,39.3361,54.8027,39.3136,55.9911,40.6345,56.046,1.684814453125,0.0435200780374163,1.62255859375,1.76220703125,3450.5,89.12911982062877,8
ch2_cla_l1_20250801T215320772_20250801T215328772.fits,/home/saurabh/moon_project/data/CLASS/ch2_cla_l1_2025_08/cla/data/calibrated/2025/08/01/ch2_cla_l1_20250801T215320772_20250801T215328772.fits,2025-08-01T21:53:20.772,2025-08-01T21:53:28.772,2025-08-01T21:53:24.772,8.0,-47.8,13.5,111.834,39.5803,55.4044,39.5851,55.4046,47.4384,47.4384,CLASS_add_scds.pro,2.1,189,1,"0,1,2,3,4,5,6,7,8,9,10,11,12,13,14,15,",40.2558,54.824,38.9337,54.7915,38.9113,55.9744,40.2329,56.0288,1.701904296875,0.0589570905364121,1.59130859375,1.76904296875,3485.5,120.744121418572,8
ch2_cla_l1_20250801T215328772_20250801T215336772.fits,/home/saurabh/moon_project/data/CLASS/ch2_cla_l1_2025_08/cla/data/calibrated/2025/08/01/ch2_cla_l1_20250801T215328772_20250801T215336772.fits,2025-08-01T21:53:28.772,2025-08-01T21:53:36.772,2025-08-01T21:53:32.772,8.0,-47.8,13.5,111.949,39.1784,55.3904,39.1832,55.3906,47.1534,47.1534,CLASS_add_scds.pro,2.1,190,1,"0,1,2,3,4,5,6,7,8,9,10,11,12,13,14,15,",39.8543,54.8127,38.5313,54.7805,38.509,55.9579,39.8316,56.0117,1.675048828125,0.0402088354057253,1.6298828125,1.74658203125,3430.5,82.34769491092545,8
ch2_cla_l1_20250801T215336772_20250801T215344772.fits,/home/saurabh/moon_project/data/CLASS/ch2_cla_l1_2025_08/cla/data/calibrated/2025/08/01/ch2_cla_l1_20250801T215336772_20250801T215344772.fits,2025-08-01T21:53:36.772,2025-08-01T21:53:44.772,2025-08-01T21:53:40.772,8.0,-47.8,13.5,112.062,38.7765,55.3766,38.7812,55.3768,46.8698,46.8698,CLASS_add_scds.pro,2.1,191,1,"0,1,2,3,4,5,6,7,8,9,10,11,12,13,14,15,",39.4528,54.8015,38.129,54.7696,38.1068,55.9417,39.4302,55.9948,1.74029541015625,0.0334284852001163,1.68603515625,1.78857421875,3564.125,68.46153768983825,8
ch2_cla_l1_20250801T215344772_20250801T215352772.fits,/home/saurabh/moon_project/data/CLASS/ch2_cla_l1_2025_08/cla/data/calibrated/2025/08/01/ch2_cla_l1_20250801T215344772_20250801T215352772.fits,2025-08-01T21:53:44.772,2025-08-01T21:53:52.772,2025-08-01T21:53:48.772,8.0,-47.8,13.5,112.175,38.3747,55.3629,38.3795,55.3631,46.5876,46.5876,CLASS_add_scds.pro,2.1,192,1,"0,1,2,3,4,5,6,7,8,9,10,11,12,13,14,15,",39.0515,54.7904,37.7267,54.7586,37.7045,55.9255,39.0289,55.9782,1.69061279296875,0.0339496579290035,1.64013671875,1.73779296875,3462.375,69.52889943859932,8
ch2_cla_l1_20250801T215352772_20250801T215400772.fits,/home/saurabh/moon_project/data/CLASS/ch2_cla_l1_2025_08/cla/data/calibrated/2025/08/01/ch2_cla_l1_20250801T215352772_20250801T215400772.fits,2025-08-01T21:53:52.772,2025-08-01T21:54:00.772,2025-08-01T21:53:56.772,8.0,-47.7,13.5,112.287,37.9729,55.3494,37.9777,55.3495,46.3068,46.3068,CLASS_add_scds.pro,2.1,193,1,"0,1,2,3,4,5,6,7,8,9,10,11,12,13,14,15,",38.6501,54.7793,37.3244,54.7478,37.3023,55.9097,38.6276,55.9615,1.7357177734375,0.0599656576692467,1.63134765625,1.8212890625,3554.75,122.80966690661728,8
ch2_cla_l1_20250801T215400772_20250801T215408772.fits,/home/saurabh/moon_project/data/CLASS/ch2_cla_l1_2025_08/cla/data/calibrated/2025/08/01/ch2_cla_l1_20250801T215400772_20250801T215408772.fits,2025-08-01T21:54:00.772,2025-08-01T21:54:08.772,2025-08-01T21:54:04.772,8.0,-47.7,13.5,112.399,37.5711,55.3359,37.576,55.3361,46.0273,46.0273,CLASS_add_scds.pro,2.1,194,1,"0,1,2,3,4,5,6,7,8,9,10,11,12,13,14,15,",38.2487,54.7684,36.9221,54.7372,36.9002,55.894,38.2264,55.9452,1.69573974609375,0.0414857969125039,1.6298828125,1.76611328125,3472.875,84.96291207680812,8
ch2_cla_l1_20250801T215408772_20250801T215416772.fits,/home/saurabh/moon_project/data/CLASS/ch2_cla_l1_2025_08/cla/data/calibrated/2025/08/01/ch2_cla_l1_20250801T215408772_20250801T215416772.fits,2025-08-01T21:54:08.772,2025-08-01T21:54:16.772,2025-08-01T21:54:12.772,8.0,-47.6,13.5,112.51,37.1694,55.3227,37.1742,55.3229,45.7494,45.7494,CLASS_add_scds.pro,2.1,195,1,"0,1,2,3,4,5,6,7,8,9,10,11,12,13,14,15,",37.8473,54.7576,36.5201,54.7265,36.4982,55.8784,37.8251,55.9291,1.7545166015625,0.0572029351421707,1.6611328125,1.841796875,3593.25,117.15161117116573,8
ch2_cla_l1_20250801T215416772_20250801T215424772.fits,/home/saurabh/moon_project/data/CLASS/ch2_cla_l1_2025_08/cla/data/calibrated/2025/08/01/ch2_cla_l1_20250801T215416772_20250801T215424772.fits,2025-08-01T21:54:16.772,2025-08-01T21:54:24.772,2025-08-01T21:54:20.772,8.0,-47.5,13.5,112.62,36.7678,55.3095,36.7725,55.3096,45.4729,45.4729,CLASS_add_scds.pro,2.1,196,1,"0,1,2,3,4,5,6,7,8,9,10,11,12,13,14,15,",37.4462,54.7468,36.1178,54.7159,36.0961,55.8631,37.4241,55.9132,1.6881103515625,0.0751743605942133,1.5751953125,1.78173828125,3457.25,153.9570904969489,8
ch2_cla_l1_20250801T215424772_20250801T215432772.fits,/home/saurabh/moon_project/data/CLASS/ch2_cla_l1_2025_08/cla/data/calibrated/2025/08/01/ch2_cla_l1_20250801T215424772_20250801T215432772.fits,2025-08-01T21:54:24.772,2025-08-01T21:54:32.772,2025-08-01T21:54:28.772,8.0,-47.5,13.5,112.729,36.3662,55.2965,36.3709,55.2967,45.1978,45.1978,CLASS_add_scds.pro,2.1,197,1,"0,1,2,3,4,5,6,7,8,9,10,11,12,13,14,15,",37.0449,54.7361,35.716,54.7055,35.6943,55.8479,37.0229,55.8974,1.741455078125,0.0755604106258568,1.63916015625,1.8525390625,3566.5,154.74772096175485,8
ch2_cla_l1_20250801T215432772_20250801T215440772.fits,/home/saurabh/moon_project/data/CLASS/ch2_cla_l1_2025_08/cla/data/calibrated/2025/08/01/ch2_cla_l1_20250801T215432772_20250801T215440772.fits,2025-08-01T21:54:32.772,2025-08-01T21:54:40.772,2025-08-01T21:54:36.772,8.0,-47.5,13.5,112.838,35.9646,55.2836,35.9695,55.2837,44.9244,44.9244,CLASS_add_scds.pro,2.1,198,1,"0,1,2,3,4,5,6,7,8,9,10,11,12,13,14,15,",36.6439,54.7255,35.3139,54.695,35.2923,55.8328,36.6219,55.8819,1.72259521484375,0.0840279348968193,1.5927734375,1.8212890625,3527.875,172.0892106686861,8
ch2_cla_l1_20250801T215440772_20250801T215448772.fits,/home/saurabh/moon_project/data/CLASS/ch2_cla_l1_2025_08/cla/data/calibrated/2025/08/01/ch2_cla_l1_20250801T215440772_20250801T215448772.fits,2025-08-01T21:54:40.772,2025-08-01T21:54:48.772,2025-08-01T21:54:44.772,8.0,-47.4,13.5,112.946,35.5631,55.2708,35.5679,55.2709,44.6524,44.6524,CLASS_add_scds.pro,2.1,199,1,"0,1,2,3,4,5,6,7,8,9,10,11,12,13,14,15,",36.2427,54.7149,34.9119,54.6847,34.8904,55.818,36.2209,55.8665,1.74798583984375,0.0621559688049676,1.662109375,1.85205078125,3579.875,127.29542411257366,8
ch2_cla_l1_20250801T215448772_20250801T215456772.fits,/home/saurabh/moon_project/data/CLASS/ch2_cla_l1_2025_08/cla/data/calibrated/2025/08/01/ch2_cla_l1_20250801T215448772_20250801T215456772.fits,2025-08-01T21:54:48.772,2025-08-01T21:54:56.772,2025-08-01T21:54:52.772,8.0,-47.4,13.5,113.053,35.1616,55.2581,35.1664,55.2583,44.3821,44.3821,CLASS_add_scds.pro,2.1,200,1,"0,1,2,3,4,5,6,7,8,9,10,11,12,13,14,15,",35.8417,54.7045,34.51,54.6744,34.4886,55.8033,35.8199,55.8513,1.72808837890625,0.0817198519513903,1.615234375,1.8525390625,3539.125,167.36225679644738,8
ch2_cla_l1_20250801T215456772_20250801T215504772.fits,/home/saurabh/moon_project/data/CLASS/ch2_cla_l1_2025_08/cla/data/calibrated/2025/08/01/ch2_cla_l1_20250801T215456772_20250801T215504772.fits,2025-08-01T21:54:56.772,2025-08-01T21:55:04.772,2025-08-01T21:55:00.772,8.0,-47.4,13.5,113.16,34.7602,55.2456,34.765,55.2457,44.1134,44.1134,CLASS_add_scds.pro,2.1,201,1,"0,1,2,3,4,5,6,7,8,9,10,11,12,13,14,15,",35.4406,54.6941,34.1081,54.6642,34.0867,55.7887,35.4189,55.8362,1.753662109375,0.0447189772010706,1.68310546875,1.822265625,3591.5,91.58446530779273,8
ch2_cla_l1_20250801T215504772_20250801T215512772.fits,/home/saurabh/moon_project/data/CLASS/ch2_cla_l1_2025_08/cla/data/calibrated/2025/08/01/ch2_cla_l1_20250801T215504772_20250801T215512772.fits,2025-08-01T21:55:04.772,2025-08-01T21:55:12.772,2025-08-01T21:55:08.772,8.0,-47.4,13.5,113.266,34.3588,55.2331,34.3637,55.2333,43.8463,43.8463,CLASS_add_scds.pro,2.1,202,1,"0,1,2,3,4,5,6,7,8,9,10,11,12,13,14,15,",35.0396,54.6837,33.7063,54.654,33.685,55.7744,35.018,55.8213,1.76324462890625,0.0613218365014635,1.677734375,1.859375,3611.125,125.58712115499742,8
ch2_cla_l1_20250801T215512772_20250801T215520772.fits,/home/saurabh/moon_project/data/CLASS/ch2_cla_l1_2025_08/cla/data/calibrated/2025/08/01/ch2_cla_l1_20250801T215512772_20250801T215520772.fits,2025-08-01T21:55:12.772,2025-08-01T21:55:20.772,2025-08-01T21:55:16.772,8.0,-47.3,13.5,113.371,33.9574,55.2208,33.9623,55.221,43.5808,43.5808,CLASS_add_scds.pro,2.1,203,1,"0,1,2,3,4,5,6,7,8,9,10,11,12,13,14,15,",34.6387,54.6735,33.3044,54.6439,33.2833,55.7601,34.6172,55.8066,1.7525634765625,0.0380570857836812,1.69970703125,1.81298828125,3589.25,77.94091168497911,8
ch2_cla_l1_20250801T215520772_20250801T215528772.fits,/home/saurabh/moon_project/data/CLASS/ch2_cla_l1_2025_08/cla/data/calibrated/2025/08/01/ch2_cla_l1_20250801T215520772_20250801T215528772.fits,2025-08-01T21:55:20.772,2025-08-01T21:55:28.772,2025-08-01T21:55:24.772,8.0,-47.3,13.5,113.475,33.5561,55.2086,33.561,55.2087,43.3171,43.3171,CLASS_add_scds.pro,2.1,204,1,"0,1,2,3,4,5,6,7,8,9,10,11,12,13,14,15,",34.2377,54.6632,32.9029,54.634,32.8817,55.7461,34.2163,55.792,1.75628662109375,0.0570316068335789,1.666015625,1.828125,3596.875,116.80073079516974,8
ch2_cla_l1_20250801T215528772_20250801T215536772.fits,/home/saurabh/moon_project/data/CLASS/ch2_cla_l1_2025_08/cla/data/calibrated/2025/08/01/ch2_cla_l1_20250801T215528772_20250801T215536772.fits,2025-08-01T21:55:28.772,2025-08-01T21:55:36.772,2025-08-01T21:55:32.772,8.0,-47.3,13.5,113.579,33.1549,55.1964,33.1598,55.1966,43.0551,43.0551,CLASS_add_scds.pro,2.1,205,1,"0,1,2,3,4,5,6,7,8,9,10,11,12,13,14,15,",33.837,54.6532,32.5012,54.624,32.4801,55.7321,33.8156,55.7777,1.76055908203125,0.0354119944228726,1.71826171875,1.82470703125,3605.625,72.52376457804317,8
ch2_cla_l1_20250801T215536772_20250801T215544772.fits,/home/saurabh/moon_project/data/CLASS/ch2_cla_l1_2025_08/cla/data/calibrated/2025/08/01/ch2_cla_l1_20250801T215536772_20250801T215544772.fits,2025-08-01T21:55:36.772,2025-08-01T21:55:44.772,2025-08-01T21:55:40.772,8.0,-47.2,13.5,113.681,32.7537,55.1844,32.7586,55.1846,42.7949,42.7949,CLASS_add_scds.pro,2.1,206,1,"0,1,2,3,4,5,6,7,8,9,10,11,12,13,14,15,",33.4361,54.6431,32.0994,54.614,32.0785,55.7182,33.4149,55.7634,1.79364013671875,0.0674863221676176,1.68408203125,1.89111328125,3673.375,138.2119877992809,8
ch2_cla_l1_20250801T215544772_20250801T215552772.fits,/home/saurabh/moon_project/data/CLASS/ch2_cla_l1_2025_08/cla/data/calibrated/2025/08/01/ch2_cla_l1_20250801T215544772_20250801T215552772.fits,2025-08-01T21:55:44.772,2025-08-01T21:55:52.772,2025-08-01T21:55:48.772,8.0,-47.1,13.5,113.784,32.3525,55.1725,32.3574,55.1726,42.5365,42.5365,CLASS_add_scds.pro,2.1,207,1,"0,1,2,3,4,5,6,7,8,9,10,11,12,13,14,15,",33.0352,54.633,31.6978,54.6041,31.677,55.7045,33.0141,55.7492,1.75372314453125,0.0609985590614924,1.65380859375,1.84228515625,3591.625,124.9250489579366,8
ch2_cla_l1_20250801T215552772_20250801T215600772.fits,/home/saurabh/moon_project/data/CLASS/ch2_cla_l1_2025_08/cla/data/calibrated/2025/08/01/ch2_cla_l1_20250801T215552772_20250801T215600772.fits,2025-08-01T21:55:52.772,2025-08-01T21:56:00.772,2025-08-01T21:55:56.772,8.0,-47.1,13.5,113.885,31.9514,55.1606,31.9563,55.1608,42.2799,42.2799,CLASS_add_scds.pro,2.1,208,1,"0,1,2,3,4,5,6,7,8,9,10,11,12,13,14,15,",32.6345,54.623,31.2963,54.5943,31.2755,55.691,32.6134,55.7351,1.79534912109375,0.0501654459218334,1.73193359375,1.8642578125,3676.875,102.73883324791488,8
ch2_cla_l1_20250801T215600772_20250801T215608772.fits,/home/saurabh/moon_project/data/CLASS/ch2_cla_l1_2025_08/cla/data/calibrated/2025/08/01/ch2_cla_l1_20250801T215600772_20250801T215608772.fits,2025-08-01T21:56:00.772,2025-08-01T21:56:08.772,2025-08-01T21:56:04.772,8.0,-47.1,13.5,113.985,31.5503,55.1489,31.5552,55.1491,42.0252,42.0252,CLASS_add_scds.pro,2.1,209,1,"0,1,2,3,4,5,6,7,8,9,10,11,12,13,14,15,",32.2338,54.6131,30.8948,54.5845,30.874,55.6775,32.2128,55.7213,1.77508544921875,0.0582269358368068,1.68310546875,1.86181640625,3635.375,119.2487645937804,8
ch2_cla_l1_20250801T215608772_20250801T215616772.fits,/home/saurabh/moon_project/data/CLASS/ch2_cla_l1_2025_08/cla/data/calibrated/2025/08/01/ch2_cla_l1_20250801T215608772_20250801T215616772.fits,2025-08-01T21:56:08.772,2025-08-01T21:56:16.772,2025-08-01T21:56:12.772,8.0,-47.1,13.5,114.085,31.1493,55.1372,31.1542,55.1374,41.7724,41.7724,CLASS_add_scds.pro,2.1,210,1,"0,1,2,3,4,5,6,7,8,9,10,11,12,13,14,15,",31.8331,54.6032,30.4934,54.5747,30.4727,55.6642,31.8121,55.7076,1.6756591796875,0.1019393301882456,1.50146484375,1.81640625,3431.75,208.77174822552703,8
ch2_cla_l1_20250801T215616772_20250801T215624772.fits,/home/saurabh/moon_project/data/CLASS/ch2_cla_l1_2025_08/cla/data/calibrated/2025/08/01/ch2_cla_l1_20250801T215616772_20250801T215624772.fits,2025-08-01T21:56:16.772,2025-08-01T21:56:24.772,2025-08-01T21:56:20.772,8.0,-47.0,13.5,114.184,30.7483,55.1257,30.7531,55.1258,41.5215,41.5215,CLASS_add_scds.pro,2.1,211,1,"0,1,2,3,4,5,6,7,8,9,10,11,12,13,14,15,",31.4325,54.5934,30.0919,54.5651,30.0713,55.651,31.4116,55.694,1.6387939453125,0.0744253166507948,1.537109375,1.7490234375,3356.25,152.42304850082783,8
ch2_cla_l1_20250801T215624772_20250801T215632772.fits,/home/saurabh/moon_project/data/CLASS/ch2_cla_l1_2025_08/cla/data/calibrated/2025/08/01/ch2_cla_l1_20250801T215624772_20250801T215632772.fits,2025-08-01T21:56:24.772,2025-08-01T21:56:32.772,2025-08-01T21:56:28.772,8.0,-46.9,13.5,114.282,30.3473,55.1142,30.3521,55.1144,41.2725,41.2725,CLASS_add_scds.pro,2.1,212,1,"0,1,2,3,4,5,6,7,8,9,10,11,12,13,14,15,",31.0319,54.5836,29.6907,54.5554,29.6702,55.6379,31.0111,55.6805,1.71514892578125,0.0743429822113004,1.61962890625,1.83544921875,3512.625,152.25442756874335,8
ch2_cla_l1_20250801T215632772_20250801T215640772.fits,/home/saurabh/moon_project/data/CLASS/ch2_cla_l1_2025_08/cla/data/calibrated/2025/08/01/ch2_cla_l1_20250801T215632772_20250801T215640772.fits,2025-08-01T21:56:32.772,2025-08-01T21:56:40.772,2025-08-01T21:56:36.772,8.0,-46.9,13.5,114.38,29.9464,55.1028,29.9513,55.1029,41.0256,41.0256,CLASS_add_scds.pro,2.1,213,1,"0,1,2,3,4,5,6,7,8,9,10,11,12,13,14,15,",30.6314,54.5738,29.2893,54.5458,29.2689,55.625,30.6107,55.6671,1.66070556640625,0.0793017187927682,1.5703125,1.79248046875,3401.125,162.40992008758928,8
ch2_cla_l1_20250801T215640772_20250801T215648772.fits,/home/saurabh/moon_project/data/CLASS/ch2_cla_l1_2025_08/cla/data/calibrated/2025/08/01/ch2_cla_l1_20250801T215640772_20250801T215648772.fits,2025-08-01T21:56:40.772,2025-08-01T21:56:48.772,2025-08-01T21:56:44.772,8.0,-46.9,13.5,114.476,29.5455,55.0915,29.5504,55.0916,40.7807,40.7807,CLASS_add_scds.pro,2.1,214,1,"0,1,2,3,4,5,6,7,8,9,10,11,12,13,14,15,",30.2309,54.5642,28.8881,54.5363,28.8677,55.6122,30.2102,55.6539,1.6998291015625,0.0488112066113963,1.62841796875,1.771484375,3481.25,99.9653511401397,8
ch2_cla_l1_20250801T215648772_20250801T215656772.fits,/home/saurabh/moon_project/data/CLASS/ch2_cla_l1_2025_08/cla/data/calibrated/2025/08/01/ch2_cla_l1_20250801T215648772_20250801T215656772.fits,2025-08-01T21:56:48.772,2025-08-01T21:56:56.772,2025-08-01T21:56:52.772,8.0,-46.8,13.5,114.572,29.1447,55.0803,29.1496,55.0804,40.5379,40.5379,CLASS_add_scds.pro,2.1,215,1,"0,1,2,3,4,5,6,7,8,9,10,11,12,13,14,15,",29.8305,54.5547,28.4869,54.5269,28.4665,55.5995,29.8098,55.6409,1.65020751953125,0.0474670352416197,1.57568359375,1.72705078125,3379.625,97.21248817483718,8
ch2_cla_l1_20250801T215656772_20250801T215704772.fits,/home/saurabh/moon_project/data/CLASS/ch2_cla_l1_2025_08/cla/data/calibrated/2025/08/01/ch2_cla_l1_20250801T215656772_20250801T215704772.fits,2025-08-01T21:56:56.772,2025-08-01T21:57:04.772,2025-08-01T21:57:00.772,8.0,-46.7,13.5,114.667,28.7439,55.0691,28.7488,55.0693,40.2972,40.2972,CLASS_add_scds.pro,2.1,216,1,"0,1,2,3,4,5,6,7,8,9,10,11,12,13,14,15,",29.43,54.5451,28.0857,54.5174,28.0654,55.5869,29.4095,55.628,1.72064208984375,0.0480720179539281,1.64697265625,1.7890625,3523.875,98.45149276964484,8
ch2_cla_l1_20250801T215704772_20250801T215712772.fits,/home/saurabh/moon_project/data/CLASS/ch2_cla_l1_2025_08/cla/data/calibrated/2025/08/01/ch2_cla_l1_20250801T215704772_20250801T215712772.fits,2025-08-01T21:57:04.772,2025-08-01T21:57:12.772,2025-08-01T21:57:08.772,8.0,-46.7,13.5,114.761,28.3432,55.058,28.348,55.0582,40.0586,40.0586,CLASS_add_scds.pro,2.1,217,1,"0,1,2,3,4,5,6,7,8,9,10,11,12,13,14,15,",29.0296,54.5356,27.6846,54.508,27.6644,55.5744,29.0091,55.6151,1.66632080078125,0.0529213069702025,1.595703125,1.7568359375,3412.625,108.38283667497493,8
ch2_cla_l1_20250801T215712772_20250801T215720772.fits,/home/saurabh/moon_project/data/CLASS/ch2_cla_l1_2025_08/cla/data/calibrated/2025/08/01/ch2_cla_l1_20250801T215712772_20250801T215720772.fits,2025-08-01T21:57:12.772,2025-08-01T21:57:20.772,2025-08-01T21:57:16.772,8.0,-46.7,13.5,114.855,27.9425,55.047,27.9474,55.0472,39.8223,39.8223,CLASS_add_scds.pro,2.1,218,1,"0,1,2,3,4,5,6,7,8,9,10,11,12,13,14,15,",28.6293,54.5261,27.2835,54.4986,27.2634,55.562,28.6089,55.6024,1.71246337890625,0.036567983716798,1.65283203125,1.7705078125,3507.125,74.89123065200243,8
ch2_cla_l1_20250801T215720772_20250801T215728772.fits,/home/saurabh/moon_project/data/CLASS/ch2_cla_l1_2025_08/cla/data/calibrated/2025/08/01/ch2_cla_l1_20250801T215720772_20250801T215728772.fits,2025-08-01T21:57:20.772,2025-08-01T21:57:28.772,2025-08-01T21:57:24.772,8.0,-46.6,13.5,114.947,27.5418,55.0361,27.5467,55.0362,39.5881,39.5881,CLASS_add_scds.pro,2.1,219,1,"0,1,2,3,4,5,6,7,8,9,10,11,12,13,14,15,",28.229,54.5166,26.8825,54.4892,26.8624,55.5497,28.2086,55.5897,1.6871337890625,0.0544851803510467,1.61669921875,1.78271484375,3455.25,111.58564935894374,8
ch2_cla_l1_20250801T215728772_20250801T215736772.fits,/home/saurabh/moon_project/data/CLASS/ch2_cla_l1_2025_08/cla/data/calibrated/2025/08/01/ch2_cla_l1_20250801T215728772_20250801T215736772.fits,2025-08-01T21:57:28.772,2025-08-01T21:57:36.772,2025-08-01T21:57:32.772,8.0,-46.6,13.5,115.039,27.1412,55.0253,27.146,55.0254,39.3563,39.3563,CLASS_add_scds.pro,2.1,220,1,"0,1,2,3,4,5,6,7,8,9,10,11,12,13,14,15,",27.8287,54.5072,26.4815,54.4799,26.4614,55.5375,27.8084,55.5772,1.733154296875,0.0337968837717114,1.68603515625,1.78466796875,3549.5,69.21601796446501,8
ch2_cla_l1_20250801T215736772_20250801T215744772.fits,/home/saurabh/moon_project/data/CLASS/ch2_cla_l1_2025_08/cla/data/calibrated/2025/08/01/ch2_cla_l1_20250801T215736772_20250801T215744772.fits,2025-08-01T21:57:36.772,2025-08-01T21:57:44.772,2025-08-01T21:57:40.772,8.0,-46.6,13.5,115.13,26.7406,55.0145,26.7454,55.0146,39.1267,39.1267,CLASS_add_scds.pro,2.1,221,1,"0,1,2,3,4,5,6,7,8,9,10,11,12,13,14,15,",27.4284,54.4978,26.0808,54.4707,26.0608,55.5255,27.4082,55.5647,1.69744873046875,0.0719552758725094,1.599609375,1.82568359375,3476.375,147.36440498689925,8
ch2_cla_l1_20250801T215744772_20250801T215752772.fits,/home/saurabh/moon_project/data/CLASS/ch2_cla_l1_2025_08/cla/data/calibrated/2025/08/01/ch2_cla_l1_20250801T215744772_20250801T215752772.fits,2025-08-01T21:57:44.772,2025-08-01T21:57:52.772,2025-08-01T21:57:48.772,8.0,-46.6,13.5,115.22,26.34,55.0038,26.3453,55.0041,38.8995,38.8995,CLASS_add_scds.pro,2.1,222,1,"0,1,2,3,4,5,6,7,8,9,10,11,12,13,14,15,",27.0285,54.4886,25.6797,54.4614,25.6597,55.5135,27.0083,55.5526,1.72247314453125,0.0584569514856107,1.6337890625,1.8076171875,3527.625,119.71983664253092,8
ch2_cla_l1_20250801T215752772_20250801T215800772.fits,/home/saurabh/moon_project/data/CLASS/ch2_cla_l1_2025_08/cla/data/calibrated/2025/08/01/ch2_cla_l1_20250801T215752772_20250801T215800772.fits,2025-08-01T21:57:52.772,2025-08-01T21:58:00.772,2025-08-01T21:57:56.772,8.0,-46.6,13.5,115.31,25.9395,54.9931,25.9444,54.9932,38.6747,38.6747,CLASS_add_scds.pro,2.1,223,1,"0,1,2,3,4,5,6,7,8,9,10,11,12,13,14,15,",26.6282,54.4793,25.2787,54.4522,25.2588,55.5015,26.608,55.5403,1.716796875,0.0727986009196849,1.61279296875,1.841796875,3516.0,149.09153468351485,8
ch2_cla_l1_20250801T215800772_20250801T215808772.fits,/home/saurabh/moon_project/data/CLASS/ch2_cla_l1_2025_08/cla/data/calibrated/2025/08/01/ch2_cla_l1_20250801T215800772_20250801T215808772.fits,2025-08-01T21:58:00.772,2025-08-01T21:58:08.772,2025-08-01T21:58:04.772,8.0,-46.4,13.5,115.398,25.539,54.9825,25.5439,54.9826,38.4523,38.4523,CLASS_add_scds.pro,2.1,224,1,"0,1,2,3,4,5,6,7,8,9,10,11,12,13,14,15,",26.2279,54.47,24.878,54.443,24.8581,55.4897,26.2078,55.5281,1.728271484375,0.0669187118216841,1.64306640625,1.8369140625,3539.5,137.04952181080907,8
ch2_cla_l1_20250801T215808772_20250801T215816772.fits,/home/saurabh/moon_project/data/CLASS/ch2_cla_l1_2025_08/cla/data/calibrated/2025/08/01/ch2_cla_l1_20250801T215808772_20250801T215816772.fits,2025-08-01T21:58:08.772,2025-08-01T21:58:16.772,2025-08-01T21:58:12.772,8.0,-46.3,13.5,115.486,25.1386,54.972,25.1434,54.9721,38.2324,38.2324,CLASS_add_scds.pro,2.1,225,1,"0,1,2,3,4,5,6,7,8,9,10,11,12,13,14,15,",25.8279,54.4608,24.4769,54.4338,24.4571,55.478,25.8079,55.5162,1.72210693359375,0.0896792356823824,1.60595703125,1.873046875,3526.875,183.6630746775192,8
ch2_cla_l1_20250801T215816772_20250801T215824772.fits,/home/saurabh/moon_project/data/CLASS/ch2_cla_l1_2025_08/cla/data/calibrated/2025/08/01/ch2_cla_l1_20250801T215816772_20250801T215824772.fits,2025-08-01T21:58:16.772,2025-08-01T21:58:24.772,2025-08-01T21:58:20.772,8.0,-46.3,13.5,115.573,24.7382,54.9615,24.7429,54.9616,38.0149,38.0149,CLASS_add_scds.pro,2.1,226,1,"0,1,2,3,4,5,6,7,8,9,10,11,12,13,14,15,",25.4276,54.4515,24.0761,54.4246,24.0564,55.4663,25.4076,55.5041,1.7337646484375,0.0780376490951366,1.63720703125,1.8466796875,3550.75,159.82110534683994,8
ch2_cla_l1_20250801T215824772_20250801T215832772.fits,/home/saurabh/moon_project/data/CLASS/ch2_cla_l1_2025_08/cla/data/calibrated/2025/08/01/ch2_cla_l1_20250801T215824772_20250801T215832772.fits,2025-08-01T21:58:24.772,2025-08-01T21:58:32.772,2025-08-01T21:58:28.772,8.0,-46.2,13.5,115.659,24.3378,54.9511,24.3426,54.9512,37.8001,37.8001,CLASS_add_scds.pro,2.1,227,1,"0,1,2,3,4,5,6,7,8,9,10,11,12,13,14,15,",25.0274,54.4422,23.6754,54.4155,23.6557,55.4548,25.0075,55.4922,1.75787353515625,0.0783785112836884,1.62890625,1.8876953125,3600.125,160.51919110899394,8
ch2_cla_l1_20250801T215832772_20250801T215840772.fits,/home/saurabh/moon_project/data/CLASS/ch2_cla_l1_2025_08/cla/data/calibrated/2025/08/01/ch2_cla_l1_20250801T215832772_20250801T215840772.fits,2025-08-01T21:58:32.772,2025-08-01T21:58:40.772,2025-08-01T21:58:36.772,8.0,-46.2,13.5,115.744,23.9374,54.9408,23.9424,54.9409,37.5879,37.5879,CLASS_add_scds.pro,2.1,228,1,"0,1,2,3,4,5,6,7,8,9,10,11,12,13,14,15,",24.6275,54.4331,23.2753,54.4066,23.2555,55.4434,24.6076,55.4805,1.72125244140625,0.0470674741168471,1.654296875,1.79150390625,3525.125,96.394186991303,8
ch2_cla_l1_20250801T215840772_20250801T215848772.fits,/home/saurabh/moon_project/data/CLASS/ch2_cla_l1_2025_08/cla/data/calibrated/2025/08/01/ch2_cla_l1_20250801T215840772_20250801T215848772.fits,2025-08-01T21:58:40.772,2025-08-01T21:58:48.772,2025-08-01T21:58:44.772,8.0,-46.2,13.5,115.828,23.5371,54.9305,23.5427,54.9308,37.3783,37.3783,CLASS_add_scds.pro,2.1,229,1,"0,1,2,3,4,5,6,7,8,9,10,11,12,13,14,15,",24.228,54.4242,22.8749,54.3975,22.8551,55.432,24.2081,55.4691,1.76025390625,0.0756523102828328,1.6337890625,1.86962890625,3605.0,154.93593145924174,8
ch2_cla_l1_20250801T215848772_20250801T215856772.fits,/home/saurabh/moon_project/data/CLASS/ch2_cla_l1_2025_08/cla/data/calibrated/2025/08/01/ch2_cla_l1_20250801T215848772_20250801T215856772.fits,2025-08-01T21:58:48.772,2025-08-01T21:58:56.772,2025-08-01T21:58:52.772,8.0,-46.2,13.5,115.911,23.1369,54.9203,23.1422,54.9204,37.1713,37.1713,CLASS_add_scds.pro,2.1,230,1,"0,1,2,3,4,5,6,7,8,9,10,11,12,13,14,15,",23.8283,54.4152,22.4739,54.3885,22.4543,55.4207,23.8084,55.4575,1.73748779296875,0.0493608891912948,1.66748046875,1.81884765625,3558.375,101.09110106377176,8
ch2_cla_l1_20250801T215856772_20250801T215904772.fits,/home/saurabh/moon_project/data/CLASS/ch2_cla_l1_2025_08/cla/data/calibrated/2025/08/01/ch2_cla_l1_20250801T215856772_20250801T215904772.fits,2025-08-01T21:58:56.772,2025-08-01T21:59:04.772,2025-08-01T21:59:00.772,8.0,-46.2,13.5,115.994,22.7366,54.9101,22.7417,54.9102,36.9672,36.9672,CLASS_add_scds.pro,2.1,231,1,"0,1,2,3,4,5,6,7,8,9,10,11,12,13,14,15,",23.4281,54.406,22.0732,54.3795,22.0537,55.4095,23.4083,55.4459,1.79766845703125,0.0666350901561545,1.6630859375,1.88427734375,3681.625,136.4686646398045,8
ch2_cla_l1_20250801T215904772_20250801T215912772.fits,/home/saurabh/moon_project/data/CLASS/ch2_cla_l1_2025_08/cla/data/calibrated/2025/08/01/ch2_cla_l1_20250801T215904772_20250801T215912772.fits,2025-08-01T21:59:04.772,2025-08-01T21:59:12.772,2025-08-01T21:59:08.772,8.0,-46.0,13.5,116.076,22.3364,54.9,22.3414,54.9001,36.7658,36.7658,CLASS_add_scds.pro,2.1,232,1,"0,1,2,3,4,5,6,7,8,9,10,11,12,13,14,15,",23.028,54.397,21.6726,54.3705,21.6531,55.3984,23.0083,55.4345,1.73114013671875,0.0332010092181388,1.68212890625,1.77587890625,3545.375,67.99566687874834,8
ch2_cla_l1_20250801T215912772_20250801T215920772.fits,/home/saurabh/moon_project/data/CLASS/ch2_cla_l1_2025_08/cla/data/calibrated/2025/08/01/ch2_cla_l1_20250801T215912772_20250801T215920772.fits,2025-08-01T21:59:12.772,2025-08-01T21:59:20.772,2025-08-01T21:59:16.772,8.0,-45.9,13.5,116.156,21.9363,54.8899,21.9412,54.89,36.5672,36.5672,CLASS_add_scds.pro,2.1,233,1,"0,1,2,3,4,5,6,7,8,9,10,11,12,13,14,15,",22.6281,54.388,21.2722,54.3616,21.2527,55.3874,22.6085,55.4232,1.787841796875,0.0605463124613844,1.6708984375,1.859375,3661.5,123.99884792091532,8
ch2_cla_l1_20250801T215920772_20250801T215928772.fits,/home/saurabh/moon_project/data/CLASS/ch2_cla_l1_2025_08/cla/data/calibrated/2025/08/01/ch2_cla_l1_20250801T215920772_20250801T215928772.fits,2025-08-01T21:59:20.772,2025-08-01T21:59:28.772,2025-08-01T21:59:24.772,8.0,-45.9,13.5,116.236,21.5361,54.8799,21.5411,54.88,36.3715,36.3715,CLASS_add_scds.pro,2.1,234,1,"0,1,2,3,4,5,6,7,8,9,10,11,12,13,14,15,",22.2283,54.3791,20.8719,54.3528,20.8524,55.3764,22.2087,55.412,1.7491455078125,0.0405535982219096,1.6884765625,1.8115234375,3582.25,83.0537691584709,8
ch2_cla_l1_20250801T215928772_20250801T215936772.fits,/home/saurabh/moon_project/data/CLASS/ch2_cla_l1_2025_08/cla/data/calibrated/2025/08/01/ch2_cla_l1_20250801T215928772_20250801T215936772.fits,2025-08-01T21:59:28.772,2025-08-01T21:59:36.772,2025-08-01T21:59:32.772,8.0,-45.8,13.5,116.315,21.136,54.8699,21.1413,54.87,36.1787,36.1787,CLASS_add_scds.pro,2.1,235,1,"0,1,2,3,4,5,6,7,8,9,10,11,12,13,14,15,",21.8287,54.3702,20.4715,54.3438,20.4521,55.3655,21.8091,55.4009,1.8079833984375,0.0436043240819008,1.740234375,1.875,3702.75,89.30165571973296,8
ch2_cla_l1_20250801T215936772_20250801T215944772.fits,/home/saurabh/moon_project/data/CLASS/ch2_cla_l1_2025_08/cla/data/calibrated/2025/08/01/ch2_cla_l1_20250801T215936772_20250801T215944772.fits,2025-08-01T21:59:36.772,2025-08-01T21:59:44.772,2025-08-01T21:59:40.772,8.0,-45.8,13.5,116.393,20.736,54.86,20.741,54.8601,35.9889,35.9889,CLASS_add_scds.pro,2.1,236,1,"0,1,2,3,4,5,6,7,8,9,10,11,12,13,14,15,",21.4289,54.3612,20.071,54.335,20.0516,55.3547,21.4094,55.3898,1.74139404296875,0.0558625318490731,1.6533203125,1.82177734375,3566.375,114.4064652269018,8
ch2_cla_l1_20250801T215944772_20250801T215952772.fits,/home/saurabh/moon_project/data/CLASS/ch2_cla_l1_2025_08/cla/data/calibrated/2025/08/01/ch2_cla_l1_20250801T215944772_20250801T215952772.fits,2025-08-01T21:59:44.772,2025-08-01T21:59:52.772,2025-08-01T21:59:48.772,8.0,-45.8,13.5,116.47,20.3359,54.8501,20.341,54.8502,35.8021,35.8021,CLASS_add_scds.pro,2.1,237,1,"0,1,2,3,4,5,6,7,8,9,10,11,12,13,14,15,",21.0291,54.3523,19.6706,54.326,19.6513,55.3438,21.0096,55.3788,1.8067626953125,0.0571868565305054,1.71923828125,1.89306640625,3700.25,117.11868217447513,8
ch2_cla_l1_20250801T215952772_20250801T220000772.fits,/home/saurabh/moon_project/data/CLASS/ch2_cla_l1_2025_08/cla/data/calibrated/2025/08/01/ch2_cla_l1_20250801T215952772_20250801T220000772.fits,2025-08-01T21:59:52.772,2025-08-01T22:00:00.772,2025-08-01T21:59:56.772,8.0,-45.8,13.5,116.546,19.9359,54.8403,19.941,54.8404,35.6183,35.6183,CLASS_add_scds.pro,2.1,238,1,"0,1,2,3,4,5,6,7,8,9,10,11,12,13,14,15,",20.6294,54.3433,19.2703,54.3172,19.251,55.3332,20.6099,55.3678,1.757080078125,0.057278652281802,1.66796875,1.83642578125,3598.5,117.3066798731306,8
ch2_cla_l1_20250801T220000772_20250801T220008772.fits,/home/saurabh/moon_project/data/CLASS/ch2_cla_l1_2025_08/cla/data/calibrated/2025/08/01/ch2_cla_l1_20250801T220000772_20250801T220008772.fits,2025-08-01T22:00:00.772,2025-08-01T22:00:08.772,2025-08-01T22:00:04.772,8.0,-45.8,13.5,116.621,19.536,54.8305,19.5409,54.8306,35.4377,35.4377,CLASS_add_scds.pro,2.1,239,1,"0,1,2,3,4,5,6,7,8,9,10,11,12,13,14,15,",20.2296,54.3345,18.8701,54.3084,18.8508,55.3226,20.2102,55.357,1.79827880859375,0.0762703786146653,1.69580078125,1.91064453125,3682.875,156.20173540283457,8
ch2_cla_l1_20250801T220008772_20250801T220016772.fits,/home/saurabh/moon_project/data/CLASS/ch2_cla_l1_2025_08/cla/data/calibrated/2025/08/01/ch2_cla_l1_20250801T220008772_20250801T220016772.fits,2025-08-01T22:00:08.772,2025-08-01T22:00:16.772,2025-08-01T22:00:12.772,8.0,-45.6,13.5,116.695,19.136,54.8208,19.141,54.8209,35.2602,35.2602,CLASS_add_scds.pro,2.1,240,1,"0,1,2,3,4,5,6,7,8,9,10,11,12,13,14,15,",19.8301,54.3257,18.4699,54.2996,18.4506,55.3121,19.8107,55.3463,1.78155517578125,0.0904956881618232,1.6435546875,1.89013671875,3648.625,185.335169355414,8
ch2_cla_l1_20250801T220016772_20250801T220024772.fits,/home/saurabh/moon_project/data/CLASS/ch2_cla_l1_2025_08/cla/data/calibrated/2025/08/01/ch2_cla_l1_20250801T220016772_20250801T220024772.fits,2025-08-01T22:00:16.772,2025-08-01T22:00:24.772,2025-08-01T22:00:20.772,8.0,-45.5,13.5,116.769,18.7361,54.8111,18.7412,54.8112,35.0859,35.0859,CLASS_add_scds.pro,2.1,241,1,"0,1,2,3,4,5,6,7,8,9,10,11,12,13,14,15,",19.4304,54.3169,18.0696,54.2909,18.0504,55.3016,19.4111,55.3356,1.82525634765625,0.0754514447477016,1.71435546875,1.93603515625,3738.125,154.52455884329288,8
ch2_cla_l1_20250801T220024772_20250801T220032772.fits,/home/saurabh/moon_project/data/CLASS/ch2_cla_l1_2025_08/cla/data/calibrated/2025/08/01/ch2_cla_l1_20250801T220024772_20250801T220032772.fits,2025-08-01T22:00:24.772,2025-08-01T22:00:32.772,2025-08-01T22:00:28.772,8.0,-45.5,13.5,116.841,18.3362,54.8014,18.3413,54.8015,34.9149,34.9149,CLASS_add_scds.pro,2.1,242,1,"0,1,2,3,4,5,6,7,8,9,10,11,12,13,14,15,",19.0308,54.3081,17.6695,54.282,17.6504,55.2911,19.0115,55.3249,1.656982421875,0.0778984053475996,1.53857421875,1.76904296875,3393.5,159.53593415188405,8
ch2_cla_l1_20250801T220032772_20250801T220040772.fits,/home/saurabh/moon_project/data/CLASS/ch2_cla_l1_2025_08/cla/data/calibrated/2025/08/01/ch2_cla_l1_20250801T220032772_20250801T220040772.fits,2025-08-01T22:00:32.772,2025-08-01T22:00:40.772,2025-08-01T22:00:36.772,8.0,-45.5,13.5,116.912,17.9364,54.7918,17.9414,54.7919,34.7471,34.7471,CLASS_add_scds.pro,2.1,243,1,"0,1,2,3,4,5,6,7,8,9,10,11,12,13,14,15,",18.6313,54.2993,17.2693,54.2733,17.2502,55.2808,18.612,55.3143,1.68768310546875,0.0467643794915848,1.62158203125,1.78125,3456.375,95.7734491987658,8
ch2_cla_l1_20250801T220040772_20250801T220048772.fits,/home/saurabh/moon_project/data/CLASS/ch2_cla_l1_2025_08/cla/data/calibrated/2025/08/01/ch2_cla_l1_20250801T220040772_20250801T220048772.fits,2025-08-01T22:00:40.772,2025-08-01T22:00:48.772,2025-08-01T22:00:44.772,8.0,-45.5,13.5,116.983,17.5365,54.7823,17.5416,54.7824,34.5827,34.5827,CLASS_add_scds.pro,2.1,244,1,"0,1,2,3,4,5,6,7,8,9,10,11,12,13,14,15,",18.2316,54.2905,16.8693,54.2645,16.8502,55.2705,18.2124,55.3038,1.68182373046875,0.0761991179658712,1.56884765625,1.8017578125,3444.375,156.0557935941044,8
ch2_cla_l1_20250801T220048772_20250801T220056772.fits,/home/saurabh/moon_project/data/CLASS/ch2_cla_l1_2025_08/cla/data/calibrated/2025/08/01/ch2_cla_l1_20250801T220048772_20250801T220056772.fits,2025-08-01T22:00:48.772,2025-08-01T22:00:56.772,2025-08-01T22:00:52.772,8.0,-45.5,13.5,117.052,17.1368,54.7727,17.1418,54.7728,34.4217,34.4217,CLASS_add_scds.pro,2.1,245,1,"0,1,2,3,4,5,6,7,8,9,10,11,12,13,14,15,",17.8322,54.2818,16.4692,54.2558,16.4501,55.2603,17.813,55.2934,1.7021484375,0.0462643033448659,1.63037109375,1.783203125,3486.0,94.74929325028536,8
ch2_cla_l1_20250801T220056772_20250801T220104772.fits,/home/saurabh/moon_project/data/CLASS/ch2_cla_l1_2025_08/cla/data/calibrated/2025/08/01/ch2_cla_l1_20250801T220056772_20250801T220104772.fits,2025-08-01T22:00:56.772,2025-08-01T22:01:04.772,2025-08-01T22:01:00.772,8.0,-45.4,13.5,117.12,16.737,54.7632,16.742,54.7633,34.2641,34.2641,CLASS_add_scds.pro,2.1,246,1,"0,1,2,3,4,5,6,7,8,9,10,11,12,13,14,15,",17.4327,54.273,16.0693,54.2472,16.0502,55.2501,17.4135,55.283,1.6826171875,0.0604776434907979,1.5947265625,1.76904296875,3446.0,123.8582138691542,8
ch2_cla_l1_20250801T220104772_20250801T220112772.fits,/home/saurabh/moon_project/data/CLASS/ch2_cla_l1_2025_08/cla/data/calibrated/2025/08/01/ch2_cla_l1_20250801T220104772_20250801T220112772.fits,2025-08-01T22:01:04.772,2025-08-01T22:01:12.772,2025-08-01T22:01:08.772,8.0,-45.3,13.5,117.188,16.3373,54.7538,16.3423,54.7539,34.11,34.11,CLASS_add_scds.pro,2.1,247,1,"0,1,2,3,4,5,6,7,8,9,10,11,12,13,14,15,",17.0333,54.2644,15.6692,54.2384,15.6502,55.24,17.0141,55.2728,1.6962890625,0.038002677708409,1.63330078125,1.7451171875,3474.0,77.82948394682167,8
ch2_cla_l1_20250801T220112772_20250801T220120772.fits,/home/saurabh/moon_project/data/CLASS/ch2_cla_l1_2025_08/cla/data/calibrated/2025/08/01/ch2_cla_l1_20250801T220112772_20250801T220120772.fits,2025-08-01T22:01:12.772,2025-08-01T22:01:20.772,2025-08-01T22:01:16.772,8.0,-45.2,13.5,117.254,15.9376,54.7443,15.9425,54.7444,33.9594,33.9594,CLASS_add_scds.pro,2.1,248,1,"0,1,2,3,4,5,6,7,8,9,10,11,12,13,14,15,",16.6338,54.2557,15.2692,54.2297,15.2502,55.2299,16.6147,55.2625,1.71295166015625,0.0620341995048671,1.626953125,1.79150390625,3508.125,127.046040585968,8
ch2_cla_l1_20250801T220120772_20250801T220128772.fits,/home/saurabh/moon_project/data/CLASS/ch2_cla_l1_2025_08/cla/data/calibrated/2025/08/01/ch2_cla_l1_20250801T220120772_20250801T220128772.fits,2025-08-01T22:01:20.772,2025-08-01T22:01:28.772,2025-08-01T22:01:24.772,8.0,-45.2,13.5,117.32,15.5379,54.7349,15.5429,54.735,33.8125,33.8125,CLASS_add_scds.pro,2.1,249,1,"0,1,2,3,4,5,6,7,8,9,10,11,12,13,14,15,",16.2343,54.2469,14.8692,54.2211,14.8503,55.2199,16.2153,55.2522,1.695556640625,0.0410405297475738,1.6220703125,1.76025390625,3472.5,84.05100492303129,8
ch2_cla_l1_20250801T220128772_20250801T220136772.fits,/home/saurabh/moon_project/data/CLASS/ch2_cla_l1_2025_08/cla/data/calibrated/2025/08/01/ch2_cla_l1_20250801T220128772_20250801T220136772.fits,2025-08-01T22:01:28.772,2025-08-01T22:01:36.772,2025-08-01T22:01:32.772,8.0,-45.2,13.5,117.384,15.1382,54.7256,15.1433,54.7257,33.6691,33.6691,CLASS_add_scds.pro,2.1,250,1,"0,1,2,3,4,5,6,7,8,9,10,11,12,13,14,15,",15.8349,54.2383,14.4694,54.2124,14.4505,55.21,15.8159,55.2421,1.719482421875,0.0562041807511473,1.6484375,1.80859375,3521.5,115.10616217834982,8
ch2_cla_l1_20250801T220136772_20250801T220144772.fits,/home/saurabh/moon_project/data/CLASS/ch2_cla_l1_2025_08/cla/data/calibrated/2025/08/01/ch2_cla_l1_20250801T220136772_20250801T220144772.fits,2025-08-01T22:01:36.772,2025-08-01T22:01:44.772,2025-08-01T22:01:40.772,8.0,-45.2,13.5,117.448,14.7386,54.7163,14.7437,54.7164,33.5294,33.5294,CLASS_add_scds.pro,2.1,251,1,"0,1,2,3,4,5,6,7,8,9,10,11,12,13,14,15,",15.4356,54.2296,14.0696,54.2039,14.0507,55.2002,15.4166,55.2321,1.6993408203125,0.0604921436365607,1.599609375,1.7890625,3480.25,123.88791016767652,8
ch2_cla_l1_20250801T220144772_20250801T220152772.fits,/home/saurabh/moon_project/data/CLASS/ch2_cla_l1_2025_08/cla/data/calibrated/2025/08/01/ch2_cla_l1_20250801T220144772_20250801T220152772.fits,2025-08-01T22:01:44.772,2025-08-01T22:01:52.772,2025-08-01T22:01:48.772,8.0,-45.1,13.5,117.51,14.339,54.707,14.3441,54.7072,33.3934,33.3934,CLASS_add_scds.pro,2.1,252,1,"0,1,2,3,4,5,6,7,8,9,10,11,12,13,14,15,",15.0363,54.2211,13.6697,54.1951,13.6508,55.1903,15.0173,55.2222,1.74420166015625,0.0489656527921534,1.6845703125,1.8203125,3572.125,100.28165691833036,8
ch2_cla_l1_20250801T220152772_20250801T220200772.fits,/home/saurabh/moon_project/data/CLASS/ch2_cla_l1_2025_08/cla/data/calibrated/2025/08/01/ch2_cla_l1_20250801T220152772_20250801T220200772.fits,2025-08-01T22:01:52.772,2025-08-01T22:02:00.772,2025-08-01T22:01:56.772,8.0,-45.0,13.5,117.572,13.9395,54.6977,13.9444,54.6977,33.2612,33.2612,CLASS_add_scds.pro,2.1,253,1,"0,1,2,3,4,5,6,7,8,9,10,11,12,13,14,15,",14.6369,54.2123,13.27,54.1865,13.2511,55.1805,14.618,55.2121,1.691650390625,0.0775623222130351,1.59912109375,1.8232421875,3464.5,158.84763589229595,8
ch2_cla_l1_20250801T220208772_20250801T220216772.fits,/home/saurabh/moon_project/data/CLASS/ch2_cla_l1_2025_08/cla/data/calibrated/2025/08/01/ch2_cla_l1_20250801T220208772_20250801T220216772.fits,2025-08-01T22:02:08.772,2025-08-01T22:02:16.772,2025-08-01T22:02:12.772,8.0,-44.8,13.5,117.692,13.1404,54.6792,13.1455,54.6794,33.0083,33.0083,CLASS_add_scds.pro,2.1,255,1,"0,1,2,3,4,5,6,7,8,9,10,11,12,13,14,15,",13.8384,54.195,12.4703,54.1691,12.4515,55.161,13.8195,55.1923,1.70562744140625,0.0775431903345728,1.609375,1.82568359375,3493.125,158.80845380520523,8
ch2_cla_l1_20250801T220224772_20250801T220232772.fits,/home/saurabh/moon_project/data/CLASS/ch2_cla_l1_2025_08/cla/data/calibrated/2025/08/01/ch2_cla_l1_20250801T220224772_20250801T220232772.fits,2025-08-01T22:02:24.772,2025-08-01T22:02:32.772,2025-08-01T22:02:28.772,8.0,-44.8,13.5,117.809,12.3415,54.6609,12.3465,54.661,32.7709,32.7709,CLASS_add_scds.pro,2.1,257,1,"0,1,2,3,4,5,6,7,8,9,10,11,12,13,14,15,",13.04,54.1778,11.6711,54.1519,11.6523,55.1418,13.0211,55.1728,1.6939697265625,0.0480949064303575,1.6259765625,1.7783203125,3469.25,98.49836836937234,8
ch2_cla_l1_20250801T220440772_20250801T220448772.fits,/home/saurabh/moon_project/data/CLASS/ch2_cla_l1_2025_08/cla/data/calibrated/2025/08/01/ch2_cla_l1_20250801T220440772_20250801T220448772.fits,2025-08-01T22:04:40.772,2025-08-01T22:04:48.772,2025-08-01T22:04:44.772,8.0,-43.9,13.5,118.64,5.5543,54.5083,5.5594,54.5085,31.425,31.425,CLASS_add_scds.pro,2.1,274,1,"0,1,2,3,4,5,6,7,8,9,10,11,12,13,14,15,",6.2562,54.0312,4.8808,54.0048,4.8622,54.9846,6.2375,55.0133,1.660888671875,0.0375346432473807,1.603515625,1.720703125,3401.5,76.87094937063583,8
ch2_cla_l1_20250801T220448772_20250801T220456772.fits,/home/saurabh/moon_project/data/CLASS/ch2_cla_l1_2025_08/cla/data/calibrated/2025/08/01/ch2_cla_l1_20250801T220448772_20250801T220456772.fits,2025-08-01T22:04:48.772,2025-08-01T22:04:56.772,2025-08-01T22:04:52.772,8.0,-43.8,13.5,118.68,5.1552,54.4995,5.1602,54.4996,31.3852,31.3852,CLASS_add_scds.pro,2.1,275,1,"0,1,2,3,4,5,6,7,8,9,10,11,12,13,14,15,",5.8573,54.0226,4.4815,53.9961,4.4629,54.9756,5.8386,55.0043,1.6929931640625,0.0543368248437577,1.59423828125,1.7626953125,3467.25,111.28181728001596,8
ch2_cla_l1_20250801T220456772_20250801T220504772.fits,/home/saurabh/moon_project/data/CLASS/ch2_cla_l1_2025_08/cla/data/calibrated/2025/08/01/ch2_cla_l1_20250801T220456772_20250801T220504772.fits,2025-08-01T22:04:56.772,2025-08-01T22:05:04.772,2025-08-01T22:05:00.772,8.0,-43.7,13.5,118.719,4.7561,54.4907,4.7613,54.4908,31.3499,31.3499,CLASS_add_scds.pro,2.1,276,1,"0,1,2,3,4,5,6,7,8,9,10,11,12,13,14,15,",5.4583,54.0138,4.0825,53.9874,4.0638,54.9668,5.4397,54.9952,1.66473388671875,0.0322529078215051,1.6181640625,1.71044921875,3409.375,66.05395521844244,8
ch2_cla_l1_20250801T220512772_20250801T220520772.fits,/home/saurabh/moon_project/data/CLASS/ch2_cla_l1_2025_08/cla/data/calibrated/2025/08/01/ch2_cla_l1_20250801T220512772_20250801T220520772.fits,2025-08-01T22:05:12.772,2025-08-01T22:05:20.772,2025-08-01T22:05:16.772,8.0,-43.6,13.5,118.794,3.9581,54.473,3.9632,54.4732,31.2929,31.2929,CLASS_add_scds.pro,2.1,278,1,"0,1,2,3,4,5,6,7,8,9,10,11,12,13,14,15,",4.6605,53.9965,3.2843,53.9698,3.2656,54.9489,4.6419,54.9772,1.65673828125,0.0557111574349711,1.56640625,1.7470703125,3393.0,114.09645042682092,8
ch2_cla_l1_20250801T220528772_20250801T220536772.fits,/home/saurabh/moon_project/data/CLASS/ch2_cla_l1_2025_08/cla/data/calibrated/2025/08/01/ch2_cla_l1_20250801T220528772_20250801T220536772.fits,2025-08-01T22:05:28.772,2025-08-01T22:05:36.772,2025-08-01T22:05:32.772,8.0,-43.5,13.5,118.865,3.1601,54.4554,3.1652,54.4555,31.2541,31.2541,CLASS_add_scds.pro,2.1,280,1,"0,1,2,3,4,5,6,7,8,9,10,11,12,13,14,15,",3.863,53.979,2.486,53.9524,2.4674,54.9314,3.8444,54.9594,1.67425537109375,0.0584892794831639,1.572265625,1.7529296875,3428.875,119.7860443815198,8
ch2_cla_l1_20250801T220544772_20250801T220552772.fits,/home/saurabh/moon_project/data/CLASS/ch2_cla_l1_2025_08/cla/data/calibrated/2025/08/01/ch2_cla_l1_20250801T220544772_20250801T220552772.fits,2025-08-01T22:05:44.772,2025-08-01T22:05:52.772,2025-08-01T22:05:48.772,8.0,-43.4,13.5,118.933,2.3622,54.4378,2.3672,54.4381,31.2336,31.2336,CLASS_add_scds.pro,2.1,282,1,"0,1,2,3,4,5,6,7,8,9,10,11,12,13,14,15,",3.0653,53.9617,1.6877,53.9348,1.6691,54.9139,3.0467,54.9418,1.68243408203125,0.0751640240574573,1.572265625,1.77880859375,3445.625,153.93592126967266,8
ch2_cla_l1_20250801T220600772_20250801T220608772.fits,/home/saurabh/moon_project/data/CLASS/ch2_cla_l1_2025_08/cla/data/calibrated/2025/08/01/ch2_cla_l1_20250801T220600772_20250801T220608772.fits,2025-08-01T22:06:00.772,2025-08-01T22:06:08.772,2025-08-01T22:06:04.772,8.0,-43.3,13.5,118.996,1.5643,54.4203,1.5695,54.4205,31.2315,31.2315,CLASS_add_scds.pro,2.1,284,1,"0,1,2,3,4,5,6,7,8,9,10,11,12,13,14,15,",2.2677,53.9441,0.8896,53.9171,0.871,54.8964,2.2491,54.9242,1.7125244140625,0.0854118421124678,1.5791015625,1.82080078125,3507.25,174.92345264633408,8
ch2_cla_l1_20250801T220856772_20250801T220904772.fits,/home/saurabh/moon_project/data/CLASS/ch2_cla_l1_2025_08/cla/data/calibrated/2025/08/01/ch2_cla_l1_20250801T220856772_20250801T220904772.fits,2025-08-01T22:08:56.772,2025-08-01T22:09:04.772,2025-08-01T22:09:00.772,8.0,-42.0,13.5,119.424,-7.2096,54.2264,-7.2044,54.2266,32.3951,32.3951,CLASS_add_scds.pro,2.1,306,1,"0,1,2,3,4,5,6,7,8,9,10,11,12,13,14,15,",-6.5039,53.7459,-7.8854,53.7167,-7.9043,54.7086,-6.5227,54.7352,1.6993408203125,0.0445011888348289,1.6259765625,1.76513671875,3480.25,91.13843473372958,8
ch2_cla_l1_20250801T220904772_20250801T220912772.fits,/home/saurabh/moon_project/data/CLASS/ch2_cla_l1_2025_08/cla/data/calibrated/2025/08/01/ch2_cla_l1_20250801T220904772_20250801T220912772.fits,2025-08-01T22:09:04.772,2025-08-01T22:09:12.772,2025-08-01T22:09:08.772,8.0,-42.0,13.5,119.431,-7.6083,54.2175,-7.6031,54.2177,32.4976,32.4976,CLASS_add_scds.pro,2.1,307,1,"0,1,2,3,4,5,6,7,8,9,10,11,12,13,14,15,",-6.9027,53.7366,-8.2841,53.7072,-8.303,54.7002,-6.9215,54.7267,1.68035888671875,0.0743278619191133,1.578125,1.8154296875,3441.375,152.2234612103441,8
ch2_cla_l1_20250801T220912772_20250801T220920772.fits,/home/saurabh/moon_project/data/CLASS/ch2_cla_l1_2025_08/cla/data/calibrated/2025/08/01/ch2_cla_l1_20250801T220912772_20250801T220920772.fits,2025-08-01T22:09:12.772,2025-08-01T22:09:20.772,2025-08-01T22:09:16.772,8.0,-42.0,13.5,119.438,-8.007,54.2086,-8.0018,54.2088,32.6041,32.6041,CLASS_add_scds.pro,2.1,308,1,"0,1,2,3,4,5,6,7,8,9,10,11,12,13,14,15,",-7.3013,53.7272,-8.6828,53.6977,-8.7017,54.6918,-7.3201,54.7183,1.70587158203125,0.0547409963725713,1.62060546875,1.79541015625,3493.625,112.10956057102612,8
ch2_cla_l1_20250801T220920772_20250801T220928772.fits,/home/saurabh/moon_project/data/CLASS/ch2_cla_l1_2025_08/cla/data/calibrated/2025/08/01/ch2_cla_l1_20250801T220920772_20250801T220928772.fits,2025-08-01T22:09:20.772,2025-08-01T22:09:28.772,2025-08-01T22:09:24.772,8.0,-41.9,13.5,119.443,-8.4058,54.1996,-8.4007,54.1997,32.7147,32.7147,CLASS_add_scds.pro,2.1,309,1,"0,1,2,3,4,5,6,7,8,9,10,11,12,13,14,15,",-7.7,53.7178,-9.0815,53.6882,-9.1004,54.6834,-7.7189,54.7098,1.67999267578125,0.0893750731308797,1.5517578125,1.83154296875,3440.625,183.0401497720416,8
ch2_cla_l1_20250801T220928772_20250801T220936772.fits,/home/saurabh/moon_project/data/CLASS/ch2_cla_l1_2025_08/cla/data/calibrated/2025/08/01/ch2_cla_l1_20250801T220928772_20250801T220936772.fits,2025-08-01T22:09:28.772,2025-08-01T22:09:36.772,2025-08-01T22:09:32.772,8.0,-41.9,13.5,119.448,-8.8045,54.1907,-8.7993,54.1908,32.8293,32.8293,CLASS_add_scds.pro,2.1,310,1,"0,1,2,3,4,5,6,7,8,9,10,11,12,13,14,15,",-8.0987,53.7084,-9.4802,53.6786,-9.4991,54.675,-8.1175,54.7014,1.694091796875,0.0746520736959662,1.5869140625,1.8037109375,3469.5,152.88744692933892,8
ch2_cla_l1_20250801T220936772_20250801T220944772.fits,/home/saurabh/moon_project/data/CLASS/ch2_cla_l1_2025_08/cla/data/calibrated/2025/08/01/ch2_cla_l1_20250801T220936772_20250801T220944772.fits,2025-08-01T22:09:36.772,2025-08-01T22:09:44.772,2025-08-01T22:09:40.772,8.0,-41.8,13.5,119.451,-9.2032,54.1817,-9.198,54.1818,32.9478,32.9478,CLASS_add_scds.pro,2.1,311,1,"0,1,2,3,4,5,6,7,8,9,10,11,12,13,14,15,",-8.4973,53.699,-9.8789,53.6689,-9.8979,54.6665,-8.5162,54.693,1.708740234375,0.0841994462485949,1.580078125,1.84423828125,3499.5,172.4404659171225,8
ch2_cla_l1_20250801T220944772_20250801T220952772.fits,/home/saurabh/moon_project/data/CLASS/ch2_cla_l1_2025_08/cla/data/calibrated/2025/08/01/ch2_cla_l1_20250801T220944772_20250801T220952772.fits,2025-08-01T22:09:44.772,2025-08-01T22:09:52.772,2025-08-01T22:09:48.772,8.0,-41.8,13.5,119.454,-9.6019,54.1727,-9.5968,54.1728,33.0702,33.0702,CLASS_add_scds.pro,2.1,312,1,"0,1,2,3,4,5,6,7,8,9,10,11,12,13,14,15,",-8.896,53.6893,-10.2777,53.6593,-10.2967,54.6582,-8.9149,54.6845,1.7120361328125,0.0728284211004392,1.623046875,1.8251953125,3506.25,149.15260641369966,8
ch2_cla_l1_20250801T221000772_20250801T221008772.fits,/home/saurabh/moon_project/data/CLASS/ch2_cla_l1_2025_08/cla/data/calibrated/2025/08/01/ch2_cla_l1_20250801T221000772_20250801T221008772.fits,2025-08-01T22:10:00.772,2025-08-01T22:10:08.772,2025-08-01T22:10:04.772,8.0,-41.6,13.5,119.455,-10.3994,54.1547,-10.3943,54.1548,33.3265,33.3265,CLASS_add_scds.pro,2.1,314,1,"0,1,2,3,4,5,6,7,8,9,10,11,12,13,14,15,",-9.6934,53.6703,-11.0751,53.6399,-11.0941,54.6414,-9.7124,54.6677,1.70245361328125,0.0460221498810043,1.63916015625,1.78173828125,3486.625,94.25336295629684,8
ch2_cla_l1_20250801T221032772_20250801T221040772.fits,/home/saurabh/moon_project/data/CLASS/ch2_cla_l1_2025_08/cla/data/calibrated/2025/08/01/ch2_cla_l1_20250801T221032772_20250801T221040772.fits,2025-08-01T22:10:32.772,2025-08-01T22:10:40.772,2025-08-01T22:10:36.772,8.0,-41.4,13.5,119.447,-11.9943,54.1183,-11.9889,54.1185,33.8838,33.8838,CLASS_add_scds.pro,2.1,318,1,"0,1,2,3,4,5,6,7,8,9,10,11,12,13,14,15,",-11.2879,53.6316,-12.6696,53.6005,-12.6888,54.6078,-11.3071,54.6341,1.70758056640625,0.0344748076042008,1.6630859375,1.765625,3497.125,70.60440597340327,8
ch2_cla_l1_20250801T221312772_20250801T221320772.fits,/home/saurabh/moon_project/data/CLASS/ch2_cla_l1_2025_08/cla/data/calibrated/2025/08/01/ch2_cla_l1_20250801T221312772_20250801T221320772.fits,2025-08-01T22:13:12.772,2025-08-01T22:13:20.772,2025-08-01T22:13:16.772,8.0,-40.3,13.5,119.159,-19.9696,53.9296,-19.9644,53.9298,37.4679,37.4679,CLASS_add_scds.pro,2.1,338,1,"0,1,2,3,4,5,6,7,8,9,10,11,12,13,14,15,",-19.2639,53.4257,-20.6432,53.3905,-20.6631,54.438,-19.2837,54.4647,1.697021484375,0.0889732889226097,1.53515625,1.82177734375,3475.5,182.2172957135048,8
ch2_cla_l1_20250801T221320772_20250801T221328772.fits,/home/saurabh/moon_project/data/CLASS/ch2_cla_l1_2025_08/cla/data/calibrated/2025/08/01/ch2_cla_l1_20250801T221320772_20250801T221328772.fits,2025-08-01T22:13:20.772,2025-08-01T22:13:28.772,2025-08-01T22:13:24.772,8.0,-40.3,13.5,119.133,-20.3684,53.9198,-20.3632,53.9199,37.6778,37.6778,CLASS_add_scds.pro,2.1,339,1,"0,1,2,3,4,5,6,7,8,9,10,11,12,13,14,15,",-19.6629,53.4148,-21.0419,53.3794,-21.0618,54.4294,-19.6827,54.4561,1.67608642578125,0.0717177370619039,1.5849609375,1.7880859375,3432.625,146.87792550277933,8
ch2_cla_l1_20250801T221336772_20250801T221344772.fits,/home/saurabh/moon_project/data/CLASS/ch2_cla_l1_2025_08/cla/data/calibrated/2025/08/01/ch2_cla_l1_20250801T221336772_20250801T221344772.fits,2025-08-01T22:13:36.772,2025-08-01T22:13:44.772,2025-08-01T22:13:40.772,8.0,-40.2,13.5,119.08,-21.1662,53.9,-21.161,53.9006,38.1055,38.1055,CLASS_add_scds.pro,2.1,341,1,"0,1,2,3,4,5,6,7,8,9,10,11,12,13,14,15,",-20.4614,53.3926,-21.8393,53.3571,-21.8594,54.4124,-20.4812,54.4387,1.69622802734375,0.0790815109323565,1.58935546875,1.8193359375,3473.875,161.95893438946624,8
ch2_cla_l1_20250801T221352772_20250801T221400772.fits,/home/saurabh/moon_project/data/CLASS/ch2_cla_l1_2025_08/cla/data/calibrated/2025/08/01/ch2_cla_l1_20250801T221352772_20250801T221400772.fits,2025-08-01T22:13:52.772,2025-08-01T22:14:00.772,2025-08-01T22:13:56.772,8.0,-40.1,13.5,119.023,-21.9639,53.88,-21.9589,53.8803,38.5432,38.5432,CLASS_add_scds.pro,2.1,343,1,"0,1,2,3,4,5,6,7,8,9,10,11,12,13,14,15,",-21.2588,53.3705,-22.6369,53.3339,-22.6571,54.3948,-21.2788,54.4218,1.687744140625,0.0474634922243786,1.61279296875,1.7587890625,3456.5,97.2052320755274,8
ch2_cla_l1_20250801T221408772_20250801T221416772.fits,/home/saurabh/moon_project/data/CLASS/ch2_cla_l1_2025_08/cla/data/calibrated/2025/08/01/ch2_cla_l1_20250801T221408772_20250801T221416772.fits,2025-08-01T22:14:08.772,2025-08-01T22:14:16.772,2025-08-01T22:14:12.772,8.0,-40.0,13.5,118.962,-22.7617,53.8598,-22.7564,53.8601,38.9906,38.9906,CLASS_add_scds.pro,2.1,345,1,"0,1,2,3,4,5,6,7,8,9,10,11,12,13,14,15,",-22.0565,53.3478,-23.434,53.3109,-23.4544,54.3774,-22.0766,54.4043,1.70574951171875,0.0542114322603571,1.6337890625,1.8056640625,3493.375,111.0250132692114,8
ch2_cla_l1_20250801T221424772_20250801T221432772.fits,/home/saurabh/moon_project/data/CLASS/ch2_cla_l1_2025_08/cla/data/calibrated/2025/08/01/ch2_cla_l1_20250801T221424772_20250801T221432772.fits,2025-08-01T22:14:24.772,2025-08-01T22:14:32.772,2025-08-01T22:14:28.772,8.0,-39.8,13.5,118.896,-23.5596,53.8394,-23.5545,53.8396,39.4474,39.4474,CLASS_add_scds.pro,2.1,347,1,"0,1,2,3,4,5,6,7,8,9,10,11,12,13,14,15,",-22.8549,53.3245,-24.2317,53.2872,-24.2522,54.3597,-22.8751,54.3866,1.71142578125,0.0579743112886366,1.6376953125,1.81884765625,3505.0,118.73138951912784,8
ch2_cla_l1_20250801T221728772_20250801T221736772.fits,/home/saurabh/moon_project/data/CLASS/ch2_cla_l1_2025_08/cla/data/calibrated/2025/08/01/ch2_cla_l1_20250801T221728772_20250801T221736772.fits,2025-08-01T22:17:28.772,2025-08-01T22:17:36.772,2025-08-01T22:17:32.772,8.0,-38.8,13.5,117.859,-32.74,53.5856,-32.735,53.5859,45.2751,45.2751,CLASS_add_scds.pro,2.1,370,1,"0,1,2,3,4,5,6,7,8,9,10,11,12,13,14,15,",-32.0382,53.0325,-33.407,52.9861,-33.4291,54.1473,-32.06,54.177,1.6944580078125,0.0772065811003487,1.5830078125,1.81689453125,3470.25,158.11907809351425,8
ch2_cla_l1_20250801T221800772_20250801T221808772.fits,/home/saurabh/moon_project/data/CLASS/ch2_cla_l1_2025_08/cla/data/calibrated/2025/08/01/ch2_cla_l1_20250801T221800772_20250801T221808772.fits,2025-08-01T22:18:00.772,2025-08-01T22:18:08.772,2025-08-01T22:18:04.772,8.0,-38.6,13.5,117.626,-34.3377,53.5369,-34.3326,53.5372,46.3792,46.3792,CLASS_add_scds.pro,2.1,374,1,"0,1,2,3,4,5,6,7,8,9,10,11,12,13,14,15,",-33.6363,52.9753,-35.0033,52.9268,-35.0258,54.1079,-33.6585,54.1383,1.7095947265625,0.0668814191805988,1.62646484375,1.81005859375,3501.25,136.9731464818665,8
ch2_cla_l1_20250801T222144772_20250801T222152772.fits,/home/saurabh/moon_project/data/CLASS/ch2_cla_l1_2025_08/cla/data/calibrated/2025/08/01/ch2_cla_l1_20250801T222144772_20250801T222152772.fits,2025-08-01T22:21:44.772,2025-08-01T22:21:52.772,2025-08-01T22:21:48.772,8.0,-37.4,13.5,115.577,-45.5341,53.136,-45.5291,53.1363,54.6469,54.6469,CLASS_add_scds.pro,2.1,402,1,"0,1,2,3,4,5,6,7,8,9,10,11,12,13,14,15,",-44.8385,52.4922,-46.1892,52.4228,-46.2154,53.7956,-44.8641,53.8339,1.69891357421875,0.0354571709238755,1.646484375,1.748046875,3479.375,72.61628605209715,8
ch2_cla_l1_20250801T222200772_20250801T222208772.fits,/home/saurabh/moon_project/data/CLASS/ch2_cla_l1_2025_08/cla/data/calibrated/2025/08/01/ch2_cla_l1_20250801T222200772_20250801T222208772.fits,2025-08-01T22:22:00.772,2025-08-01T22:22:08.772,2025-08-01T22:22:04.772,8.0,-37.4,13.5,115.404,-46.3348,53.102,-46.3298,53.1024,55.2668,55.2668,CLASS_add_scds.pro,2.1,404,1,"0,1,2,3,4,5,6,7,8,9,10,11,12,13,14,15,",-45.6397,52.4505,-46.989,52.379,-47.0156,53.7701,-45.6657,53.8092,1.70501708984375,0.0353431577258242,1.646484375,1.7509765625,3491.875,72.382787022488,8
ch2_cla_l1_20250801T222216772_20250801T222224772.fits,/home/saurabh/moon_project/data/CLASS/ch2_cla_l1_2025_08/cla/data/calibrated/2025/08/01/ch2_cla_l1_20250801T222216772_20250801T222224772.fits,2025-08-01T22:22:16.772,2025-08-01T22:22:24.772,2025-08-01T22:22:20.772,8.0,-37.3,13.5,115.227,-47.1356,53.067,-47.1306,53.0672,55.8899,55.8899,CLASS_add_scds.pro,2.1,406,1,"0,1,2,3,4,5,6,7,8,9,10,11,12,13,14,15,",-46.4409,52.4073,-47.7888,52.3337,-47.8158,53.7439,-46.4672,53.7838,1.69537353515625,0.058466564379075,1.59423828125,1.783203125,3472.125,119.7395238483458,8
ch2_cla_l1_20250801T222608772_20250801T222616772.fits,/home/saurabh/moon_project/data/CLASS/ch2_cla_l1_2025_08/cla/data/calibrated/2025/08/01/ch2_cla_l1_20250801T222608772_20250801T222616772.fits,2025-08-01T22:26:08.772,2025-08-01T22:26:16.772,2025-08-01T22:26:12.772,8.0,-36.5,13.5,112.32,-58.7646,52.4065,-58.7597,52.4071,65.2235,65.2235,CLASS_add_scds.pro,2.1,435,1,"0,1,2,3,4,5,6,7,8,9,10,11,12,13,14,15,",-58.0771,51.5801,-59.4013,51.4521,-59.436,53.2659,-58.1105,53.3285,1.69024658203125,0.0547105001234173,1.59423828125,1.765625,3461.625,112.04710425275869,8
ch2_cla_l1_20250801T222624772_20250801T222632772.fits,/home/saurabh/moon_project/data/CLASS/ch2_cla_l1_2025_08/cla/data/calibrated/2025/08/01/ch2_cla_l1_20250801T222624772_20250801T222632772.fits,2025-08-01T22:26:24.772,2025-08-01T22:26:32.772,2025-08-01T22:26:28.772,8.0,-36.5,13.5,112.097,-59.5678,52.3456,-59.5629,52.3463,65.8842,65.8842,CLASS_add_scds.pro,2.1,437,1,"0,1,2,3,4,5,6,7,8,9,10,11,12,13,14,15,",-58.8808,51.503,-60.2032,51.3689,-60.2387,53.2232,-58.915,53.2883,1.7093505859375,0.0891487296907084,1.58740234375,1.86083984375,3500.75,182.57659840657092,8
ch2_cla_l1_20250801T223016772_20250801T223024772.fits,/home/saurabh/moon_project/data/CLASS/ch2_cla_l1_2025_08/cla/data/calibrated/2025/08/01/ch2_cla_l1_20250801T223016772_20250801T223024772.fits,2025-08-01T22:30:16.772,2025-08-01T22:30:24.772,2025-08-01T22:30:20.772,8.0,-36.2,13.5,108.584,-71.2331,50.9509,-71.2284,50.9522,75.6357,75.6357,CLASS_add_scds.pro,2.1,466,1,"0,1,2,3,4,5,6,7,8,9,10,11,12,13,14,15,",-70.5503,49.7284,-71.8425,49.3985,-71.8973,52.2614,-70.6016,52.412,1.70574951171875,0.0851035088517424,1.55126953125,1.822265625,3493.375,174.2919861283686,8
ch2_cla_l1_20250801T223024772_20250801T223032772.fits,/home/saurabh/moon_project/data/CLASS/ch2_cla_l1_2025_08/cla/data/calibrated/2025/08/01/ch2_cla_l1_20250801T223024772_20250801T223032772.fits,2025-08-01T22:30:24.772,2025-08-01T22:30:32.772,2025-08-01T22:30:28.772,8.0,-36.2,13.5,108.454,-71.6358,50.8736,-71.6313,50.8744,75.9766,75.9766,CLASS_add_scds.pro,2.1,467,1,"0,1,2,3,4,5,6,7,8,9,10,11,12,13,14,15,",-70.953,49.6305,-72.244,49.2864,-72.2999,52.2082,-71.0053,52.3654,1.6844482421875,0.0740799143106093,1.583984375,1.79296875,3449.75,151.715664508128,8
ch2_cla_l1_20250801T223040772_20250801T223048772.fits,/home/saurabh/moon_project/data/CLASS/ch2_cla_l1_2025_08/cla/data/calibrated/2025/08/01/ch2_cla_l1_20250801T223040772_20250801T223048772.fits,2025-08-01T22:30:40.772,2025-08-01T22:30:48.772,2025-08-01T22:30:44.772,8.0,-36.2,13.5,108.194,-72.4415,50.7089,-72.4369,50.7101,76.6592,76.6592,CLASS_add_scds.pro,2.1,469,1,"0,1,2,3,4,5,6,7,8,9,10,11,12,13,14,15,",-71.7585,49.4218,-73.0472,49.0473,-73.1055,52.0958,-71.8129,52.2661,1.7069091796875,0.0769724157108853,1.60498046875,1.82763671875,3495.75,157.6395073758932,8
ch2_cla_l1_20250801T223056772_20250801T223104772.fits,/home/saurabh/moon_project/data/CLASS/ch2_cla_l1_2025_08/cla/data/calibrated/2025/08/01/ch2_cla_l1_20250801T223056772_20250801T223104772.fits,2025-08-01T22:30:56.772,2025-08-01T22:31:04.772,2025-08-01T22:31:00.772,8.0,-36.2,13.5,107.931,-73.2472,50.5291,-73.2426,50.5306,77.3428,77.3428,CLASS_add_scds.pro,2.1,471,1,"0,1,2,3,4,5,6,7,8,9,10,11,12,13,14,15,",-72.5641,49.1945,-73.85,48.785,-73.9111,51.9728,-72.6208,52.1585,1.690673828125,0.0489743903051556,1.61767578125,1.7734375,3462.5,100.29955134495869,8
ch2_cla_l1_20250801T223112772_20250801T223120772.fits,/home/saurabh/moon_project/data/CLASS/ch2_cla_l1_2025_08/cla/data/calibrated/2025/08/01/ch2_cla_l1_20250801T223112772_20250801T223120772.fits,2025-08-01T22:31:12.772,2025-08-01T22:31:20.772,2025-08-01T22:31:16.772,8.0,-36.2,13.5,107.666,-74.053,50.3318,-74.0485,50.3335,78.0273,78.0273,CLASS_add_scds.pro,2.1,473,1,"0,1,2,3,4,5,6,7,8,9,10,11,12,13,14,15,",-73.3693,48.9463,-74.653,48.4956,-74.717,51.8374,-73.4286,52.0418,1.69610595703125,0.0377607611779844,1.63720703125,1.75048828125,3473.625,77.33403889251208,8
ch2_cla_l1_20250801T223128772_20250801T223136772.fits,/home/saurabh/moon_project/data/CLASS/ch2_cla_l1_2025_08/cla/data/calibrated/2025/08/01/ch2_cla_l1_20250801T223128772_20250801T223136772.fits,2025-08-01T22:31:28.772,2025-08-01T22:31:36.772,2025-08-01T22:31:32.772,8.0,-36.2,13.5,107.4,-74.8588,50.1143,-74.8542,50.1159,78.7127,78.7127,CLASS_add_scds.pro,2.1,475,1,"0,1,2,3,4,5,6,7,8,9,10,11,12,13,14,15,",-74.1748,48.6724,-75.4555,48.1752,-75.5228,51.688,-74.2369,51.9129,1.71124267578125,0.0569314864202584,1.64306640625,1.8154296875,3504.625,116.59568418868928,8
ch2_cla_l1_20250801T223144772_20250801T223152772.fits,/home/saurabh/moon_project/data/CLASS/ch2_cla_l1_2025_08/cla/data/calibrated/2025/08/01/ch2_cla_l1_20250801T223144772_20250801T223152772.fits,2025-08-01T22:31:44.772,2025-08-01T22:31:52.772,2025-08-01T22:31:48.772,8.0,-36.2,13.5,107.132,-75.6647,49.8731,-75.6601,49.8749,79.3989,79.3989,CLASS_add_scds.pro,2.1,477,1,"0,1,2,3,4,5,6,7,8,9,10,11,12,13,14,15,",-74.9801,48.3703,-76.2579,47.8179,-76.3289,51.522,-75.0452,51.7715,1.70074462890625,0.0487397620521102,1.615234375,1.77783203125,3483.125,99.8190326827218,8
ch2_cla_l1_20250801T223432772_20250801T223440772.fits,/home/saurabh/moon_project/data/CLASS/ch2_cla_l1_2025_08/cla/data/calibrated/2025/08/01/ch2_cla_l1_20250801T223432772_20250801T223440772.fits,2025-08-01T22:34:32.772,2025-08-01T22:34:40.772,2025-08-01T22:34:36.772,8.0,-36.3,13.5,104.219,-84.1032,43.4714,-84.0989,43.4805,86.6444,86.6444,CLASS_add_scds.pro,2.1,498,1,"0,1,2,3,4,5,6,7,8,9,10,11,12,13,14,15,",-83.3916,40.8385,-84.6122,37.7418,-84.7894,46.8234,-83.5356,48.2727,1.67681884765625,0.0600778369446662,1.5869140625,1.7509765625,3434.125,123.03941006267638,8
ch2_cla_l1_20250801T223448772_20250801T223456772.fits,/home/saurabh/moon_project/data/CLASS/ch2_cla_l1_2025_08/cla/data/calibrated/2025/08/01/ch2_cla_l1_20250801T223448772_20250801T223456772.fits,2025-08-01T22:34:48.772,2025-08-01T22:34:56.772,2025-08-01T22:34:52.772,8.0,-36.4,13.5,103.934,-84.8978,41.7723,-84.8934,41.7843,87.3374,87.3374,CLASS_add_scds.pro,2.1,500,1,"0,1,2,3,4,5,6,7,8,9,10,11,12,13,14,15,",-84.1789,39.0006,-85.3838,34.9056,-85.5912,45.4522,-84.3424,47.4054,1.70159912109375,0.0767267439547915,1.60693359375,1.8388671875,3484.875,157.13637161941307,8
ch2_cla_l1_20250801T223504772_20250801T223512772.fits,/home/saurabh/moon_project/data/CLASS/ch2_cla_l1_2025_08/cla/data/calibrated/2025/08/01/ch2_cla_l1_20250801T223504772_20250801T223512772.fits,2025-08-01T22:35:04.772,2025-08-01T22:35:12.772,2025-08-01T22:35:08.772,8.0,-36.4,13.5,103.647,-85.6865,39.4512,-85.6823,39.4671,88.0308,88.0308,CLASS_add_scds.pro,2.1,502,1,"0,1,2,3,4,5,6,7,8,9,10,11,12,13,14,15,",-84.9589,36.5898,-86.1396,30.9489,-86.3895,43.4766,-85.148,46.2504,1.70562744140625,0.0595293820134222,1.62060546875,1.794921875,3493.125,121.91617436348866,8
ch2_cla_l1_20250801T223848772_20250801T223856772.fits,/home/saurabh/moon_project/data/CLASS/ch2_cla_l1_2025_08/cla/data/calibrated/2025/08/01/ch2_cla_l1_20250801T223848772_20250801T223856772.fits,2025-08-01T22:38:48.772,2025-08-01T22:38:56.772,2025-08-01T22:38:52.772,8.0,-36.8,13.5,99.5494,-82.7068,-117.307,-82.7111,-117.302,97.7546,97.7546,CLASS_add_scds.pro,2.1,530,1,"0,3,4,5,8,9,10,11,12,13,14,15,",-82.1515,-120.941,-83.3718,-120.011,-83.2376,-113.075,-82.0379,-115.051,1.7103271484375,0.0362032053665669,1.65625,1.7685546875,3502.75,74.1441645907292,8
ch2_cla_l1_20250801T223920772_20250801T223928772.fits,/home/saurabh/moon_project/data/CLASS/ch2_cla_l1_2025_08/cla/data/calibrated/2025/08/01/ch2_cla_l1_20250801T223920772_20250801T223928772.fits,2025-08-01T22:39:20.772,2025-08-01T22:39:28.772,2025-08-01T22:39:24.772,8.0,-36.8,13.5,98.9567,-81.0917,-118.897,-81.096,-118.894,99.1428,99.1428,CLASS_add_scds.pro,2.1,534,1,"0,3,4,5,8,9,10,11,",-80.5286,-121.804,-81.7462,-121.183,-81.6386,-115.595,-80.4347,-116.921,1.70355224609375,0.0566841672205131,1.6171875,1.787109375,3488.875,116.08917446761102,8
ch2_cla_l1_20250801T224312772_20250801T224320772.fits,/home/saurabh/moon_project/data/CLASS/ch2_cla_l1_2025_08/cla/data/calibrated/2025/08/01/ch2_cla_l1_20250801T224312772_20250801T224320772.fits,2025-08-01T22:43:12.772,2025-08-01T22:43:20.772,2025-08-01T22:43:16.772,8.0,-37.8,13.5,94.6872,-69.2796,-123.04,-69.2837,-123.039,109.15,109.15,CLASS_add_scds.pro,2.1,563,1,"0,1,2,3,4,5,6,7,8,9,10,11,12,13,14,15,",-68.7079,-124.198,-69.8952,-124.077,-69.852,-121.816,-68.6671,-122.061,1.69085693359375,0.0469559016765689,1.609375,1.7626953125,3462.875,96.16568663361316,8
ch2_cla_l1_20250801T224328772_20250801T224336772.fits,/home/saurabh/moon_project/data/CLASS/ch2_cla_l1_2025_08/cla/data/calibrated/2025/08/01/ch2_cla_l1_20250801T224328772_20250801T224336772.fits,2025-08-01T22:43:28.772,2025-08-01T22:43:36.772,2025-08-01T22:43:32.772,8.0,-37.8,13.5,94.397,-68.4614,-123.163,-68.4655,-123.162,109.834,109.834,CLASS_add_scds.pro,2.1,565,1,"0,1,2,3,4,5,6,7,8,9,10,11,12,13,14,15,",-67.8902,-124.273,-69.0751,-124.161,-69.0336,-121.992,-67.8509,-122.218,1.70574951171875,0.0704629590105212,1.58837890625,1.7861328125,3493.375,144.30814005354753,8
