class_filename,class_filepath,start_time,end_time,mid_time,exposure_s,temp_c,gain_ev_ch,sat_alt,sat_lat,sat_lon,bore_lat,bore_lon,solarang_deg,phaseang_deg,program,version,dataset,scd_fltr,scd_used,v0_lat,v0_lon,v1_lat,v1_lon,v2_lat,v2_lon,v3_lat,v3_lon,xsm_mean_meancounts,xsm_std_meancounts,xsm_min_meancounts,xsm_max_meancounts,xsm_mean_totalcounts,xsm_std_totalcounts,xsm_points_used
ch2_cla_l1_20250801T022933069_20250801T022941069.fits,/home/saurabh/moon_project/data/CLASS/ch2_cla_l1_2025_08/cla/data/calibrated/2025/08/01/ch2_cla_l1_20250801T022933069_20250801T022941069.fits,2025-08-01T02:29:33.069,2025-08-01T02:29:41.069,2025-08-01T02:29:37.069,8.0,-45.0,13.5,117.075,0.8961,64.9823,0.9093,64.5761,30.6528,30.6528,CLASS_add_scds.pro,2.1,286,1,"0,1,2,3,4,5,6,7,8,9,10,11,12,13,14,15,",1.6091,64.0932,0.2265,64.0688,0.2234,65.0443,1.5789,65.0689,1.820068359375,0.0561672025177672,1.734375,1.8994140625,3727.5,115.03043075638725,8
ch2_cla_l1_20250801T022941069_20250801T022949069.fits,/home/saurabh/moon_project/data/CLASS/ch2_cla_l1_2025_08/cla/data/calibrated/2025/08/01/ch2_cla_l1_20250801T022941069_20250801T022949069.fits,2025-08-01T02:29:41.069,2025-08-01T02:29:49.069,2025-08-01T02:29:45.069,8.0,-44.9,13.5,117.096,0.4963,64.9742,0.5096,64.5679,30.6658,30.6658,CLASS_add_scds.pro,2.1,287,1,"0,1,2,3,4,5,6,7,8,9,10,11,12,13,14,15,",1.2095,64.085,-0.1733,64.0605,-0.1764,65.0362,1.1792,65.0607,1.76617431640625,0.0590670047463606,1.681640625,1.8642578125,3617.125,120.96922572054667,8
ch2_cla_l1_20250801T022949069_20250801T022957069.fits,/home/saurabh/moon_project/data/CLASS/ch2_cla_l1_2025_08/cla/data/calibrated/2025/08/01/ch2_cla_l1_20250801T022949069_20250801T022957069.fits,2025-08-01T02:29:49.069,2025-08-01T02:29:57.069,2025-08-01T02:29:53.069,8.0,-44.8,13.5,117.115,0.0966,64.9661,0.1098,64.5598,30.6835,30.6835,CLASS_add_scds.pro,2.1,288,1,"0,1,2,3,4,5,6,7,8,9,10,11,12,13,14,15,",0.8099,64.0769,-0.5731,64.0522,-0.5762,65.0281,0.7795,65.0526,1.8424072265625,0.059221519638384,1.751953125,1.92626953125,3773.25,121.28567221941051,8
ch2_cla_l1_20250801T022957069_20250801T023005069.fits,/home/saurabh/moon_project/data/CLASS/ch2_cla_l1_2025_08/cla/data/calibrated/2025/08/01/ch2_cla_l1_20250801T022957069_20250801T023005069.fits,2025-08-01T02:29:57.069,2025-08-01T02:30:05.069,2025-08-01T02:30:01.069,8.0,-44.8,13.5,117.134,-0.3032,64.958,-0.2899,64.5516,30.7059,30.7059,CLASS_add_scds.pro,2.1,289,1,"0,1,2,3,4,5,6,7,8,9,10,11,12,13,14,15,",0.4102,64.0687,-0.9728,64.0439,-0.976,65.02,0.3799,65.0445,1.77508544921875,0.0731122999609261,1.6708984375,1.88818359375,3635.375,149.73399031997664,8
ch2_cla_l1_20250801T023005069_20250801T023013069.fits,/home/saurabh/moon_project/data/CLASS/ch2_cla_l1_2025_08/cla/data/calibrated/2025/08/01/ch2_cla_l1_20250801T023005069_20250801T023013069.fits,2025-08-01T02:30:05.069,2025-08-01T02:30:13.069,2025-08-01T02:30:09.069,8.0,-44.8,13.5,117.152,-0.7029,64.9499,-0.6896,64.5434,30.7329,30.7329,CLASS_add_scds.pro,2.1,290,1,"0,1,2,3,4,5,6,7,8,9,10,11,12,13,14,15,",0.0106,64.0605,-1.3725,64.0355,-1.3758,65.0119,-0.0198,65.0365,1.83447265625,0.0769424309329636,1.73876953125,1.95556640625,3757.0,157.57809855070957,8
ch2_cla_l1_20250801T023013069_20250801T023021069.fits,/home/saurabh/moon_project/data/CLASS/ch2_cla_l1_2025_08/cla/data/calibrated/2025/08/01/ch2_cla_l1_20250801T023013069_20250801T023021069.fits,2025-08-01T02:30:13.069,2025-08-01T02:30:21.069,2025-08-01T02:30:17.069,8.0,-44.8,13.5,117.169,-1.1026,64.9418,-1.0893,64.5352,30.7647,30.7647,CLASS_add_scds.pro,2.1,291,1,"0,1,2,3,4,5,6,7,8,9,10,11,12,13,14,15,",-0.3889,64.0522,-1.7723,64.0271,-1.7756,65.0038,-0.4194,65.0284,1.808349609375,0.0858970646044382,1.68017578125,1.9091796875,3703.5,175.91718830988955,8
ch2_cla_l1_20250801T023021069_20250801T023029069.fits,/home/saurabh/moon_project/data/CLASS/ch2_cla_l1_2025_08/cla/data/calibrated/2025/08/01/ch2_cla_l1_20250801T023021069_20250801T023029069.fits,2025-08-01T02:30:21.069,2025-08-01T02:30:29.069,2025-08-01T02:30:25.069,8.0,-44.8,13.5,117.185,-1.5023,64.9337,-1.489,64.527,30.801,30.801,CLASS_add_scds.pro,2.1,292,1,"0,1,2,3,4,5,6,7,8,9,10,11,12,13,14,15,",-0.7886,64.0439,-2.172,64.0187,-2.1754,64.9958,-0.8191,65.0203,1.83258056640625,0.0627064361007654,1.74462890625,1.9287109375,3753.125,128.4227811343677,8
ch2_cla_l1_20250801T023029069_20250801T023037069.fits,/home/saurabh/moon_project/data/CLASS/ch2_cla_l1_2025_08/cla/data/calibrated/2025/08/01/ch2_cla_l1_20250801T023029069_20250801T023037069.fits,2025-08-01T02:30:29.069,2025-08-01T02:30:37.069,2025-08-01T02:30:33.069,8.0,-44.7,13.5,117.2,-1.902,64.9256,-1.8887,64.5188,30.842,30.842,CLASS_add_scds.pro,2.1,293,1,"0,1,2,3,4,5,6,7,8,9,10,11,12,13,14,15,",-1.1881,64.0356,-2.5717,64.0102,-2.5752,64.9877,-1.2187,65.0122,1.80706787109375,0.0731665520458687,1.69677734375,1.91943359375,3700.875,149.8450985899391,8
ch2_cla_l1_20250801T023037069_20250801T023045069.fits,/home/saurabh/moon_project/data/CLASS/ch2_cla_l1_2025_08/cla/data/calibrated/2025/08/01/ch2_cla_l1_20250801T023037069_20250801T023045069.fits,2025-08-01T02:30:37.069,2025-08-01T02:30:45.069,2025-08-01T02:30:41.069,8.0,-44.5,13.5,117.214,-2.3017,64.9175,-2.2884,64.5105,30.8877,30.8877,CLASS_add_scds.pro,2.1,294,1,"0,1,2,3,4,5,6,7,8,9,10,11,12,13,14,15,",-1.5877,64.0273,-2.9714,64.0017,-2.9749,64.9796,-1.6184,65.0041,1.83441162109375,0.0464153000968873,1.7607421875,1.90966796875,3756.875,95.0585345984252,8
ch2_cla_l1_20250801T023045069_20250801T023053069.fits,/home/saurabh/moon_project/data/CLASS/ch2_cla_l1_2025_08/cla/data/calibrated/2025/08/01/ch2_cla_l1_20250801T023045069_20250801T023053069.fits,2025-08-01T02:30:45.069,2025-08-01T02:30:53.069,2025-08-01T02:30:49.069,8.0,-44.5,13.5,117.227,-2.7014,64.9093,-2.6881,64.5022,30.9379,30.9379,CLASS_add_scds.pro,2.1,295,1,"0,1,2,3,4,5,6,7,8,9,10,11,12,13,14,15,",-1.9873,64.0188,-3.3711,63.9931,-3.3747,64.9715,-2.018,64.996,1.83154296875,0.0755631151522505,1.71240234375,1.94384765625,3751.0,154.75325983180912,8
ch2_cla_l1_20250801T023053069_20250801T023101069.fits,/home/saurabh/moon_project/data/CLASS/ch2_cla_l1_2025_08/cla/data/calibrated/2025/08/01/ch2_cla_l1_20250801T023053069_20250801T023101069.fits,2025-08-01T02:30:53.069,2025-08-01T02:31:01.069,2025-08-01T02:30:57.069,8.0,-44.5,13.5,117.239,-3.1011,64.9012,-3.0878,64.4939,30.9927,30.9927,CLASS_add_scds.pro,2.1,296,1,"0,1,2,3,4,5,6,7,8,9,10,11,12,13,14,15,",-2.3869,64.0104,-3.7708,63.9845,-3.7744,64.9634,-2.4177,64.988,1.839599609375,0.0381770459025428,1.79833984375,1.89306640625,3767.5,78.18659000840782,8
ch2_cla_l1_20250801T023101069_20250801T023109069.fits,/home/saurabh/moon_project/data/CLASS/ch2_cla_l1_2025_08/cla/data/calibrated/2025/08/01/ch2_cla_l1_20250801T023101069_20250801T023109069.fits,2025-08-01T02:31:01.069,2025-08-01T02:31:09.069,2025-08-01T02:31:05.069,8.0,-44.5,13.5,117.251,-3.5008,64.8931,-3.4874,64.4856,31.052,31.052,CLASS_add_scds.pro,2.1,297,1,"0,1,2,3,4,5,6,7,8,9,10,11,12,13,14,15,",-2.7865,64.0019,-4.1704,63.9758,-4.1741,64.9553,-2.8173,64.9799,1.83587646484375,0.05756126072542,1.7490234375,1.9228515625,3759.875,117.88546196566033,8
ch2_cla_l1_20250801T023109069_20250801T023117069.fits,/home/saurabh/moon_project/data/CLASS/ch2_cla_l1_2025_08/cla/data/calibrated/2025/08/01/ch2_cla_l1_20250801T023109069_20250801T023117069.fits,2025-08-01T02:31:09.069,2025-08-01T02:31:17.069,2025-08-01T02:31:13.069,8.0,-44.5,13.5,117.261,-3.9005,64.885,-3.8871,64.4772,31.1159,31.1159,CLASS_add_scds.pro,2.1,298,1,"0,1,2,3,4,5,6,7,8,9,10,11,12,13,14,15,",-3.186,63.9934,-4.5701,63.9671,-4.5738,64.9472,-3.2169,64.9718,1.8482666015625,0.0360287378896133,1.79296875,1.89990234375,3785.25,73.78685519792803,8
ch2_cla_l1_20250801T023117069_20250801T023125069.fits,/home/saurabh/moon_project/data/CLASS/ch2_cla_l1_2025_08/cla/data/calibrated/2025/08/01/ch2_cla_l1_20250801T023117069_20250801T023125069.fits,2025-08-01T02:31:17.069,2025-08-01T02:31:25.069,2025-08-01T02:31:21.069,8.0,-44.5,13.5,117.271,-4.3002,64.8768,-4.2868,64.4688,31.1842,31.1842,CLASS_add_scds.pro,2.1,299,1,"0,1,2,3,4,5,6,7,8,9,10,11,12,13,14,15,",-3.5856,63.9848,-4.9697,63.9584,-4.9735,64.9391,-3.6166,64.9637,1.80694580078125,0.1156161912486289,1.642578125,1.9296875,3700.625,236.7819596771921,8
ch2_cla_l1_20250801T023133069_20250801T023141069.fits,/home/saurabh/moon_project/data/CLASS/ch2_cla_l1_2025_08/cla/data/calibrated/2025/08/01/ch2_cla_l1_20250801T023133069_20250801T023141069.fits,2025-08-01T02:31:33.069,2025-08-01T02:31:41.069,2025-08-01T02:31:37.069,8.0,-44.2,13.5,117.287,-5.0995,64.8605,-5.0861,64.452,31.3343,31.3343,CLASS_add_scds.pro,2.1,301,1,"0,1,2,3,4,5,6,7,8,9,10,11,12,13,14,15,",-4.3848,63.9675,-5.769,63.9407,-5.773,64.9229,-4.4159,64.9475,1.74951171875,0.049355411886415,1.68359375,1.8359375,3583.0,101.079883543378,8
ch2_cla_l1_20250801T023141069_20250801T023149069.fits,/home/saurabh/moon_project/data/CLASS/ch2_cla_l1_2025_08/cla/data/calibrated/2025/08/01/ch2_cla_l1_20250801T023141069_20250801T023149069.fits,2025-08-01T02:31:41.069,2025-08-01T02:31:49.069,2025-08-01T02:31:45.069,8.0,-44.2,13.5,117.294,-5.4992,64.8524,-5.4857,64.4436,31.4159,31.4159,CLASS_add_scds.pro,2.1,302,1,"0,1,2,3,4,5,6,7,8,9,10,11,12,13,14,15,",-4.7844,63.9588,-6.1686,63.9319,-6.1726,64.9148,-4.8155,64.9394,1.7288818359375,0.0583156708167894,1.63818359375,1.8193359375,3540.75,119.43049383278483,8
ch2_cla_l1_20250801T023149069_20250801T023157069.fits,/home/saurabh/moon_project/data/CLASS/ch2_cla_l1_2025_08/cla/data/calibrated/2025/08/01/ch2_cla_l1_20250801T023149069_20250801T023157069.fits,2025-08-01T02:31:49.069,2025-08-01T02:31:57.069,2025-08-01T02:31:53.069,8.0,-44.2,13.5,117.3,-5.8989,64.8442,-5.8854,64.4351,31.5019,31.5019,CLASS_add_scds.pro,2.1,303,1,"0,1,2,3,4,5,6,7,8,9,10,11,12,13,14,15,",-5.1839,63.9501,-6.5683,63.9229,-6.5723,64.9067,-5.2151,64.9313,1.7420654296875,0.0827133984116955,1.5908203125,1.8505859375,3567.75,169.3970399471524,8
ch2_cla_l1_20250801T023157069_20250801T023205069.fits,/home/saurabh/moon_project/data/CLASS/ch2_cla_l1_2025_08/cla/data/calibrated/2025/08/01/ch2_cla_l1_20250801T023157069_20250801T023205069.fits,2025-08-01T02:31:57.069,2025-08-01T02:32:05.069,2025-08-01T02:32:01.069,8.0,-44.2,13.5,117.305,-6.2985,64.836,-6.285,64.4266,31.5923,31.5923,CLASS_add_scds.pro,2.1,304,1,"0,1,2,3,4,5,6,7,8,9,10,11,12,13,14,15,",-5.5835,63.9413,-6.9679,63.9139,-6.972,64.8985,-5.6148,64.9232,1.7213134765625,0.0776306862899504,1.62060546875,1.8349609375,3525.25,158.98764552181854,8
ch2_cla_l1_20250801T023205069_20250801T023213069.fits,/home/saurabh/moon_project/data/CLASS/ch2_cla_l1_2025_08/cla/data/calibrated/2025/08/01/ch2_cla_l1_20250801T023205069_20250801T023213069.fits,2025-08-01T02:32:05.069,2025-08-01T02:32:13.069,2025-08-01T02:32:09.069,8.0,-44.2,13.5,117.31,-6.6982,64.8278,-6.6847,64.4181,31.6869,31.6869,CLASS_add_scds.pro,2.1,305,1,"0,1,2,3,4,5,6,7,8,9,10,11,12,13,14,15,",-5.9831,63.9324,-7.3675,63.9049,-7.3717,64.8904,-6.0144,64.9151,1.7767333984375,0.0963383272523095,1.60791015625,1.9013671875,3638.75,197.30089421273,8
ch2_cla_l1_20250801T023213069_20250801T023221069.fits,/home/saurabh/moon_project/data/CLASS/ch2_cla_l1_2025_08/cla/data/calibrated/2025/08/01/ch2_cla_l1_20250801T023213069_20250801T023221069.fits,2025-08-01T02:32:13.069,2025-08-01T02:32:21.069,2025-08-01T02:32:17.069,8.0,-44.1,13.5,117.313,-7.0978,64.8196,-7.0843,64.4095,31.7858,31.7858,CLASS_add_scds.pro,2.1,306,1,"0,1,2,3,4,5,6,7,8,9,10,11,12,13,14,15,",-6.3827,63.9235,-7.7671,63.8958,-7.7713,64.8823,-6.4141,64.907,1.74462890625,0.0772560844829356,1.64892578125,1.86083984375,3573.0,158.22046102105216,8
ch2_cla_l1_20250801T023221069_20250801T023229069.fits,/home/saurabh/moon_project/data/CLASS/ch2_cla_l1_2025_08/cla/data/calibrated/2025/08/01/ch2_cla_l1_20250801T023221069_20250801T023229069.fits,2025-08-01T02:32:21.069,2025-08-01T02:32:29.069,2025-08-01T02:32:25.069,8.0,-44.0,13.5,117.315,-7.4975,64.8114,-7.4839,64.4009,31.8889,31.8889,CLASS_add_scds.pro,2.1,307,1,"0,1,2,3,4,5,6,7,8,9,10,11,12,13,14,15,",-6.7822,63.9146,-8.1667,63.8867,-8.171,64.8741,-6.8137,64.8988,1.779541015625,0.0465197956004523,1.70751953125,1.8486328125,3644.5,95.27254138972648,8
ch2_cla_l1_20250801T023229069_20250801T023237069.fits,/home/saurabh/moon_project/data/CLASS/ch2_cla_l1_2025_08/cla/data/calibrated/2025/08/01/ch2_cla_l1_20250801T023229069_20250801T023237069.fits,2025-08-01T02:32:29.069,2025-08-01T02:32:37.069,2025-08-01T02:32:33.069,8.0,-43.9,13.5,117.316,-7.8971,64.8032,-7.8836,64.3923,31.9961,31.9961,CLASS_add_scds.pro,2.1,308,1,"0,1,2,3,4,5,6,7,8,9,10,11,12,13,14,15,",-7.1818,63.9056,-8.5663,63.8775,-8.5707,64.8659,-7.2133,64.8907,1.73138427734375,0.0444749193832094,1.6669921875,1.796875,3545.875,91.08463489681294,8
ch2_cla_l1_20250801T023237069_20250801T023245069.fits,/home/saurabh/moon_project/data/CLASS/ch2_cla_l1_2025_08/cla/data/calibrated/2025/08/01/ch2_cla_l1_20250801T023237069_20250801T023245069.fits,2025-08-01T02:32:37.069,2025-08-01T02:32:45.069,2025-08-01T02:32:41.069,8.0,-43.8,13.5,117.317,-8.2968,64.795,-8.2832,64.3837,32.1075,32.1075,CLASS_add_scds.pro,2.1,309,1,"0,1,2,3,4,5,6,7,8,9,10,11,12,13,14,15,",-7.5814,63.8965,-8.9659,63.8682,-8.9703,64.8577,-7.613,64.8825,1.8023681640625,0.0487902685280533,1.7255859375,1.888671875,3691.25,99.92246994545322,8
ch2_cla_l1_20250801T023245069_20250801T023253069.fits,/home/saurabh/moon_project/data/CLASS/ch2_cla_l1_2025_08/cla/data/calibrated/2025/08/01/ch2_cla_l1_20250801T023245069_20250801T023253069.fits,2025-08-01T02:32:45.069,2025-08-01T02:32:53.069,2025-08-01T02:32:49.069,8.0,-43.8,13.5,117.317,-8.6965,64.7867,-8.6828,64.375,32.223,32.223,CLASS_add_scds.pro,2.1,310,1,"0,1,2,3,4,5,6,7,8,9,10,11,12,13,14,15,",-7.981,63.8874,-9.3654,63.8589,-9.37,64.8495,-8.0127,64.8744,1.7510986328125,0.0479921106371729,1.68408203125,1.8359375,3586.25,98.2878425849301,8
ch2_cla_l1_20250801T023253069_20250801T023301069.fits,/home/saurabh/moon_project/data/CLASS/ch2_cla_l1_2025_08/cla/data/calibrated/2025/08/01/ch2_cla_l1_20250801T023253069_20250801T023301069.fits,2025-08-01T02:32:53.069,2025-08-01T02:33:01.069,2025-08-01T02:32:57.069,8.0,-43.8,13.5,117.315,-9.0961,64.7785,-9.0825,64.3663,32.3425,32.3425,CLASS_add_scds.pro,2.1,311,1,"0,1,2,3,4,5,6,7,8,9,10,11,12,13,14,15,",-8.3806,63.8783,-9.765,63.8496,-9.7696,64.8413,-8.4123,64.8662,1.7947998046875,0.0385532425590204,1.7314453125,1.83935546875,3675.75,78.9570407608738,8
ch2_cla_l1_20250801T023301069_20250801T023309069.fits,/home/saurabh/moon_project/data/CLASS/ch2_cla_l1_2025_08/cla/data/calibrated/2025/08/01/ch2_cla_l1_20250801T023301069_20250801T023309069.fits,2025-08-01T02:33:01.069,2025-08-01T02:33:09.069,2025-08-01T02:33:05.069,8.0,-43.8,13.5,117.313,-9.4958,64.7702,-9.4821,64.3575,32.466,32.466,CLASS_add_scds.pro,2.1,312,1,"0,1,2,3,4,5,6,7,8,9,10,11,12,13,14,15,",-8.7802,63.8691,-10.1646,63.8402,-10.1693,64.8331,-8.812,64.8581,1.77020263671875,0.0472455140692556,1.71484375,1.8564453125,3625.375,96.7588128138355,8
ch2_cla_l1_20250801T023309069_20250801T023317069.fits,/home/saurabh/moon_project/data/CLASS/ch2_cla_l1_2025_08/cla/data/calibrated/2025/08/01/ch2_cla_l1_20250801T023309069_20250801T023317069.fits,2025-08-01T02:33:09.069,2025-08-01T02:33:17.069,2025-08-01T02:33:13.069,8.0,-43.8,13.5,117.31,-9.8954,64.7619,-9.8817,64.3488,32.5935,32.5935,CLASS_add_scds.pro,2.1,313,1,"0,1,2,3,4,5,6,7,8,9,10,11,12,13,14,15,",-9.1798,63.8598,-10.5642,63.8307,-10.5689,64.8249,-9.2117,64.8499,1.81512451171875,0.0367329370055289,1.7548828125,1.86962890625,3717.375,75.22905498732331,8
ch2_cla_l1_20250801T023317069_20250801T023325069.fits,/home/saurabh/moon_project/data/CLASS/ch2_cla_l1_2025_08/cla/data/calibrated/2025/08/01/ch2_cla_l1_20250801T023317069_20250801T023325069.fits,2025-08-01T02:33:17.069,2025-08-01T02:33:25.069,2025-08-01T02:33:21.069,8.0,-43.6,13.5,117.306,-10.2951,64.7536,-10.2814,64.34,32.7249,32.7249,CLASS_add_scds.pro,2.1,314,1,"0,1,2,3,4,5,6,7,8,9,10,11,12,13,14,15,",-9.5794,63.8505,-10.9637,63.8212,-10.9685,64.8166,-9.6113,64.8417,1.77874755859375,0.0669881187897073,1.67529296875,1.8876953125,3642.875,137.1916672813206,8
ch2_cla_l1_20250801T023325069_20250801T023333069.fits,/home/saurabh/moon_project/data/CLASS/ch2_cla_l1_2025_08/cla/data/calibrated/2025/08/01/ch2_cla_l1_20250801T023325069_20250801T023333069.fits,2025-08-01T02:33:25.069,2025-08-01T02:33:33.069,2025-08-01T02:33:29.069,8.0,-43.5,13.5,117.301,-10.6947,64.7452,-10.681,64.3311,32.8601,32.8601,CLASS_add_scds.pro,2.1,315,1,"0,1,2,3,4,5,6,7,8,9,10,11,12,13,14,15,",-9.979,63.8412,-11.3633,63.8116,-11.3682,64.8084,-10.011,64.8335,1.80694580078125,0.0563983338948619,1.71337890625,1.884765625,3700.625,115.50378781667725,8
ch2_cla_l1_20250801T023333069_20250801T023341069.fits,/home/saurabh/moon_project/data/CLASS/ch2_cla_l1_2025_08/cla/data/calibrated/2025/08/01/ch2_cla_l1_20250801T023333069_20250801T023341069.fits,2025-08-01T02:33:33.069,2025-08-01T02:33:41.069,2025-08-01T02:33:37.069,8.0,-43.5,13.5,117.295,-11.0944,64.7369,-11.0807,64.3222,32.9991,32.9991,CLASS_add_scds.pro,2.1,316,1,"0,1,2,3,4,5,6,7,8,9,10,11,12,13,14,15,",-10.3786,63.8317,-11.7629,63.8019,-11.7678,64.8001,-10.4107,64.8252,1.79766845703125,0.0737029487115364,1.69482421875,1.93017578125,3681.625,150.94363896122667,8
ch2_cla_l1_20250801T023341069_20250801T023349069.fits,/home/saurabh/moon_project/data/CLASS/ch2_cla_l1_2025_08/cla/data/calibrated/2025/08/01/ch2_cla_l1_20250801T023341069_20250801T023349069.fits,2025-08-01T02:33:41.069,2025-08-01T02:33:49.069,2025-08-01T02:33:45.069,8.0,-43.5,13.5,117.288,-11.4941,64.7285,-11.4803,64.3133,33.1419,33.1419,CLASS_add_scds.pro,2.1,317,1,"0,1,2,3,4,5,6,7,8,9,10,11,12,13,14,15,",-10.7782,63.8222,-12.1624,63.7922,-12.1675,64.7918,-10.8104,64.817,1.8074951171875,0.0644112322847407,1.728515625,1.90234375,3701.75,131.914203719149,8
ch2_cla_l1_20250801T023349069_20250801T023357069.fits,/home/saurabh/moon_project/data/CLASS/ch2_cla_l1_2025_08/cla/data/calibrated/2025/08/01/ch2_cla_l1_20250801T023349069_20250801T023357069.fits,2025-08-01T02:33:49.069,2025-08-01T02:33:57.069,2025-08-01T02:33:53.069,8.0,-43.5,13.5,117.281,-11.8937,64.7201,-11.88,64.3043,33.2884,33.2884,CLASS_add_scds.pro,2.1,318,1,"0,1,2,3,4,5,6,7,8,9,10,11,12,13,14,15,",-11.1779,63.8127,-12.562,63.7824,-12.5671,64.7835,-11.2101,64.8087,1.802734375,0.0870041479866367,1.6748046875,1.939453125,3692.0,178.18449507663198,8
ch2_cla_l1_20250801T023357069_20250801T023405069.fits,/home/saurabh/moon_project/data/CLASS/ch2_cla_l1_2025_08/cla/data/calibrated/2025/08/01/ch2_cla_l1_20250801T023357069_20250801T023405069.fits,2025-08-01T02:33:57.069,2025-08-01T02:34:05.069,2025-08-01T02:34:01.069,8.0,-43.5,13.5,117.272,-12.2934,64.7117,-12.2796,64.2953,33.4386,33.4386,CLASS_add_scds.pro,2.1,319,1,"0,1,2,3,4,5,6,7,8,9,10,11,12,13,14,15,",-11.5775,63.8031,-12.9615,63.7726,-12.9667,64.7752,-11.6098,64.8004,1.81488037109375,0.0795709853435126,1.7158203125,1.931640625,3716.875,162.96137798351398,8
ch2_cla_l1_20250801T023405069_20250801T023413069.fits,/home/saurabh/moon_project/data/CLASS/ch2_cla_l1_2025_08/cla/data/calibrated/2025/08/01/ch2_cla_l1_20250801T023405069_20250801T023413069.fits,2025-08-01T02:34:05.069,2025-08-01T02:34:13.069,2025-08-01T02:34:09.069,8.0,-43.5,13.5,117.262,-12.6931,64.7033,-12.6793,64.2863,33.5924,33.5924,CLASS_add_scds.pro,2.1,320,1,"0,1,2,3,4,5,6,7,8,9,10,11,12,13,14,15,",-11.9771,63.7934,-13.3611,63.7627,-13.3664,64.7668,-12.0095,64.7922,1.8411865234375,0.0810373520820427,1.69677734375,1.97314453125,3770.75,165.96449706402356,8
ch2_cla_l1_20250801T023413069_20250801T023421069.fits,/home/saurabh/moon_project/data/CLASS/ch2_cla_l1_2025_08/cla/data/calibrated/2025/08/01/ch2_cla_l1_20250801T023413069_20250801T023421069.fits,2025-08-01T02:34:13.069,2025-08-01T02:34:21.069,2025-08-01T02:34:17.069,8.0,-43.4,13.5,117.252,-13.0928,64.6948,-13.0789,64.2772,33.7497,33.7497,CLASS_add_scds.pro,2.1,321,1,"0,1,2,3,4,5,6,7,8,9,10,11,12,13,14,15,",-12.3768,63.7837,-13.7607,63.7527,-13.766,64.7584,-12.4092,64.7838,1.80157470703125,0.048997291709747,1.72900390625,1.8828125,3689.625,100.346453421562,8
ch2_cla_l1_20250801T023421069_20250801T023429069.fits,/home/saurabh/moon_project/data/CLASS/ch2_cla_l1_2025_08/cla/data/calibrated/2025/08/01/ch2_cla_l1_20250801T023421069_20250801T023429069.fits,2025-08-01T02:34:21.069,2025-08-01T02:34:29.069,2025-08-01T02:34:25.069,8.0,-43.2,13.5,117.241,-13.4924,64.6863,-13.4786,64.2681,33.9106,33.9106,CLASS_add_scds.pro,2.1,322,1,"0,1,2,3,4,5,6,7,8,9,10,11,12,13,14,15,",-12.7764,63.7739,-14.1602,63.7427,-14.1656,64.75,-12.8089,64.7755,1.83160400390625,0.0646691273989829,1.73193359375,1.919921875,3751.125,132.44237291311697,8
ch2_cla_l1_20250801T023429069_20250801T023437069.fits,/home/saurabh/moon_project/data/CLASS/ch2_cla_l1_2025_08/cla/data/calibrated/2025/08/01/ch2_cla_l1_20250801T023429069_20250801T023437069.fits,2025-08-01T02:34:29.069,2025-08-01T02:34:37.069,2025-08-01T02:34:33.069,8.0,-43.2,13.5,117.228,-13.8921,64.6778,-13.8783,64.2589,34.0749,34.0749,CLASS_add_scds.pro,2.1,323,1,"0,1,2,3,4,5,6,7,8,9,10,11,12,13,14,15,",-13.1761,63.7641,-14.5597,63.7326,-14.5653,64.7416,-13.2087,64.7672,1.82647705078125,0.0458077691772393,1.7587890625,1.89990234375,3740.625,93.81431127498618,8
ch2_cla_l1_20250801T023437069_20250801T023445069.fits,/home/saurabh/moon_project/data/CLASS/ch2_cla_l1_2025_08/cla/data/calibrated/2025/08/01/ch2_cla_l1_20250801T023437069_20250801T023445069.fits,2025-08-01T02:34:37.069,2025-08-01T02:34:45.069,2025-08-01T02:34:41.069,8.0,-43.2,13.5,117.215,-14.2918,64.6693,-14.2779,64.2497,34.2427,34.2427,CLASS_add_scds.pro,2.1,324,1,"0,1,2,3,4,5,6,7,8,9,10,11,12,13,14,15,",-13.5757,63.7541,-14.9593,63.7224,-14.9649,64.7332,-13.6084,64.7588,1.86578369140625,0.076494226515646,1.74267578125,1.98193359375,3821.125,156.66017590404306,8
ch2_cla_l1_20250801T023445069_20250801T023453069.fits,/home/saurabh/moon_project/data/CLASS/ch2_cla_l1_2025_08/cla/data/calibrated/2025/08/01/ch2_cla_l1_20250801T023445069_20250801T023453069.fits,2025-08-01T02:34:45.069,2025-08-01T02:34:53.069,2025-08-01T02:34:49.069,8.0,-43.2,13.5,117.201,-14.6915,64.6608,-14.6776,64.2404,34.4138,34.4138,CLASS_add_scds.pro,2.1,325,1,"0,1,2,3,4,5,6,7,8,9,10,11,12,13,14,15,",-13.9754,63.7441,-15.3589,63.7122,-15.3646,64.7247,-14.0082,64.7504,1.81988525390625,0.0443905992164983,1.75439453125,1.89013671875,3727.125,90.9119471953887,8
ch2_cla_l1_20250801T023453069_20250801T023501069.fits,/home/saurabh/moon_project/data/CLASS/ch2_cla_l1_2025_08/cla/data/calibrated/2025/08/01/ch2_cla_l1_20250801T023453069_20250801T023501069.fits,2025-08-01T02:34:53.069,2025-08-01T02:35:01.069,2025-08-01T02:34:57.069,8.0,-43.2,13.5,117.186,-15.0912,64.6522,-15.0773,64.2311,34.5882,34.5882,CLASS_add_scds.pro,2.1,326,1,"0,1,2,3,4,5,6,7,8,9,10,11,12,13,14,15,",-14.3751,63.7341,-15.7584,63.7018,-15.7642,64.7162,-14.4079,64.742,1.8741455078125,0.0553103420523204,1.7666015625,1.94384765625,3838.25,113.27558052315224,8
ch2_cla_l1_20250801T023501069_20250801T023509069.fits,/home/saurabh/moon_project/data/CLASS/ch2_cla_l1_2025_08/cla/data/calibrated/2025/08/01/ch2_cla_l1_20250801T023501069_20250801T023509069.fits,2025-08-01T02:35:01.069,2025-08-01T02:35:09.069,2025-08-01T02:35:05.069,8.0,-43.2,13.5,117.17,-15.4909,64.6436,-15.477,64.2218,34.7659,34.7659,CLASS_add_scds.pro,2.1,327,1,"0,1,2,3,4,5,6,7,8,9,10,11,12,13,14,15,",-14.7748,63.724,-16.158,63.6914,-16.1639,64.7077,-14.8077,64.7336,1.8360595703125,0.0334908973511206,1.78662109375,1.8896484375,3760.25,68.58935777509511,8
ch2_cla_l1_20250801T023509069_20250801T023517069.fits,/home/saurabh/moon_project/data/CLASS/ch2_cla_l1_2025_08/cla/data/calibrated/2025/08/01/ch2_cla_l1_20250801T023509069_20250801T023517069.fits,2025-08-01T02:35:09.069,2025-08-01T02:35:17.069,2025-08-01T02:35:13.069,8.0,-43.0,13.5,117.153,-15.8907,64.6349,-15.8767,64.2124,34.9468,34.9468,CLASS_add_scds.pro,2.1,328,1,"0,1,2,3,4,5,6,7,8,9,10,11,12,13,14,15,",-15.1745,63.7138,-16.5576,63.681,-16.5635,64.6992,-15.2075,64.7251,1.89385986328125,0.0442203212191223,1.82421875,1.958984375,3878.625,90.56321785676252,8
ch2_cla_l1_20250801T023517069_20250801T023525069.fits,/home/saurabh/moon_project/data/CLASS/ch2_cla_l1_2025_08/cla/data/calibrated/2025/08/01/ch2_cla_l1_20250801T023517069_20250801T023525069.fits,2025-08-01T02:35:17.069,2025-08-01T02:35:25.069,2025-08-01T02:35:21.069,8.0,-42.9,13.5,117.135,-16.2904,64.6263,-16.2764,64.2029,35.1308,35.1308,CLASS_add_scds.pro,2.1,329,1,"0,1,2,3,4,5,6,7,8,9,10,11,12,13,14,15,",-15.5742,63.7035,-16.9571,63.6704,-16.9632,64.6906,-15.6073,64.7166,1.8262939453125,0.0606473449517644,1.72412109375,1.91748046875,3740.25,124.20576246121364,8
ch2_cla_l1_20250801T023525069_20250801T023533069.fits,/home/saurabh/moon_project/data/CLASS/ch2_cla_l1_2025_08/cla/data/calibrated/2025/08/01/ch2_cla_l1_20250801T023525069_20250801T023533069.fits,2025-08-01T02:35:25.069,2025-08-01T02:35:33.069,2025-08-01T02:35:29.069,8.0,-42.9,13.5,117.117,-16.6901,64.6176,-16.6761,64.1934,35.318,35.318,CLASS_add_scds.pro,2.1,330,1,"0,1,2,3,4,5,6,7,8,9,10,11,12,13,14,15,",-15.974,63.6931,-17.3567,63.6598,-17.3628,64.682,-16.0071,64.7081,1.898193359375,0.0554930850401183,1.81201171875,1.9931640625,3887.5,113.64983816216244,8
ch2_cla_l1_20250801T023533069_20250801T023541069.fits,/home/saurabh/moon_project/data/CLASS/ch2_cla_l1_2025_08/cla/data/calibrated/2025/08/01/ch2_cla_l1_20250801T023533069_20250801T023541069.fits,2025-08-01T02:35:33.069,2025-08-01T02:35:41.069,2025-08-01T02:35:37.069,8.0,-42.9,13.5,117.097,-17.0899,64.6088,-17.0758,64.1839,35.5082,35.5082,CLASS_add_scds.pro,2.1,331,1,"0,1,2,3,4,5,6,7,8,9,10,11,12,13,14,15,",-16.3737,63.6827,-17.7236,63.6509,-17.7299,64.6739,-16.4069,64.6996,1.78509521484375,0.100208840111619,1.62939453125,1.90234375,3655.875,205.22770454859577,8
ch2_cla_l1_20250801T023541069_20250801T023549069.fits,/home/saurabh/moon_project/data/CLASS/ch2_cla_l1_2025_08/cla/data/calibrated/2025/08/01/ch2_cla_l1_20250801T023541069_20250801T023549069.fits,2025-08-01T02:35:41.069,2025-08-01T02:35:49.069,2025-08-01T02:35:45.069,8.0,-42.9,13.5,117.077,-17.4896,64.6001,-17.4569,64.1746,35.7015,35.7015,CLASS_add_scds.pro,2.1,332,1,"0,1,2,3,4,5,6,7,8,9,10,11,12,13,14,15,",-16.7406,63.6719,-18.1506,63.6386,-18.1569,64.6648,-16.774,64.6917,1.76141357421875,0.0723339038093493,1.66162109375,1.87060546875,3607.375,148.13983500154748,8
ch2_cla_l1_20250801T023549069_20250801T023557069.fits,/home/saurabh/moon_project/data/CLASS/ch2_cla_l1_2025_08/cla/data/calibrated/2025/08/01/ch2_cla_l1_20250801T023549069_20250801T023557069.fits,2025-08-01T02:35:49.069,2025-08-01T02:35:57.069,2025-08-01T02:35:53.069,8.0,-42.9,13.5,117.055,-17.8894,64.5913,-17.8752,64.1646,35.8977,35.8977,CLASS_add_scds.pro,2.1,333,1,"0,1,2,3,4,5,6,7,8,9,10,11,12,13,14,15,",-17.1679,63.6616,-18.5554,63.6275,-18.5619,64.656,-17.2013,64.6825,1.72552490234375,0.0780702399027614,1.60302734375,1.83251953125,3533.875,159.88785132085553,8
ch2_cla_l1_20250801T023557069_20250801T023605069.fits,/home/saurabh/moon_project/data/CLASS/ch2_cla_l1_2025_08/cla/data/calibrated/2025/08/01/ch2_cla_l1_20250801T023557069_20250801T023605069.fits,2025-08-01T02:35:57.069,2025-08-01T02:36:05.069,2025-08-01T02:36:01.069,8.0,-42.9,13.5,117.033,-18.2891,64.5825,-18.275,64.1549,36.0968,36.0968,CLASS_add_scds.pro,2.1,334,1,"0,1,2,3,4,5,6,7,8,9,10,11,12,13,14,15,",-17.573,63.651,-18.955,63.6165,-18.9615,64.6473,-17.6065,64.6738,1.78143310546875,0.0733011934469843,1.6845703125,1.8994140625,3648.375,150.12084417942387,8
ch2_cla_l1_20250801T023605069_20250801T023613069.fits,/home/saurabh/moon_project/data/CLASS/ch2_cla_l1_2025_08/cla/data/calibrated/2025/08/01/ch2_cla_l1_20250801T023605069_20250801T023613069.fits,2025-08-01T02:36:05.069,2025-08-01T02:36:13.069,2025-08-01T02:36:09.069,8.0,-42.8,13.5,117.01,-18.6889,64.5736,-18.6747,64.1451,36.2988,36.2988,CLASS_add_scds.pro,2.1,335,1,"0,1,2,3,4,5,6,7,8,9,10,11,12,13,14,15,",-17.9728,63.6403,-19.3546,63.6054,-19.3612,64.6386,-18.0063,64.6652,1.74267578125,0.0773556566637828,1.62451171875,1.85791015625,3569.0,158.42438484742718,8
ch2_cla_l1_20250801T023613069_20250801T023621069.fits,/home/saurabh/moon_project/data/CLASS/ch2_cla_l1_2025_08/cla/data/calibrated/2025/08/01/ch2_cla_l1_20250801T023613069_20250801T023621069.fits,2025-08-01T02:36:13.069,2025-08-01T02:36:21.069,2025-08-01T02:36:17.069,8.0,-42.6,13.5,116.986,-19.0887,64.5647,-19.0745,64.1353,36.5037,36.5037,CLASS_add_scds.pro,2.1,336,1,"0,1,2,3,4,5,6,7,8,9,10,11,12,13,14,15,",-18.3725,63.6294,-19.7542,63.5943,-19.7609,64.6298,-18.4062,64.6565,1.7734375,0.0468146526068024,1.71484375,1.853515625,3632.0,95.87640853873133,8
ch2_cla_l1_20250801T023621069_20250801T023629069.fits,/home/saurabh/moon_project/data/CLASS/ch2_cla_l1_2025_08/cla/data/calibrated/2025/08/01/ch2_cla_l1_20250801T023621069_20250801T023629069.fits,2025-08-01T02:36:21.069,2025-08-01T02:36:29.069,2025-08-01T02:36:25.069,8.0,-42.6,13.5,116.961,-19.4885,64.5558,-19.4743,64.1254,36.7113,36.7113,CLASS_add_scds.pro,2.1,337,1,"0,1,2,3,4,5,6,7,8,9,10,11,12,13,14,15,",-18.7723,63.6185,-20.1538,63.5831,-20.1606,64.621,-18.8061,64.6478,1.766357421875,0.0731519160961866,1.662109375,1.87890625,3617.5,149.81512416499018,8
ch2_cla_l1_20250801T023629069_20250801T023637069.fits,/home/saurabh/moon_project/data/CLASS/ch2_cla_l1_2025_08/cla/data/calibrated/2025/08/01/ch2_cla_l1_20250801T023629069_20250801T023637069.fits,2025-08-01T02:36:29.069,2025-08-01T02:36:37.069,2025-08-01T02:36:33.069,8.0,-42.6,13.5,116.935,-19.8883,64.5468,-19.8741,64.1154,36.9216,36.9216,CLASS_add_scds.pro,2.1,338,1,"0,1,2,3,4,5,6,7,8,9,10,11,12,13,14,15,",-19.1722,63.6076,-20.5534,63.5718,-20.5603,64.6121,-19.206,64.639,1.796875,0.059317057165598,1.71533203125,1.9111328125,3680.0,121.48133307514486,8
ch2_cla_l1_20250801T023637069_20250801T023645069.fits,/home/saurabh/moon_project/data/CLASS/ch2_cla_l1_2025_08/cla/data/calibrated/2025/08/01/ch2_cla_l1_20250801T023637069_20250801T023645069.fits,2025-08-01T02:36:37.069,2025-08-01T02:36:45.069,2025-08-01T02:36:41.069,8.0,-42.6,13.5,116.908,-20.2881,64.5378,-20.2739,64.1054,37.1346,37.1346,CLASS_add_scds.pro,2.1,339,1,"0,1,2,3,4,5,6,7,8,9,10,11,12,13,14,15,",-19.572,63.5965,-20.953,63.5604,-20.96,64.6032,-19.6059,64.6303,1.77191162109375,0.0561104375241856,1.68017578125,1.84228515625,3628.875,114.9141760495321,8
ch2_cla_l1_20250801T023645069_20250801T023653069.fits,/home/saurabh/moon_project/data/CLASS/ch2_cla_l1_2025_08/cla/data/calibrated/2025/08/01/ch2_cla_l1_20250801T023645069_20250801T023653069.fits,2025-08-01T02:36:45.069,2025-08-01T02:36:53.069,2025-08-01T02:36:49.069,8.0,-42.6,13.5,116.88,-20.688,64.5287,-20.6737,64.0953,37.3502,37.3502,CLASS_add_scds.pro,2.1,340,1,"0,1,2,3,4,5,6,7,8,9,10,11,12,13,14,15,",-19.9719,63.5853,-21.3527,63.5489,-21.3598,64.5943,-20.0059,64.6215,1.77545166015625,0.0358730686326743,1.72607421875,1.83056640625,3636.125,73.46804455971706,8
ch2_cla_l1_20250801T023653069_20250801T023701069.fits,/home/saurabh/moon_project/data/CLASS/ch2_cla_l1_2025_08/cla/data/calibrated/2025/08/01/ch2_cla_l1_20250801T023653069_20250801T023701069.fits,2025-08-01T02:36:53.069,2025-08-01T02:37:01.069,2025-08-01T02:36:57.069,8.0,-42.6,13.5,116.852,-21.0878,64.5196,-21.0735,64.0852,37.5684,37.5684,CLASS_add_scds.pro,2.1,341,1,"0,1,2,3,4,5,6,7,8,9,10,11,12,13,14,15,",-20.3717,63.5741,-21.7523,63.5374,-21.7595,64.5854,-20.4058,64.6126,1.7889404296875,0.0541308350874037,1.71435546875,1.86767578125,3663.75,110.8599502590028,8
ch2_cla_l1_20250801T023701069_20250801T023709069.fits,/home/saurabh/moon_project/data/CLASS/ch2_cla_l1_2025_08/cla/data/calibrated/2025/08/01/ch2_cla_l1_20250801T023701069_20250801T023709069.fits,2025-08-01T02:37:01.069,2025-08-01T02:37:09.069,2025-08-01T02:37:05.069,8.0,-42.5,13.5,116.822,-21.4877,64.5105,-21.4733,64.075,37.7892,37.7892,CLASS_add_scds.pro,2.1,342,1,"0,1,2,3,4,5,6,7,8,9,10,11,12,13,14,15,",-20.7716,63.5628,-22.1519,63.5257,-22.1593,64.5763,-20.8058,64.6038,1.78289794921875,0.0410255368251817,1.7197265625,1.84619140625,3651.375,84.0202994179723,8
ch2_cla_l1_20250801T023709069_20250801T023717069.fits,/home/saurabh/moon_project/data/CLASS/ch2_cla_l1_2025_08/cla/data/calibrated/2025/08/01/ch2_cla_l1_20250801T023709069_20250801T023717069.fits,2025-08-01T02:37:09.069,2025-08-01T02:37:17.069,2025-08-01T02:37:13.069,8.0,-42.3,13.5,116.792,-21.8875,64.5013,-21.8731,64.0647,38.0125,38.0125,CLASS_add_scds.pro,2.1,343,1,"0,1,2,3,4,5,6,7,8,9,10,11,12,13,14,15,",-21.1715,63.5513,-22.5516,63.5139,-22.559,64.5673,-21.2058,64.5948,1.79364013671875,0.0524259966277054,1.73486328125,1.88525390625,3673.375,107.3684410935408,8
ch2_cla_l1_20250801T023717069_20250801T023725069.fits,/home/saurabh/moon_project/data/CLASS/ch2_cla_l1_2025_08/cla/data/calibrated/2025/08/01/ch2_cla_l1_20250801T023717069_20250801T023725069.fits,2025-08-01T02:37:17.069,2025-08-01T02:37:25.069,2025-08-01T02:37:21.069,8.0,-42.3,13.5,116.76,-22.2874,64.4921,-22.273,64.0544,38.2382,38.2382,CLASS_add_scds.pro,2.1,344,1,"0,1,2,3,4,5,6,7,8,9,10,11,12,13,14,15,",-21.5714,63.5398,-22.9512,63.502,-22.9588,64.5582,-21.6058,64.5859,1.78863525390625,0.0599035372626941,1.693359375,1.876953125,3663.125,122.68244431399768,8
ch2_cla_l1_20250801T023725069_20250801T023733069.fits,/home/saurabh/moon_project/data/CLASS/ch2_cla_l1_2025_08/cla/data/calibrated/2025/08/01/ch2_cla_l1_20250801T023725069_20250801T023733069.fits,2025-08-01T02:37:25.069,2025-08-01T02:37:33.069,2025-08-01T02:37:29.069,8.0,-42.3,13.5,116.728,-22.6873,64.4828,-22.6729,64.0439,38.4663,38.4663,CLASS_add_scds.pro,2.1,345,1,"0,1,2,3,4,5,6,7,8,9,10,11,12,13,14,15,",-21.9713,63.5281,-23.3509,63.49,-23.3585,64.5491,-22.0058,64.5769,1.827392578125,0.0483317402794797,1.76904296875,1.90478515625,3742.5,98.98340409237444,8
ch2_cla_l1_20250801T023733069_20250801T023741069.fits,/home/saurabh/moon_project/data/CLASS/ch2_cla_l1_2025_08/cla/data/calibrated/2025/08/01/ch2_cla_l1_20250801T023733069_20250801T023741069.fits,2025-08-01T02:37:33.069,2025-08-01T02:37:41.069,2025-08-01T02:37:37.069,8.0,-42.3,13.5,116.695,-23.0872,64.4735,-23.0727,64.0335,38.6968,38.6968,CLASS_add_scds.pro,2.1,346,1,"0,1,2,3,4,5,6,7,8,9,10,11,12,13,14,15,",-22.3713,63.5164,-23.7506,63.4779,-23.7583,64.5399,-22.4059,64.5678,1.77899169921875,0.0755382918549662,1.69140625,1.89013671875,3643.375,154.70242171897078,8
ch2_cla_l1_20250801T023741069_20250801T023749069.fits,/home/saurabh/moon_project/data/CLASS/ch2_cla_l1_2025_08/cla/data/calibrated/2025/08/01/ch2_cla_l1_20250801T023741069_20250801T023749069.fits,2025-08-01T02:37:41.069,2025-08-01T02:37:49.069,2025-08-01T02:37:45.069,8.0,-42.3,13.5,116.661,-23.4872,64.4641,-23.4726,64.0229,38.9296,38.9296,CLASS_add_scds.pro,2.1,347,1,"0,1,2,3,4,5,6,7,8,9,10,11,12,13,14,15,",-22.7712,63.5046,-24.1502,63.4657,-24.1581,64.5307,-22.8059,64.5588,1.83160400390625,0.0955732927405319,1.673828125,1.96044921875,3751.125,195.73410353260948,8
ch2_cla_l1_20250801T023749069_20250801T023757069.fits,/home/saurabh/moon_project/data/CLASS/ch2_cla_l1_2025_08/cla/data/calibrated/2025/08/01/ch2_cla_l1_20250801T023749069_20250801T023757069.fits,2025-08-01T02:37:49.069,2025-08-01T02:37:57.069,2025-08-01T02:37:53.069,8.0,-42.3,13.5,116.626,-23.8871,64.4547,-23.8726,64.0123,39.1647,39.1647,CLASS_add_scds.pro,2.1,348,1,"0,1,2,3,4,5,6,7,8,9,10,11,12,13,14,15,",-23.1712,63.4927,-24.5499,63.4534,-24.5579,64.5214,-23.206,64.5496,1.79473876953125,0.0698454040643583,1.70654296875,1.90380859375,3675.625,143.0433875238059,8
ch2_cla_l1_20250801T023757069_20250801T023805069.fits,/home/saurabh/moon_project/data/CLASS/ch2_cla_l1_2025_08/cla/data/calibrated/2025/08/01/ch2_cla_l1_20250801T023757069_20250801T023805069.fits,2025-08-01T02:37:57.069,2025-08-01T02:38:05.069,2025-08-01T02:38:01.069,8.0,-42.2,13.5,116.59,-24.287,64.4452,-24.2725,64.0016,39.402,39.402,CLASS_add_scds.pro,2.1,349,1,"0,1,2,3,4,5,6,7,8,9,10,11,12,13,14,15,",-23.5712,63.4806,-24.9496,63.441,-24.9577,64.5121,-23.6061,64.5405,1.85015869140625,0.0625808397374043,1.75830078125,1.95263671875,3789.125,128.165559782204,8
ch2_cla_l1_20250801T023805069_20250801T023813069.fits,/home/saurabh/moon_project/data/CLASS/ch2_cla_l1_2025_08/cla/data/calibrated/2025/08/01/ch2_cla_l1_20250801T023805069_20250801T023813069.fits,2025-08-01T02:38:05.069,2025-08-01T02:38:13.069,2025-08-01T02:38:09.069,8.0,-42.1,13.5,116.553,-24.687,64.4357,-24.6724,63.9908,39.6416,39.6416,CLASS_add_scds.pro,2.1,350,1,"0,1,2,3,4,5,6,7,8,9,10,11,12,13,14,15,",-23.9712,63.4685,-25.3494,63.4284,-25.3576,64.5027,-24.0062,64.5313,1.781982421875,0.0472801501441804,1.70849609375,1.853515625,3649.5,96.82974749528164,8
ch2_cla_l1_20250801T023813069_20250801T023821069.fits,/home/saurabh/moon_project/data/CLASS/ch2_cla_l1_2025_08/cla/data/calibrated/2025/08/01/ch2_cla_l1_20250801T023813069_20250801T023821069.fits,2025-08-01T02:38:13.069,2025-08-01T02:38:21.069,2025-08-01T02:38:17.069,8.0,-42.0,13.5,116.516,-25.087,64.4261,-25.0723,63.9799,39.8833,39.8833,CLASS_add_scds.pro,2.1,351,1,"0,1,2,3,4,5,6,7,8,9,10,11,12,13,14,15,",-24.3713,63.4562,-25.7491,63.4158,-25.7574,64.4933,-24.4064,64.522,1.85479736328125,0.0508582819941964,1.78271484375,1.95166015625,3798.625,104.1577615241144,8
ch2_cla_l1_20250801T023821069_20250801T023829069.fits,/home/saurabh/moon_project/data/CLASS/ch2_cla_l1_2025_08/cla/data/calibrated/2025/08/01/ch2_cla_l1_20250801T023821069_20250801T023829069.fits,2025-08-01T02:38:21.069,2025-08-01T02:38:29.069,2025-08-01T02:38:25.069,8.0,-42.0,13.5,116.477,-25.487,64.4165,-25.4723,63.9689,40.1271,40.1271,CLASS_add_scds.pro,2.1,352,1,"0,1,2,3,4,5,6,7,8,9,10,11,12,13,14,15,",-24.7713,63.4439,-26.1488,63.403,-26.1572,64.4838,-24.8065,64.5127,1.80120849609375,0.0418763956353862,1.7451171875,1.86962890625,3688.875,85.76285826127099,8
ch2_cla_l1_20250801T023829069_20250801T023837069.fits,/home/saurabh/moon_project/data/CLASS/ch2_cla_l1_2025_08/cla/data/calibrated/2025/08/01/ch2_cla_l1_20250801T023829069_20250801T023837069.fits,2025-08-01T02:38:29.069,2025-08-01T02:38:37.069,2025-08-01T02:38:33.069,8.0,-42.0,13.5,116.438,-25.887,64.4068,-25.8723,63.9579,40.373,40.373,CLASS_add_scds.pro,2.1,353,1,"0,1,2,3,4,5,6,7,8,9,10,11,12,13,14,15,",-25.1714,63.4314,-26.5486,63.3901,-26.5571,64.4743,-25.2067,64.5033,1.85858154296875,0.0400313526133956,1.79931640625,1.9228515625,3806.375,81.98421015223428,8
ch2_cla_l1_20250801T023837069_20250801T023845069.fits,/home/saurabh/moon_project/data/CLASS/ch2_cla_l1_2025_08/cla/data/calibrated/2025/08/01/ch2_cla_l1_20250801T023837069_20250801T023845069.fits,2025-08-01T02:38:37.069,2025-08-01T02:38:45.069,2025-08-01T02:38:41.069,8.0,-42.0,13.5,116.397,-26.287,64.3971,-26.2723,63.9468,40.621,40.621,CLASS_add_scds.pro,2.1,354,1,"0,1,2,3,4,5,6,7,8,9,10,11,12,13,14,15,",-25.5715,63.4188,-26.9483,63.3771,-26.957,64.4647,-25.6069,64.4939,1.80963134765625,0.0601707412732355,1.7431640625,1.93310546875,3706.125,123.2296781275865,8
ch2_cla_l1_20250801T023845069_20250801T023853069.fits,/home/saurabh/moon_project/data/CLASS/ch2_cla_l1_2025_08/cla/data/calibrated/2025/08/01/ch2_cla_l1_20250801T023845069_20250801T023853069.fits,2025-08-01T02:38:45.069,2025-08-01T02:38:53.069,2025-08-01T02:38:49.069,8.0,-42.0,13.5,116.356,-26.6871,64.3873,-26.6723,63.9356,40.8709,40.8709,CLASS_add_scds.pro,2.1,355,1,"0,1,2,3,4,5,6,7,8,9,10,11,12,13,14,15,",-25.9716,63.4061,-27.3481,63.364,-27.3569,64.4551,-26.0071,64.4845,1.8638916015625,0.0384382227033312,1.80126953125,1.91748046875,3817.25,78.7214800964224,8
ch2_cla_l1_20250801T023853069_20250801T023901069.fits,/home/saurabh/moon_project/data/CLASS/ch2_cla_l1_2025_08/cla/data/calibrated/2025/08/01/ch2_cla_l1_20250801T023853069_20250801T023901069.fits,2025-08-01T02:38:53.069,2025-08-01T02:39:01.069,2025-08-01T02:38:57.069,8.0,-41.9,13.5,116.314,-27.0872,64.3774,-27.0724,63.9243,41.1229,41.1229,CLASS_add_scds.pro,2.1,356,1,"0,1,2,3,4,5,6,7,8,9,10,11,12,13,14,15,",-26.3717,63.3933,-27.7478,63.3507,-27.7568,64.4454,-26.4073,64.4749,1.84051513671875,0.0513269220000928,1.78369140625,1.943359375,3769.375,105.11753625619004,8
ch2_cla_l1_20250801T023901069_20250801T023909069.fits,/home/saurabh/moon_project/data/CLASS/ch2_cla_l1_2025_08/cla/data/calibrated/2025/08/01/ch2_cla_l1_20250801T023901069_20250801T023909069.fits,2025-08-01T02:39:01.069,2025-08-01T02:39:09.069,2025-08-01T02:39:05.069,8.0,-41.8,13.5,116.271,-27.4872,64.3675,-27.4724,63.9129,41.3767,41.3767,CLASS_add_scds.pro,2.1,357,1,"0,1,2,3,4,5,6,7,8,9,10,11,12,13,14,15,",-26.7718,63.3803,-28.1476,63.3373,-28.1567,64.4356,-26.8076,64.4654,1.85406494140625,0.0558262424738042,1.77294921875,1.943359375,3797.125,114.33214458635106,8
ch2_cla_l1_20250801T023909069_20250801T023917069.fits,/home/saurabh/moon_project/data/CLASS/ch2_cla_l1_2025_08/cla/data/calibrated/2025/08/01/ch2_cla_l1_20250801T023909069_20250801T023917069.fits,2025-08-01T02:39:09.069,2025-08-01T02:39:17.069,2025-08-01T02:39:13.069,8.0,-41.7,13.5,116.228,-27.8873,64.3575,-27.8724,63.9014,41.6325,41.6325,CLASS_add_scds.pro,2.1,358,1,"0,1,2,3,4,5,6,7,8,9,10,11,12,13,14,15,",-27.172,63.3672,-28.5475,63.3237,-28.5567,64.4258,-27.2079,64.4557,1.8489990234375,0.0719906794176664,1.73779296875,1.9736328125,3786.75,147.43691144738096,8
ch2_cla_l1_20250801T023917069_20250801T023925069.fits,/home/saurabh/moon_project/data/CLASS/ch2_cla_l1_2025_08/cla/data/calibrated/2025/08/01/ch2_cla_l1_20250801T023917069_20250801T023925069.fits,2025-08-01T02:39:17.069,2025-08-01T02:39:25.069,2025-08-01T02:39:21.069,8.0,-41.7,13.5,116.183,-28.2875,64.3474,-28.2725,63.8898,41.8901,41.8901,CLASS_add_scds.pro,2.1,359,1,"0,1,2,3,4,5,6,7,8,9,10,11,12,13,14,15,",-27.5722,63.354,-28.9473,63.3101,-28.9566,64.4159,-27.6082,64.4461,1.8717041015625,0.0587897519296161,1.779296875,1.951171875,3833.25,120.4014119518538,8
ch2_cla_l1_20250801T023925069_20250801T023933069.fits,/home/saurabh/moon_project/data/CLASS/ch2_cla_l1_2025_08/cla/data/calibrated/2025/08/01/ch2_cla_l1_20250801T023925069_20250801T023933069.fits,2025-08-01T02:39:25.069,2025-08-01T02:39:33.069,2025-08-01T02:39:29.069,8.0,-41.7,13.5,116.137,-28.6876,64.3373,-28.6726,63.8781,42.1496,42.1496,CLASS_add_scds.pro,2.1,360,1,"0,1,2,3,4,5,6,7,8,9,10,11,12,13,14,15,",-27.9724,63.3407,-29.3471,63.2963,-29.3566,64.406,-28.0085,64.4363,1.836669921875,0.1024849054473495,1.69384765625,1.9873046875,3761.5,209.88908635617187,8
ch2_cla_l1_20250801T023933069_20250801T023941069.fits,/home/saurabh/moon_project/data/CLASS/ch2_cla_l1_2025_08/cla/data/calibrated/2025/08/01/ch2_cla_l1_20250801T023933069_20250801T023941069.fits,2025-08-01T02:39:33.069,2025-08-01T02:39:41.069,2025-08-01T02:39:37.069,8.0,-41.7,13.5,116.091,-29.0878,64.3271,-29.0728,63.8663,42.4108,42.4108,CLASS_add_scds.pro,2.1,361,1,"0,1,2,3,4,5,6,7,8,9,10,11,12,13,14,15,",-28.3726,63.3272,-29.7469,63.2823,-29.7565,64.396,-28.4088,64.4265,1.85693359375,0.0783565903356152,1.75244140625,1.97998046875,3803.0,160.47429700734008,8
ch2_cla_l1_20250801T023941069_20250801T023949069.fits,/home/saurabh/moon_project/data/CLASS/ch2_cla_l1_2025_08/cla/data/calibrated/2025/08/01/ch2_cla_l1_20250801T023941069_20250801T023949069.fits,2025-08-01T02:39:41.069,2025-08-01T02:39:49.069,2025-08-01T02:39:45.069,8.0,-41.7,13.5,116.044,-29.4879,64.3168,-29.4729,63.8545,42.6738,42.6738,CLASS_add_scds.pro,2.1,362,1,"0,1,2,3,4,5,6,7,8,9,10,11,12,13,14,15,",-28.7729,63.3136,-30.1468,63.2682,-30.1566,64.3859,-28.8092,64.4167,1.871337890625,0.0858657339089974,1.7529296875,2.0166015625,3832.5,175.85302304562668,8
ch2_cla_l1_20250801T023949069_20250801T023957069.fits,/home/saurabh/moon_project/data/CLASS/ch2_cla_l1_2025_08/cla/data/calibrated/2025/08/01/ch2_cla_l1_20250801T023949069_20250801T023957069.fits,2025-08-01T02:39:49.069,2025-08-01T02:39:57.069,2025-08-01T02:39:53.069,8.0,-41.6,13.5,115.995,-29.8881,64.3065,-29.873,63.8425,42.9385,42.9385,CLASS_add_scds.pro,2.1,363,1,"0,1,2,3,4,5,6,7,8,9,10,11,12,13,14,15,",-29.1732,63.2999,-30.5467,63.2539,-30.5566,64.3757,-29.2096,64.4067,1.81536865234375,0.0861122781578747,1.689453125,1.96044921875,3717.875,176.3579456673274,8
ch2_cla_l1_20250801T023957069_20250801T024005069.fits,/home/saurabh/moon_project/data/CLASS/ch2_cla_l1_2025_08/cla/data/calibrated/2025/08/01/ch2_cla_l1_20250801T023957069_20250801T024005069.fits,2025-08-01T02:39:57.069,2025-08-01T02:40:05.069,2025-08-01T02:40:01.069,8.0,-41.5,13.5,115.947,-30.2884,64.2961,-30.2732,63.8304,43.205,43.205,CLASS_add_scds.pro,2.1,364,1,"0,1,2,3,4,5,6,7,8,9,10,11,12,13,14,15,",-29.5734,63.286,-30.9466,63.2396,-30.9566,64.3655,-29.61,64.3967,1.750244140625,0.0655337159418986,1.6328125,1.84130859375,3584.5,134.21305024900843,8
ch2_cla_l1_20250801T024005069_20250801T024013069.fits,/home/saurabh/moon_project/data/CLASS/ch2_cla_l1_2025_08/cla/data/calibrated/2025/08/01/ch2_cla_l1_20250801T024005069_20250801T024013069.fits,2025-08-01T02:40:05.069,2025-08-01T02:40:13.069,2025-08-01T02:40:09.069,8.0,-41.5,13.5,115.897,-30.6886,64.2856,-30.6734,63.8182,43.4731,43.4731,CLASS_add_scds.pro,2.1,365,1,"0,1,2,3,4,5,6,7,8,9,10,11,12,13,14,15,",-29.9737,63.272,-31.3465,63.225,-31.3566,64.3552,-30.0104,64.3867,1.740966796875,0.0453309571207067,1.67822265625,1.81201171875,3565.5,92.8378001832074,8
ch2_cla_l1_20250801T024013069_20250801T024021069.fits,/home/saurabh/moon_project/data/CLASS/ch2_cla_l1_2025_08/cla/data/calibrated/2025/08/01/ch2_cla_l1_20250801T024013069_20250801T024021069.fits,2025-08-01T02:40:13.069,2025-08-01T02:40:21.069,2025-08-01T02:40:17.069,8.0,-41.4,13.5,115.846,-31.0889,64.275,-31.0736,63.8059,43.7428,43.7428,CLASS_add_scds.pro,2.1,366,1,"0,1,2,3,4,5,6,7,8,9,10,11,12,13,14,15,",-30.3741,63.2578,-31.7464,63.2103,-31.7567,64.3449,-30.4109,64.3765,1.7879638671875,0.074143794938196,1.669921875,1.8984375,3661.75,151.84649203342545,8
ch2_cla_l1_20250801T024021069_20250801T024029069.fits,/home/saurabh/moon_project/data/CLASS/ch2_cla_l1_2025_08/cla/data/calibrated/2025/08/01/ch2_cla_l1_20250801T024021069_20250801T024029069.fits,2025-08-01T02:40:21.069,2025-08-01T02:40:29.069,2025-08-01T02:40:25.069,8.0,-41.3,13.5,115.794,-31.4891,64.2644,-31.4739,63.7934,44.0141,44.0141,CLASS_add_scds.pro,2.1,367,1,"0,1,2,3,4,5,6,7,8,9,10,11,12,13,14,15,",-30.7745,63.2435,-32.1463,63.1954,-32.1568,64.3344,-30.8114,64.3663,1.74774169921875,0.0409997922480034,1.68505859375,1.80615234375,3579.375,83.96757452391114,8
ch2_cla_l1_20250801T024029069_20250801T024037069.fits,/home/saurabh/moon_project/data/CLASS/ch2_cla_l1_2025_08/cla/data/calibrated/2025/08/01/ch2_cla_l1_20250801T024029069_20250801T024037069.fits,2025-08-01T02:40:29.069,2025-08-01T02:40:37.069,2025-08-01T02:40:33.069,8.0,-41.3,13.5,115.742,-31.8894,64.2536,-31.8742,63.7809,44.287,44.287,CLASS_add_scds.pro,2.1,368,1,"0,1,2,3,4,5,6,7,8,9,10,11,12,13,14,15,",-31.1748,63.229,-32.5463,63.1804,-32.5569,64.3239,-31.2119,64.356,1.7906494140625,0.057471435038465,1.68505859375,1.859375,3667.25,117.70149895877648,8
ch2_cla_l1_20250801T024037069_20250801T024045069.fits,/home/saurabh/moon_project/data/CLASS/ch2_cla_l1_2025_08/cla/data/calibrated/2025/08/01/ch2_cla_l1_20250801T024037069_20250801T024045069.fits,2025-08-01T02:40:37.069,2025-08-01T02:40:45.069,2025-08-01T02:40:41.069,8.0,-41.3,13.5,115.689,-32.2898,64.2428,-32.2744,63.7682,44.5615,44.5615,CLASS_add_scds.pro,2.1,369,1,"0,1,2,3,4,5,6,7,8,9,10,11,12,13,14,15,",-31.5752,63.2143,-32.9463,63.1652,-32.957,64.3133,-31.6124,64.3457,1.749267578125,0.0349307624916457,1.70166015625,1.81298828125,3582.5,71.53820158289057,8
ch2_cla_l1_20250801T024045069_20250801T024053069.fits,/home/saurabh/moon_project/data/CLASS/ch2_cla_l1_2025_08/cla/data/calibrated/2025/08/01/ch2_cla_l1_20250801T024045069_20250801T024053069.fits,2025-08-01T02:40:45.069,2025-08-01T02:40:53.069,2025-08-01T02:40:49.069,8.0,-41.3,13.5,115.634,-32.6901,64.2319,-32.6747,63.7554,44.8374,44.8374,CLASS_add_scds.pro,2.1,370,1,"0,1,2,3,4,5,6,7,8,9,10,11,12,13,14,15,",-31.9757,63.1995,-33.3464,63.1498,-33.3573,64.3026,-32.013,64.3353,1.79132080078125,0.0935350178406687,1.57568359375,1.86767578125,3668.625,191.55971653768964,8
ch2_cla_l1_20250801T024245069_20250801T024253069.fits,/home/saurabh/moon_project/data/CLASS/ch2_cla_l1_2025_08/cla/data/calibrated/2025/08/01/ch2_cla_l1_20250801T024245069_20250801T024253069.fits,2025-08-01T02:42:45.069,2025-08-01T02:42:53.069,2025-08-01T02:42:49.069,8.0,-40.8,13.5,114.722,-38.6983,64.0565,-38.692,64.0567,49.1407,49.1407,CLASS_add_scds.pro,2.1,385,1,"0,1,2,3,4,5,6,7,8,9,10,11,12,13,14,15,",-38.0077,63.4768,-39.352,63.427,-39.373,64.6471,-38.0283,64.6754,1.72296142578125,0.0530293204107999,1.65283203125,1.79443359375,3528.625,108.60404820131838,8
ch2_cla_l1_20250801T024301069_20250801T024309069.fits,/home/saurabh/moon_project/data/CLASS/ch2_cla_l1_2025_08/cla/data/calibrated/2025/08/01/ch2_cla_l1_20250801T024301069_20250801T024309069.fits,2025-08-01T02:43:01.069,2025-08-01T02:43:09.069,2025-08-01T02:43:05.069,8.0,-40.7,13.5,114.586,-39.4998,64.0312,-39.4936,64.0314,49.7352,49.7352,CLASS_add_scds.pro,2.1,387,1,"0,1,2,3,4,5,6,7,8,9,10,11,12,13,14,15,",-38.8096,63.4461,-40.1528,63.3948,-40.1741,64.6277,-38.8305,64.6566,1.74237060546875,0.0525097376687213,1.677734375,1.826171875,3568.375,107.53994274554124,8
ch2_cla_l1_20250801T024317069_20250801T024325069.fits,/home/saurabh/moon_project/data/CLASS/ch2_cla_l1_2025_08/cla/data/calibrated/2025/08/01/ch2_cla_l1_20250801T024317069_20250801T024325069.fits,2025-08-01T02:43:17.069,2025-08-01T02:43:25.069,2025-08-01T02:43:21.069,8.0,-40.7,13.5,114.448,-40.3014,64.0053,-40.2952,64.0054,50.3341,50.3341,CLASS_add_scds.pro,2.1,389,1,"0,1,2,3,4,5,6,7,8,9,10,11,12,13,14,15,",-39.6117,63.4143,-40.9537,63.3617,-40.9752,64.6079,-39.6327,64.6373,1.72918701171875,0.0832941070831953,1.57958984375,1.84130859375,3541.375,170.58633130638407,8
ch2_cla_l1_20250801T024333069_20250801T024341069.fits,/home/saurabh/moon_project/data/CLASS/ch2_cla_l1_2025_08/cla/data/calibrated/2025/08/01/ch2_cla_l1_20250801T024333069_20250801T024341069.fits,2025-08-01T02:43:33.069,2025-08-01T02:43:41.069,2025-08-01T02:43:37.069,8.0,-40.5,13.5,114.305,-41.1032,63.9788,-41.097,63.9789,50.9371,50.9371,CLASS_add_scds.pro,2.1,391,1,"0,1,2,3,4,5,6,7,8,9,10,11,12,13,14,15,",-40.4138,63.3818,-41.7548,63.3279,-41.7765,64.5879,-40.4351,64.6177,1.76068115234375,0.0982603516237006,1.5947265625,1.88427734375,3605.875,201.23720012533892,8
ch2_cla_l1_20250801T024341069_20250801T024349069.fits,/home/saurabh/moon_project/data/CLASS/ch2_cla_l1_2025_08/cla/data/calibrated/2025/08/01/ch2_cla_l1_20250801T024341069_20250801T024349069.fits,2025-08-01T02:43:41.069,2025-08-01T02:43:49.069,2025-08-01T02:43:45.069,8.0,-40.5,13.5,114.233,-41.5041,63.9653,-41.4979,63.9654,51.2401,51.2401,CLASS_add_scds.pro,2.1,392,1,"0,1,2,3,4,5,6,7,8,9,10,11,12,13,14,15,",-40.8149,63.3652,-42.1554,63.3106,-42.1772,64.5777,-40.8363,64.6078,1.71441650390625,0.0590243187148182,1.63427734375,1.80810546875,3511.125,120.88180472794784,8
ch2_cla_l1_20250801T024349069_20250801T024357069.fits,/home/saurabh/moon_project/data/CLASS/ch2_cla_l1_2025_08/cla/data/calibrated/2025/08/01/ch2_cla_l1_20250801T024349069_20250801T024357069.fits,2025-08-01T02:43:49.069,2025-08-01T02:43:57.069,2025-08-01T02:43:53.069,8.0,-40.5,13.5,114.16,-41.9051,63.9517,-41.8989,63.9518,51.5441,51.5441,CLASS_add_scds.pro,2.1,393,1,"0,1,2,3,4,5,6,7,8,9,10,11,12,13,14,15,",-41.2161,63.3485,-42.5559,63.2931,-42.5779,64.5675,-41.2376,64.5978,1.7635498046875,0.0427930136398872,1.7109375,1.833984375,3611.75,87.64009193448918,8
ch2_cla_l1_20250801T024357069_20250801T024405069.fits,/home/saurabh/moon_project/data/CLASS/ch2_cla_l1_2025_08/cla/data/calibrated/2025/08/01/ch2_cla_l1_20250801T024357069_20250801T024405069.fits,2025-08-01T02:43:57.069,2025-08-01T02:44:05.069,2025-08-01T02:44:01.069,8.0,-40.5,13.5,114.086,-42.3061,63.938,-42.2999,63.9381,51.8491,51.8491,CLASS_add_scds.pro,2.1,394,1,"0,1,2,3,4,5,6,7,8,9,10,11,12,13,14,15,",-41.6173,63.3315,-42.9565,63.2754,-42.9786,64.5573,-41.6389,64.5878,1.71441650390625,0.0428706945269759,1.64990234375,1.78173828125,3511.125,87.79918239124683,8
ch2_cla_l1_20250801T024405069_20250801T024413069.fits,/home/saurabh/moon_project/data/CLASS/ch2_cla_l1_2025_08/cla/data/calibrated/2025/08/01/ch2_cla_l1_20250801T024405069_20250801T024413069.fits,2025-08-01T02:44:05.069,2025-08-01T02:44:13.069,2025-08-01T02:44:09.069,8.0,-40.4,13.5,114.012,-42.7071,63.924,-42.7009,63.9242,52.155,52.155,CLASS_add_scds.pro,2.1,395,1,"0,1,2,3,4,5,6,7,8,9,10,11,12,13,14,15,",-42.0185,63.3144,-43.3572,63.2575,-43.3794,64.5469,-42.0403,64.5777,1.72259521484375,0.0597948403637257,1.640625,1.8271484375,3527.875,122.45983306491036,8
ch2_cla_l1_20250801T024621069_20250801T024629069.fits,/home/saurabh/moon_project/data/CLASS/ch2_cla_l1_2025_08/cla/data/calibrated/2025/08/01/ch2_cla_l1_20250801T024621069_20250801T024629069.fits,2025-08-01T02:46:21.069,2025-08-01T02:46:29.069,2025-08-01T02:46:25.069,8.0,-39.9,13.5,112.63,-49.5292,63.6574,-49.5231,63.6576,57.4857,57.4857,CLASS_add_scds.pro,2.1,412,1,"0,1,2,3,4,5,6,7,8,9,10,11,12,13,14,15,",-48.8445,62.9807,-50.1721,62.9067,-50.197,64.3526,-48.8688,64.3896,1.72198486328125,0.0615045773755481,1.60205078125,1.79638671875,3526.625,125.96137446512267,8
ch2_cla_l1_20250801T024637069_20250801T024645069.fits,/home/saurabh/moon_project/data/CLASS/ch2_cla_l1_2025_08/cla/data/calibrated/2025/08/01/ch2_cla_l1_20250801T024637069_20250801T024645069.fits,2025-08-01T02:46:37.069,2025-08-01T02:46:45.069,2025-08-01T02:46:41.069,8.0,-39.8,13.5,112.454,-50.3324,63.6216,-50.3263,63.6217,58.1271,58.1271,CLASS_add_scds.pro,2.1,414,1,"0,1,2,3,4,5,6,7,8,9,10,11,12,13,14,15,",-49.6482,62.9353,-50.9744,62.8587,-50.9997,64.3271,-49.6729,64.3651,1.72637939453125,0.0576726909357822,1.62841796875,1.802734375,3535.625,118.113671036482,8
ch2_cla_l1_20250801T024653069_20250801T024701069.fits,/home/saurabh/moon_project/data/CLASS/ch2_cla_l1_2025_08/cla/data/calibrated/2025/08/01/ch2_cla_l1_20250801T024653069_20250801T024701069.fits,2025-08-01T02:46:53.069,2025-08-01T02:47:01.069,2025-08-01T02:46:57.069,8.0,-39.8,13.5,112.275,-51.1358,63.5845,-51.1297,63.5847,58.7712,58.7712,CLASS_add_scds.pro,2.1,416,1,"0,1,2,3,4,5,6,7,8,9,10,11,12,13,14,15,",-50.4521,62.8883,-51.7768,62.809,-51.8025,64.3009,-50.4771,64.3399,1.7425537109375,0.0612536546601082,1.64453125,1.830078125,3568.75,125.4474847439016,8
ch2_cla_l1_20250801T024709069_20250801T024717069.fits,/home/saurabh/moon_project/data/CLASS/ch2_cla_l1_2025_08/cla/data/calibrated/2025/08/01/ch2_cla_l1_20250801T024709069_20250801T024717069.fits,2025-08-01T02:47:09.069,2025-08-01T02:47:17.069,2025-08-01T02:47:13.069,8.0,-39.7,13.5,112.093,-51.9394,63.5463,-51.9333,63.5465,59.4178,59.4178,CLASS_add_scds.pro,2.1,418,1,"0,1,2,3,4,5,6,7,8,9,10,11,12,13,14,15,",-51.2561,62.8397,-52.5794,62.7574,-52.6055,64.274,-51.2815,64.3141,1.733154296875,0.0747487355146702,1.62890625,1.8388671875,3549.5,153.08541033404475,8
ch2_cla_l1_20250801T024725069_20250801T024733069.fits,/home/saurabh/moon_project/data/CLASS/ch2_cla_l1_2025_08/cla/data/calibrated/2025/08/01/ch2_cla_l1_20250801T024725069_20250801T024733069.fits,2025-08-01T02:47:25.069,2025-08-01T02:47:33.069,2025-08-01T02:47:29.069,8.0,-39.6,13.5,111.909,-52.743,63.5067,-52.7369,63.5069,60.0669,60.0669,CLASS_add_scds.pro,2.1,420,1,"0,1,2,3,4,5,6,7,8,9,10,11,12,13,14,15,",-52.0602,62.7892,-53.382,62.7038,-53.4086,64.2463,-52.0861,64.2876,1.7374267578125,0.0593438948992032,1.65283203125,1.82177734375,3558.25,121.53629675356837,8
ch2_cla_l1_20250801T024741069_20250801T024749069.fits,/home/saurabh/moon_project/data/CLASS/ch2_cla_l1_2025_08/cla/data/calibrated/2025/08/01/ch2_cla_l1_20250801T024741069_20250801T024749069.fits,2025-08-01T02:47:41.069,2025-08-01T02:47:49.069,2025-08-01T02:47:45.069,8.0,-39.6,13.5,111.722,-53.5469,63.4658,-53.5408,63.466,60.7184,60.7184,CLASS_add_scds.pro,2.1,422,1,"0,1,2,3,4,5,6,7,8,9,10,11,12,13,14,15,",-52.8645,62.7369,-54.1848,62.6481,-54.2118,64.2177,-52.8908,64.2603,1.73760986328125,0.0470200519601071,1.66796875,1.81982421875,3558.625,96.29706641429944,8
ch2_cla_l1_20250801T024749069_20250801T024757069.fits,/home/saurabh/moon_project/data/CLASS/ch2_cla_l1_2025_08/cla/data/calibrated/2025/08/01/ch2_cla_l1_20250801T024749069_20250801T024757069.fits,2025-08-01T02:47:49.069,2025-08-01T02:47:57.069,2025-08-01T02:47:53.069,8.0,-39.6,13.5,111.628,-53.9488,63.4447,-53.9428,63.4449,61.045,61.045,CLASS_add_scds.pro,2.1,423,1,"0,1,2,3,4,5,6,7,8,9,10,11,12,13,14,15,",-53.2667,62.7099,-54.5862,62.6194,-54.6135,64.2031,-53.2932,64.2463,1.73333740234375,0.082523220105564,1.61181640625,1.857421875,3549.875,169.00755477619506,8
ch2_cla_l1_20250801T024757069_20250801T024805069.fits,/home/saurabh/moon_project/data/CLASS/ch2_cla_l1_2025_08/cla/data/calibrated/2025/08/01/ch2_cla_l1_20250801T024757069_20250801T024805069.fits,2025-08-01T02:47:57.069,2025-08-01T02:48:05.069,2025-08-01T02:48:01.069,8.0,-39.5,13.5,111.533,-54.3508,63.4233,-54.3448,63.4235,61.3721,61.3721,CLASS_add_scds.pro,2.1,424,1,"0,1,2,3,4,5,6,7,8,9,10,11,12,13,14,15,",-53.669,62.6824,-54.9877,62.5901,-55.0153,64.1882,-53.6957,64.2322,1.73956298828125,0.0380250213068356,1.6865234375,1.7890625,3562.625,77.87524363639945,8
ch2_cla_l1_20250801T024805069_20250801T024813069.fits,/home/saurabh/moon_project/data/CLASS/ch2_cla_l1_2025_08/cla/data/calibrated/2025/08/01/ch2_cla_l1_20250801T024805069_20250801T024813069.fits,2025-08-01T02:48:05.069,2025-08-01T02:48:13.069,2025-08-01T02:48:09.069,8.0,-39.5,13.5,111.437,-54.7529,63.4015,-54.7468,63.4017,61.6998,61.6998,CLASS_add_scds.pro,2.1,425,1,"0,1,2,3,4,5,6,7,8,9,10,11,12,13,14,15,",-54.0713,62.6544,-55.3892,62.5602,-55.417,64.1732,-54.0982,64.2178,1.7384033203125,0.0568553443851543,1.66650390625,1.81591796875,3560.25,116.43974530079618,8
ch2_cla_l1_20250801T024813069_20250801T024821069.fits,/home/saurabh/moon_project/data/CLASS/ch2_cla_l1_2025_08/cla/data/calibrated/2025/08/01/ch2_cla_l1_20250801T024813069_20250801T024821069.fits,2025-08-01T02:48:13.069,2025-08-01T02:48:21.069,2025-08-01T02:48:17.069,8.0,-39.5,13.5,111.341,-55.155,63.3792,-55.1489,63.3794,62.0281,62.0281,CLASS_add_scds.pro,2.1,426,1,"0,1,2,3,4,5,6,7,8,9,10,11,12,13,14,15,",-54.4736,62.6259,-55.7908,62.5297,-55.8188,64.1578,-54.5008,64.2032,1.74578857421875,0.0306546169794319,1.701171875,1.78955078125,3575.375,62.78065557387653,8
ch2_cla_l1_20250801T025109069_20250801T025117069.fits,/home/saurabh/moon_project/data/CLASS/ch2_cla_l1_2025_08/cla/data/calibrated/2025/08/01/ch2_cla_l1_20250801T025109069_20250801T025117069.fits,2025-08-01T02:51:09.069,2025-08-01T02:51:17.069,2025-08-01T02:51:13.069,8.0,-38.9,13.5,109.074,-64.0106,62.7446,-64.0052,62.7449,69.3692,69.3692,CLASS_add_scds.pro,2.1,448,1,"0,1,2,3,4,5,6,7,8,9,10,11,12,13,14,15,",-63.334,61.803,-64.6326,61.6389,-64.6687,63.7316,-63.3686,63.8035,1.7171630859375,0.0872995025762919,1.59619140625,1.859375,3516.75,178.789381276246,8
ch2_cla_l1_20250801T025141069_20250801T025149069.fits,/home/saurabh/moon_project/data/CLASS/ch2_cla_l1_2025_08/cla/data/calibrated/2025/08/01/ch2_cla_l1_20250801T025141069_20250801T025149069.fits,2025-08-01T02:51:41.069,2025-08-01T02:51:49.069,2025-08-01T02:51:45.069,8.0,-38.9,13.5,108.633,-65.6227,62.5859,-65.6168,62.5864,70.7248,70.7248,CLASS_add_scds.pro,2.1,452,1,"0,1,2,3,4,5,6,7,8,9,10,11,12,13,14,15,",-64.9466,61.5958,-66.2415,61.4111,-66.2797,63.6273,-64.9831,63.7074,1.749267578125,0.0801287235341052,1.6171875,1.865234375,3582.5,164.10362579784763,8
ch2_cla_l1_20250801T025157069_20250801T025205069.fits,/home/saurabh/moon_project/data/CLASS/ch2_cla_l1_2025_08/cla/data/calibrated/2025/08/01/ch2_cla_l1_20250801T025157069_20250801T025205069.fits,2025-08-01T02:51:57.069,2025-08-01T02:52:05.069,2025-08-01T02:52:01.069,8.0,-38.9,13.5,108.41,-66.4291,62.4991,-66.4233,62.4996,71.4046,71.4046,CLASS_add_scds.pro,2.1,454,1,"0,1,2,3,4,5,6,7,8,9,10,11,12,13,14,15,",-65.7532,61.4826,-67.0461,61.2859,-67.0856,63.5706,-65.7908,63.6555,1.7421875,0.0519423984882033,1.65380859375,1.814453125,3568.0,106.37803210384048,8
ch2_cla_l1_20250801T025205069_20250801T025213069.fits,/home/saurabh/moon_project/data/CLASS/ch2_cla_l1_2025_08/cla/data/calibrated/2025/08/01/ch2_cla_l1_20250801T025205069_20250801T025213069.fits,2025-08-01T02:52:05.069,2025-08-01T02:52:13.069,2025-08-01T02:52:09.069,8.0,-38.9,13.5,108.297,-66.8323,62.4536,-66.8253,62.4545,71.745,71.745,CLASS_add_scds.pro,2.1,455,1,"0,1,2,3,4,5,6,7,8,9,10,11,12,13,14,15,",-66.1565,61.4233,-67.4478,61.2204,-67.4879,63.5411,-66.1946,63.6284,1.7158203125,0.0408099982163128,1.65380859375,1.77294921875,3514.0,83.5788763470087,8
ch2_cla_l1_20250801T025213069_20250801T025221069.fits,/home/saurabh/moon_project/data/CLASS/ch2_cla_l1_2025_08/cla/data/calibrated/2025/08/01/ch2_cla_l1_20250801T025213069_20250801T025221069.fits,2025-08-01T02:52:13.069,2025-08-01T02:52:21.069,2025-08-01T02:52:17.069,8.0,-38.9,13.5,108.184,-67.2355,62.4067,-67.2299,62.4072,72.0857,72.0857,CLASS_add_scds.pro,2.1,456,1,"0,1,2,3,4,5,6,7,8,9,10,11,12,13,14,15,",-66.5591,61.3623,-67.8506,61.1522,-67.8913,63.5104,-66.5978,63.6009,1.760498046875,0.0555427778778317,1.67626953125,1.849609375,3605.5,113.7516090937995,8
ch2_cla_l1_20250801T025229069_20250801T025237069.fits,/home/saurabh/moon_project/data/CLASS/ch2_cla_l1_2025_08/cla/data/calibrated/2025/08/01/ch2_cla_l1_20250801T025229069_20250801T025237069.fits,2025-08-01T02:52:29.069,2025-08-01T02:52:37.069,2025-08-01T02:52:33.069,8.0,-38.9,13.5,107.957,-68.0421,62.308,-68.0363,62.3086,72.768,72.768,CLASS_add_scds.pro,2.1,458,1,"0,1,2,3,4,5,6,7,8,9,10,11,12,13,14,15,",-67.3671,61.2329,-68.6561,61.0083,-68.6982,63.446,-67.407,63.542,1.78076171875,0.0554531758662921,1.6923828125,1.8564453125,3647.0,113.5681041741663,8
ch2_cla_l1_20250801T025501069_20250801T025509069.fits,/home/saurabh/moon_project/data/CLASS/ch2_cla_l1_2025_08/cla/data/calibrated/2025/08/01/ch2_cla_l1_20250801T025501069_20250801T025509069.fits,2025-08-01T02:55:01.069,2025-08-01T02:55:09.069,2025-08-01T02:55:05.069,8.0,-38.7,13.5,105.708,-75.7105,60.8532,-75.7049,60.8545,79.302,79.302,CLASS_add_scds.pro,2.1,477,1,"0,1,2,3,4,5,6,7,8,9,10,11,12,13,14,15,",-75.0335,59.3471,-76.3016,58.8358,-76.365,62.5034,-75.0918,62.7157,1.7239990234375,0.0816824627864982,1.578125,1.837890625,3530.75,167.28568378674848,8
ch2_cla_l1_20250801T025517069_20250801T025525069.fits,/home/saurabh/moon_project/data/CLASS/ch2_cla_l1_2025_08/cla/data/calibrated/2025/08/01/ch2_cla_l1_20250801T025517069_20250801T025525069.fits,2025-08-01T02:55:17.069,2025-08-01T02:55:25.069,2025-08-01T02:55:21.069,8.0,-38.7,13.5,105.463,-76.518,60.608,-76.5123,60.6093,79.9944,79.9944,CLASS_add_scds.pro,2.1,479,1,"0,1,2,3,4,5,6,7,8,9,10,11,12,13,14,15,",-75.8396,59.0342,-77.1058,58.4605,-77.173,62.3434,-75.901,62.582,1.7462158203125,0.0449732137612055,1.68115234375,1.8203125,3576.25,92.10514178294903,8
ch2_cla_l1_20250801T025533069_20250801T025541069.fits,/home/saurabh/moon_project/data/CLASS/ch2_cla_l1_2025_08/cla/data/calibrated/2025/08/01/ch2_cla_l1_20250801T025533069_20250801T025541069.fits,2025-08-01T02:55:33.069,2025-08-01T02:55:41.069,2025-08-01T02:55:37.069,8.0,-38.7,13.5,105.217,-77.3255,60.3324,-77.32,60.334,80.6875,80.6875,CLASS_add_scds.pro,2.1,481,1,"0,1,2,3,4,5,6,7,8,9,10,11,12,13,14,15,",-76.6469,58.6818,-77.9095,58.0367,-77.9809,62.1635,-76.7119,62.4308,1.74432373046875,0.0369142262749992,1.68701171875,1.80322265625,3572.375,75.6003354111985,8
ch2_cla_l1_20250801T025549069_20250801T025557069.fits,/home/saurabh/moon_project/data/CLASS/ch2_cla_l1_2025_08/cla/data/calibrated/2025/08/01/ch2_cla_l1_20250801T025549069_20250801T025557069.fits,2025-08-01T02:55:49.069,2025-08-01T02:55:57.069,2025-08-01T02:55:53.069,8.0,-38.7,13.5,104.969,-78.1328,60.0201,-78.1272,60.0223,81.3813,81.3813,CLASS_add_scds.pro,2.1,483,1,"0,1,2,3,4,5,6,7,8,9,10,11,12,13,14,15,",-77.4531,58.2859,-78.7125,57.5534,-78.7888,61.9589,-77.522,62.2621,1.755126953125,0.0349473346815785,1.69970703125,1.80908203125,3594.5,71.57214142787282,8
ch2_cla_l1_20250801T025557069_20250801T025605069.fits,/home/saurabh/moon_project/data/CLASS/ch2_cla_l1_2025_08/cla/data/calibrated/2025/08/01/ch2_cla_l1_20250801T025557069_20250801T025605069.fits,2025-08-01T02:55:57.069,2025-08-01T02:56:05.069,2025-08-01T02:56:01.069,8.0,-38.7,13.5,104.844,-78.5365,59.8479,-78.5308,59.85,81.7285,81.7285,CLASS_add_scds.pro,2.1,484,1,"0,1,2,3,4,5,6,7,8,9,10,11,12,13,14,15,",-77.856,58.0686,-79.1137,57.2849,-79.1927,61.8451,-77.9271,62.1696,1.722412109375,0.060225375911397,1.6396484375,1.833984375,3527.5,123.34156986654116,8
ch2_cla_l1_20250801T025605069_20250801T025613069.fits,/home/saurabh/moon_project/data/CLASS/ch2_cla_l1_2025_08/cla/data/calibrated/2025/08/01/ch2_cla_l1_20250801T025605069_20250801T025613069.fits,2025-08-01T02:56:05.069,2025-08-01T02:56:13.069,2025-08-01T02:56:09.069,8.0,-38.7,13.5,104.72,-78.94,59.6633,-78.9331,59.6674,82.0758,82.0758,CLASS_add_scds.pro,2.1,485,1,"0,1,2,3,4,5,6,7,8,9,10,11,12,13,14,15,",-78.2587,57.8365,-79.5145,56.9972,-79.5964,61.7238,-78.3321,62.071,1.74224853515625,0.0600704664309136,1.63916015625,1.8251953125,3568.125,123.02431525051112,8
ch2_cla_l1_20250801T025613069_20250801T025621069.fits,/home/saurabh/moon_project/data/CLASS/ch2_cla_l1_2025_08/cla/data/calibrated/2025/08/01/ch2_cla_l1_20250801T025613069_20250801T025621069.fits,2025-08-01T02:56:13.069,2025-08-01T02:56:21.069,2025-08-01T02:56:17.069,8.0,-38.7,13.5,104.595,-79.3435,59.4649,-79.338,59.4674,82.4233,82.4233,CLASS_add_scds.pro,2.1,486,1,"0,1,2,3,4,5,6,7,8,9,10,11,12,13,14,15,",-78.661,57.5889,-79.9161,56.6848,-80.0012,61.5916,-78.7369,61.9662,1.7205810546875,0.0455586106039864,1.63916015625,1.7861328125,3523.75,93.30403451696424,8
ch2_cla_l1_20250801T025621069_20250801T025629069.fits,/home/saurabh/moon_project/data/CLASS/ch2_cla_l1_2025_08/cla/data/calibrated/2025/08/01/ch2_cla_l1_20250801T025621069_20250801T025629069.fits,2025-08-01T02:56:21.069,2025-08-01T02:56:29.069,2025-08-01T02:56:25.069,8.0,-38.7,13.5,104.469,-79.747,59.2512,-79.7415,59.2539,82.7709,82.7709,CLASS_add_scds.pro,2.1,487,1,"0,1,2,3,4,5,6,7,8,9,10,11,12,13,14,15,",-79.0643,57.3214,-80.3166,56.3481,-80.4051,61.4494,-79.1428,61.8524,1.76214599609375,0.0593792892283526,1.671875,1.85595703125,3608.875,121.60878433966614,8
ch2_cla_l1_20250801T025629069_20250801T025637069.fits,/home/saurabh/moon_project/data/CLASS/ch2_cla_l1_2025_08/cla/data/calibrated/2025/08/01/ch2_cla_l1_20250801T025629069_20250801T025637069.fits,2025-08-01T02:56:29.069,2025-08-01T02:56:37.069,2025-08-01T02:56:33.069,8.0,-38.7,13.5,104.344,-80.1503,59.0202,-80.1448,59.0233,83.1186,83.1186,CLASS_add_scds.pro,2.1,488,1,"0,1,2,3,4,5,6,7,8,9,10,11,12,13,14,15,",-79.4665,57.0351,-80.7168,55.9825,-80.8091,61.2949,-79.5479,61.7312,1.72857666015625,0.1006355110575016,1.58740234375,1.88671875,3540.125,206.1015266457633,8
ch2_cla_l1_20250801T025637069_20250801T025645069.fits,/home/saurabh/moon_project/data/CLASS/ch2_cla_l1_2025_08/cla/data/calibrated/2025/08/01/ch2_cla_l1_20250801T025637069_20250801T025645069.fits,2025-08-01T02:56:37.069,2025-08-01T02:56:45.069,2025-08-01T02:56:41.069,8.0,-38.8,13.5,104.218,-80.5535,58.7698,-80.548,58.773,83.4665,83.4665,CLASS_add_scds.pro,2.1,489,1,"0,1,2,3,4,5,6,7,8,9,10,11,12,13,14,15,",-79.8684,56.7261,-81.1168,55.5839,-81.2131,61.1265,-79.953,61.6004,1.75103759765625,0.0792325397096963,1.64794921875,1.86181640625,3586.125,162.2682413254582,8
ch2_cla_l1_20250801T025645069_20250801T025653069.fits,/home/saurabh/moon_project/data/CLASS/ch2_cla_l1_2025_08/cla/data/calibrated/2025/08/01/ch2_cla_l1_20250801T025645069_20250801T025653069.fits,2025-08-01T02:56:45.069,2025-08-01T02:56:53.069,2025-08-01T02:56:49.069,8.0,-38.8,13.5,104.092,-80.9566,58.4974,-80.951,58.5012,83.8146,83.8146,CLASS_add_scds.pro,2.1,490,1,"0,1,2,3,4,5,6,7,8,9,10,11,12,13,14,15,",-80.2702,56.3915,-81.5163,55.1481,-81.617,60.9422,-80.3581,61.4587,1.7623291015625,0.0853807322802449,1.64599609375,1.8955078125,3609.25,174.85973970994172,8
ch2_cla_l1_20250801T025821069_20250801T025829069.fits,/home/saurabh/moon_project/data/CLASS/ch2_cla_l1_2025_08/cla/data/calibrated/2025/08/01/ch2_cla_l1_20250801T025821069_20250801T025829069.fits,2025-08-01T02:58:21.069,2025-08-01T02:58:29.069,2025-08-01T02:58:25.069,8.0,-38.8,13.5,102.558,-85.7631,51.234,-85.7578,51.2505,87.9997,87.9997,CLASS_add_scds.pro,2.1,502,1,"0,1,2,3,4,5,6,7,8,9,10,11,12,13,14,15,",-85.0444,48.1878,-86.2256,42.7819,-86.4534,55.5209,-85.2161,57.9364,1.7132568359375,0.0632888870071339,1.6328125,1.8046875,3508.75,129.61564059061038,8
ch2_cla_l1_20250801T025837069_20250801T025845069.fits,/home/saurabh/moon_project/data/CLASS/ch2_cla_l1_2025_08/cla/data/calibrated/2025/08/01/ch2_cla_l1_20250801T025837069_20250801T025845069.fits,2025-08-01T02:58:37.069,2025-08-01T02:58:45.069,2025-08-01T02:58:41.069,8.0,-38.9,13.5,102.299,-86.5478,48.0777,-86.5425,48.104,88.6984,88.6984,CLASS_add_scds.pro,2.1,504,1,"0,1,2,3,4,5,6,7,8,9,10,11,12,13,14,15,",-85.8179,45.0227,-86.9633,37.0677,-87.2508,52.785,-86.0221,56.5256,1.7144775390625,0.0768869670277203,1.6240234375,1.833984375,3511.25,157.46450847277117,8
ch2_cla_l1_20250801T025909069_20250801T025917069.fits,/home/saurabh/moon_project/data/CLASS/ch2_cla_l1_2025_08/cla/data/calibrated/2025/08/01/ch2_cla_l1_20250801T025909069_20250801T025917069.fits,2025-08-01T02:59:09.069,2025-08-01T02:59:17.069,2025-08-01T02:59:13.069,8.0,-39.0,13.5,101.778,-88.0486,34.2562,-88.0438,34.3374,90.0968,90.0968,CLASS_add_scds.pro,2.1,508,1,"0,1,2,3,4,5,6,7,8,9,10,11,12,13,14,15,",-87.295,33.3478,-88.2343,11.8584,-88.7904,36.5348,-87.621,50.8483,1.7269287109375,0.0490506578060519,1.6513671875,1.80810546875,3536.75,100.45574718679435,8
ch2_cla_l1_20250801T025925069_20250801T025933069.fits,/home/saurabh/moon_project/data/CLASS/ch2_cla_l1_2025_08/cla/data/calibrated/2025/08/01/ch2_cla_l1_20250801T025925069_20250801T025933069.fits,2025-08-01T02:59:25.069,2025-08-01T02:59:33.069,2025-08-01T02:59:29.069,8.0,-39.0,13.5,101.517,-88.6833,16.0091,-88.6796,16.1918,90.7962,90.7962,CLASS_add_scds.pro,2.1,510,1,"0,1,2,3,4,5,6,7,8,9,10,11,12,13,14,15,",-87.9466,21.4567,-89.3738,-1.3518,-88.7705,36.979,-88.399,43.7974,1.71484375,0.0396775999476358,1.6513671875,1.771484375,3512.0,81.2597246927582,8
ch2_cla_l1_20250801T025941069_20250801T025949069.fits,/home/saurabh/moon_project/data/CLASS/ch2_cla_l1_2025_08/cla/data/calibrated/2025/08/01/ch2_cla_l1_20250801T025941069_20250801T025949069.fits,2025-08-01T02:59:41.069,2025-08-01T02:59:49.069,2025-08-01T02:59:45.069,8.0,-39.0,13.5,101.255,-89.0092,-22.0706,-89.0089,-21.7425,91.4958,91.4958,CLASS_add_scds.pro,2.1,512,1,"0,1,2,3,4,5,6,7,8,9,10,11,12,13,14,15,",-88.5862,-31.4558,-89.2001,-69.5214,-89.3648,0.2705,-88.4377,0.5668,1.7279052734375,0.0360391352484042,1.671875,1.77978515625,3538.75,73.80814898873197,8
ch2_cla_l1_20250801T025949069_20250801T025957069.fits,/home/saurabh/moon_project/data/CLASS/ch2_cla_l1_2025_08/cla/data/calibrated/2025/08/01/ch2_cla_l1_20250801T025949069_20250801T025957069.fits,2025-08-01T02:59:49.069,2025-08-01T02:59:57.069,2025-08-01T02:59:53.069,8.0,-39.0,13.5,101.124,-88.9504,-44.8353,-88.9523,-44.546,91.8457,91.8457,CLASS_add_scds.pro,2.1,513,1,"0,1,2,3,4,5,6,7,8,9,10,11,12,13,14,15,",-88.2964,-59.7713,-89.2001,-69.5214,-89.3648,0.2705,-88.589,-30.7161,1.724853515625,0.0787559102234503,1.58056640625,1.8193359375,3532.5,161.2921041376262,8
ch2_cla_l1_20250801T025957069_20250801T030005069.fits,/home/saurabh/moon_project/data/CLASS/ch2_cla_l1_2025_08/cla/data/calibrated/2025/08/01/ch2_cla_l1_20250801T025957069_20250801T030005069.fits,2025-08-01T02:59:57.069,2025-08-01T03:00:05.069,2025-08-01T03:00:01.069,8.0,-39.0,13.5,100.993,-88.754,-62.758,-88.7572,-62.5565,92.1956,92.1956,CLASS_add_scds.pro,2.1,514,1,"0,1,2,3,4,5,6,7,8,9,10,11,12,13,14,15,",-88.038,-69.6142,-88.8781,-84.5484,-89.4112,-38.3734,-88.4953,-46.3596,1.71826171875,0.0582819316448672,1.61572265625,1.7998046875,3519.0,119.36139600868808,8
ch2_cla_l1_20250801T030005069_20250801T030013069.fits,/home/saurabh/moon_project/data/CLASS/ch2_cla_l1_2025_08/cla/data/calibrated/2025/08/01/ch2_cla_l1_20250801T030005069_20250801T030013069.fits,2025-08-01T03:00:05.069,2025-08-01T03:00:13.069,2025-08-01T03:00:09.069,8.0,-39.0,13.5,100.861,-88.4721,-74.9647,-88.4761,-74.8304,92.5455,92.5455,CLASS_add_scds.pro,2.1,515,1,"0,1,2,3,4,5,6,7,8,9,10,11,12,13,14,15,",-88.1326,-97.3854,-88.5141,-92.5714,-89.2114,-68.5796,-87.7357,-77.0059,1.749755859375,0.0566766934112459,1.6875,1.84814453125,3583.5,116.07386810623164,8
ch2_cla_l1_20250801T030013069_20250801T030021069.fits,/home/saurabh/moon_project/data/CLASS/ch2_cla_l1_2025_08/cla/data/calibrated/2025/08/01/ch2_cla_l1_20250801T030013069_20250801T030021069.fits,2025-08-01T03:00:13.069,2025-08-01T03:00:21.069,2025-08-01T03:00:17.069,8.0,-39.0,13.5,100.73,-88.1432,-83.124,-88.1478,-83.0328,92.8954,92.8954,CLASS_add_scds.pro,2.1,516,1,"0,1,2,3,4,5,6,7,8,9,10,11,12,13,14,15,",-87.7425,-100.553,-88.8914,-84.0841,-88.3062,-59.3417,-87.4051,-82.5874,1.72698974609375,0.066169090887993,1.63916015625,1.8251953125,3536.875,135.51429813860972,8
ch2_cla_l1_20250801T030021069_20250801T030029069.fits,/home/saurabh/moon_project/data/CLASS/ch2_cla_l1_2025_08/cla/data/calibrated/2025/08/01/ch2_cla_l1_20250801T030021069_20250801T030029069.fits,2025-08-01T03:00:21.069,2025-08-01T03:00:29.069,2025-08-01T03:00:25.069,8.0,-39.0,13.5,100.598,-87.7881,-88.7523,-87.7932,-88.687,93.2453,93.2453,CLASS_add_scds.pro,2.1,517,1,"0,2,3,4,5,6,7,8,9,10,11,12,13,14,15,",-87.3473,-102.784,-88.5277,-92.3181,-88.0492,-69.3187,-87.0551,-86.8793,1.74932861328125,0.0875282932781562,1.583984375,1.86376953125,3582.625,179.2579446336639,8
ch2_cla_l1_20250801T030029069_20250801T030037069.fits,/home/saurabh/moon_project/data/CLASS/ch2_cla_l1_2025_08/cla/data/calibrated/2025/08/01/ch2_cla_l1_20250801T030029069_20250801T030037069.fits,2025-08-01T03:00:29.069,2025-08-01T03:00:37.069,2025-08-01T03:00:33.069,8.0,-39.0,13.5,100.466,-87.4177,-92.7977,-87.4228,-92.7508,93.5953,93.5953,CLASS_add_scds.pro,2.1,518,1,"0,2,3,4,5,6,7,8,9,10,11,12,13,14,15,",-86.949,-104.436,-88.1455,-97.2317,-87.7472,-76.8087,-86.6922,-90.2467,1.722900390625,0.0761736635550092,1.62158203125,1.84521484375,3528.5,156.00366296065891,8
ch2_cla_l1_20250801T030037069_20250801T030045069.fits,/home/saurabh/moon_project/data/CLASS/ch2_cla_l1_2025_08/cla/data/calibrated/2025/08/01/ch2_cla_l1_20250801T030037069_20250801T030045069.fits,2025-08-01T03:00:37.069,2025-08-01T03:00:45.069,2025-08-01T03:00:41.069,8.0,-39.0,13.5,100.334,-87.0375,-95.8184,-87.0426,-95.7827,93.9452,93.9452,CLASS_add_scds.pro,2.1,519,1,"0,3,4,5,6,7,8,9,10,11,12,13,14,15,",-86.5488,-105.706,-87.7543,-100.453,-87.416,-82.4586,-86.32,-92.9408,1.78619384765625,0.104438207559536,1.607421875,1.919921875,3658.125,213.88944908192977,8
ch2_cla_l1_20250801T030045069_20250801T030053069.fits,/home/saurabh/moon_project/data/CLASS/ch2_cla_l1_2025_08/cla/data/calibrated/2025/08/01/ch2_cla_l1_20250801T030045069_20250801T030053069.fits,2025-08-01T03:00:45.069,2025-08-01T03:00:53.069,2025-08-01T03:00:49.069,8.0,-39.0,13.5,100.202,-86.651,-98.1483,-86.6562,-98.1203,94.2952,94.2952,CLASS_add_scds.pro,2.1,520,1,"3,4,5,6,7,8,9,10,11,12,13,14,15,",-86.1473,-106.714,-87.358,-102.713,-87.0654,-86.7924,-85.9413,-95.1378,1.7291259765625,0.0574850641127169,1.65576171875,1.818359375,3541.25,117.72941130284433,8
ch2_cla_l1_20250801T030053069_20250801T030101069.fits,/home/saurabh/moon_project/data/CLASS/ch2_cla_l1_2025_08/cla/data/calibrated/2025/08/01/ch2_cla_l1_20250801T030053069_20250801T030101069.fits,2025-08-01T03:00:53.069,2025-08-01T03:01:01.069,2025-08-01T03:00:57.069,8.0,-39.1,13.5,100.07,-86.2601,-99.9947,-86.2653,-99.9721,94.6451,94.6451,CLASS_add_scds.pro,2.1,521,1,"0,3,4,5,6,7,8,9,10,11,12,13,14,15,",-85.7448,-107.531,-86.9588,-104.386,-86.7017,-90.1889,-85.5576,-96.9573,1.76885986328125,0.0694026817660328,1.63671875,1.8564453125,3622.625,142.13669225683523,8
ch2_cla_l1_20250801T030101069_20250801T030109069.fits,/home/saurabh/moon_project/data/CLASS/ch2_cla_l1_2025_08/cla/data/calibrated/2025/08/01/ch2_cla_l1_20250801T030101069_20250801T030109069.fits,2025-08-01T03:01:01.069,2025-08-01T03:01:09.069,2025-08-01T03:01:05.069,8.0,-38.9,13.5,99.9381,-85.8659,-101.491,-85.8713,-101.472,94.995,94.995,CLASS_add_scds.pro,2.1,522,1,"0,3,4,5,8,9,10,11,12,13,14,15,",-85.3414,-108.207,-86.5576,-105.67,-86.3288,-92.9032,-85.17,-98.4869,1.7349853515625,0.044639505533018,1.67578125,1.818359375,3553.25,91.42170733162104,8
ch2_cla_l1_20250801T030109069_20250801T030117069.fits,/home/saurabh/moon_project/data/CLASS/ch2_cla_l1_2025_08/cla/data/calibrated/2025/08/01/ch2_cla_l1_20250801T030109069_20250801T030117069.fits,2025-08-01T03:01:09.069,2025-08-01T03:01:17.069,2025-08-01T03:01:13.069,8.0,-38.9,13.5,99.8059,-85.4694,-102.727,-85.4747,-102.711,95.3449,95.3449,CLASS_add_scds.pro,2.1,523,1,"0,3,4,5,8,9,10,11,12,13,14,15,",-84.9374,-108.778,-86.1548,-106.685,-85.9489,-95.1136,-84.7795,-99.7903,1.7445068359375,0.0649373414829542,1.642578125,1.85107421875,3572.75,132.99167535709034,8
ch2_cla_l1_20250801T030325069_20250801T030333069.fits,/home/saurabh/moon_project/data/CLASS/ch2_cla_l1_2025_08/cla/data/calibrated/2025/08/01/ch2_cla_l1_20250801T030325069_20250801T030333069.fits,2025-08-01T03:03:25.069,2025-08-01T03:03:33.069,2025-08-01T03:03:29.069,8.0,-39.3,13.5,97.5555,-78.6026,-110.42,-78.6079,-110.417,101.286,101.286,CLASS_add_scds.pro,2.1,540,1,"0,3,4,5,8,9,10,11,",-78.032,-112.598,-79.2406,-112.275,-79.1667,-108.007,-77.9656,-108.757,1.72430419921875,0.0507785251431326,1.62841796875,1.78076171875,3531.375,103.99441949313572,8
ch2_cla_l1_20250801T030341069_20250801T030349069.fits,/home/saurabh/moon_project/data/CLASS/ch2_cla_l1_2025_08/cla/data/calibrated/2025/08/01/ch2_cla_l1_20250801T030341069_20250801T030349069.fits,2025-08-01T03:03:41.069,2025-08-01T03:03:49.069,2025-08-01T03:03:45.069,8.0,-39.2,13.5,97.2915,-77.7887,-110.759,-77.794,-110.757,101.983,101.983,CLASS_add_scds.pro,2.1,542,1,"0,3,4,8,10,11,",-77.217,-112.781,-78.424,-112.499,-78.3554,-108.535,-77.1549,-109.188,1.72747802734375,0.0669367461114372,1.64208984375,1.83154296875,3537.875,137.08645603622347,8
ch2_cla_l1_20250801T030357069_20250801T030405069.fits,/home/saurabh/moon_project/data/CLASS/ch2_cla_l1_2025_08/cla/data/calibrated/2025/08/01/ch2_cla_l1_20250801T030357069_20250801T030405069.fits,2025-08-01T03:03:57.069,2025-08-01T03:04:05.069,2025-08-01T03:04:01.069,8.0,-39.2,13.5,97.0277,-76.9742,-111.058,-76.9795,-111.055,102.68,102.68,CLASS_add_scds.pro,2.1,544,1,"0,3,4,8,10,11,",-76.4019,-112.943,-77.6069,-112.694,-77.5429,-108.995,-76.3435,-109.569,1.7625732421875,0.0559738829979852,1.671875,1.83837890625,3609.75,114.63451237987375,8
ch2_cla_l1_20250801T030413069_20250801T030421069.fits,/home/saurabh/moon_project/data/CLASS/ch2_cla_l1_2025_08/cla/data/calibrated/2025/08/01/ch2_cla_l1_20250801T030413069_20250801T030421069.fits,2025-08-01T03:04:13.069,2025-08-01T03:04:21.069,2025-08-01T03:04:17.069,8.0,-39.2,13.5,96.7643,-76.1592,-111.322,-76.1644,-111.32,103.377,103.377,CLASS_add_scds.pro,2.1,546,1,"0,3,4,5,8,10,11,",-75.5864,-113.088,-76.7894,-112.867,-76.7294,-109.4,-75.5314,-109.908,1.75286865234375,0.0758018308398289,1.64208984375,1.873046875,3589.875,155.2421495599697,8
ch2_cla_l1_20250801T030421069_20250801T030429069.fits,/home/saurabh/moon_project/data/CLASS/ch2_cla_l1_2025_08/cla/data/calibrated/2025/08/01/ch2_cla_l1_20250801T030421069_20250801T030429069.fits,2025-08-01T03:04:21.069,2025-08-01T03:04:29.069,2025-08-01T03:04:25.069,8.0,-39.2,13.5,96.6328,-75.7515,-111.443,-75.7566,-111.441,103.725,103.725,CLASS_add_scds.pro,2.1,547,1,"0,3,4,8,10,",-75.1785,-113.154,-76.3805,-112.946,-76.3224,-109.585,-75.1251,-110.064,1.7139892578125,0.0705367855659793,1.6015625,1.8125,3510.25,144.45933683912577,8
ch2_cla_l1_20250801T030429069_20250801T030437069.fits,/home/saurabh/moon_project/data/CLASS/ch2_cla_l1_2025_08/cla/data/calibrated/2025/08/01/ch2_cla_l1_20250801T030429069_20250801T030437069.fits,2025-08-01T03:04:29.069,2025-08-01T03:04:37.069,2025-08-01T03:04:33.069,8.0,-39.3,13.5,96.5013,-75.3437,-111.557,-75.3489,-111.556,104.073,104.073,CLASS_add_scds.pro,2.1,548,1,"0,3,4,5,8,10,11,",-74.7705,-113.217,-75.9716,-113.02,-75.9153,-109.759,-74.7186,-110.212,1.7508544921875,0.0584370288290753,1.66162109375,1.84228515625,3585.75,119.67903504194638,8
ch2_cla_l1_20250801T030445069_20250801T030453069.fits,/home/saurabh/moon_project/data/CLASS/ch2_cla_l1_2025_08/cla/data/calibrated/2025/08/01/ch2_cla_l1_20250801T030445069_20250801T030453069.fits,2025-08-01T03:04:45.069,2025-08-01T03:04:53.069,2025-08-01T03:04:49.069,8.0,-39.4,13.5,96.2388,-74.5277,-111.769,-74.533,-111.767,104.768,104.768,CLASS_add_scds.pro,2.1,550,1,"0,3,4,8,10,11,",-73.9544,-113.335,-75.1535,-113.157,-75.1003,-110.079,-73.9052,-110.485,1.7542724609375,0.0487909666089285,1.681640625,1.8359375,3592.75,99.92389961508565,8
ch2_cla_l1_20250801T030453069_20250801T030501069.fits,/home/saurabh/moon_project/data/CLASS/ch2_cla_l1_2025_08/cla/data/calibrated/2025/08/01/ch2_cla_l1_20250801T030453069_20250801T030501069.fits,2025-08-01T03:04:53.069,2025-08-01T03:05:01.069,2025-08-01T03:04:57.069,8.0,-39.4,13.5,96.1077,-74.1196,-111.866,-74.1248,-111.865,105.115,105.115,CLASS_add_scds.pro,2.1,551,1,"0,3,4,8,10,",-73.5462,-113.39,-74.7444,-113.221,-74.6927,-110.227,-73.4982,-110.612,1.738037109375,0.0771696258200388,1.6396484375,1.873046875,3559.5,158.04339367943948,8
ch2_cla_l1_20250801T030501069_20250801T030509069.fits,/home/saurabh/moon_project/data/CLASS/ch2_cla_l1_2025_08/cla/data/calibrated/2025/08/01/ch2_cla_l1_20250801T030501069_20250801T030509069.fits,2025-08-01T03:05:01.069,2025-08-01T03:05:09.069,2025-08-01T03:05:05.069,8.0,-39.5,13.5,95.9767,-73.7113,-111.96,-73.7165,-111.959,105.463,105.463,CLASS_add_scds.pro,2.1,552,1,"0,3,4,8,10,11,",-73.1379,-113.442,-74.3351,-113.281,-74.2847,-110.367,-73.0911,-110.733,1.7625732421875,0.0421950802729172,1.701171875,1.8212890625,3609.75,86.41552439893458,8
ch2_cla_l1_20250801T030509069_20250801T030517069.fits,/home/saurabh/moon_project/data/CLASS/ch2_cla_l1_2025_08/cla/data/calibrated/2025/08/01/ch2_cla_l1_20250801T030509069_20250801T030517069.fits,2025-08-01T03:05:09.069,2025-08-01T03:05:17.069,2025-08-01T03:05:13.069,8.0,-39.5,13.5,95.8459,-73.303,-112.048,-73.3082,-112.047,105.81,105.81,CLASS_add_scds.pro,2.1,553,1,"0,3,4,8,10,11,",-72.7296,-113.492,-73.9258,-113.339,-73.8768,-110.5,-72.684,-110.849,1.740234375,0.0623991015568704,1.66357421875,1.84326171875,3564.0,127.79335998847068,8
ch2_cla_l1_20250801T030517069_20250801T030525069.fits,/home/saurabh/moon_project/data/CLASS/ch2_cla_l1_2025_08/cla/data/calibrated/2025/08/01/ch2_cla_l1_20250801T030517069_20250801T030525069.fits,2025-08-01T03:05:17.069,2025-08-01T03:05:25.069,2025-08-01T03:05:21.069,8.0,-39.5,13.5,95.7152,-72.8946,-112.133,-72.8998,-112.132,106.157,106.157,CLASS_add_scds.pro,2.1,554,1,"0,3,4,8,10,11,",-72.3212,-113.54,-73.5164,-113.393,-73.4687,-110.627,-72.2766,-110.959,1.767822265625,0.0350951617696609,1.71923828125,1.8173828125,3620.5,71.87489130426563,8
ch2_cla_l1_20250801T030525069_20250801T030533069.fits,/home/saurabh/moon_project/data/CLASS/ch2_cla_l1_2025_08/cla/data/calibrated/2025/08/01/ch2_cla_l1_20250801T030525069_20250801T030533069.fits,2025-08-01T03:05:25.069,2025-08-01T03:05:33.069,2025-08-01T03:05:29.069,8.0,-39.5,13.5,95.5846,-72.4861,-112.214,-72.4912,-112.213,106.503,106.503,CLASS_add_scds.pro,2.1,555,1,"0,3,4,8,10,11,",-71.9127,-113.586,-73.1069,-113.446,-73.0604,-110.748,-71.8691,-111.064,1.71826171875,0.1163251848754182,1.580078125,1.8544921875,3519.0,238.2339786248565,8
ch2_cla_l1_20250801T030645069_20250801T030653069.fits,/home/saurabh/moon_project/data/CLASS/ch2_cla_l1_2025_08/cla/data/calibrated/2025/08/01/ch2_cla_l1_20250801T030645069_20250801T030653069.fits,2025-08-01T03:06:45.069,2025-08-01T03:06:53.069,2025-08-01T03:06:49.069,8.0,-40.0,13.5,94.2888,-68.3962,-112.863,-68.4013,-112.863,109.958,109.958,CLASS_add_scds.pro,2.1,565,0,"0,1,2,3,4,5,6,7,8,9,10,11,12,13,14,15,",-67.8243,-113.961,-69.0087,-113.866,-68.9714,-111.705,-67.789,-111.913,1.717529296875,0.0436505803464932,1.654296875,1.7919921875,3517.5,89.39638854961807,8
ch2_cla_l1_20250801T030717069_20250801T030725069.fits,/home/saurabh/moon_project/data/CLASS/ch2_cla_l1_2025_08/cla/data/calibrated/2025/08/01/ch2_cla_l1_20250801T030717069_20250801T030725069.fits,2025-08-01T03:07:17.069,2025-08-01T03:07:25.069,2025-08-01T03:07:21.069,8.0,-40.2,13.5,93.7763,-66.7581,-113.063,-66.7631,-113.062,111.333,111.333,CLASS_add_scds.pro,2.1,569,0,"0,1,2,3,4,5,6,7,8,9,10,11,12,13,14,15,",-66.1872,-114.079,-67.3676,-113.996,-67.3331,-111.994,-66.1544,-112.175,1.730712890625,0.0344051476590675,1.673828125,1.77685546875,3544.5,70.46174240577041,8
ch2_cla_l1_20250801T030733069_20250801T030741069.fits,/home/saurabh/moon_project/data/CLASS/ch2_cla_l1_2025_08/cla/data/calibrated/2025/08/01/ch2_cla_l1_20250801T030733069_20250801T030741069.fits,2025-08-01T03:07:33.069,2025-08-01T03:07:41.069,2025-08-01T03:07:37.069,8.0,-40.3,13.5,93.5215,-65.9387,-113.153,-65.9437,-113.152,112.019,112.019,CLASS_add_scds.pro,2.1,571,0,"0,1,2,3,4,5,6,7,8,9,10,11,12,13,14,15,",-65.3682,-114.133,-66.5466,-114.055,-66.5133,-112.125,-65.3365,-112.293,1.721923828125,0.0652336649207504,1.619140625,1.81298828125,3526.5,133.59854575769688,8
ch2_cla_l1_20250801T030749069_20250801T030757069.fits,/home/saurabh/moon_project/data/CLASS/ch2_cla_l1_2025_08/cla/data/calibrated/2025/08/01/ch2_cla_l1_20250801T030749069_20250801T030757069.fits,2025-08-01T03:07:49.069,2025-08-01T03:07:57.069,2025-08-01T03:07:53.069,8.0,-40.3,13.5,93.2678,-65.1189,-113.238,-65.124,-113.237,112.703,112.703,CLASS_add_scds.pro,2.1,573,0,"0,1,2,3,4,5,6,7,8,9,10,11,12,13,14,15,",-64.549,-114.184,-65.7255,-114.11,-65.6934,-112.247,-64.5183,-112.405,1.72808837890625,0.0601373349037263,1.65478515625,1.82177734375,3539.125,123.1612618828316,8
ch2_cla_l1_20250801T030805069_20250801T030813069.fits,/home/saurabh/moon_project/data/CLASS/ch2_cla_l1_2025_08/cla/data/calibrated/2025/08/01/ch2_cla_l1_20250801T030805069_20250801T030813069.fits,2025-08-01T03:08:05.069,2025-08-01T03:08:13.069,2025-08-01T03:08:09.069,8.0,-40.3,13.5,93.0151,-64.2989,-113.318,-64.304,-113.317,113.386,113.386,CLASS_add_scds.pro,2.1,575,0,"0,1,2,3,4,5,6,7,8,9,10,11,12,13,14,15,",-63.7296,-114.233,-64.9041,-114.163,-64.873,-112.362,-63.6999,-112.509,1.73333740234375,0.0740811499348935,1.62890625,1.84130859375,3549.875,151.71819506666205,8
ch2_cla_l1_20250801T030813069_20250801T030816736.fits,/home/saurabh/moon_project/data/CLASS/ch2_cla_l1_2025_08/cla/data/calibrated/2025/08/01/ch2_cla_l1_20250801T030813069_20250801T030816736.fits,2025-08-01T03:08:13.069,2025-08-01T03:08:16.736,2025-08-01T03:08:14.903,3.667,-40.3,13.5,92.9232,-63.9998,-113.346,-64.0049,-113.345,113.635,113.635,CLASS_add_scds.pro,2.1,576,0,"0,1,2,3,4,5,6,7,8,9,10,11,12,13,14,15,",-63.5417,-114.243,-64.4933,-114.188,-64.4628,-112.416,-63.5123,-112.532,1.8111979166666667,0.0641236796202872,1.74462890625,1.87255859375,3709.3333333333335,131.32529586234836,3
ch2_cla_l1_20250801T042522797_20250801T042530797.fits,/home/saurabh/moon_project/data/CLASS/ch2_cla_l1_2025_08/cla/data/calibrated/2025/08/01/ch2_cla_l1_20250801T042522797_20250801T042530797.fits,2025-08-01T04:25:22.797,2025-08-01T04:25:30.797,2025-08-01T04:25:26.797,8.0,-45.0,13.5,117.055,6.3891,64.0314,6.3952,64.0315,31.0127,31.0127,CLASS_add_scds.pro,2.1,272,1,"0,1,2,3,4,5,6,7,8,9,10,11,12,13,14,15,",7.085,63.5589,5.722,63.5349,5.7051,64.5029,7.0681,64.5295,1.8170166015625,0.0590198825004705,1.7177734375,1.8984375,3721.25,120.87271936096369,8
ch2_cla_l1_20250801T042530797_20250801T042538797.fits,/home/saurabh/moon_project/data/CLASS/ch2_cla_l1_2025_08/cla/data/calibrated/2025/08/01/ch2_cla_l1_20250801T042530797_20250801T042538797.fits,2025-08-01T04:25:30.797,2025-08-01T04:25:38.797,2025-08-01T04:25:34.797,8.0,-44.9,13.5,117.092,5.9893,64.0231,5.9954,64.0232,30.9617,30.9617,CLASS_add_scds.pro,2.1,273,1,"0,1,2,3,4,5,6,7,8,9,10,11,12,13,14,15,",6.6854,63.5508,5.322,63.5268,5.3052,64.4944,6.6685,64.521,1.82415771484375,0.0447840026094668,1.7607421875,1.88720703125,3735.875,91.71763734418806,8
ch2_cla_l1_20250801T042538797_20250801T042546797.fits,/home/saurabh/moon_project/data/CLASS/ch2_cla_l1_2025_08/cla/data/calibrated/2025/08/01/ch2_cla_l1_20250801T042538797_20250801T042546797.fits,2025-08-01T04:25:38.797,2025-08-01T04:25:46.797,2025-08-01T04:25:42.797,8.0,-44.9,13.5,117.127,5.5896,64.0149,5.5958,64.015,30.9153,30.9153,CLASS_add_scds.pro,2.1,274,1,"0,1,2,3,4,5,6,7,8,9,10,11,12,13,14,15,",6.2857,63.5427,4.9222,63.5187,4.9054,64.4861,6.2688,64.5124,1.82135009765625,0.103408778899103,1.6669921875,1.95703125,3730.125,211.78117918536307,8
ch2_cla_l1_20250801T042546797_20250801T042554797.fits,/home/saurabh/moon_project/data/CLASS/ch2_cla_l1_2025_08/cla/data/calibrated/2025/08/01/ch2_cla_l1_20250801T042546797_20250801T042554797.fits,2025-08-01T04:25:46.797,2025-08-01T04:25:54.797,2025-08-01T04:25:50.797,8.0,-44.8,13.5,117.162,5.1898,64.0066,5.196,64.0067,30.8735,30.8735,CLASS_add_scds.pro,2.1,275,1,"0,1,2,3,4,5,6,7,8,9,10,11,12,13,14,15,",5.8862,63.5347,4.5225,63.5107,4.5056,64.4777,5.8693,64.504,1.81207275390625,0.0763783712563931,1.7041015625,1.90478515625,3711.125,156.4229043330931,8
ch2_cla_l1_20250801T042554797_20250801T042602797.fits,/home/saurabh/moon_project/data/CLASS/ch2_cla_l1_2025_08/cla/data/calibrated/2025/08/01/ch2_cla_l1_20250801T042554797_20250801T042602797.fits,2025-08-01T04:25:54.797,2025-08-01T04:26:02.797,2025-08-01T04:25:58.797,8.0,-44.7,13.5,117.196,4.7901,63.9983,4.7963,63.9985,30.8363,30.8363,CLASS_add_scds.pro,2.1,276,1,"0,1,2,3,4,5,6,7,8,9,10,11,12,13,14,15,",5.4867,63.5267,4.1225,63.5025,4.1057,64.4693,5.4698,64.4956,1.85638427734375,0.0834324083157476,1.7451171875,1.984375,3801.875,170.86957223065116,8
ch2_cla_l1_20250801T042602797_20250801T042610797.fits,/home/saurabh/moon_project/data/CLASS/ch2_cla_l1_2025_08/cla/data/calibrated/2025/08/01/ch2_cla_l1_20250801T042602797_20250801T042610797.fits,2025-08-01T04:26:02.797,2025-08-01T04:26:10.797,2025-08-01T04:26:06.797,8.0,-44.7,13.5,117.228,4.3904,63.9901,4.3966,63.9903,30.8037,30.8037,CLASS_add_scds.pro,2.1,277,1,"0,1,2,3,4,5,6,7,8,9,10,11,12,13,14,15,",5.087,63.5185,3.7228,63.4944,3.706,64.461,5.0702,64.4871,1.8319091796875,0.0765749151101021,1.72314453125,1.94140625,3751.75,156.8254261454892,8
ch2_cla_l1_20250801T042610797_20250801T042618797.fits,/home/saurabh/moon_project/data/CLASS/ch2_cla_l1_2025_08/cla/data/calibrated/2025/08/01/ch2_cla_l1_20250801T042610797_20250801T042618797.fits,2025-08-01T04:26:10.797,2025-08-01T04:26:18.797,2025-08-01T04:26:14.797,8.0,-44.6,13.5,117.26,3.9907,63.9819,3.9969,63.982,30.7758,30.7758,CLASS_add_scds.pro,2.1,278,1,"0,1,2,3,4,5,6,7,8,9,10,11,12,13,14,15,",4.6876,63.5105,3.3229,63.4862,3.3061,64.4527,4.6707,64.4787,1.84124755859375,0.0556012710119229,1.76318359375,1.94091796875,3770.875,113.87140303241824,8
ch2_cla_l1_20250801T042618797_20250801T042626797.fits,/home/saurabh/moon_project/data/CLASS/ch2_cla_l1_2025_08/cla/data/calibrated/2025/08/01/ch2_cla_l1_20250801T042618797_20250801T042626797.fits,2025-08-01T04:26:18.797,2025-08-01T04:26:26.797,2025-08-01T04:26:22.797,8.0,-44.6,13.5,117.291,3.591,63.9736,3.5973,63.9738,30.7526,30.7526,CLASS_add_scds.pro,2.1,279,1,"0,1,2,3,4,5,6,7,8,9,10,11,12,13,14,15,",4.288,63.5023,2.9233,63.478,2.9064,64.4443,4.2711,64.4703,1.82366943359375,0.0528404742823507,1.7412109375,1.90966796875,3734.875,108.21729133025435,8
ch2_cla_l1_20250801T042626797_20250801T042634797.fits,/home/saurabh/moon_project/data/CLASS/ch2_cla_l1_2025_08/cla/data/calibrated/2025/08/01/ch2_cla_l1_20250801T042626797_20250801T042634797.fits,2025-08-01T04:26:26.797,2025-08-01T04:26:34.797,2025-08-01T04:26:30.797,8.0,-44.6,13.5,117.321,3.1914,63.9654,3.1976,63.9655,30.734,30.734,CLASS_add_scds.pro,2.1,280,1,"0,1,2,3,4,5,6,7,8,9,10,11,12,13,14,15,",3.8886,63.4941,2.5234,63.4699,2.5066,64.4362,3.8717,64.4619,1.8477783203125,0.0675170067651356,1.73974609375,1.9501953125,3784.25,138.27482985499773,8
ch2_cla_l1_20250801T042642797_20250801T042650797.fits,/home/saurabh/moon_project/data/CLASS/ch2_cla_l1_2025_08/cla/data/calibrated/2025/08/01/ch2_cla_l1_20250801T042642797_20250801T042650797.fits,2025-08-01T04:26:42.797,2025-08-01T04:26:50.797,2025-08-01T04:26:46.797,8.0,-44.4,13.5,117.378,2.3921,63.949,2.3982,63.9491,30.7109,30.7109,CLASS_add_scds.pro,2.1,282,1,"0,1,2,3,4,5,6,7,8,9,10,11,12,13,14,15,",3.0894,63.478,1.7239,63.4535,1.707,64.4197,3.0726,64.4454,1.75634765625,0.0391313219068598,1.69873046875,1.81787109375,3597.0,80.14094726524904,8
ch2_cla_l1_20250801T042658797_20250801T042706797.fits,/home/saurabh/moon_project/data/CLASS/ch2_cla_l1_2025_08/cla/data/calibrated/2025/08/01/ch2_cla_l1_20250801T042658797_20250801T042706797.fits,2025-08-01T04:26:58.797,2025-08-01T04:27:06.797,2025-08-01T04:27:02.797,8.0,-44.3,13.5,117.432,1.5929,63.9326,1.5991,63.9327,30.7066,30.7066,CLASS_add_scds.pro,2.1,284,1,"0,1,2,3,4,5,6,7,8,9,10,11,12,13,14,15,",2.2904,63.4616,0.9245,63.437,0.9077,64.4034,2.2736,64.4288,1.761474609375,0.039165252690943,1.701171875,1.81640625,3607.5,80.21043751105142,8
ch2_cla_l1_20250801T042714797_20250801T042722797.fits,/home/saurabh/moon_project/data/CLASS/ch2_cla_l1_2025_08/cla/data/calibrated/2025/08/01/ch2_cla_l1_20250801T042714797_20250801T042722797.fits,2025-08-01T04:27:14.797,2025-08-01T04:27:22.797,2025-08-01T04:27:18.797,8.0,-44.1,13.5,117.482,0.7937,63.9162,0.7999,63.9163,30.7211,30.7211,CLASS_add_scds.pro,2.1,286,1,"0,1,2,3,4,5,6,7,8,9,10,11,12,13,14,15,",1.4915,63.4452,0.1251,63.4204,0.1083,64.3871,1.4746,64.4124,1.76617431640625,0.049414336485402,1.6806640625,1.84423828125,3617.125,101.20056112210332,8
ch2_cla_l1_20250801T042722797_20250801T042730797.fits,/home/saurabh/moon_project/data/CLASS/ch2_cla_l1_2025_08/cla/data/calibrated/2025/08/01/ch2_cla_l1_20250801T042722797_20250801T042730797.fits,2025-08-01T04:27:22.797,2025-08-01T04:27:30.797,2025-08-01T04:27:26.797,8.0,-44.1,13.5,117.506,0.3941,63.908,0.4004,63.908,30.7353,30.7353,CLASS_add_scds.pro,2.1,287,1,"0,1,2,3,4,5,6,7,8,9,10,11,12,13,14,15,",1.092,63.437,-0.2745,63.4121,-0.2913,64.3789,1.0751,64.4042,1.7283935546875,0.0721740141983282,1.6376953125,1.87548828125,3539.75,147.81238107817626,8
ch2_cla_l1_20250801T042730797_20250801T042738797.fits,/home/saurabh/moon_project/data/CLASS/ch2_cla_l1_2025_08/cla/data/calibrated/2025/08/01/ch2_cla_l1_20250801T042730797_20250801T042738797.fits,2025-08-01T04:27:30.797,2025-08-01T04:27:38.797,2025-08-01T04:27:34.797,8.0,-44.1,13.5,117.528,-0.0055,63.8998,0.0007,63.8998,30.7543,30.7543,CLASS_add_scds.pro,2.1,288,1,"0,1,2,3,4,5,6,7,8,9,10,11,12,13,14,15,",0.6926,63.4287,-0.6741,63.4038,-0.691,64.3709,0.6758,64.396,1.76983642578125,0.0606867497375186,1.67236328125,1.86328125,3624.625,124.28646346243826,8
ch2_cla_l1_20250801T042738797_20250801T042746797.fits,/home/saurabh/moon_project/data/CLASS/ch2_cla_l1_2025_08/cla/data/calibrated/2025/08/01/ch2_cla_l1_20250801T042738797_20250801T042746797.fits,2025-08-01T04:27:38.797,2025-08-01T04:27:46.797,2025-08-01T04:27:42.797,8.0,-44.0,13.5,117.55,-0.405,63.8916,-0.3988,63.8916,30.7779,30.7779,CLASS_add_scds.pro,2.1,289,1,"0,1,2,3,4,5,6,7,8,9,10,11,12,13,14,15,",0.2931,63.4205,-1.0736,63.3955,-1.0905,64.3628,0.2763,64.3879,1.73394775390625,0.0827828315584194,1.61376953125,1.884765625,3551.125,169.53923903164298,8
ch2_cla_l1_20250801T042746797_20250801T042754797.fits,/home/saurabh/moon_project/data/CLASS/ch2_cla_l1_2025_08/cla/data/calibrated/2025/08/01/ch2_cla_l1_20250801T042746797_20250801T042754797.fits,2025-08-01T04:27:46.797,2025-08-01T04:27:54.797,2025-08-01T04:27:50.797,8.0,-43.9,13.5,117.571,-0.8046,63.8834,-0.7983,63.8835,30.8062,30.8062,CLASS_add_scds.pro,2.1,290,1,"0,1,2,3,4,5,6,7,8,9,10,11,12,13,14,15,",-0.1062,63.4122,-1.4733,63.3871,-1.4902,64.3548,-0.1231,64.3799,1.771728515625,0.0797990461686517,1.65234375,1.8779296875,3628.5,163.42844655339883,8
ch2_cla_l1_20250801T042754797_20250801T042802797.fits,/home/saurabh/moon_project/data/CLASS/ch2_cla_l1_2025_08/cla/data/calibrated/2025/08/01/ch2_cla_l1_20250801T042754797_20250801T042802797.fits,2025-08-01T04:27:54.797,2025-08-01T04:28:02.797,2025-08-01T04:27:58.797,8.0,-43.9,13.5,117.591,-1.2041,63.8752,-1.1979,63.8753,30.8391,30.8391,CLASS_add_scds.pro,2.1,291,1,"0,1,2,3,4,5,6,7,8,9,10,11,12,13,14,15,",-0.5057,63.4039,-1.8728,63.3787,-1.8897,64.3468,-0.5226,64.3717,1.76727294921875,0.0789472362898435,1.6494140625,1.91552734375,3619.375,161.6839399215996,8
ch2_cla_l1_20250801T042802797_20250801T042810797.fits,/home/saurabh/moon_project/data/CLASS/ch2_cla_l1_2025_08/cla/data/calibrated/2025/08/01/ch2_cla_l1_20250801T042802797_20250801T042810797.fits,2025-08-01T04:28:02.797,2025-08-01T04:28:10.797,2025-08-01T04:28:06.797,8.0,-43.8,13.5,117.61,-1.6036,63.867,-1.5973,63.8671,30.8766,30.8766,CLASS_add_scds.pro,2.1,292,1,"0,1,2,3,4,5,6,7,8,9,10,11,12,13,14,15,",-0.9051,63.3956,-2.2723,63.3703,-2.2892,64.3387,-0.922,64.3637,1.76318359375,0.0625261524525009,1.669921875,1.8681640625,3611.0,128.05356022272198,8
ch2_cla_l1_20250801T042810797_20250801T042818797.fits,/home/saurabh/moon_project/data/CLASS/ch2_cla_l1_2025_08/cla/data/calibrated/2025/08/01/ch2_cla_l1_20250801T042810797_20250801T042818797.fits,2025-08-01T04:28:10.797,2025-08-01T04:28:18.797,2025-08-01T04:28:14.797,8.0,-43.7,13.5,117.628,-2.0032,63.8588,-1.9969,63.8588,30.9188,30.9188,CLASS_add_scds.pro,2.1,293,1,"0,1,2,3,4,5,6,7,8,9,10,11,12,13,14,15,",-1.3045,63.3872,-2.672,63.3619,-2.6889,64.3307,-1.3214,64.3556,1.77655029296875,0.0741346930146781,1.67041015625,1.90478515625,3638.375,151.82785129406076,8
ch2_cla_l1_20250801T042818797_20250801T042826797.fits,/home/saurabh/moon_project/data/CLASS/ch2_cla_l1_2025_08/cla/data/calibrated/2025/08/01/ch2_cla_l1_20250801T042818797_20250801T042826797.fits,2025-08-01T04:28:18.797,2025-08-01T04:28:26.797,2025-08-01T04:28:22.797,8.0,-43.7,13.5,117.645,-2.4027,63.8506,-2.3964,63.8507,30.9655,30.9655,CLASS_add_scds.pro,2.1,294,1,"0,1,2,3,4,5,6,7,8,9,10,11,12,13,14,15,",-1.704,63.3789,-3.0716,63.3534,-3.0885,64.3228,-1.7209,64.3475,1.78631591796875,0.0597837319179714,1.689453125,1.87841796875,3658.375,122.4370829680056,8
ch2_cla_l1_20250801T042826797_20250801T042834797.fits,/home/saurabh/moon_project/data/CLASS/ch2_cla_l1_2025_08/cla/data/calibrated/2025/08/01/ch2_cla_l1_20250801T042826797_20250801T042834797.fits,2025-08-01T04:28:26.797,2025-08-01T04:28:34.797,2025-08-01T04:28:30.797,8.0,-43.6,13.5,117.661,-2.8022,63.8423,-2.7959,63.8424,31.0169,31.0169,CLASS_add_scds.pro,2.1,295,1,"0,1,2,3,4,5,6,7,8,9,10,11,12,13,14,15,",-2.1035,63.3705,-3.4712,63.3449,-3.4881,64.3148,-2.1204,64.3395,1.77734375,0.0685628548439203,1.6728515625,1.85986328125,3640.0,140.4167267203489,8
ch2_cla_l1_20250801T042834797_20250801T042842797.fits,/home/saurabh/moon_project/data/CLASS/ch2_cla_l1_2025_08/cla/data/calibrated/2025/08/01/ch2_cla_l1_20250801T042834797_20250801T042842797.fits,2025-08-01T04:28:34.797,2025-08-01T04:28:42.797,2025-08-01T04:28:38.797,8.0,-43.6,13.5,117.676,-3.2017,63.8341,-3.1954,63.8343,31.0728,31.0728,CLASS_add_scds.pro,2.1,296,1,"0,1,2,3,4,5,6,7,8,9,10,11,12,13,14,15,",-2.5029,63.3621,-3.8707,63.3365,-3.8876,64.3069,-2.5198,64.3315,1.771240234375,0.0351959488779275,1.7265625,1.82763671875,3627.5,72.08130330199562,8
ch2_cla_l1_20250801T042842797_20250801T042850797.fits,/home/saurabh/moon_project/data/CLASS/ch2_cla_l1_2025_08/cla/data/calibrated/2025/08/01/ch2_cla_l1_20250801T042842797_20250801T042850797.fits,2025-08-01T04:28:42.797,2025-08-01T04:28:50.797,2025-08-01T04:28:46.797,8.0,-43.5,13.5,117.691,-3.6012,63.8259,-3.5949,63.826,31.1332,31.1332,CLASS_add_scds.pro,2.1,297,1,"0,1,2,3,4,5,6,7,8,9,10,11,12,13,14,15,",-2.9023,63.3537,-4.2703,63.3279,-4.2872,64.2989,-2.9192,64.3236,1.795654296875,0.064839841951403,1.69287109375,1.87353515625,3677.5,132.79199631647342,8
ch2_cla_l1_20250801T042850797_20250801T042858797.fits,/home/saurabh/moon_project/data/CLASS/ch2_cla_l1_2025_08/cla/data/calibrated/2025/08/01/ch2_cla_l1_20250801T042850797_20250801T042858797.fits,2025-08-01T04:28:50.797,2025-08-01T04:28:58.797,2025-08-01T04:28:54.797,8.0,-43.5,13.5,117.704,-4.0007,63.8177,-3.9944,63.8178,31.1981,31.1981,CLASS_add_scds.pro,2.1,298,1,"0,1,2,3,4,5,6,7,8,9,10,11,12,13,14,15,",-3.3017,63.3452,-4.6698,63.3193,-4.6867,64.291,-3.3187,64.3155,1.794677734375,0.0384322411177281,1.73046875,1.84423828125,3675.5,78.70922980910724,8
ch2_cla_l1_20250801T042858797_20250801T042906797.fits,/home/saurabh/moon_project/data/CLASS/ch2_cla_l1_2025_08/cla/data/calibrated/2025/08/01/ch2_cla_l1_20250801T042858797_20250801T042906797.fits,2025-08-01T04:28:58.797,2025-08-01T04:29:06.797,2025-08-01T04:29:02.797,8.0,-43.4,13.5,117.717,-4.4002,63.8094,-4.394,63.8095,31.2674,31.2674,CLASS_add_scds.pro,2.1,299,1,"0,1,2,3,4,5,6,7,8,9,10,11,12,13,14,15,",-3.7012,63.3367,-5.0694,63.3107,-5.0863,64.2831,-3.7181,64.3076,1.7996826171875,0.0731774034543219,1.67333984375,1.89306640625,3685.75,149.86732227445142,8
ch2_cla_l1_20250801T042906797_20250801T042914797.fits,/home/saurabh/moon_project/data/CLASS/ch2_cla_l1_2025_08/cla/data/calibrated/2025/08/01/ch2_cla_l1_20250801T042906797_20250801T042914797.fits,2025-08-01T04:29:06.797,2025-08-01T04:29:14.797,2025-08-01T04:29:10.797,8.0,-43.3,13.5,117.728,-4.7996,63.8012,-4.7935,63.8012,31.3412,31.3412,CLASS_add_scds.pro,2.1,300,1,"0,1,2,3,4,5,6,7,8,9,10,11,12,13,14,15,",-4.1007,63.3282,-5.4689,63.3021,-5.4859,64.2752,-4.1176,64.2996,1.77252197265625,0.0333315505391159,1.7099609375,1.8125,3630.125,68.26301550410943,8
ch2_cla_l1_20250801T042914797_20250801T042922797.fits,/home/saurabh/moon_project/data/CLASS/ch2_cla_l1_2025_08/cla/data/calibrated/2025/08/01/ch2_cla_l1_20250801T042914797_20250801T042922797.fits,2025-08-01T04:29:14.797,2025-08-01T04:29:22.797,2025-08-01T04:29:18.797,8.0,-43.3,13.5,117.739,-5.1991,63.7929,-5.193,63.793,31.4195,31.4195,CLASS_add_scds.pro,2.1,301,1,"0,1,2,3,4,5,6,7,8,9,10,11,12,13,14,15,",-4.5001,63.3196,-5.8683,63.2935,-5.8852,64.2673,-4.517,64.2917,1.8367919921875,0.0572642306074602,1.7509765625,1.921875,3761.75,117.27714428407852,8
ch2_cla_l1_20250801T042922797_20250801T042930797.fits,/home/saurabh/moon_project/data/CLASS/ch2_cla_l1_2025_08/cla/data/calibrated/2025/08/01/ch2_cla_l1_20250801T042922797_20250801T042930797.fits,2025-08-01T04:29:22.797,2025-08-01T04:29:30.797,2025-08-01T04:29:26.797,8.0,-43.2,13.5,117.749,-5.5986,63.7847,-5.5924,63.7848,31.5021,31.5021,CLASS_add_scds.pro,2.1,302,1,"0,1,2,3,4,5,6,7,8,9,10,11,12,13,14,15,",-4.8994,63.3111,-6.2678,63.2848,-6.2848,64.2594,-4.9163,64.2838,1.7845458984375,0.0590475763336882,1.697265625,1.87060546875,3654.75,120.92943633139356,8
ch2_cla_l1_20250801T042930797_20250801T042938797.fits,/home/saurabh/moon_project/data/CLASS/ch2_cla_l1_2025_08/cla/data/calibrated/2025/08/01/ch2_cla_l1_20250801T042930797_20250801T042938797.fits,2025-08-01T04:29:30.797,2025-08-01T04:29:38.797,2025-08-01T04:29:34.797,8.0,-43.2,13.5,117.757,-5.998,63.7764,-5.9918,63.7765,31.589,31.589,CLASS_add_scds.pro,2.1,303,1,"0,1,2,3,4,5,6,7,8,9,10,11,12,13,14,15,",-5.2988,63.3025,-6.6672,63.2761,-6.6842,64.2515,-5.3158,64.2758,1.83740234375,0.0744602033143597,1.7255859375,1.927734375,3763.0,152.4944963878088,8
ch2_cla_l1_20250801T042938797_20250801T042946797.fits,/home/saurabh/moon_project/data/CLASS/ch2_cla_l1_2025_08/cla/data/calibrated/2025/08/01/ch2_cla_l1_20250801T042938797_20250801T042946797.fits,2025-08-01T04:29:38.797,2025-08-01T04:29:46.797,2025-08-01T04:29:42.797,8.0,-43.1,13.5,117.765,-6.3975,63.7681,-6.3912,63.7682,31.6802,31.6802,CLASS_add_scds.pro,2.1,304,1,"0,1,2,3,4,5,6,7,8,9,10,11,12,13,14,15,",-5.6981,63.2939,-7.0667,63.2673,-7.0837,64.2437,-5.7151,64.268,1.792236328125,0.0802985689338028,1.66552734375,1.89697265625,3670.5,164.4514691764282,8
ch2_cla_l1_20250801T042946797_20250801T042954797.fits,/home/saurabh/moon_project/data/CLASS/ch2_cla_l1_2025_08/cla/data/calibrated/2025/08/01/ch2_cla_l1_20250801T042946797_20250801T042954797.fits,2025-08-01T04:29:46.797,2025-08-01T04:29:54.797,2025-08-01T04:29:50.797,8.0,-43.0,13.5,117.772,-6.797,63.7598,-6.7907,63.7599,31.7758,31.7758,CLASS_add_scds.pro,2.1,305,1,"0,1,2,3,4,5,6,7,8,9,10,11,12,13,14,15,",-6.0976,63.2852,-7.4662,63.2586,-7.4832,64.2358,-6.1146,64.2601,1.86114501953125,0.075466565583147,1.7392578125,1.95849609375,3811.625,154.55552631428523,8
ch2_cla_l1_20250801T042954797_20250801T043002797.fits,/home/saurabh/moon_project/data/CLASS/ch2_cla_l1_2025_08/cla/data/calibrated/2025/08/01/ch2_cla_l1_20250801T042954797_20250801T043002797.fits,2025-08-01T04:29:54.797,2025-08-01T04:30:02.797,2025-08-01T04:29:58.797,8.0,-43.0,13.5,117.778,-7.1964,63.7515,-7.1903,63.7516,31.8755,31.8755,CLASS_add_scds.pro,2.1,306,1,"0,1,2,3,4,5,6,7,8,9,10,11,12,13,14,15,",-6.497,63.2765,-7.8657,63.2497,-7.8827,64.228,-6.514,64.2522,1.77496337890625,0.0587710287264374,1.68603515625,1.8662109375,3635.125,120.36306683174394,8
ch2_cla_l1_20250801T043002797_20250801T043010797.fits,/home/saurabh/moon_project/data/CLASS/ch2_cla_l1_2025_08/cla/data/calibrated/2025/08/01/ch2_cla_l1_20250801T043002797_20250801T043010797.fits,2025-08-01T04:30:02.797,2025-08-01T04:30:10.797,2025-08-01T04:30:06.797,8.0,-43.0,13.5,117.783,-7.5959,63.7432,-7.5897,63.7433,31.9794,31.9794,CLASS_add_scds.pro,2.1,307,1,"0,1,2,3,4,5,6,7,8,9,10,11,12,13,14,15,",-6.8965,63.2678,-8.265,63.2409,-8.2821,64.2201,-6.9135,64.2443,1.84197998046875,0.0577965777059537,1.75927734375,1.935546875,3772.375,118.36739114179328,8
ch2_cla_l1_20250801T043010797_20250801T043018797.fits,/home/saurabh/moon_project/data/CLASS/ch2_cla_l1_2025_08/cla/data/calibrated/2025/08/01/ch2_cla_l1_20250801T043010797_20250801T043018797.fits,2025-08-01T04:30:10.797,2025-08-01T04:30:18.797,2025-08-01T04:30:14.797,8.0,-42.9,13.5,117.787,-7.9953,63.7349,-7.9891,63.735,32.0875,32.0875,CLASS_add_scds.pro,2.1,308,1,"0,1,2,3,4,5,6,7,8,9,10,11,12,13,14,15,",-7.2958,63.2591,-8.6645,63.232,-8.6816,64.2123,-7.3129,64.2365,1.8153076171875,0.0648045064913272,1.7216796875,1.8994140625,3717.75,132.71962929423816,8
ch2_cla_l1_20250801T043018797_20250801T043026797.fits,/home/saurabh/moon_project/data/CLASS/ch2_cla_l1_2025_08/cla/data/calibrated/2025/08/01/ch2_cla_l1_20250801T043018797_20250801T043026797.fits,2025-08-01T04:30:18.797,2025-08-01T04:30:26.797,2025-08-01T04:30:22.797,8.0,-42.9,13.5,117.79,-8.3948,63.7265,-8.3886,63.7266,32.1997,32.1997,CLASS_add_scds.pro,2.1,309,1,"0,1,2,3,4,5,6,7,8,9,10,11,12,13,14,15,",-7.6952,63.2503,-9.0639,63.2231,-9.0811,64.2044,-7.7123,64.2286,1.85321044921875,0.0478201893981977,1.7763671875,1.9326171875,3795.375,97.93574788750897,8
ch2_cla_l1_20250801T043026797_20250801T043034797.fits,/home/saurabh/moon_project/data/CLASS/ch2_cla_l1_2025_08/cla/data/calibrated/2025/08/01/ch2_cla_l1_20250801T043026797_20250801T043034797.fits,2025-08-01T04:30:26.797,2025-08-01T04:30:34.797,2025-08-01T04:30:30.797,8.0,-42.8,13.5,117.793,-8.7942,63.7182,-8.7879,63.7182,32.3159,32.3159,CLASS_add_scds.pro,2.1,310,1,"0,1,2,3,4,5,6,7,8,9,10,11,12,13,14,15,",-8.0947,63.2414,-9.4633,63.2142,-9.4805,64.1966,-8.1118,64.2207,1.81890869140625,0.0519098890706602,1.7548828125,1.916015625,3725.125,106.31145281671208,8
ch2_cla_l1_20250801T043034797_20250801T043042797.fits,/home/saurabh/moon_project/data/CLASS/ch2_cla_l1_2025_08/cla/data/calibrated/2025/08/01/ch2_cla_l1_20250801T043034797_20250801T043042797.fits,2025-08-01T04:30:34.797,2025-08-01T04:30:42.797,2025-08-01T04:30:38.797,8.0,-42.7,13.5,117.794,-9.1936,63.7098,-9.1875,63.7099,32.4361,32.4361,CLASS_add_scds.pro,2.1,311,1,"0,1,2,3,4,5,6,7,8,9,10,11,12,13,14,15,",-8.4941,63.2326,-9.8626,63.2053,-9.8798,64.1889,-8.5112,64.2129,1.8563232421875,0.0344602938584301,1.796875,1.91015625,3801.75,70.57468182206502,8
ch2_cla_l1_20250801T043042797_20250801T043050797.fits,/home/saurabh/moon_project/data/CLASS/ch2_cla_l1_2025_08/cla/data/calibrated/2025/08/01/ch2_cla_l1_20250801T043042797_20250801T043050797.fits,2025-08-01T04:30:42.797,2025-08-01T04:30:50.797,2025-08-01T04:30:46.797,8.0,-42.7,13.5,117.795,-9.5931,63.7014,-9.5869,63.7015,32.5604,32.5604,CLASS_add_scds.pro,2.1,312,1,"0,1,2,3,4,5,6,7,8,9,10,11,12,13,14,15,",-8.8933,63.2238,-10.2623,63.1962,-10.2794,64.181,-8.9105,64.2052,1.818359375,0.0909454842584465,1.67822265625,1.9384765625,3724.0,186.25635176129853,8
ch2_cla_l1_20250801T043050797_20250801T043058797.fits,/home/saurabh/moon_project/data/CLASS/ch2_cla_l1_2025_08/cla/data/calibrated/2025/08/01/ch2_cla_l1_20250801T043050797_20250801T043058797.fits,2025-08-01T04:30:50.797,2025-08-01T04:30:58.797,2025-08-01T04:30:54.797,8.0,-42.6,13.5,117.794,-9.9925,63.693,-9.9865,63.693,32.6885,32.6885,CLASS_add_scds.pro,2.1,313,1,"0,1,2,3,4,5,6,7,8,9,10,11,12,13,14,15,",-9.293,63.2147,-10.6617,63.1871,-10.6789,64.1732,-9.3101,64.1972,1.7255859375,0.0447669348552445,1.65380859375,1.7978515625,3534.0,91.68268258354075,8
ch2_cla_l1_20250801T043058797_20250801T043106797.fits,/home/saurabh/moon_project/data/CLASS/ch2_cla_l1_2025_08/cla/data/calibrated/2025/08/01/ch2_cla_l1_20250801T043058797_20250801T043106797.fits,2025-08-01T04:30:58.797,2025-08-01T04:31:06.797,2025-08-01T04:31:02.797,8.0,-42.6,13.5,117.793,-10.392,63.6846,-10.3857,63.6847,32.8206,32.8206,CLASS_add_scds.pro,2.1,314,1,"0,1,2,3,4,5,6,7,8,9,10,11,12,13,14,15,",-9.6924,63.2058,-11.061,63.178,-11.0782,64.1655,-9.7096,64.1894,1.7353515625,0.0588802056595664,1.640625,1.82080078125,3554.0,120.586661190792,8
ch2_cla_l1_20250801T043106797_20250801T043114797.fits,/home/saurabh/moon_project/data/CLASS/ch2_cla_l1_2025_08/cla/data/calibrated/2025/08/01/ch2_cla_l1_20250801T043106797_20250801T043114797.fits,2025-08-01T04:31:06.797,2025-08-01T04:31:14.797,2025-08-01T04:31:10.797,8.0,-42.5,13.5,117.79,-10.7914,63.6762,-10.7853,63.6762,32.9564,32.9564,CLASS_add_scds.pro,2.1,315,1,"0,1,2,3,4,5,6,7,8,9,10,11,12,13,14,15,",-10.0918,63.1969,-11.4603,63.1689,-11.4776,64.1577,-10.1089,64.1816,1.7430419921875,0.0514798579621237,1.66064453125,1.81591796875,3569.75,105.43074910642936,8
ch2_cla_l1_20250801T043114797_20250801T043122797.fits,/home/saurabh/moon_project/data/CLASS/ch2_cla_l1_2025_08/cla/data/calibrated/2025/08/01/ch2_cla_l1_20250801T043114797_20250801T043122797.fits,2025-08-01T04:31:14.797,2025-08-01T04:31:22.797,2025-08-01T04:31:18.797,8.0,-42.5,13.5,117.787,-11.1909,63.6677,-11.1847,63.6678,33.0961,33.0961,CLASS_add_scds.pro,2.1,316,1,"0,1,2,3,4,5,6,7,8,9,10,11,12,13,14,15,",-10.4911,63.1879,-11.8598,63.1597,-11.8771,64.1499,-10.5083,64.1739,1.739990234375,0.0861884083207504,1.58642578125,1.84765625,3563.5,176.51386024089683,8
ch2_cla_l1_20250801T043122797_20250801T043130797.fits,/home/saurabh/moon_project/data/CLASS/ch2_cla_l1_2025_08/cla/data/calibrated/2025/08/01/ch2_cla_l1_20250801T043122797_20250801T043130797.fits,2025-08-01T04:31:22.797,2025-08-01T04:31:30.797,2025-08-01T04:31:26.797,8.0,-42.4,13.5,117.782,-11.5903,63.6592,-11.5842,63.6593,33.2395,33.2395,CLASS_add_scds.pro,2.1,317,1,"0,1,2,3,4,5,6,7,8,9,10,11,12,13,14,15,",-10.8906,63.1788,-12.2593,63.1504,-12.2766,64.1421,-10.9078,64.166,1.7247314453125,0.0791578412215789,1.60693359375,1.82763671875,3532.25,162.11525882179365,8
ch2_cla_l1_20250801T043130797_20250801T043138797.fits,/home/saurabh/moon_project/data/CLASS/ch2_cla_l1_2025_08/cla/data/calibrated/2025/08/01/ch2_cla_l1_20250801T043130797_20250801T043138797.fits,2025-08-01T04:31:30.797,2025-08-01T04:31:38.797,2025-08-01T04:31:34.797,8.0,-42.4,13.5,117.777,-11.9898,63.6507,-11.9833,63.6508,33.3865,33.3865,CLASS_add_scds.pro,2.1,318,1,"0,1,2,3,4,5,6,7,8,9,10,11,12,13,14,15,",-11.2901,63.1696,-12.6584,63.1412,-12.6757,64.1342,-11.3073,64.1582,1.7572021484375,0.1041002243311791,1.59619140625,1.90673828125,3598.75,213.19725943025492,8
ch2_cla_l1_20250801T043138797_20250801T043146797.fits,/home/saurabh/moon_project/data/CLASS/ch2_cla_l1_2025_08/cla/data/calibrated/2025/08/01/ch2_cla_l1_20250801T043138797_20250801T043146797.fits,2025-08-01T04:31:38.797,2025-08-01T04:31:46.797,2025-08-01T04:31:42.797,8.0,-42.3,13.5,117.771,-12.3892,63.6422,-12.3828,63.6423,33.5373,33.5373,CLASS_add_scds.pro,2.1,319,1,"0,1,2,3,4,5,6,7,8,9,10,11,12,13,14,15,",-11.6892,63.1605,-13.0579,63.1318,-13.0753,64.1264,-11.7065,64.1504,1.750244140625,0.0740266766865727,1.63720703125,1.85595703125,3584.5,151.60663385410095,8
ch2_cla_l1_20250801T043146797_20250801T043154797.fits,/home/saurabh/moon_project/data/CLASS/ch2_cla_l1_2025_08/cla/data/calibrated/2025/08/01/ch2_cla_l1_20250801T043146797_20250801T043154797.fits,2025-08-01T04:31:46.797,2025-08-01T04:31:54.797,2025-08-01T04:31:50.797,8.0,-42.2,13.5,117.764,-12.7887,63.6337,-12.7823,63.6338,33.6916,33.6916,CLASS_add_scds.pro,2.1,320,1,"0,1,2,3,4,5,6,7,8,9,10,11,12,13,14,15,",-12.0889,63.1512,-13.4575,63.1224,-13.4748,64.1186,-12.1062,64.1426,1.77752685546875,0.0684469790528779,1.6962890625,1.89208984375,3640.375,140.17941310029394,8
ch2_cla_l1_20250801T043154797_20250801T043202797.fits,/home/saurabh/moon_project/data/CLASS/ch2_cla_l1_2025_08/cla/data/calibrated/2025/08/01/ch2_cla_l1_20250801T043154797_20250801T043202797.fits,2025-08-01T04:31:54.797,2025-08-01T04:32:02.797,2025-08-01T04:31:58.797,8.0,-42.1,13.5,117.756,-13.1881,63.6251,-13.1819,63.6252,33.8494,33.8494,CLASS_add_scds.pro,2.1,321,1,"0,1,2,3,4,5,6,7,8,9,10,11,12,13,14,15,",-12.4885,63.142,-13.8568,63.1131,-13.8742,64.1109,-12.5058,64.1347,1.7379150390625,0.0540540166573045,1.65478515625,1.828125,3559.25,110.70262611415968,8
ch2_cla_l1_20250801T043202797_20250801T043210797.fits,/home/saurabh/moon_project/data/CLASS/ch2_cla_l1_2025_08/cla/data/calibrated/2025/08/01/ch2_cla_l1_20250801T043202797_20250801T043210797.fits,2025-08-01T04:32:02.797,2025-08-01T04:32:10.797,2025-08-01T04:32:06.797,8.0,-42.1,13.5,117.747,-13.5876,63.6165,-13.5814,63.6166,34.0108,34.0108,CLASS_add_scds.pro,2.1,322,1,"0,1,2,3,4,5,6,7,8,9,10,11,12,13,14,15,",-12.8878,63.1327,-14.2562,63.1036,-14.2736,64.1031,-12.9052,64.127,1.79473876953125,0.0479581663048237,1.71826171875,1.8681640625,3675.625,98.21832459227905,8
ch2_cla_l1_20250801T043210797_20250801T043218797.fits,/home/saurabh/moon_project/data/CLASS/ch2_cla_l1_2025_08/cla/data/calibrated/2025/08/01/ch2_cla_l1_20250801T043210797_20250801T043218797.fits,2025-08-01T04:32:10.797,2025-08-01T04:32:18.797,2025-08-01T04:32:14.797,8.0,-42.0,13.5,117.737,-13.9871,63.6079,-13.9809,63.608,34.1756,34.1756,CLASS_add_scds.pro,2.1,323,1,"0,1,2,3,4,5,6,7,8,9,10,11,12,13,14,15,",-13.2874,63.1234,-14.6558,63.0941,-14.6732,64.0952,-13.3048,64.1191,1.74359130859375,0.0463293653159927,1.6689453125,1.81689453125,3570.875,94.88254016715314,8
ch2_cla_l1_20250801T043218797_20250801T043226797.fits,/home/saurabh/moon_project/data/CLASS/ch2_cla_l1_2025_08/cla/data/calibrated/2025/08/01/ch2_cla_l1_20250801T043218797_20250801T043226797.fits,2025-08-01T04:32:18.797,2025-08-01T04:32:26.797,2025-08-01T04:32:22.797,8.0,-42.0,13.5,117.726,-14.3865,63.5993,-14.3804,63.5993,34.3437,34.3437,CLASS_add_scds.pro,2.1,324,1,"0,1,2,3,4,5,6,7,8,9,10,11,12,13,14,15,",-13.6871,63.1139,-15.0551,63.0845,-15.0726,64.0874,-13.7044,64.1112,1.7847900390625,0.0597180716056928,1.67138671875,1.84716796875,3655.25,122.30261064845904,8
ch2_cla_l1_20250801T043226797_20250801T043234797.fits,/home/saurabh/moon_project/data/CLASS/ch2_cla_l1_2025_08/cla/data/calibrated/2025/08/01/ch2_cla_l1_20250801T043226797_20250801T043234797.fits,2025-08-01T04:32:26.797,2025-08-01T04:32:34.797,2025-08-01T04:32:30.797,8.0,-41.9,13.5,117.714,-14.786,63.5906,-14.7797,63.5907,34.5153,34.5153,CLASS_add_scds.pro,2.1,325,1,"0,1,2,3,4,5,6,7,8,9,10,11,12,13,14,15,",-14.0864,63.1045,-15.4542,63.0748,-15.4718,64.0795,-14.1038,64.1035,1.74822998046875,0.0377409121997883,1.6923828125,1.8046875,3580.375,77.29338818516663,8
ch2_cla_l1_20250801T043234797_20250801T043242797.fits,/home/saurabh/moon_project/data/CLASS/ch2_cla_l1_2025_08/cla/data/calibrated/2025/08/01/ch2_cla_l1_20250801T043234797_20250801T043242797.fits,2025-08-01T04:32:34.797,2025-08-01T04:32:42.797,2025-08-01T04:32:38.797,8.0,-41.9,13.5,117.702,-15.1855,63.5819,-15.1791,63.582,34.6901,34.6901,CLASS_add_scds.pro,2.1,326,1,"0,1,2,3,4,5,6,7,8,9,10,11,12,13,14,15,",-14.4857,63.095,-15.8538,63.0653,-15.8713,64.0719,-14.5032,64.0957,1.81524658203125,0.0510127481481042,1.716796875,1.8681640625,3717.625,104.4741082073175,8
ch2_cla_l1_20250801T043242797_20250801T043250797.fits,/home/saurabh/moon_project/data/CLASS/ch2_cla_l1_2025_08/cla/data/calibrated/2025/08/01/ch2_cla_l1_20250801T043242797_20250801T043250797.fits,2025-08-01T04:32:42.797,2025-08-01T04:32:50.797,2025-08-01T04:32:46.797,8.0,-41.8,13.5,117.688,-15.585,63.5732,-15.5788,63.5733,34.8681,34.8681,CLASS_add_scds.pro,2.1,327,1,"0,1,2,3,4,5,6,7,8,9,10,11,12,13,14,15,",-14.8854,63.0856,-16.2532,63.0555,-16.2708,64.064,-14.9028,64.0879,1.7520751953125,0.0317213747037883,1.70263671875,1.79931640625,3588.25,64.96537539335857,8
ch2_cla_l1_20250801T043250797_20250801T043258797.fits,/home/saurabh/moon_project/data/CLASS/ch2_cla_l1_2025_08/cla/data/calibrated/2025/08/01/ch2_cla_l1_20250801T043250797_20250801T043258797.fits,2025-08-01T04:32:50.797,2025-08-01T04:32:58.797,2025-08-01T04:32:54.797,8.0,-41.8,13.5,117.674,-15.9845,63.5644,-15.9782,63.5644,35.0494,35.0494,CLASS_add_scds.pro,2.1,328,1,"0,1,2,3,4,5,6,7,8,9,10,11,12,13,14,15,",-15.2849,63.0759,-16.6525,63.0457,-16.6701,64.0561,-15.3024,64.0801,1.80712890625,0.0468110147371902,1.7236328125,1.86572265625,3701.0,95.86895818176572,8
ch2_cla_l1_20250801T043258797_20250801T043306797.fits,/home/saurabh/moon_project/data/CLASS/ch2_cla_l1_2025_08/cla/data/calibrated/2025/08/01/ch2_cla_l1_20250801T043258797_20250801T043306797.fits,2025-08-01T04:32:58.797,2025-08-01T04:33:06.797,2025-08-01T04:33:02.797,8.0,-41.7,13.5,117.658,-16.384,63.5556,-16.3777,63.5557,35.2338,35.2338,CLASS_add_scds.pro,2.1,329,1,"0,1,2,3,4,5,6,7,8,9,10,11,12,13,14,15,",-15.6843,63.0663,-17.052,63.0359,-17.0696,64.0483,-15.7019,64.0722,1.76959228515625,0.0707593674579502,1.67578125,1.90234375,3624.125,144.9151845538821,8
ch2_cla_l1_20250801T043306797_20250801T043314797.fits,/home/saurabh/moon_project/data/CLASS/ch2_cla_l1_2025_08/cla/data/calibrated/2025/08/01/ch2_cla_l1_20250801T043306797_20250801T043314797.fits,2025-08-01T04:33:06.797,2025-08-01T04:33:14.797,2025-08-01T04:33:10.797,8.0,-41.7,13.5,117.642,-16.7835,63.5468,-16.7772,63.5469,35.4213,35.4213,CLASS_add_scds.pro,2.1,330,1,"0,1,2,3,4,5,6,7,8,9,10,11,12,13,14,15,",-16.0839,63.0566,-17.4514,63.026,-17.4691,64.0405,-16.1015,64.0644,1.82867431640625,0.0456353156116786,1.744140625,1.8896484375,3745.125,93.46112637271789,8
ch2_cla_l1_20250801T043314797_20250801T043322797.fits,/home/saurabh/moon_project/data/CLASS/ch2_cla_l1_2025_08/cla/data/calibrated/2025/08/01/ch2_cla_l1_20250801T043314797_20250801T043322797.fits,2025-08-01T04:33:14.797,2025-08-01T04:33:22.797,2025-08-01T04:33:18.797,8.0,-41.6,13.5,117.624,-17.183,63.538,-17.1768,63.538,35.6118,35.6118,CLASS_add_scds.pro,2.1,331,1,"0,1,2,3,4,5,6,7,8,9,10,11,12,13,14,15,",-16.4835,63.0469,-17.8507,63.0161,-17.8685,64.0327,-16.5011,64.0566,1.7724609375,0.0835236238683748,1.658203125,1.9208984375,3630.0,171.05638168243158,8
ch2_cla_l1_20250801T043322797_20250801T043330797.fits,/home/saurabh/moon_project/data/CLASS/ch2_cla_l1_2025_08/cla/data/calibrated/2025/08/01/ch2_cla_l1_20250801T043322797_20250801T043330797.fits,2025-08-01T04:33:22.797,2025-08-01T04:33:30.797,2025-08-01T04:33:26.797,8.0,-41.5,13.5,117.606,-17.5825,63.5291,-17.5763,63.5292,35.8053,35.8053,CLASS_add_scds.pro,2.1,332,1,"0,1,2,3,4,5,6,7,8,9,10,11,12,13,14,15,",-16.883,63.0371,-18.2501,63.006,-18.2679,64.0247,-16.9007,64.0488,1.81610107421875,0.0723885040127752,1.70361328125,1.91650390625,3719.375,148.25165621816362,8
ch2_cla_l1_20250801T043330797_20250801T043338797.fits,/home/saurabh/moon_project/data/CLASS/ch2_cla_l1_2025_08/cla/data/calibrated/2025/08/01/ch2_cla_l1_20250801T043330797_20250801T043338797.fits,2025-08-01T04:33:30.797,2025-08-01T04:33:38.797,2025-08-01T04:33:34.797,8.0,-41.4,13.5,117.587,-17.982,63.5202,-17.9758,63.5202,36.0018,36.0018,CLASS_add_scds.pro,2.1,333,1,"0,1,2,3,4,5,6,7,8,9,10,11,12,13,14,15,",-17.2825,63.0272,-18.6496,62.9959,-18.6675,64.0168,-17.3003,64.0409,1.81085205078125,0.0797588883455208,1.6826171875,1.95263671875,3708.625,163.34620333162673,8
ch2_cla_l1_20250801T043338797_20250801T043346797.fits,/home/saurabh/moon_project/data/CLASS/ch2_cla_l1_2025_08/cla/data/calibrated/2025/08/01/ch2_cla_l1_20250801T043338797_20250801T043346797.fits,2025-08-01T04:33:38.797,2025-08-01T04:33:46.797,2025-08-01T04:33:42.797,8.0,-41.4,13.5,117.566,-18.3816,63.5112,-18.3753,63.5113,36.2012,36.2012,CLASS_add_scds.pro,2.1,334,1,"0,1,2,3,4,5,6,7,8,9,10,11,12,13,14,15,",-17.6822,63.0172,-19.049,62.9859,-19.0668,64.009,-17.7,64.033,1.82171630859375,0.0606993763112099,1.7294921875,1.89892578125,3730.875,124.31232268535798,8
ch2_cla_l1_20250801T043346797_20250801T043354797.fits,/home/saurabh/moon_project/data/CLASS/ch2_cla_l1_2025_08/cla/data/calibrated/2025/08/01/ch2_cla_l1_20250801T043346797_20250801T043354797.fits,2025-08-01T04:33:46.797,2025-08-01T04:33:54.797,2025-08-01T04:33:50.797,8.0,-41.3,13.5,117.545,-18.7811,63.5023,-18.7748,63.5024,36.4034,36.4034,CLASS_add_scds.pro,2.1,335,1,"0,1,2,3,4,5,6,7,8,9,10,11,12,13,14,15,",-18.0817,63.0073,-19.4485,62.9757,-19.4664,64.0012,-18.0995,64.0252,1.7991943359375,0.0571606446578704,1.69677734375,1.87548828125,3684.75,117.0650002593187,8
ch2_cla_l1_20250801T043354797_20250801T043402797.fits,/home/saurabh/moon_project/data/CLASS/ch2_cla_l1_2025_08/cla/data/calibrated/2025/08/01/ch2_cla_l1_20250801T043354797_20250801T043402797.fits,2025-08-01T04:33:54.797,2025-08-01T04:34:02.797,2025-08-01T04:33:58.797,8.0,-41.3,13.5,117.523,-19.1807,63.4932,-19.1745,63.4933,36.6084,36.6084,CLASS_add_scds.pro,2.1,336,1,"0,1,2,3,4,5,6,7,8,9,10,11,12,13,14,15,",-18.4814,62.9973,-19.8479,62.9654,-19.8659,63.9932,-18.4992,64.0173,1.8265380859375,0.0594431034820247,1.74609375,1.927734375,3740.75,121.73947593118676,8
ch2_cla_l1_20250801T043402797_20250801T043410797.fits,/home/saurabh/moon_project/data/CLASS/ch2_cla_l1_2025_08/cla/data/calibrated/2025/08/01/ch2_cla_l1_20250801T043402797_20250801T043410797.fits,2025-08-01T04:34:02.797,2025-08-01T04:34:10.797,2025-08-01T04:34:06.797,8.0,-41.2,13.5,117.5,-19.5802,63.4842,-19.574,63.4843,36.8162,36.8162,CLASS_add_scds.pro,2.1,337,1,"0,1,2,3,4,5,6,7,8,9,10,11,12,13,14,15,",-18.881,62.9872,-20.2473,62.9551,-20.2653,63.9853,-18.8989,64.0094,1.83465576171875,0.0733499660403824,1.7314453125,1.9619140625,3757.375,150.22073045070331,8
ch2_cla_l1_20250801T043410797_20250801T043418797.fits,/home/saurabh/moon_project/data/CLASS/ch2_cla_l1_2025_08/cla/data/calibrated/2025/08/01/ch2_cla_l1_20250801T043410797_20250801T043418797.fits,2025-08-01T04:34:10.797,2025-08-01T04:34:18.797,2025-08-01T04:34:14.797,8.0,-41.2,13.5,117.477,-19.9798,63.4751,-19.9735,63.4752,37.0267,37.0267,CLASS_add_scds.pro,2.1,338,1,"0,1,2,3,4,5,6,7,8,9,10,11,12,13,14,15,",-19.2806,62.977,-20.6467,62.9447,-20.6648,63.9774,-19.2985,64.0015,1.8128662109375,0.0360240108253968,1.75537109375,1.87109375,3712.75,73.77717417041282,8
ch2_cla_l1_20250801T043418797_20250801T043426797.fits,/home/saurabh/moon_project/data/CLASS/ch2_cla_l1_2025_08/cla/data/calibrated/2025/08/01/ch2_cla_l1_20250801T043418797_20250801T043426797.fits,2025-08-01T04:34:18.797,2025-08-01T04:34:26.797,2025-08-01T04:34:22.797,8.0,-41.1,13.5,117.452,-20.3794,63.466,-20.3732,63.4661,37.2398,37.2398,CLASS_add_scds.pro,2.1,339,1,"0,1,2,3,4,5,6,7,8,9,10,11,12,13,14,15,",-19.6802,62.9668,-21.0457,62.9344,-21.0638,63.9696,-19.6982,63.9936,1.838134765625,0.0608633183723824,1.75341796875,1.912109375,3764.5,124.64807602663932,8
ch2_cla_l1_20250801T043426797_20250801T043434797.fits,/home/saurabh/moon_project/data/CLASS/ch2_cla_l1_2025_08/cla/data/calibrated/2025/08/01/ch2_cla_l1_20250801T043426797_20250801T043434797.fits,2025-08-01T04:34:26.797,2025-08-01T04:34:34.797,2025-08-01T04:34:30.797,8.0,-41.1,13.5,117.426,-20.779,63.4568,-20.7725,63.4569,37.4556,37.4556,CLASS_add_scds.pro,2.1,340,1,"0,1,2,3,4,5,6,7,8,9,10,11,12,13,14,15,",-20.0794,62.9567,-21.4455,62.9237,-21.4636,63.9615,-20.0974,63.9858,1.839111328125,0.0358289512751467,1.7802734375,1.88623046875,3766.5,73.37769221150059,8
ch2_cla_l1_20250801T043434797_20250801T043442797.fits,/home/saurabh/moon_project/data/CLASS/ch2_cla_l1_2025_08/cla/data/calibrated/2025/08/01/ch2_cla_l1_20250801T043434797_20250801T043442797.fits,2025-08-01T04:34:34.797,2025-08-01T04:34:42.797,2025-08-01T04:34:38.797,8.0,-41.0,13.5,117.399,-21.1786,63.4476,-21.1723,63.4476,37.6739,37.6739,CLASS_add_scds.pro,2.1,341,1,"0,1,2,3,4,5,6,7,8,9,10,11,12,13,14,15,",-20.4794,62.9462,-21.845,62.9131,-21.8632,63.9535,-20.4974,63.9778,1.85797119140625,0.0779121496650954,1.703125,1.9384765625,3805.125,159.5640825141154,8
ch2_cla_l1_20250801T043442797_20250801T043450797.fits,/home/saurabh/moon_project/data/CLASS/ch2_cla_l1_2025_08/cla/data/calibrated/2025/08/01/ch2_cla_l1_20250801T043442797_20250801T043450797.fits,2025-08-01T04:34:42.797,2025-08-01T04:34:50.797,2025-08-01T04:34:46.797,8.0,-41.0,13.5,117.372,-21.5782,63.4383,-21.5719,63.4384,37.8948,37.8948,CLASS_add_scds.pro,2.1,342,1,"0,1,2,3,4,5,6,7,8,9,10,11,12,13,14,15,",-20.8792,62.9357,-22.2445,62.9024,-22.2627,63.9455,-20.8973,63.9698,1.82525634765625,0.0479308158802978,1.7470703125,1.89501953125,3738.125,98.16231092285004,8
ch2_cla_l1_20250801T043450797_20250801T043458797.fits,/home/saurabh/moon_project/data/CLASS/ch2_cla_l1_2025_08/cla/data/calibrated/2025/08/01/ch2_cla_l1_20250801T043450797_20250801T043458797.fits,2025-08-01T04:34:50.797,2025-08-01T04:34:58.797,2025-08-01T04:34:54.797,8.0,-40.9,13.5,117.343,-21.9778,63.429,-21.9715,63.4291,38.1182,38.1182,CLASS_add_scds.pro,2.1,343,1,"0,1,2,3,4,5,6,7,8,9,10,11,12,13,14,15,",-21.2789,62.9252,-22.6439,62.8917,-22.6622,63.9376,-21.297,63.9618,1.86114501953125,0.0825135203838236,1.7177734375,1.97119140625,3811.625,168.9876897460708,8
ch2_cla_l1_20250801T043458797_20250801T043506797.fits,/home/saurabh/moon_project/data/CLASS/ch2_cla_l1_2025_08/cla/data/calibrated/2025/08/01/ch2_cla_l1_20250801T043458797_20250801T043506797.fits,2025-08-01T04:34:58.797,2025-08-01T04:35:06.797,2025-08-01T04:35:02.797,8.0,-40.9,13.5,117.314,-22.3775,63.4196,-22.3712,63.4197,38.3439,38.3439,CLASS_add_scds.pro,2.1,344,1,"0,1,2,3,4,5,6,7,8,9,10,11,12,13,14,15,",-21.6786,62.9147,-23.0434,62.8808,-23.0618,63.9295,-21.6968,63.9539,1.80718994140625,0.0737812369099576,1.677734375,1.90087890625,3701.125,151.10397319159318,8
ch2_cla_l1_20250801T043506797_20250801T043514797.fits,/home/saurabh/moon_project/data/CLASS/ch2_cla_l1_2025_08/cla/data/calibrated/2025/08/01/ch2_cla_l1_20250801T043506797_20250801T043514797.fits,2025-08-01T04:35:06.797,2025-08-01T04:35:14.797,2025-08-01T04:35:10.797,8.0,-40.9,13.5,117.283,-22.7771,63.4102,-22.7709,63.4103,38.5721,38.5721,CLASS_add_scds.pro,2.1,345,1,"0,1,2,3,4,5,6,7,8,9,10,11,12,13,14,15,",-22.0783,62.904,-23.443,62.8699,-23.4614,63.9214,-22.0966,63.9458,1.74566650390625,0.0714305511268384,1.64453125,1.84619140625,3575.125,146.28976870776518,8
ch2_cla_l1_20250801T043522797_20250801T043530797.fits,/home/saurabh/moon_project/data/CLASS/ch2_cla_l1_2025_08/cla/data/calibrated/2025/08/01/ch2_cla_l1_20250801T043522797_20250801T043530797.fits,2025-08-01T04:35:22.797,2025-08-01T04:35:30.797,2025-08-01T04:35:26.797,8.0,-40.7,13.5,117.22,-23.5765,63.3913,-23.5702,63.3914,39.0355,39.0355,CLASS_add_scds.pro,2.1,347,1,"0,1,2,3,4,5,6,7,8,9,10,11,12,13,14,15,",-22.878,62.8824,-24.242,62.8479,-24.2605,63.9053,-22.8963,63.9297,1.78076171875,0.0741048526902476,1.658203125,1.8798828125,3647.0,151.7667383096272,8
ch2_cla_l1_20250801T043530797_20250801T043538797.fits,/home/saurabh/moon_project/data/CLASS/ch2_cla_l1_2025_08/cla/data/calibrated/2025/08/01/ch2_cla_l1_20250801T043530797_20250801T043538797.fits,2025-08-01T04:35:30.797,2025-08-01T04:35:38.797,2025-08-01T04:35:34.797,8.0,-40.6,13.5,117.187,-23.9762,63.3817,-23.97,63.3818,39.2706,39.2706,CLASS_add_scds.pro,2.1,348,1,"0,1,2,3,4,5,6,7,8,9,10,11,12,13,14,15,",-23.2777,62.8717,-24.6416,62.8367,-24.6601,63.8972,-23.2961,63.9218,1.7222900390625,0.0737850741280962,1.61669921875,1.814453125,3527.25,151.11183181434112,8
ch2_cla_l1_20250801T043538797_20250801T043546797.fits,/home/saurabh/moon_project/data/CLASS/ch2_cla_l1_2025_08/cla/data/calibrated/2025/08/01/ch2_cla_l1_20250801T043538797_20250801T043546797.fits,2025-08-01T04:35:38.797,2025-08-01T04:35:46.797,2025-08-01T04:35:42.797,8.0,-40.6,13.5,117.153,-24.3759,63.3721,-24.3696,63.3723,39.508,39.508,CLASS_add_scds.pro,2.1,349,1,"0,1,2,3,4,5,6,7,8,9,10,11,12,13,14,15,",-23.6776,62.8606,-25.0411,62.8254,-25.0597,63.8891,-23.696,63.9137,1.76458740234375,0.0621663794214417,1.67431640625,1.8681640625,3613.875,127.31674505511272,8
ch2_cla_l1_20250801T043546797_20250801T043554797.fits,/home/saurabh/moon_project/data/CLASS/ch2_cla_l1_2025_08/cla/data/calibrated/2025/08/01/ch2_cla_l1_20250801T043546797_20250801T043554797.fits,2025-08-01T04:35:46.797,2025-08-01T04:35:54.797,2025-08-01T04:35:50.797,8.0,-40.6,13.5,117.118,-24.7756,63.3625,-24.7693,63.3626,39.7475,39.7475,CLASS_add_scds.pro,2.1,350,1,"0,1,2,3,4,5,6,7,8,9,10,11,12,13,14,15,",-24.0773,62.8496,-25.4407,62.8141,-25.4593,63.8809,-24.0958,63.9056,1.7318115234375,0.066452266873498,1.62255859375,1.81640625,3546.75,136.09424255692397,8
ch2_cla_l1_20250801T043554797_20250801T043602797.fits,/home/saurabh/moon_project/data/CLASS/ch2_cla_l1_2025_08/cla/data/calibrated/2025/08/01/ch2_cla_l1_20250801T043554797_20250801T043602797.fits,2025-08-01T04:35:54.797,2025-08-01T04:36:02.797,2025-08-01T04:35:58.797,8.0,-40.5,13.5,117.082,-25.1753,63.3528,-25.1692,63.3529,39.9892,39.9892,CLASS_add_scds.pro,2.1,351,1,"0,1,2,3,4,5,6,7,8,9,10,11,12,13,14,15,",-24.4773,62.8385,-25.8402,62.8027,-25.8589,63.8727,-24.4957,63.8974,1.78619384765625,0.0590848775671194,1.69482421875,1.88525390625,3658.125,121.00582925746062,8
ch2_cla_l1_20250801T043602797_20250801T043610797.fits,/home/saurabh/moon_project/data/CLASS/ch2_cla_l1_2025_08/cla/data/calibrated/2025/08/01/ch2_cla_l1_20250801T043602797_20250801T043610797.fits,2025-08-01T04:36:02.797,2025-08-01T04:36:10.797,2025-08-01T04:36:06.797,8.0,-40.5,13.5,117.045,-25.5751,63.343,-25.5689,63.3431,40.233,40.233,CLASS_add_scds.pro,2.1,352,1,"0,1,2,3,4,5,6,7,8,9,10,11,12,13,14,15,",-24.877,62.8273,-26.2397,62.7911,-26.2585,63.8645,-24.8956,63.8893,1.734619140625,0.047980221760749,1.67236328125,1.82275390625,3552.5,98.2634941660141,8
ch2_cla_l1_20250801T043610797_20250801T043618797.fits,/home/saurabh/moon_project/data/CLASS/ch2_cla_l1_2025_08/cla/data/calibrated/2025/08/01/ch2_cla_l1_20250801T043610797_20250801T043618797.fits,2025-08-01T04:36:10.797,2025-08-01T04:36:18.797,2025-08-01T04:36:14.797,8.0,-40.5,13.5,117.007,-25.9748,63.3332,-25.9687,63.3333,40.4789,40.4789,CLASS_add_scds.pro,2.1,353,1,"0,1,2,3,4,5,6,7,8,9,10,11,12,13,14,15,",-25.2769,62.816,-26.6392,62.7796,-26.658,63.8563,-25.2955,63.8812,1.773193359375,0.037047829897184,1.71533203125,1.8212890625,3631.5,75.87395562943284,8
ch2_cla_l1_20250801T043618797_20250801T043626797.fits,/home/saurabh/moon_project/data/CLASS/ch2_cla_l1_2025_08/cla/data/calibrated/2025/08/01/ch2_cla_l1_20250801T043618797_20250801T043626797.fits,2025-08-01T04:36:18.797,2025-08-01T04:36:26.797,2025-08-01T04:36:22.797,8.0,-40.4,13.5,116.969,-26.3746,63.3233,-26.3684,63.3234,40.7267,40.7267,CLASS_add_scds.pro,2.1,354,1,"0,1,2,3,4,5,6,7,8,9,10,11,12,13,14,15,",-25.6767,62.8047,-27.0388,62.7677,-27.0577,63.8479,-25.6954,63.8731,1.75286865234375,0.0517423046148009,1.6923828125,1.83935546875,3589.875,105.96823985111226,8
ch2_cla_l1_20250801T043626797_20250801T043634797.fits,/home/saurabh/moon_project/data/CLASS/ch2_cla_l1_2025_08/cla/data/calibrated/2025/08/01/ch2_cla_l1_20250801T043626797_20250801T043634797.fits,2025-08-01T04:36:26.797,2025-08-01T04:36:34.797,2025-08-01T04:36:30.797,8.0,-40.3,13.5,116.929,-26.7744,63.3133,-26.7682,63.3134,40.9766,40.9766,CLASS_add_scds.pro,2.1,355,1,"0,1,2,3,4,5,6,7,8,9,10,11,12,13,14,15,",-26.0767,62.793,-27.4385,62.756,-27.4575,63.8397,-26.0954,63.8647,1.776123046875,0.0351756209034478,1.71728515625,1.82177734375,3637.5,72.03967161026128,8
ch2_cla_l1_20250801T043634797_20250801T043642797.fits,/home/saurabh/moon_project/data/CLASS/ch2_cla_l1_2025_08/cla/data/calibrated/2025/08/01/ch2_cla_l1_20250801T043634797_20250801T043642797.fits,2025-08-01T04:36:34.797,2025-08-01T04:36:42.797,2025-08-01T04:36:38.797,8.0,-40.3,13.5,116.889,-27.1742,63.3033,-27.1679,63.3033,41.2285,41.2285,CLASS_add_scds.pro,2.1,356,1,"0,1,2,3,4,5,6,7,8,9,10,11,12,13,14,15,",-26.4767,62.7815,-27.8378,62.744,-27.8568,63.8312,-26.4955,63.8564,1.7545166015625,0.0665506028122974,1.662109375,1.873046875,3593.25,136.2956345595852,8
ch2_cla_l1_20250801T043642797_20250801T043650797.fits,/home/saurabh/moon_project/data/CLASS/ch2_cla_l1_2025_08/cla/data/calibrated/2025/08/01/ch2_cla_l1_20250801T043642797_20250801T043650797.fits,2025-08-01T04:36:42.797,2025-08-01T04:36:50.797,2025-08-01T04:36:46.797,8.0,-40.3,13.5,116.847,-27.5741,63.2933,-27.5676,63.2933,41.4823,41.4823,CLASS_add_scds.pro,2.1,357,1,"0,1,2,3,4,5,6,7,8,9,10,11,12,13,14,15,",-26.8763,62.7698,-28.2374,62.732,-28.2565,63.8229,-26.8952,63.8482,1.7725830078125,0.0526346545468064,1.6923828125,1.845703125,3630.25,107.79577251185952,8
ch2_cla_l1_20250801T043650797_20250801T043658797.fits,/home/saurabh/moon_project/data/CLASS/ch2_cla_l1_2025_08/cla/data/calibrated/2025/08/01/ch2_cla_l1_20250801T043650797_20250801T043658797.fits,2025-08-01T04:36:50.797,2025-08-01T04:36:58.797,2025-08-01T04:36:54.797,8.0,-40.2,13.5,116.805,-27.9739,63.2831,-27.9677,63.2831,41.7379,41.7379,CLASS_add_scds.pro,2.1,358,1,"0,1,2,3,4,5,6,7,8,9,10,11,12,13,14,15,",-27.2763,62.758,-28.6374,62.72,-28.6564,63.8146,-27.2952,63.8398,1.7928466796875,0.059793309514648,1.693359375,1.8759765625,3671.75,122.4566978859991,8
ch2_cla_l1_20250801T043658797_20250801T043706797.fits,/home/saurabh/moon_project/data/CLASS/ch2_cla_l1_2025_08/cla/data/calibrated/2025/08/01/ch2_cla_l1_20250801T043658797_20250801T043706797.fits,2025-08-01T04:36:58.797,2025-08-01T04:37:06.797,2025-08-01T04:37:02.797,8.0,-40.1,13.5,116.762,-28.3738,63.2729,-28.3676,63.273,41.9954,41.9954,CLASS_add_scds.pro,2.1,359,1,"0,1,2,3,4,5,6,7,8,9,10,11,12,13,14,15,",-27.6766,62.7461,-29.037,62.7078,-29.0561,63.8063,-27.6955,63.8315,1.78656005859375,0.0627905698774416,1.68212890625,1.875,3658.875,128.5950871090005,8
ch2_cla_l1_20250801T043706797_20250801T043714797.fits,/home/saurabh/moon_project/data/CLASS/ch2_cla_l1_2025_08/cla/data/calibrated/2025/08/01/ch2_cla_l1_20250801T043706797_20250801T043714797.fits,2025-08-01T04:37:06.797,2025-08-01T04:37:14.797,2025-08-01T04:37:10.797,8.0,-40.1,13.5,116.718,-28.7737,63.2627,-28.7675,63.2628,42.2548,42.2548,CLASS_add_scds.pro,2.1,360,1,"0,1,2,3,4,5,6,7,8,9,10,11,12,13,14,15,",-28.0765,62.7343,-29.4364,62.6954,-29.4557,63.7978,-28.0956,63.8232,1.79638671875,0.1047692083727554,1.62939453125,1.94775390625,3679.0,214.56733874740317,8
ch2_cla_l1_20250801T043714797_20250801T043722797.fits,/home/saurabh/moon_project/data/CLASS/ch2_cla_l1_2025_08/cla/data/calibrated/2025/08/01/ch2_cla_l1_20250801T043714797_20250801T043722797.fits,2025-08-01T04:37:14.797,2025-08-01T04:37:22.797,2025-08-01T04:37:18.797,8.0,-40.0,13.5,116.673,-29.1736,63.2523,-29.1672,63.2524,42.5159,42.5159,CLASS_add_scds.pro,2.1,361,1,"0,1,2,3,4,5,6,7,8,9,10,11,12,13,14,15,",-28.4764,62.7222,-29.8363,62.683,-29.8556,63.7893,-28.4955,63.8149,1.79119873046875,0.0757148361764418,1.681640625,1.89453125,3668.375,155.06398448935292,8
ch2_cla_l1_20250801T043722797_20250801T043730797.fits,/home/saurabh/moon_project/data/CLASS/ch2_cla_l1_2025_08/cla/data/calibrated/2025/08/01/ch2_cla_l1_20250801T043722797_20250801T043730797.fits,2025-08-01T04:37:22.797,2025-08-01T04:37:30.797,2025-08-01T04:37:26.797,8.0,-40.0,13.5,116.627,-29.5735,63.2419,-29.5673,63.242,42.7788,42.7788,CLASS_add_scds.pro,2.1,362,1,"0,1,2,3,4,5,6,7,8,9,10,11,12,13,14,15,",-28.8766,62.71,-30.2359,62.6705,-30.2553,63.7808,-28.8958,63.8064,1.81488037109375,0.1015898070462226,1.65771484375,1.94921875,3716.875,208.05592483066388,8
ch2_cla_l1_20250801T043730797_20250801T043738797.fits,/home/saurabh/moon_project/data/CLASS/ch2_cla_l1_2025_08/cla/data/calibrated/2025/08/01/ch2_cla_l1_20250801T043730797_20250801T043738797.fits,2025-08-01T04:37:30.797,2025-08-01T04:37:38.797,2025-08-01T04:37:34.797,8.0,-39.9,13.5,116.58,-29.9734,63.2314,-29.9672,63.2315,43.0433,43.0433,CLASS_add_scds.pro,2.1,363,1,"0,1,2,3,4,5,6,7,8,9,10,11,12,13,14,15,",-29.2766,62.6978,-30.6356,62.6579,-30.6551,63.7723,-29.2959,63.798,1.778076171875,0.0554273731175193,1.70263671875,1.8662109375,3641.5,113.5152601446796,8
ch2_cla_l1_20250801T043738797_20250801T043746797.fits,/home/saurabh/moon_project/data/CLASS/ch2_cla_l1_2025_08/cla/data/calibrated/2025/08/01/ch2_cla_l1_20250801T043738797_20250801T043746797.fits,2025-08-01T04:37:38.797,2025-08-01T04:37:46.797,2025-08-01T04:37:42.797,8.0,-39.8,13.5,116.533,-30.3734,63.2208,-30.3671,63.221,43.3096,43.3096,CLASS_add_scds.pro,2.1,364,1,"0,1,2,3,4,5,6,7,8,9,10,11,12,13,14,15,",-29.6767,62.6855,-31.0355,62.645,-31.055,63.7636,-29.696,63.7896,1.8197021484375,0.0492606056418026,1.7490234375,1.90869140625,3726.75,100.88572035441176,8
ch2_cla_l1_20250801T043746797_20250801T043754797.fits,/home/saurabh/moon_project/data/CLASS/ch2_cla_l1_2025_08/cla/data/calibrated/2025/08/01/ch2_cla_l1_20250801T043746797_20250801T043754797.fits,2025-08-01T04:37:46.797,2025-08-01T04:37:54.797,2025-08-01T04:37:50.797,8.0,-39.8,13.5,116.484,-30.7734,63.2102,-30.7672,63.2103,43.5776,43.5776,CLASS_add_scds.pro,2.1,365,1,"0,1,2,3,4,5,6,7,8,9,10,11,12,13,14,15,",-30.077,62.6729,-31.4352,62.6321,-31.4548,63.755,-30.0963,63.781,1.7919921875,0.0604038218607254,1.7060546875,1.89599609375,3670.0,123.70702717076573,8
ch2_cla_l1_20250801T043754797_20250801T043802797.fits,/home/saurabh/moon_project/data/CLASS/ch2_cla_l1_2025_08/cla/data/calibrated/2025/08/01/ch2_cla_l1_20250801T043754797_20250801T043802797.fits,2025-08-01T04:37:54.797,2025-08-01T04:38:02.797,2025-08-01T04:37:58.797,8.0,-39.8,13.5,116.435,-31.1734,63.1995,-31.1673,63.1996,43.8471,43.8471,CLASS_add_scds.pro,2.1,366,1,"0,1,2,3,4,5,6,7,8,9,10,11,12,13,14,15,",-30.4772,62.6602,-31.8349,62.6192,-31.8546,63.7464,-30.4966,63.7724,1.83734130859375,0.0677107890874962,1.708984375,1.92822265625,3762.875,138.67169605119238,8
ch2_cla_l1_20250801T043802797_20250801T043810797.fits,/home/saurabh/moon_project/data/CLASS/ch2_cla_l1_2025_08/cla/data/calibrated/2025/08/01/ch2_cla_l1_20250801T043802797_20250801T043810797.fits,2025-08-01T04:38:02.797,2025-08-01T04:38:10.797,2025-08-01T04:38:06.797,8.0,-39.7,13.5,116.385,-31.5734,63.1887,-31.5673,63.1888,44.1183,44.1183,CLASS_add_scds.pro,2.1,367,1,"0,1,2,3,4,5,6,7,8,9,10,11,12,13,14,15,",-30.8773,62.6476,-32.2347,62.606,-32.2545,63.7377,-30.8968,63.7639,1.78314208984375,0.0371051872012912,1.72509765625,1.845703125,3651.875,75.99142338824447,8
ch2_cla_l1_20250801T043810797_20250801T043818797.fits,/home/saurabh/moon_project/data/CLASS/ch2_cla_l1_2025_08/cla/data/calibrated/2025/08/01/ch2_cla_l1_20250801T043810797_20250801T043818797.fits,2025-08-01T04:38:10.797,2025-08-01T04:38:18.797,2025-08-01T04:38:14.797,8.0,-39.7,13.5,116.333,-31.9735,63.1778,-31.9674,63.1779,44.391,44.391,CLASS_add_scds.pro,2.1,368,1,"0,1,2,3,4,5,6,7,8,9,10,11,12,13,14,15,",-31.2774,62.6347,-32.6347,62.5928,-32.6545,63.729,-31.297,63.7552,1.856689453125,0.0371891397799297,1.80419921875,1.91064453125,3802.5,76.16335826929603,8
ch2_cla_l1_20250801T043818797_20250801T043826797.fits,/home/saurabh/moon_project/data/CLASS/ch2_cla_l1_2025_08/cla/data/calibrated/2025/08/01/ch2_cla_l1_20250801T043818797_20250801T043826797.fits,2025-08-01T04:38:18.797,2025-08-01T04:38:26.797,2025-08-01T04:38:22.797,8.0,-39.6,13.5,116.281,-32.3735,63.1668,-32.3676,63.1669,44.6652,44.6652,CLASS_add_scds.pro,2.1,369,1,"0,1,2,3,4,5,6,7,8,9,10,11,12,13,14,15,",-31.6779,62.6217,-33.0344,62.5793,-33.0543,63.7201,-31.6975,63.7465,1.8028564453125,0.036252093700962,1.7421875,1.857421875,3692.25,74.24428789957032,8
ch2_cla_l1_20250801T043826797_20250801T043834797.fits,/home/saurabh/moon_project/data/CLASS/ch2_cla_l1_2025_08/cla/data/calibrated/2025/08/01/ch2_cla_l1_20250801T043826797_20250801T043834797.fits,2025-08-01T04:38:26.797,2025-08-01T04:38:34.797,2025-08-01T04:38:30.797,8.0,-39.6,13.5,116.228,-32.7736,63.1558,-32.7675,63.1559,44.941,44.941,CLASS_add_scds.pro,2.1,370,1,"0,1,2,3,4,5,6,7,8,9,10,11,12,13,14,15,",-32.0781,62.6086,-33.4341,62.5657,-33.4542,63.7112,-32.0977,63.7378,1.84796142578125,0.0495585280778355,1.76220703125,1.91943359375,3784.625,101.49586550340716,8
ch2_cla_l1_20250801T043834797_20250801T043842797.fits,/home/saurabh/moon_project/data/CLASS/ch2_cla_l1_2025_08/cla/data/calibrated/2025/08/01/ch2_cla_l1_20250801T043834797_20250801T043842797.fits,2025-08-01T04:38:34.797,2025-08-01T04:38:42.797,2025-08-01T04:38:38.797,8.0,-39.6,13.5,116.175,-33.1737,63.1446,-33.1676,63.1448,45.2182,45.2182,CLASS_add_scds.pro,2.1,371,1,"0,1,2,3,4,5,6,7,8,9,10,11,12,13,14,15,",-32.4782,62.5954,-33.834,62.552,-33.8541,63.7023,-32.498,63.729,1.8082275390625,0.0731997412347202,1.71533203125,1.953125,3703.25,149.91307004870714,8
ch2_cla_l1_20250801T043842797_20250801T043850797.fits,/home/saurabh/moon_project/data/CLASS/ch2_cla_l1_2025_08/cla/data/calibrated/2025/08/01/ch2_cla_l1_20250801T043842797_20250801T043850797.fits,2025-08-01T04:38:42.797,2025-08-01T04:38:50.797,2025-08-01T04:38:46.797,8.0,-39.5,13.5,116.12,-33.5739,63.1334,-33.5677,63.1335,45.4969,45.4969,CLASS_add_scds.pro,2.1,372,1,"0,1,2,3,4,5,6,7,8,9,10,11,12,13,14,15,",-32.8785,62.582,-34.2338,62.5381,-34.2539,63.6933,-32.8984,63.7202,1.86737060546875,0.0465848663097987,1.798828125,1.94482421875,3824.375,95.40580620246789,8
ch2_cla_l1_20250801T043850797_20250801T043858797.fits,/home/saurabh/moon_project/data/CLASS/ch2_cla_l1_2025_08/cla/data/calibrated/2025/08/01/ch2_cla_l1_20250801T043850797_20250801T043858797.fits,2025-08-01T04:38:50.797,2025-08-01T04:38:58.797,2025-08-01T04:38:54.797,8.0,-39.4,13.5,116.064,-33.974,63.122,-33.9678,63.1221,45.777,45.777,CLASS_add_scds.pro,2.1,373,1,"0,1,2,3,4,5,6,7,8,9,10,11,12,13,14,15,",-33.2788,62.5684,-34.6337,62.5242,-34.654,63.6843,-33.2987,63.7113,1.81109619140625,0.0869663381348332,1.70751953125,1.9736328125,3709.125,178.10706050013852,8
ch2_cla_l1_20250801T043858797_20250801T043906797.fits,/home/saurabh/moon_project/data/CLASS/ch2_cla_l1_2025_08/cla/data/calibrated/2025/08/01/ch2_cla_l1_20250801T043858797_20250801T043906797.fits,2025-08-01T04:38:58.797,2025-08-01T04:39:06.797,2025-08-01T04:39:02.797,8.0,-39.4,13.5,116.008,-34.3742,63.1106,-34.368,63.1107,46.0586,46.0586,CLASS_add_scds.pro,2.1,374,1,"0,1,2,3,4,5,6,7,8,9,10,11,12,13,14,15,",-33.6792,62.5548,-35.0336,62.5101,-35.0539,63.6753,-33.6993,63.7024,1.85546875,0.0731556408303266,1.74365234375,1.9443359375,3800.0,149.82275242050903,8
ch2_cla_l1_20250801T043906797_20250801T043914797.fits,/home/saurabh/moon_project/data/CLASS/ch2_cla_l1_2025_08/cla/data/calibrated/2025/08/01/ch2_cla_l1_20250801T043906797_20250801T043914797.fits,2025-08-01T04:39:06.797,2025-08-01T04:39:14.797,2025-08-01T04:39:10.797,8.0,-39.3,13.5,115.951,-34.7744,63.0991,-34.7682,63.0993,46.3414,46.3414,CLASS_add_scds.pro,2.1,375,1,"0,1,2,3,4,5,6,7,8,9,10,11,12,13,14,15,",-34.0795,62.541,-35.4335,62.4958,-35.454,63.6662,-34.0997,63.6935,1.83251953125,0.0888461053535187,1.7138671875,1.99169921875,3753.0,181.9568237640065,8
ch2_cla_l1_20250801T043914797_20250801T043922797.fits,/home/saurabh/moon_project/data/CLASS/ch2_cla_l1_2025_08/cla/data/calibrated/2025/08/01/ch2_cla_l1_20250801T043914797_20250801T043922797.fits,2025-08-01T04:39:14.797,2025-08-01T04:39:22.797,2025-08-01T04:39:18.797,8.0,-39.3,13.5,115.893,-35.1746,63.0874,-35.1685,63.0876,46.6257,46.6257,CLASS_add_scds.pro,2.1,376,1,"0,1,2,3,4,5,6,7,8,9,10,11,12,13,14,15,",-34.4799,62.5272,-35.8335,62.4815,-35.854,63.6572,-34.5002,63.6845,1.83984375,0.0860784786211067,1.73095703125,1.97900390625,3768.0,176.2887242160266,8
ch2_cla_l1_20250801T043922797_20250801T043930797.fits,/home/saurabh/moon_project/data/CLASS/ch2_cla_l1_2025_08/cla/data/calibrated/2025/08/01/ch2_cla_l1_20250801T043922797_20250801T043930797.fits,2025-08-01T04:39:22.797,2025-08-01T04:39:30.797,2025-08-01T04:39:26.797,8.0,-39.3,13.5,115.834,-35.5749,63.0757,-35.5688,63.0759,46.9112,46.9112,CLASS_add_scds.pro,2.1,377,1,"0,1,2,3,4,5,6,7,8,9,10,11,12,13,14,15,",-34.8804,62.5131,-36.2333,62.4667,-36.254,63.6478,-34.9007,63.6755,1.72821044921875,0.0796695881435394,1.6083984375,1.8759765625,3539.375,163.16331651796875,8
ch2_cla_l1_20250801T043930797_20250801T043938797.fits,/home/saurabh/moon_project/data/CLASS/ch2_cla_l1_2025_08/cla/data/calibrated/2025/08/01/ch2_cla_l1_20250801T043930797_20250801T043938797.fits,2025-08-01T04:39:30.797,2025-08-01T04:39:38.797,2025-08-01T04:39:34.797,8.0,-39.3,13.5,115.774,-35.9751,63.0638,-35.9689,63.064,47.1981,47.1981,CLASS_add_scds.pro,2.1,378,1,"0,1,2,3,4,5,6,7,8,9,10,11,12,13,14,15,",-35.2808,62.4988,-36.6333,62.452,-36.654,63.6385,-35.3011,63.6663,1.73675537109375,0.0601322373854215,1.64404296875,1.83935546875,3556.875,123.15082216534326,8
ch2_cla_l1_20250801T043938797_20250801T043946797.fits,/home/saurabh/moon_project/data/CLASS/ch2_cla_l1_2025_08/cla/data/calibrated/2025/08/01/ch2_cla_l1_20250801T043938797_20250801T043946797.fits,2025-08-01T04:39:38.797,2025-08-01T04:39:46.797,2025-08-01T04:39:42.797,8.0,-39.1,13.5,115.713,-36.3754,63.0519,-36.3693,63.052,47.4862,47.4862,CLASS_add_scds.pro,2.1,379,1,"0,1,2,3,4,5,6,7,8,9,10,11,12,13,14,15,",-35.6812,62.4845,-37.0334,62.4371,-37.0542,63.6292,-35.7017,63.6572,1.74658203125,0.0739815729830308,1.63818359375,1.8642578125,3577.0,151.51426146924726,8
ch2_cla_l1_20250801T043946797_20250801T043954797.fits,/home/saurabh/moon_project/data/CLASS/ch2_cla_l1_2025_08/cla/data/calibrated/2025/08/01/ch2_cla_l1_20250801T043946797_20250801T043954797.fits,2025-08-01T04:39:46.797,2025-08-01T04:39:54.797,2025-08-01T04:39:50.797,8.0,-39.1,13.5,115.651,-36.7758,63.0398,-36.7695,63.04,47.7756,47.7756,CLASS_add_scds.pro,2.1,380,1,"0,1,2,3,4,5,6,7,8,9,10,11,12,13,14,15,",-36.0818,62.4699,-37.4334,62.422,-37.4543,63.6198,-36.1024,63.6479,1.74371337890625,0.0434538471163685,1.68017578125,1.81884765625,3571.125,88.99347889432285,8
ch2_cla_l1_20250801T043954797_20250801T044002797.fits,/home/saurabh/moon_project/data/CLASS/ch2_cla_l1_2025_08/cla/data/calibrated/2025/08/01/ch2_cla_l1_20250801T043954797_20250801T044002797.fits,2025-08-01T04:39:54.797,2025-08-01T04:40:02.797,2025-08-01T04:39:58.797,8.0,-39.1,13.5,115.589,-37.1761,63.0276,-37.17,63.0277,48.0662,48.0662,CLASS_add_scds.pro,2.1,381,1,"0,1,2,3,4,5,6,7,8,9,10,11,12,13,14,15,",-36.4823,62.4552,-37.8332,62.4067,-37.8543,63.6103,-36.503,63.6386,1.7349853515625,0.0563541175365947,1.65478515625,1.81005859375,3553.25,115.41323271494602,8
ch2_cla_l1_20250801T044002797_20250801T044010797.fits,/home/saurabh/moon_project/data/CLASS/ch2_cla_l1_2025_08/cla/data/calibrated/2025/08/01/ch2_cla_l1_20250801T044002797_20250801T044010797.fits,2025-08-01T04:40:02.797,2025-08-01T04:40:10.797,2025-08-01T04:40:06.797,8.0,-39.0,13.5,115.525,-37.5765,63.0153,-37.5704,63.0154,48.358,48.358,CLASS_add_scds.pro,2.1,382,1,"0,1,2,3,4,5,6,7,8,9,10,11,12,13,14,15,",-36.8827,62.4403,-38.2335,62.3912,-38.2546,63.6007,-36.9035,63.6293,1.74468994140625,0.0352031455540308,1.6982421875,1.7958984375,3573.125,72.09604209465513,8
ch2_cla_l1_20250801T044010797_20250801T044018797.fits,/home/saurabh/moon_project/data/CLASS/ch2_cla_l1_2025_08/cla/data/calibrated/2025/08/01/ch2_cla_l1_20250801T044010797_20250801T044018797.fits,2025-08-01T04:40:10.797,2025-08-01T04:40:18.797,2025-08-01T04:40:14.797,8.0,-39.0,13.5,115.461,-37.9769,63.0029,-37.9709,63.003,48.651,48.651,CLASS_add_scds.pro,2.1,383,1,"0,1,2,3,4,5,6,7,8,9,10,11,12,13,14,15,",-37.2835,62.4252,-38.6334,62.3756,-38.6547,63.5912,-37.3044,63.6198,1.76605224609375,0.0654876712336548,1.66650390625,1.84716796875,3616.875,134.11875068652515,8
ch2_cla_l1_20250801T044018797_20250801T044026797.fits,/home/saurabh/moon_project/data/CLASS/ch2_cla_l1_2025_08/cla/data/calibrated/2025/08/01/ch2_cla_l1_20250801T044018797_20250801T044026797.fits,2025-08-01T04:40:18.797,2025-08-01T04:40:26.797,2025-08-01T04:40:22.797,8.0,-39.0,13.5,115.396,-38.3773,62.9904,-38.371,62.9906,48.9452,48.9452,CLASS_add_scds.pro,2.1,384,1,"0,1,2,3,4,5,6,7,8,9,10,11,12,13,14,15,",-37.684,62.4101,-39.0335,62.3597,-39.0549,63.5814,-37.705,63.6105,1.7335205078125,0.0448199709729628,1.65771484375,1.79248046875,3550.25,91.79130055262785,8
ch2_cla_l1_20250801T044026797_20250801T044034797.fits,/home/saurabh/moon_project/data/CLASS/ch2_cla_l1_2025_08/cla/data/calibrated/2025/08/01/ch2_cla_l1_20250801T044026797_20250801T044034797.fits,2025-08-01T04:40:26.797,2025-08-01T04:40:34.797,2025-08-01T04:40:30.797,8.0,-38.9,13.5,115.33,-38.7778,62.9777,-38.7716,62.9778,49.2405,49.2405,CLASS_add_scds.pro,2.1,385,1,"0,1,2,3,4,5,6,7,8,9,10,11,12,13,14,15,",-38.0846,62.3946,-39.4336,62.3438,-39.4551,63.5717,-38.1057,63.6008,1.77667236328125,0.0762795326788385,1.65478515625,1.880859375,3638.625,156.22048292626127,8
ch2_cla_l1_20250801T044034797_20250801T044042797.fits,/home/saurabh/moon_project/data/CLASS/ch2_cla_l1_2025_08/cla/data/calibrated/2025/08/01/ch2_cla_l1_20250801T044034797_20250801T044042797.fits,2025-08-01T04:40:34.797,2025-08-01T04:40:42.797,2025-08-01T04:40:38.797,8.0,-38.8,13.5,115.264,-39.1783,62.9649,-39.172,62.9651,49.5369,49.5369,CLASS_add_scds.pro,2.1,386,1,"0,1,2,3,4,5,6,7,8,9,10,11,12,13,14,15,",-38.4853,62.3791,-39.8338,62.3276,-39.8554,63.5619,-38.5065,63.5913,1.7608642578125,0.0533053055129966,1.68408203125,1.837890625,3606.25,109.1692656906172,8
ch2_cla_l1_20250801T044042797_20250801T044050797.fits,/home/saurabh/moon_project/data/CLASS/ch2_cla_l1_2025_08/cla/data/calibrated/2025/08/01/ch2_cla_l1_20250801T044042797_20250801T044050797.fits,2025-08-01T04:40:42.797,2025-08-01T04:40:50.797,2025-08-01T04:40:46.797,8.0,-38.8,13.5,115.196,-39.5788,62.952,-39.5727,62.9521,49.8344,49.8344,CLASS_add_scds.pro,2.1,387,1,"0,1,2,3,4,5,6,7,8,9,10,11,12,13,14,15,",-38.886,62.3634,-40.2341,62.3112,-40.2557,63.5521,-38.9073,63.5817,1.81005859375,0.0581309616383342,1.728515625,1.8955078125,3707.0,119.05220943530855,8
ch2_cla_l1_20250801T044050797_20250801T044058797.fits,/home/saurabh/moon_project/data/CLASS/ch2_cla_l1_2025_08/cla/data/calibrated/2025/08/01/ch2_cla_l1_20250801T044050797_20250801T044058797.fits,2025-08-01T04:40:50.797,2025-08-01T04:40:58.797,2025-08-01T04:40:54.797,8.0,-38.8,13.5,115.128,-39.9793,62.9389,-39.9734,62.939,50.133,50.133,CLASS_add_scds.pro,2.1,388,1,"0,1,2,3,4,5,6,7,8,9,10,11,12,13,14,15,",-39.2868,62.3474,-40.6343,62.2945,-40.6561,63.5421,-39.3082,63.5719,1.74224853515625,0.0772324668379775,1.62744140625,1.8349609375,3568.125,158.1720920841781,8
ch2_cla_l1_20250801T044058797_20250801T044106797.fits,/home/saurabh/moon_project/data/CLASS/ch2_cla_l1_2025_08/cla/data/calibrated/2025/08/01/ch2_cla_l1_20250801T044058797_20250801T044106797.fits,2025-08-01T04:40:58.797,2025-08-01T04:41:06.797,2025-08-01T04:41:02.797,8.0,-38.7,13.5,115.059,-40.3799,62.9257,-40.3739,62.9258,50.4326,50.4326,CLASS_add_scds.pro,2.1,389,1,"0,1,2,3,4,5,6,7,8,9,10,11,12,13,14,15,",-39.6877,62.3312,-41.0344,62.2776,-41.0563,63.532,-39.7092,63.562,1.81146240234375,0.0791194027759246,1.6884765625,1.92138671875,3709.875,162.03653688509357,8
ch2_cla_l1_20250801T044106797_20250801T044114797.fits,/home/saurabh/moon_project/data/CLASS/ch2_cla_l1_2025_08/cla/data/calibrated/2025/08/01/ch2_cla_l1_20250801T044106797_20250801T044114797.fits,2025-08-01T04:41:06.797,2025-08-01T04:41:14.797,2025-08-01T04:41:10.797,8.0,-38.7,13.5,114.989,-40.7805,62.9123,-40.7742,62.9125,50.7333,50.7333,CLASS_add_scds.pro,2.1,390,1,"0,1,2,3,4,5,6,7,8,9,10,11,12,13,14,15,",-40.0883,62.3148,-41.4345,62.2606,-41.4566,63.5219,-40.11,63.5521,1.76220703125,0.0743164337484696,1.64111328125,1.85546875,3609.0,152.20005631686587,8
ch2_cla_l1_20250801T044114797_20250801T044122797.fits,/home/saurabh/moon_project/data/CLASS/ch2_cla_l1_2025_08/cla/data/calibrated/2025/08/01/ch2_cla_l1_20250801T044114797_20250801T044122797.fits,2025-08-01T04:41:14.797,2025-08-01T04:41:22.797,2025-08-01T04:41:18.797,8.0,-38.7,13.5,114.918,-41.1811,62.8988,-41.1749,62.899,51.035,51.035,CLASS_add_scds.pro,2.1,391,1,"0,1,2,3,4,5,6,7,8,9,10,11,12,13,14,15,",-40.4891,62.2984,-41.8349,62.2433,-41.8571,63.5116,-40.5109,63.5423,1.8143310546875,0.0666860887074498,1.70849609375,1.8994140625,3715.75,136.5731096728572,8
ch2_cla_l1_20250801T044122797_20250801T044130797.fits,/home/saurabh/moon_project/data/CLASS/ch2_cla_l1_2025_08/cla/data/calibrated/2025/08/01/ch2_cla_l1_20250801T044122797_20250801T044130797.fits,2025-08-01T04:41:22.797,2025-08-01T04:41:30.797,2025-08-01T04:41:26.797,8.0,-38.6,13.5,114.846,-41.5818,62.8851,-41.5757,62.8853,51.3377,51.3377,CLASS_add_scds.pro,2.1,392,1,"0,1,2,3,4,5,6,7,8,9,10,11,12,13,14,15,",-40.89,62.2815,-42.2351,62.2258,-42.2575,63.5014,-40.9119,63.5321,1.7479248046875,0.0603393655233831,1.6572265625,1.8466796875,3579.75,123.57502059188867,8
ch2_cla_l1_20250801T044130797_20250801T044138797.fits,/home/saurabh/moon_project/data/CLASS/ch2_cla_l1_2025_08/cla/data/calibrated/2025/08/01/ch2_cla_l1_20250801T044130797_20250801T044138797.fits,2025-08-01T04:41:30.797,2025-08-01T04:41:38.797,2025-08-01T04:41:34.797,8.0,-38.6,13.5,114.774,-41.9825,62.8713,-41.9764,62.8715,51.6413,51.6413,CLASS_add_scds.pro,2.1,393,1,"0,1,2,3,4,5,6,7,8,9,10,11,12,13,14,15,",-41.2909,62.2646,-42.6356,62.208,-42.658,63.4909,-41.3129,63.5221,1.82073974609375,0.054064530540027,1.744140625,1.90478515625,3728.875,110.72415854597536,8
ch2_cla_l1_20250801T044138797_20250801T044146797.fits,/home/saurabh/moon_project/data/CLASS/ch2_cla_l1_2025_08/cla/data/calibrated/2025/08/01/ch2_cla_l1_20250801T044138797_20250801T044146797.fits,2025-08-01T04:41:38.797,2025-08-01T04:41:46.797,2025-08-01T04:41:42.797,8.0,-38.6,13.5,114.7,-42.3832,62.8573,-42.3771,62.8575,51.946,51.946,CLASS_add_scds.pro,2.1,394,1,"0,1,2,3,4,5,6,7,8,9,10,11,12,13,14,15,",-41.6919,62.2473,-43.0359,62.19,-43.0585,63.4804,-41.714,63.5118,1.7652587890625,0.0586842156446903,1.6767578125,1.8544921875,3615.25,120.18527364032585,8
ch2_cla_l1_20250801T044146797_20250801T044154797.fits,/home/saurabh/moon_project/data/CLASS/ch2_cla_l1_2025_08/cla/data/calibrated/2025/08/01/ch2_cla_l1_20250801T044146797_20250801T044154797.fits,2025-08-01T04:41:46.797,2025-08-01T04:41:54.797,2025-08-01T04:41:50.797,8.0,-38.5,13.5,114.626,-42.7839,62.8432,-42.7778,62.8434,52.2516,52.2516,CLASS_add_scds.pro,2.1,395,1,"0,1,2,3,4,5,6,7,8,9,10,11,12,13,14,15,",-42.0929,62.2298,-43.4362,62.1718,-43.459,63.4699,-42.1151,63.5014,1.81201171875,0.0397187824349894,1.7490234375,1.8720703125,3711.0,81.34406642685835,8
ch2_cla_l1_20250801T044154797_20250801T044202797.fits,/home/saurabh/moon_project/data/CLASS/ch2_cla_l1_2025_08/cla/data/calibrated/2025/08/01/ch2_cla_l1_20250801T044154797_20250801T044202797.fits,2025-08-01T04:41:54.797,2025-08-01T04:42:02.797,2025-08-01T04:41:58.797,8.0,-38.5,13.5,114.551,-43.1847,62.8289,-43.1785,62.829,52.5581,52.5581,CLASS_add_scds.pro,2.1,396,1,"0,1,2,3,4,5,6,7,8,9,10,11,12,13,14,15,",-42.4938,62.2122,-43.8366,62.1532,-43.8594,63.4591,-42.5162,63.4911,1.78662109375,0.0484070853801815,1.716796875,1.873046875,3659.0,99.13771085861178,8
ch2_cla_l1_20250801T044202797_20250801T044210797.fits,/home/saurabh/moon_project/data/CLASS/ch2_cla_l1_2025_08/cla/data/calibrated/2025/08/01/ch2_cla_l1_20250801T044202797_20250801T044210797.fits,2025-08-01T04:42:02.797,2025-08-01T04:42:10.797,2025-08-01T04:42:06.797,8.0,-38.5,13.5,114.476,-43.5855,62.8144,-43.5795,62.8145,52.8655,52.8655,CLASS_add_scds.pro,2.1,397,1,"0,1,2,3,4,5,6,7,8,9,10,11,12,13,14,15,",-42.8948,62.1942,-44.2371,62.1345,-44.2601,63.4483,-42.9173,63.4805,1.829345703125,0.0380510442837877,1.775390625,1.8916015625,3746.5,77.92853869319727,8
ch2_cla_l1_20250801T044210797_20250801T044218797.fits,/home/saurabh/moon_project/data/CLASS/ch2_cla_l1_2025_08/cla/data/calibrated/2025/08/01/ch2_cla_l1_20250801T044210797_20250801T044218797.fits,2025-08-01T04:42:10.797,2025-08-01T04:42:18.797,2025-08-01T04:42:14.797,8.0,-38.5,13.5,114.399,-43.9863,62.7997,-43.9804,62.7999,53.1739,53.1739,CLASS_add_scds.pro,2.1,398,1,"0,1,2,3,4,5,6,7,8,9,10,11,12,13,14,15,",-43.2959,62.176,-44.6376,62.1155,-44.6607,63.4376,-43.3186,63.4699,1.80584716796875,0.0801767147734037,1.69970703125,1.92529296875,3698.375,164.20191185593077,8
ch2_cla_l1_20250801T044218797_20250801T044226797.fits,/home/saurabh/moon_project/data/CLASS/ch2_cla_l1_2025_08/cla/data/calibrated/2025/08/01/ch2_cla_l1_20250801T044218797_20250801T044226797.fits,2025-08-01T04:42:18.797,2025-08-01T04:42:26.797,2025-08-01T04:42:22.797,8.0,-38.4,13.5,114.322,-44.3872,62.7849,-44.3812,62.7851,53.4831,53.4831,CLASS_add_scds.pro,2.1,399,1,"0,1,2,3,4,5,6,7,8,9,10,11,12,13,14,15,",-43.697,62.1577,-45.038,62.0962,-45.0613,63.4265,-43.7198,63.4593,1.81390380859375,0.0472401069295256,1.73876953125,1.87841796875,3714.875,96.74773899166844,8
ch2_cla_l1_20250801T044226797_20250801T044234797.fits,/home/saurabh/moon_project/data/CLASS/ch2_cla_l1_2025_08/cla/data/calibrated/2025/08/01/ch2_cla_l1_20250801T044226797_20250801T044234797.fits,2025-08-01T04:42:26.797,2025-08-01T04:42:34.797,2025-08-01T04:42:30.797,8.0,-38.3,13.5,114.244,-44.7881,62.7698,-44.782,62.77,53.7932,53.7932,CLASS_add_scds.pro,2.1,400,1,"0,1,2,3,4,5,6,7,8,9,10,11,12,13,14,15,",-44.0981,62.139,-45.4386,62.0766,-45.462,63.4154,-44.121,63.4486,1.8182373046875,0.0590862106052054,1.73291015625,1.921875,3723.75,121.00855931946066,8
ch2_cla_l1_20250801T044234797_20250801T044242797.fits,/home/saurabh/moon_project/data/CLASS/ch2_cla_l1_2025_08/cla/data/calibrated/2025/08/01/ch2_cla_l1_20250801T044234797_20250801T044242797.fits,2025-08-01T04:42:34.797,2025-08-01T04:42:42.797,2025-08-01T04:42:38.797,8.0,-38.3,13.5,114.165,-45.189,62.7546,-45.183,62.7548,54.1041,54.1041,CLASS_add_scds.pro,2.1,401,1,"0,1,2,3,4,5,6,7,8,9,10,11,12,13,14,15,",-44.4994,62.12,-45.839,62.0567,-45.8626,63.4042,-44.5224,63.4377,1.8358154296875,0.0471327823343352,1.76416015625,1.90966796875,3759.75,96.52793822071855,8
ch2_cla_l1_20250801T044242797_20250801T044250797.fits,/home/saurabh/moon_project/data/CLASS/ch2_cla_l1_2025_08/cla/data/calibrated/2025/08/01/ch2_cla_l1_20250801T044242797_20250801T044250797.fits,2025-08-01T04:42:42.797,2025-08-01T04:42:50.797,2025-08-01T04:42:46.797,8.0,-38.2,13.5,114.085,-45.59,62.7391,-45.584,62.7393,54.4158,54.4158,CLASS_add_scds.pro,2.1,402,1,"0,1,2,3,4,5,6,7,8,9,10,11,12,13,14,15,",-44.9005,62.1008,-46.2395,62.0365,-46.2633,63.3928,-44.9237,63.4267,1.81622314453125,0.0883929475560902,1.67236328125,1.9345703125,3719.625,181.02875659487285,8
ch2_cla_l1_20250801T044250797_20250801T044258797.fits,/home/saurabh/moon_project/data/CLASS/ch2_cla_l1_2025_08/cla/data/calibrated/2025/08/01/ch2_cla_l1_20250801T044250797_20250801T044258797.fits,2025-08-01T04:42:50.797,2025-08-01T04:42:58.797,2025-08-01T04:42:54.797,8.0,-38.2,13.5,114.005,-45.991,62.7235,-45.985,62.7237,54.7284,54.7284,CLASS_add_scds.pro,2.1,403,1,"0,1,2,3,4,5,6,7,8,9,10,11,12,13,14,15,",-45.3017,62.0813,-46.6401,62.016,-46.664,63.3814,-45.325,63.4156,1.82855224609375,0.074177637401189,1.71435546875,1.9228515625,3744.875,151.9158013976351,8
ch2_cla_l1_20250801T044258797_20250801T044306797.fits,/home/saurabh/moon_project/data/CLASS/ch2_cla_l1_2025_08/cla/data/calibrated/2025/08/01/ch2_cla_l1_20250801T044258797_20250801T044306797.fits,2025-08-01T04:42:58.797,2025-08-01T04:43:06.797,2025-08-01T04:43:02.797,8.0,-38.2,13.5,113.924,-46.392,62.7076,-46.3861,62.7079,55.0418,55.0418,CLASS_add_scds.pro,2.1,404,1,"0,1,2,3,4,5,6,7,8,9,10,11,12,13,14,15,",-45.7029,62.0615,-47.0408,61.9952,-47.0649,63.3698,-45.7264,63.4044,1.847412109375,0.1053278552120275,1.6953125,2.00244140625,3783.5,215.7114474742325,8
ch2_cla_l1_20250801T044306797_20250801T044314797.fits,/home/saurabh/moon_project/data/CLASS/ch2_cla_l1_2025_08/cla/data/calibrated/2025/08/01/ch2_cla_l1_20250801T044306797_20250801T044314797.fits,2025-08-01T04:43:06.797,2025-08-01T04:43:14.797,2025-08-01T04:43:10.797,8.0,-38.2,13.5,113.842,-46.7931,62.6915,-46.787,62.6917,55.356,55.356,CLASS_add_scds.pro,2.1,405,1,"0,1,2,3,4,5,6,7,8,9,10,11,12,13,14,15,",-46.1043,62.0414,-47.4413,61.974,-47.4655,63.358,-46.128,63.393,1.85064697265625,0.0772862505517692,1.72900390625,1.95166015625,3790.125,158.28224113002335,8
ch2_cla_l1_20250801T044314797_20250801T044322797.fits,/home/saurabh/moon_project/data/CLASS/ch2_cla_l1_2025_08/cla/data/calibrated/2025/08/01/ch2_cla_l1_20250801T044314797_20250801T044322797.fits,2025-08-01T04:43:14.797,2025-08-01T04:43:22.797,2025-08-01T04:43:18.797,8.0,-38.2,13.5,113.759,-47.1942,62.6752,-47.1882,62.6753,55.6709,55.6709,CLASS_add_scds.pro,2.1,406,1,"0,1,2,3,4,5,6,7,8,9,10,11,12,13,14,15,",-46.5055,62.0209,-47.842,61.9525,-47.8664,63.3461,-46.5293,63.3815,1.85455322265625,0.0499327053480829,1.79052734375,1.9423828125,3798.125,102.26218055287384,8
ch2_cla_l1_20250801T044322797_20250801T044330797.fits,/home/saurabh/moon_project/data/CLASS/ch2_cla_l1_2025_08/cla/data/calibrated/2025/08/01/ch2_cla_l1_20250801T044322797_20250801T044330797.fits,2025-08-01T04:43:22.797,2025-08-01T04:43:30.797,2025-08-01T04:43:26.797,8.0,-38.1,13.5,113.676,-47.5953,62.6587,-47.5893,62.6588,55.9866,55.9866,CLASS_add_scds.pro,2.1,407,1,"0,1,2,3,4,5,6,7,8,9,10,11,12,13,14,15,",-46.9069,62.0001,-48.2427,61.9307,-48.2672,63.3341,-46.9309,63.3698,1.83013916015625,0.0568395794173093,1.740234375,1.92333984375,3748.125,116.40745864664956,8
ch2_cla_l1_20250801T044330797_20250801T044338797.fits,/home/saurabh/moon_project/data/CLASS/ch2_cla_l1_2025_08/cla/data/calibrated/2025/08/01/ch2_cla_l1_20250801T044330797_20250801T044338797.fits,2025-08-01T04:43:30.797,2025-08-01T04:43:38.797,2025-08-01T04:43:34.797,8.0,-38.1,13.5,113.591,-47.9964,62.6419,-47.9903,62.6422,56.3031,56.3031,CLASS_add_scds.pro,2.1,408,1,"0,1,2,3,4,5,6,7,8,9,10,11,12,13,14,15,",-47.3083,61.9791,-48.6435,61.9085,-48.6682,63.3221,-47.3324,63.3582,1.85791015625,0.0660699615904801,1.74609375,1.96240234375,3805.0,135.31128133730334,8
ch2_cla_l1_20250801T044346797_20250801T044354797.fits,/home/saurabh/moon_project/data/CLASS/ch2_cla_l1_2025_08/cla/data/calibrated/2025/08/01/ch2_cla_l1_20250801T044346797_20250801T044354797.fits,2025-08-01T04:43:46.797,2025-08-01T04:43:54.797,2025-08-01T04:43:50.797,8.0,-38.0,13.5,113.421,-48.7989,62.6076,-48.7929,62.6078,56.9382,56.9382,CLASS_add_scds.pro,2.1,410,1,"0,1,2,3,4,5,6,7,8,9,10,11,12,13,14,15,",-48.1113,61.9359,-49.4449,61.863,-49.47,63.2974,-48.1357,63.3343,1.7547607421875,0.0542640641787347,1.65478515625,1.8154296875,3593.75,111.13280343804884,8
ch2_cla_l1_20250801T044354797_20250801T044402797.fits,/home/saurabh/moon_project/data/CLASS/ch2_cla_l1_2025_08/cla/data/calibrated/2025/08/01/ch2_cla_l1_20250801T044354797_20250801T044402797.fits,2025-08-01T04:43:54.797,2025-08-01T04:44:02.797,2025-08-01T04:43:58.797,8.0,-37.9,13.5,113.335,-49.2001,62.5901,-49.1941,62.5903,57.2568,57.2568,CLASS_add_scds.pro,2.1,411,1,"0,1,2,3,4,5,6,7,8,9,10,11,12,13,14,15,",-48.5126,61.9139,-49.8456,61.8397,-49.8709,63.2847,-48.5373,63.3223,1.71380615234375,0.036053958112586,1.6533203125,1.76025390625,3509.875,73.83850621457614,8
ch2_cla_l1_20250801T044402797_20250801T044410797.fits,/home/saurabh/moon_project/data/CLASS/ch2_cla_l1_2025_08/cla/data/calibrated/2025/08/01/ch2_cla_l1_20250801T044402797_20250801T044410797.fits,2025-08-01T04:44:02.797,2025-08-01T04:44:10.797,2025-08-01T04:44:06.797,8.0,-37.9,13.5,113.247,-49.6014,62.5723,-49.5954,62.5725,57.5761,57.5761,CLASS_add_scds.pro,2.1,412,1,"0,1,2,3,4,5,6,7,8,9,10,11,12,13,14,15,",-48.9141,61.8915,-50.2465,61.816,-50.272,63.272,-48.9389,63.31,1.771484375,0.0359778894008444,1.71826171875,1.82861328125,3628.0,73.68271749292948,8
ch2_cla_l1_20250801T044418797_20250801T044426797.fits,/home/saurabh/moon_project/data/CLASS/ch2_cla_l1_2025_08/cla/data/calibrated/2025/08/01/ch2_cla_l1_20250801T044418797_20250801T044426797.fits,2025-08-01T04:44:18.797,2025-08-01T04:44:26.797,2025-08-01T04:44:22.797,8.0,-37.9,13.5,113.071,-50.4041,62.5359,-50.3981,62.536,58.2168,58.2168,CLASS_add_scds.pro,2.1,414,1,"0,1,2,3,4,5,6,7,8,9,10,11,12,13,14,15,",-49.7172,61.8453,-51.0482,61.7673,-51.0741,63.2461,-49.7425,63.2849,1.779296875,0.043795472472335,1.71337890625,1.84130859375,3644.0,89.69312762334215,8
ch2_cla_l1_20250801T044426797_20250801T044434797.fits,/home/saurabh/moon_project/data/CLASS/ch2_cla_l1_2025_08/cla/data/calibrated/2025/08/01/ch2_cla_l1_20250801T044426797_20250801T044434797.fits,2025-08-01T04:44:26.797,2025-08-01T04:44:34.797,2025-08-01T04:44:30.797,8.0,-37.9,13.5,112.982,-50.8055,62.5172,-50.7996,62.5174,58.5381,58.5381,CLASS_add_scds.pro,2.1,415,1,"0,1,2,3,4,5,6,7,8,9,10,11,12,13,14,15,",-50.1189,61.8218,-51.4492,61.7422,-51.4753,63.2328,-50.1443,63.2723,1.7396240234375,0.0697350175180235,1.64892578125,1.8798828125,3562.75,142.81731587691218,8
ch2_cla_l1_20250801T044434797_20250801T044442797.fits,/home/saurabh/moon_project/data/CLASS/ch2_cla_l1_2025_08/cla/data/calibrated/2025/08/01/ch2_cla_l1_20250801T044434797_20250801T044442797.fits,2025-08-01T04:44:34.797,2025-08-01T04:44:42.797,2025-08-01T04:44:38.797,8.0,-37.8,13.5,112.892,-51.207,62.4982,-51.2009,62.4985,58.8601,58.8601,CLASS_add_scds.pro,2.1,416,1,"0,1,2,3,4,5,6,7,8,9,10,11,12,13,14,15,",-50.5206,61.7977,-51.8501,61.7167,-51.8763,63.2192,-50.5462,63.2594,1.7777099609375,0.0578365261274434,1.69287109375,1.85595703125,3640.75,118.4492055090041,8
ch2_cla_l1_20250801T044442797_20250801T044450797.fits,/home/saurabh/moon_project/data/CLASS/ch2_cla_l1_2025_08/cla/data/calibrated/2025/08/01/ch2_cla_l1_20250801T044442797_20250801T044450797.fits,2025-08-01T04:44:42.797,2025-08-01T04:44:50.797,2025-08-01T04:44:46.797,8.0,-37.8,13.5,112.801,-51.6084,62.4789,-51.6022,62.4792,59.1827,59.1827,CLASS_add_scds.pro,2.1,417,1,"0,1,2,3,4,5,6,7,8,9,10,11,12,13,14,15,",-50.9223,61.7731,-52.251,61.6907,-52.2775,63.2056,-50.948,63.2462,1.74249267578125,0.0866510812095258,1.6240234375,1.89990234375,3568.625,177.46141431710888,8
ch2_cla_l1_20250801T044450797_20250801T044458797.fits,/home/saurabh/moon_project/data/CLASS/ch2_cla_l1_2025_08/cla/data/calibrated/2025/08/01/ch2_cla_l1_20250801T044450797_20250801T044458797.fits,2025-08-01T04:44:50.797,2025-08-01T04:44:58.797,2025-08-01T04:44:54.797,8.0,-37.7,13.5,112.71,-52.0099,62.4593,-52.0039,62.4596,59.5059,59.5059,CLASS_add_scds.pro,2.1,418,1,"0,1,2,3,4,5,6,7,8,9,10,11,12,13,14,15,",-51.324,61.7482,-52.6521,61.6643,-52.6788,63.1917,-51.35,63.233,1.78436279296875,0.079022699566387,1.6630859375,1.8828125,3654.375,161.83848871196068,8
ch2_cla_l1_20250801T044458797_20250801T044506797.fits,/home/saurabh/moon_project/data/CLASS/ch2_cla_l1_2025_08/cla/data/calibrated/2025/08/01/ch2_cla_l1_20250801T044458797_20250801T044506797.fits,2025-08-01T04:44:58.797,2025-08-01T04:45:06.797,2025-08-01T04:45:02.797,8.0,-37.6,13.5,112.618,-52.4115,62.4394,-52.4057,62.4396,59.8298,59.8298,CLASS_add_scds.pro,2.1,419,1,"0,1,2,3,4,5,6,7,8,9,10,11,12,13,14,15,",-51.7258,61.7229,-53.0534,61.6374,-53.0803,63.1778,-51.752,63.2195,1.76409912109375,0.0870148883711388,1.6455078125,1.92578125,3612.875,178.20649138409232,8
ch2_cla_l1_20250801T044506797_20250801T044514797.fits,/home/saurabh/moon_project/data/CLASS/ch2_cla_l1_2025_08/cla/data/calibrated/2025/08/01/ch2_cla_l1_20250801T044506797_20250801T044514797.fits,2025-08-01T04:45:06.797,2025-08-01T04:45:14.797,2025-08-01T04:45:10.797,8.0,-37.6,13.5,112.525,-52.8131,62.4191,-52.8072,62.4192,60.1542,60.1542,CLASS_add_scds.pro,2.1,420,1,"0,1,2,3,4,5,6,7,8,9,10,11,12,13,14,15,",-52.1279,61.697,-53.4543,61.61,-53.4815,63.1636,-52.1542,63.2059,1.7747802734375,0.0570425421776202,1.6943359375,1.85693359375,3634.75,116.82312637976634,8
ch2_cla_l1_20250801T044514797_20250801T044522797.fits,/home/saurabh/moon_project/data/CLASS/ch2_cla_l1_2025_08/cla/data/calibrated/2025/08/01/ch2_cla_l1_20250801T044514797_20250801T044522797.fits,2025-08-01T04:45:14.797,2025-08-01T04:45:22.797,2025-08-01T04:45:18.797,8.0,-37.6,13.5,112.432,-53.2147,62.3985,-53.2088,62.3987,60.4793,60.4793,CLASS_add_scds.pro,2.1,421,1,"0,1,2,3,4,5,6,7,8,9,10,11,12,13,14,15,",-52.5296,61.6707,-53.8554,61.582,-53.8828,63.1492,-52.5562,63.1921,1.76593017578125,0.0590569128621797,1.66650390625,1.83447265625,3616.625,120.94855754174404,8
ch2_cla_l1_20250801T044522797_20250801T044530797.fits,/home/saurabh/moon_project/data/CLASS/ch2_cla_l1_2025_08/cla/data/calibrated/2025/08/01/ch2_cla_l1_20250801T044522797_20250801T044530797.fits,2025-08-01T04:45:22.797,2025-08-01T04:45:30.797,2025-08-01T04:45:26.797,8.0,-37.6,13.5,112.337,-53.6163,62.3774,-53.6106,62.3778,60.8049,60.8049,CLASS_add_scds.pro,2.1,422,1,"0,1,2,3,4,5,6,7,8,9,10,11,12,13,14,15,",-52.9315,61.644,-54.2565,61.5534,-54.2842,63.1345,-52.9583,63.1782,1.7945556640625,0.0581261276393563,1.7021484375,1.87890625,3675.25,119.04230940540188,8
ch2_cla_l1_20250801T044530797_20250801T044538797.fits,/home/saurabh/moon_project/data/CLASS/ch2_cla_l1_2025_08/cla/data/calibrated/2025/08/01/ch2_cla_l1_20250801T044530797_20250801T044538797.fits,2025-08-01T04:45:30.797,2025-08-01T04:45:38.797,2025-08-01T04:45:34.797,8.0,-37.6,13.5,112.243,-54.018,62.356,-54.0122,62.3563,61.1311,61.1311,CLASS_add_scds.pro,2.1,423,1,"0,1,2,3,4,5,6,7,8,9,10,11,12,13,14,15,",-53.3334,61.6166,-54.6576,61.5243,-54.6855,63.1195,-53.3605,63.1639,1.77099609375,0.0589120123250295,1.68505859375,1.85009765625,3627.0,120.65180124166046,8
ch2_cla_l1_20250801T044538797_20250801T044546797.fits,/home/saurabh/moon_project/data/CLASS/ch2_cla_l1_2025_08/cla/data/calibrated/2025/08/01/ch2_cla_l1_20250801T044538797_20250801T044546797.fits,2025-08-01T04:45:38.797,2025-08-01T04:45:46.797,2025-08-01T04:45:42.797,8.0,-37.6,13.5,112.147,-54.4198,62.3343,-54.414,62.3344,61.4579,61.4579,CLASS_add_scds.pro,2.1,424,1,"0,1,2,3,4,5,6,7,8,9,10,11,12,13,14,15,",-53.7353,61.5888,-55.0589,61.4945,-55.087,63.1043,-53.7626,63.1495,1.779296875,0.0368154256038874,1.71923828125,1.82421875,3644.0,75.3979916367614,8
ch2_cla_l1_20250801T044546797_20250801T044554797.fits,/home/saurabh/moon_project/data/CLASS/ch2_cla_l1_2025_08/cla/data/calibrated/2025/08/01/ch2_cla_l1_20250801T044546797_20250801T044554797.fits,2025-08-01T04:45:46.797,2025-08-01T04:45:54.797,2025-08-01T04:45:50.797,8.0,-37.6,13.5,112.051,-54.8215,62.312,-54.8157,62.3122,61.7852,61.7852,CLASS_add_scds.pro,2.1,425,1,"0,1,2,3,4,5,6,7,8,9,10,11,12,13,14,15,",-54.1374,61.5603,-55.4602,61.464,-55.4886,63.0888,-54.1649,63.1347,1.80841064453125,0.0637357012423321,1.7158203125,1.89111328125,3703.625,130.53071614429632,8
ch2_cla_l1_20250801T044554797_20250801T044602797.fits,/home/saurabh/moon_project/data/CLASS/ch2_cla_l1_2025_08/cla/data/calibrated/2025/08/01/ch2_cla_l1_20250801T044554797_20250801T044602797.fits,2025-08-01T04:45:54.797,2025-08-01T04:46:02.797,2025-08-01T04:45:58.797,8.0,-37.6,13.5,111.954,-55.2233,62.2894,-55.2176,62.2895,62.113,62.113,CLASS_add_scds.pro,2.1,426,1,"0,1,2,3,4,5,6,7,8,9,10,11,12,13,14,15,",-54.5396,61.5311,-55.8612,61.4333,-55.8899,63.0733,-54.5673,63.1196,1.7991943359375,0.0365971368811829,1.73779296875,1.85400390625,3684.75,74.95093633266269,8
ch2_cla_l1_20250801T044602797_20250801T044610797.fits,/home/saurabh/moon_project/data/CLASS/ch2_cla_l1_2025_08/cla/data/calibrated/2025/08/01/ch2_cla_l1_20250801T044602797_20250801T044610797.fits,2025-08-01T04:46:02.797,2025-08-01T04:46:10.797,2025-08-01T04:46:06.797,8.0,-37.5,13.5,111.857,-55.6252,62.2664,-55.6192,62.2667,62.4414,62.4414,CLASS_add_scds.pro,2.1,427,1,"0,1,2,3,4,5,6,7,8,9,10,11,12,13,14,15,",-54.9413,61.5018,-56.2624,61.4017,-56.2915,63.0574,-54.9694,63.1049,1.811279296875,0.0731132607824266,1.68359375,1.90966796875,3709.5,149.73595808240967,8
ch2_cla_l1_20250801T044610797_20250801T044618797.fits,/home/saurabh/moon_project/data/CLASS/ch2_cla_l1_2025_08/cla/data/calibrated/2025/08/01/ch2_cla_l1_20250801T044610797_20250801T044618797.fits,2025-08-01T04:46:10.797,2025-08-01T04:46:18.797,2025-08-01T04:46:14.797,8.0,-37.5,13.5,111.759,-56.0271,62.2428,-56.0212,62.2431,62.7703,62.7703,CLASS_add_scds.pro,2.1,428,1,"0,1,2,3,4,5,6,7,8,9,10,11,12,13,14,15,",-55.3434,61.4717,-56.6638,61.3693,-56.6931,63.0411,-55.3718,63.0895,1.78802490234375,0.0442645872609135,1.71728515625,1.8623046875,3661.875,90.6538747103509,8
ch2_cla_l1_20250801T044618797_20250801T044626797.fits,/home/saurabh/moon_project/data/CLASS/ch2_cla_l1_2025_08/cla/data/calibrated/2025/08/01/ch2_cla_l1_20250801T044618797_20250801T044626797.fits,2025-08-01T04:46:18.797,2025-08-01T04:46:26.797,2025-08-01T04:46:22.797,8.0,-37.4,13.5,111.66,-56.429,62.2188,-56.423,62.2192,63.0997,63.0997,CLASS_add_scds.pro,2.1,429,1,"0,1,2,3,4,5,6,7,8,9,10,11,12,13,14,15,",-55.7456,61.4408,-57.0652,61.3362,-57.0948,63.0245,-55.7743,63.0738,1.82928466796875,0.0805353013802287,1.68798828125,1.927734375,3746.375,164.93629722670855,8
ch2_cla_l1_20250801T044626797_20250801T044634797.fits,/home/saurabh/moon_project/data/CLASS/ch2_cla_l1_2025_08/cla/data/calibrated/2025/08/01/ch2_cla_l1_20250801T044626797_20250801T044634797.fits,2025-08-01T04:46:26.797,2025-08-01T04:46:34.797,2025-08-01T04:46:30.797,8.0,-37.3,13.5,111.561,-56.831,62.1943,-56.825,62.1946,63.4297,63.4297,CLASS_add_scds.pro,2.1,430,1,"0,1,2,3,4,5,6,7,8,9,10,11,12,13,14,15,",-56.1479,61.4091,-57.4666,61.3024,-57.4965,63.0078,-56.1767,63.0577,1.79638671875,0.0566730876030959,1.70263671875,1.875,3679.0,116.06648341114058,8
ch2_cla_l1_20250801T044634797_20250801T044642797.fits,/home/saurabh/moon_project/data/CLASS/ch2_cla_l1_2025_08/cla/data/calibrated/2025/08/01/ch2_cla_l1_20250801T044634797_20250801T044642797.fits,2025-08-01T04:46:34.797,2025-08-01T04:46:42.797,2025-08-01T04:46:38.797,8.0,-37.3,13.5,111.461,-57.233,62.1694,-57.227,62.1696,63.7601,63.7601,CLASS_add_scds.pro,2.1,431,1,"0,1,2,3,4,5,6,7,8,9,10,11,12,13,14,15,",-56.5501,61.377,-57.868,61.2679,-57.8982,62.9907,-56.5792,63.0416,1.8319091796875,0.0748447036568637,1.732421875,1.93994140625,3751.75,153.28195308925686,8
ch2_cla_l1_20250801T044642797_20250801T044650797.fits,/home/saurabh/moon_project/data/CLASS/ch2_cla_l1_2025_08/cla/data/calibrated/2025/08/01/ch2_cla_l1_20250801T044642797_20250801T044650797.fits,2025-08-01T04:46:42.797,2025-08-01T04:46:50.797,2025-08-01T04:46:46.797,8.0,-37.3,13.5,111.36,-57.635,62.1438,-57.6291,62.1441,64.091,64.091,CLASS_add_scds.pro,2.1,432,1,"0,1,2,3,4,5,6,7,8,9,10,11,12,13,14,15,",-56.9524,61.3442,-58.2695,61.2326,-58.3,62.9733,-56.9818,63.0251,1.79443359375,0.0764975937180824,1.67578125,1.8974609375,3675.0,156.66707193463287,8
ch2_cla_l1_20250801T044650797_20250801T044658797.fits,/home/saurabh/moon_project/data/CLASS/ch2_cla_l1_2025_08/cla/data/calibrated/2025/08/01/ch2_cla_l1_20250801T044650797_20250801T044658797.fits,2025-08-01T04:46:50.797,2025-08-01T04:46:58.797,2025-08-01T04:46:54.797,8.0,-37.3,13.5,111.259,-58.0371,62.1178,-58.0312,62.1181,64.4224,64.4224,CLASS_add_scds.pro,2.1,433,1,"0,1,2,3,4,5,6,7,8,9,10,11,12,13,14,15,",-57.3547,61.3106,-58.671,61.1964,-58.7018,62.9555,-57.3844,63.0084,1.87005615234375,0.0756439527071785,1.75830078125,1.97216796875,3829.875,154.9188151443016,8
ch2_cla_l1_20250801T044658797_20250801T044706797.fits,/home/saurabh/moon_project/data/CLASS/ch2_cla_l1_2025_08/cla/data/calibrated/2025/08/01/ch2_cla_l1_20250801T044658797_20250801T044706797.fits,2025-08-01T04:46:58.797,2025-08-01T04:47:06.797,2025-08-01T04:47:02.797,8.0,-37.3,13.5,111.157,-58.4392,62.0911,-58.4333,62.0914,64.7542,64.7542,CLASS_add_scds.pro,2.1,434,1,"0,1,2,3,4,5,6,7,8,9,10,11,12,13,14,15,",-57.757,61.2762,-59.0724,61.1595,-59.1036,62.9374,-57.7871,62.9913,1.78765869140625,0.0626238209483178,1.69140625,1.89794921875,3661.125,128.25358530215496,8
ch2_cla_l1_20250801T044706797_20250801T044714797.fits,/home/saurabh/moon_project/data/CLASS/ch2_cla_l1_2025_08/cla/data/calibrated/2025/08/01/ch2_cla_l1_20250801T044706797_20250801T044714797.fits,2025-08-01T04:47:06.797,2025-08-01T04:47:14.797,2025-08-01T04:47:10.797,8.0,-37.3,13.5,111.055,-58.8413,62.0639,-58.8355,62.0643,65.0866,65.0866,CLASS_add_scds.pro,2.1,435,1,"0,1,2,3,4,5,6,7,8,9,10,11,12,13,14,15,",-58.1594,61.2411,-59.474,61.1216,-59.5055,62.9189,-58.1897,62.9739,1.85614013671875,0.0547397519602876,1.77783203125,1.94189453125,3801.375,112.107012014669,8
ch2_cla_l1_20250801T044714797_20250801T044722797.fits,/home/saurabh/moon_project/data/CLASS/ch2_cla_l1_2025_08/cla/data/calibrated/2025/08/01/ch2_cla_l1_20250801T044714797_20250801T044722797.fits,2025-08-01T04:47:14.797,2025-08-01T04:47:22.797,2025-08-01T04:47:18.797,8.0,-37.3,13.5,110.952,-59.2435,62.0361,-59.2377,62.0365,65.4193,65.4193,CLASS_add_scds.pro,2.1,436,1,"0,1,2,3,4,5,6,7,8,9,10,11,12,13,14,15,",-58.5618,61.2051,-59.8755,61.083,-59.9074,62.9003,-58.5925,62.9562,1.82391357421875,0.0647178267635244,1.72509765625,1.90478515625,3735.375,132.54210921169812,8
ch2_cla_l1_20250801T044722797_20250801T044730797.fits,/home/saurabh/moon_project/data/CLASS/ch2_cla_l1_2025_08/cla/data/calibrated/2025/08/01/ch2_cla_l1_20250801T044722797_20250801T044730797.fits,2025-08-01T04:47:22.797,2025-08-01T04:47:30.797,2025-08-01T04:47:26.797,8.0,-37.3,13.5,110.848,-59.6458,62.0076,-59.6398,62.0081,65.7525,65.7525,CLASS_add_scds.pro,2.1,437,1,"0,1,2,3,4,5,6,7,8,9,10,11,12,13,14,15,",-58.9642,61.1685,-60.2771,61.0431,-60.3093,62.8809,-58.9952,62.9383,1.861328125,0.046835019454767,1.783203125,1.939453125,3812.0,95.91811984336285,8
ch2_cla_l1_20250801T044730797_20250801T044738797.fits,/home/saurabh/moon_project/data/CLASS/ch2_cla_l1_2025_08/cla/data/calibrated/2025/08/01/ch2_cla_l1_20250801T044730797_20250801T044738797.fits,2025-08-01T04:47:30.797,2025-08-01T04:47:38.797,2025-08-01T04:47:34.797,8.0,-37.3,13.5,110.744,-60.048,61.9784,-60.0423,61.9789,66.0862,66.0862,CLASS_add_scds.pro,2.1,438,1,"0,1,2,3,4,5,6,7,8,9,10,11,12,13,14,15,",-59.3667,61.1307,-60.6787,61.0022,-60.7113,62.8612,-59.398,62.9197,1.8087158203125,0.0595844618277271,1.7373046875,1.9169921875,3704.25,122.02897782318522,8
ch2_cla_l1_20250801T044738797_20250801T044746797.fits,/home/saurabh/moon_project/data/CLASS/ch2_cla_l1_2025_08/cla/data/calibrated/2025/08/01/ch2_cla_l1_20250801T044738797_20250801T044746797.fits,2025-08-01T04:47:38.797,2025-08-01T04:47:46.797,2025-08-01T04:47:42.797,8.0,-37.3,13.5,110.639,-60.4504,61.9486,-60.4446,61.949,66.4203,66.4203,CLASS_add_scds.pro,2.1,439,1,"0,1,2,3,4,5,6,7,8,9,10,11,12,13,14,15,",-59.7692,61.092,-61.0805,60.9604,-61.1134,62.841,-59.8009,62.9009,1.8612060546875,0.0358287136188048,1.7998046875,1.90771484375,3811.75,73.3772054913124,8
ch2_cla_l1_20250801T044746797_20250801T044754797.fits,/home/saurabh/moon_project/data/CLASS/ch2_cla_l1_2025_08/cla/data/calibrated/2025/08/01/ch2_cla_l1_20250801T044746797_20250801T044754797.fits,2025-08-01T04:47:46.797,2025-08-01T04:47:54.797,2025-08-01T04:47:50.797,8.0,-37.2,13.5,110.533,-60.8527,61.918,-60.8469,61.9183,66.7548,66.7548,CLASS_add_scds.pro,2.1,440,1,"0,1,2,3,4,5,6,7,8,9,10,11,12,13,14,15,",-60.1718,61.0524,-61.4821,60.9174,-61.5155,62.8205,-60.2039,62.8816,1.8092041015625,0.0771258081286505,1.68017578125,1.92626953125,3705.25,157.95365504747633,8
ch2_cla_l1_20250801T044754797_20250801T044802797.fits,/home/saurabh/moon_project/data/CLASS/ch2_cla_l1_2025_08/cla/data/calibrated/2025/08/01/ch2_cla_l1_20250801T044754797_20250801T044802797.fits,2025-08-01T04:47:54.797,2025-08-01T04:48:02.797,2025-08-01T04:47:58.797,8.0,-37.2,13.5,110.427,-61.2551,61.8867,-61.2493,61.8871,67.0897,67.0897,CLASS_add_scds.pro,2.1,441,1,"0,1,2,3,4,5,6,7,8,9,10,11,12,13,14,15,",-60.5744,61.0117,-61.8839,60.8731,-61.9177,62.7993,-60.6068,62.8619,1.7269287109375,0.0442478964661996,1.654296875,1.79150390625,3536.75,90.6196919627769,8
ch2_cla_l1_20250801T044802797_20250801T044810797.fits,/home/saurabh/moon_project/data/CLASS/ch2_cla_l1_2025_08/cla/data/calibrated/2025/08/01/ch2_cla_l1_20250801T044802797_20250801T044810797.fits,2025-08-01T04:48:02.797,2025-08-01T04:48:10.797,2025-08-01T04:48:06.797,8.0,-37.1,13.5,110.321,-61.6575,61.8546,-61.6517,61.855,67.425,67.425,CLASS_add_scds.pro,2.1,442,1,"0,1,2,3,4,5,6,7,8,9,10,11,12,13,14,15,",-60.9771,60.9698,-62.2856,60.828,-62.3197,62.7779,-61.0099,62.8416,1.71966552734375,0.0599632081693102,1.640625,1.82763671875,3521.875,122.80465033074742,8
ch2_cla_l1_20250801T044810797_20250801T044818797.fits,/home/saurabh/moon_project/data/CLASS/ch2_cla_l1_2025_08/cla/data/calibrated/2025/08/01/ch2_cla_l1_20250801T044810797_20250801T044818797.fits,2025-08-01T04:48:10.797,2025-08-01T04:48:18.797,2025-08-01T04:48:14.797,8.0,-37.1,13.5,110.213,-62.06,61.8217,-62.0542,61.8221,67.7607,67.7607,CLASS_add_scds.pro,2.1,443,1,"0,1,2,3,4,5,6,7,8,9,10,11,12,13,14,15,",-61.3797,60.9273,-62.6874,60.7815,-62.722,62.7559,-61.4129,62.8213,1.74578857421875,0.0454929142649159,1.6767578125,1.818359375,3575.375,93.16948841454789,8
ch2_cla_l1_20250801T044818797_20250801T044826797.fits,/home/saurabh/moon_project/data/CLASS/ch2_cla_l1_2025_08/cla/data/calibrated/2025/08/01/ch2_cla_l1_20250801T044818797_20250801T044826797.fits,2025-08-01T04:48:18.797,2025-08-01T04:48:26.797,2025-08-01T04:48:22.797,8.0,-37.1,13.5,110.105,-62.4625,61.7879,-62.4567,61.7883,68.0968,68.0968,CLASS_add_scds.pro,2.1,444,1,"0,1,2,3,4,5,6,7,8,9,10,11,12,13,14,15,",-61.7824,60.8835,-63.0892,60.7337,-63.1242,62.7333,-61.816,62.8003,1.74298095703125,0.0819527126812553,1.59033203125,1.84033203125,3569.625,167.8391555712109,8
ch2_cla_l1_20250801T044826797_20250801T044834797.fits,/home/saurabh/moon_project/data/CLASS/ch2_cla_l1_2025_08/cla/data/calibrated/2025/08/01/ch2_cla_l1_20250801T044826797_20250801T044834797.fits,2025-08-01T04:48:26.797,2025-08-01T04:48:34.797,2025-08-01T04:48:30.797,8.0,-37.1,13.5,109.997,-62.8651,61.7532,-62.8593,61.7536,68.4333,68.4333,CLASS_add_scds.pro,2.1,445,1,"0,1,2,3,4,5,6,7,8,9,10,11,12,13,14,15,",-62.1851,60.8385,-63.491,60.6846,-63.5265,62.7102,-62.2191,62.7789,1.72900390625,0.0768981515933314,1.61376953125,1.83447265625,3541.0,157.48741446314278,8
ch2_cla_l1_20250801T044834797_20250801T044842797.fits,/home/saurabh/moon_project/data/CLASS/ch2_cla_l1_2025_08/cla/data/calibrated/2025/08/01/ch2_cla_l1_20250801T044834797_20250801T044842797.fits,2025-08-01T04:48:34.797,2025-08-01T04:48:42.797,2025-08-01T04:48:38.797,8.0,-37.1,13.5,109.888,-63.2677,61.7176,-63.2618,61.718,68.7702,68.7702,CLASS_add_scds.pro,2.1,446,1,"0,1,2,3,4,5,6,7,8,9,10,11,12,13,14,15,",-62.5879,60.7921,-63.8929,60.634,-63.9289,62.6865,-62.6223,62.7569,1.75909423828125,0.1020472559186351,1.6044921875,1.90869140625,3602.625,208.99278012136483,8
ch2_cla_l1_20250801T044842797_20250801T044850797.fits,/home/saurabh/moon_project/data/CLASS/ch2_cla_l1_2025_08/cla/data/calibrated/2025/08/01/ch2_cla_l1_20250801T044842797_20250801T044850797.fits,2025-08-01T04:48:42.797,2025-08-01T04:48:50.797,2025-08-01T04:48:46.797,8.0,-37.1,13.5,109.779,-63.6703,61.6811,-63.6645,61.6815,69.1074,69.1074,CLASS_add_scds.pro,2.1,447,1,"0,1,2,3,4,5,6,7,8,9,10,11,12,13,14,15,",-62.9907,60.7446,-64.2948,60.582,-64.3312,62.6623,-63.0256,62.7344,1.75311279296875,0.0739318061960734,1.634765625,1.8408203125,3590.375,151.41233908955843,8
ch2_cla_l1_20250801T044850797_20250801T044858797.fits,/home/saurabh/moon_project/data/CLASS/ch2_cla_l1_2025_08/cla/data/calibrated/2025/08/01/ch2_cla_l1_20250801T044850797_20250801T044858797.fits,2025-08-01T04:48:50.797,2025-08-01T04:48:58.797,2025-08-01T04:48:54.797,8.0,-37.1,13.5,109.669,-64.073,61.6435,-64.0671,61.6439,69.4451,69.4451,CLASS_add_scds.pro,2.1,448,1,"0,1,2,3,4,5,6,7,8,9,10,11,12,13,14,15,",-63.3935,60.6958,-64.6966,60.5283,-64.7336,62.6373,-63.4289,62.7114,1.76171875,0.0882556902395195,1.6123046875,1.88037109375,3608.0,180.74765361053596,8
ch2_cla_l1_20250801T044858797_20250801T044906797.fits,/home/saurabh/moon_project/data/CLASS/ch2_cla_l1_2025_08/cla/data/calibrated/2025/08/01/ch2_cla_l1_20250801T044858797_20250801T044906797.fits,2025-08-01T04:48:58.797,2025-08-01T04:49:06.797,2025-08-01T04:49:02.797,8.0,-37.0,13.5,109.558,-64.4757,61.6048,-64.4698,61.6052,69.783,69.783,CLASS_add_scds.pro,2.1,449,1,"0,1,2,3,4,5,6,7,8,9,10,11,12,13,14,15,",-63.7964,60.6453,-65.0987,60.473,-65.1362,62.6117,-63.8321,62.6877,1.740478515625,0.0606070364629943,1.64501953125,1.83935546875,3564.5,124.12321067621248,8
ch2_cla_l1_20250801T044906797_20250801T044914797.fits,/home/saurabh/moon_project/data/CLASS/ch2_cla_l1_2025_08/cla/data/calibrated/2025/08/01/ch2_cla_l1_20250801T044906797_20250801T044914797.fits,2025-08-01T04:49:06.797,2025-08-01T04:49:14.797,2025-08-01T04:49:10.797,8.0,-37.0,13.5,109.447,-64.8784,61.565,-64.8726,61.5653,70.1213,70.1213,CLASS_add_scds.pro,2.1,450,1,"0,1,2,3,4,5,6,7,8,9,10,11,12,13,14,15,",-64.1994,60.5935,-65.5007,60.416,-65.5387,62.5852,-64.2357,62.6634,1.77996826171875,0.0517577713711721,1.7021484375,1.86376953125,3645.375,105.9999157681606,8
ch2_cla_l1_20250801T044914797_20250801T044922797.fits,/home/saurabh/moon_project/data/CLASS/ch2_cla_l1_2025_08/cla/data/calibrated/2025/08/01/ch2_cla_l1_20250801T044914797_20250801T044922797.fits,2025-08-01T04:49:14.797,2025-08-01T04:49:22.797,2025-08-01T04:49:18.797,8.0,-37.0,13.5,109.335,-65.2812,61.524,-65.2755,61.5243,70.46,70.46,CLASS_add_scds.pro,2.1,451,1,"0,1,2,3,4,5,6,7,8,9,10,11,12,13,14,15,",-64.6023,60.5401,-65.9026,60.3575,-65.9412,62.5584,-64.6391,62.6384,1.74127197265625,0.0417011606396651,1.67919921875,1.80810546875,3566.125,85.40397699003417,8
ch2_cla_l1_20250801T044922797_20250801T044930797.fits,/home/saurabh/moon_project/data/CLASS/ch2_cla_l1_2025_08/cla/data/calibrated/2025/08/01/ch2_cla_l1_20250801T044922797_20250801T044930797.fits,2025-08-01T04:49:22.797,2025-08-01T04:49:30.797,2025-08-01T04:49:26.797,8.0,-37.0,13.5,109.223,-65.684,61.4818,-65.6782,61.4823,70.799,70.799,CLASS_add_scds.pro,2.1,452,1,"0,1,2,3,4,5,6,7,8,9,10,11,12,13,14,15,",-65.0053,60.4854,-66.3047,60.2967,-66.3438,62.5305,-65.0426,62.6131,1.78338623046875,0.0604635271455007,1.6689453125,1.8603515625,3652.375,123.8293035939855,8
ch2_cla_l1_20250801T044930797_20250801T044938797.fits,/home/saurabh/moon_project/data/CLASS/ch2_cla_l1_2025_08/cla/data/calibrated/2025/08/01/ch2_cla_l1_20250801T044930797_20250801T044938797.fits,2025-08-01T04:49:30.797,2025-08-01T04:49:38.797,2025-08-01T04:49:34.797,8.0,-37.0,13.5,109.11,-66.0869,61.4383,-66.0812,61.4387,71.1383,71.1383,CLASS_add_scds.pro,2.1,453,1,"0,1,2,3,4,5,6,7,8,9,10,11,12,13,14,15,",-65.4083,60.4286,-66.7068,60.2341,-66.7465,62.5019,-65.4461,62.5867,1.74822998046875,0.0392147367418225,1.6875,1.79833984375,3580.375,80.31178084725268,8
ch2_cla_l1_20250801T044938797_20250801T044946797.fits,/home/saurabh/moon_project/data/CLASS/ch2_cla_l1_2025_08/cla/data/calibrated/2025/08/01/ch2_cla_l1_20250801T044938797_20250801T044946797.fits,2025-08-01T04:49:38.797,2025-08-01T04:49:46.797,2025-08-01T04:49:42.797,8.0,-37.0,13.5,108.996,-66.4898,61.3934,-66.4842,61.3939,71.4779,71.4779,CLASS_add_scds.pro,2.1,454,1,"0,1,2,3,4,5,6,7,8,9,10,11,12,13,14,15,",-65.8114,60.3702,-67.1089,60.1693,-67.1492,62.4723,-65.8497,62.5598,1.81671142578125,0.0391973619756466,1.76708984375,1.873046875,3720.625,80.27619732612436,8
ch2_cla_l1_20250801T044946797_20250801T044954797.fits,/home/saurabh/moon_project/data/CLASS/ch2_cla_l1_2025_08/cla/data/calibrated/2025/08/01/ch2_cla_l1_20250801T044946797_20250801T044954797.fits,2025-08-01T04:49:46.797,2025-08-01T04:49:54.797,2025-08-01T04:49:50.797,8.0,-37.0,13.5,108.883,-66.8927,61.347,-66.887,61.3476,71.8179,71.8179,CLASS_add_scds.pro,2.1,455,1,"0,1,2,3,4,5,6,7,8,9,10,11,12,13,14,15,",-66.2144,60.3098,-67.5109,60.1024,-67.5519,62.4419,-66.2534,62.5319,1.74884033203125,0.0393742248562659,1.68701171875,1.8017578125,3581.625,80.63841250563264,8
ch2_cla_l1_20250801T044954797_20250801T045002797.fits,/home/saurabh/moon_project/data/CLASS/ch2_cla_l1_2025_08/cla/data/calibrated/2025/08/01/ch2_cla_l1_20250801T044954797_20250801T045002797.fits,2025-08-01T04:49:54.797,2025-08-01T04:50:02.797,2025-08-01T04:49:58.797,8.0,-37.0,13.5,108.768,-67.2957,61.2992,-67.29,61.2998,72.1582,72.1582,CLASS_add_scds.pro,2.1,456,1,"0,1,2,3,4,5,6,7,8,9,10,11,12,13,14,15,",-66.6175,60.2476,-67.9129,60.0333,-67.9546,62.4106,-66.657,62.5034,1.8043212890625,0.0475529285479745,1.732421875,1.8798828125,3695.25,97.3883976662518,8
ch2_cla_l1_20250801T045002797_20250801T045010797.fits,/home/saurabh/moon_project/data/CLASS/ch2_cla_l1_2025_08/cla/data/calibrated/2025/08/01/ch2_cla_l1_20250801T045002797_20250801T045010797.fits,2025-08-01T04:50:02.797,2025-08-01T04:50:10.797,2025-08-01T04:50:06.797,8.0,-37.0,13.5,108.653,-67.6987,61.2497,-67.6931,61.2503,72.4987,72.4987,CLASS_add_scds.pro,2.1,457,1,"0,1,2,3,4,5,6,7,8,9,10,11,12,13,14,15,",-67.0205,60.1833,-68.3151,59.9615,-68.3575,62.3782,-67.0607,62.4741,1.753173828125,0.0478195216617659,1.6796875,1.82275390625,3590.5,97.9343803632966,8
ch2_cla_l1_20250801T045010797_20250801T045018797.fits,/home/saurabh/moon_project/data/CLASS/ch2_cla_l1_2025_08/cla/data/calibrated/2025/08/01/ch2_cla_l1_20250801T045010797_20250801T045018797.fits,2025-08-01T04:50:10.797,2025-08-01T04:50:18.797,2025-08-01T04:50:14.797,8.0,-37.0,13.5,108.538,-68.1018,61.1986,-68.0962,61.1991,72.8396,72.8396,CLASS_add_scds.pro,2.1,458,1,"0,1,2,3,4,5,6,7,8,9,10,11,12,13,14,15,",-67.4237,60.1167,-68.7173,59.8871,-68.7603,62.3446,-67.4645,62.4437,1.829345703125,0.0421742897947515,1.75927734375,1.88525390625,3746.5,86.3729454996512,8
ch2_cla_l1_20250801T045018797_20250801T045026797.fits,/home/saurabh/moon_project/data/CLASS/ch2_cla_l1_2025_08/cla/data/calibrated/2025/08/01/ch2_cla_l1_20250801T045018797_20250801T045026797.fits,2025-08-01T04:50:18.797,2025-08-01T04:50:26.797,2025-08-01T04:50:22.797,8.0,-36.9,13.5,108.422,-68.5049,61.1456,-68.4993,61.1462,73.1808,73.1808,CLASS_add_scds.pro,2.1,459,1,"0,1,2,3,4,5,6,7,8,9,10,11,12,13,14,15,",-67.8269,60.0477,-69.1193,59.8097,-69.1632,62.3097,-67.8684,62.4123,1.757080078125,0.0958020113667019,1.62353515625,1.91943359375,3598.5,196.20251927900563,8
ch2_cla_l1_20250801T045026797_20250801T045034797.fits,/home/saurabh/moon_project/data/CLASS/ch2_cla_l1_2025_08/cla/data/calibrated/2025/08/01/ch2_cla_l1_20250801T045026797_20250801T045034797.fits,2025-08-01T04:50:26.797,2025-08-01T04:50:34.797,2025-08-01T04:50:30.797,8.0,-36.9,13.5,108.306,-68.908,61.0908,-68.9023,61.0912,73.5223,73.5223,CLASS_add_scds.pro,2.1,460,1,"0,1,2,3,4,5,6,7,8,9,10,11,12,13,14,15,",-68.23,59.9762,-69.5215,59.7299,-69.5661,62.274,-68.2722,62.3798,1.8125,0.0798310512205544,1.6884765625,1.91650390625,3712.0,163.4939928996956,8
ch2_cla_l1_20250801T045034797_20250801T045042797.fits,/home/saurabh/moon_project/data/CLASS/ch2_cla_l1_2025_08/cla/data/calibrated/2025/08/01/ch2_cla_l1_20250801T045034797_20250801T045042797.fits,2025-08-01T04:50:34.797,2025-08-01T04:50:42.797,2025-08-01T04:50:38.797,8.0,-36.9,13.5,108.189,-69.3111,61.034,-69.3054,61.0344,73.864,73.864,CLASS_add_scds.pro,2.1,461,1,"0,1,2,3,4,5,6,7,8,9,10,11,12,13,14,15,",-68.6332,59.9024,-69.9236,59.6468,-69.9691,62.2369,-68.6761,62.3465,1.79058837890625,0.0837530708563362,1.671875,1.94091796875,3667.125,171.52628911377656,8
ch2_cla_l1_20250801T045042797_20250801T045050797.fits,/home/saurabh/moon_project/data/CLASS/ch2_cla_l1_2025_08/cla/data/calibrated/2025/08/01/ch2_cla_l1_20250801T045042797_20250801T045050797.fits,2025-08-01T04:50:42.797,2025-08-01T04:50:50.797,2025-08-01T04:50:46.797,8.0,-36.9,13.5,108.071,-69.7143,60.9751,-69.7086,60.9757,74.206,74.206,CLASS_add_scds.pro,2.1,462,1,"0,1,2,3,4,5,6,7,8,9,10,11,12,13,14,15,",-69.0364,59.8258,-70.3258,59.5606,-70.3721,62.1986,-69.08,62.312,1.8214111328125,0.0661985852807767,1.7109375,1.9013671875,3730.25,135.57470265503073,8
ch2_cla_l1_20250801T045050797_20250801T045058797.fits,/home/saurabh/moon_project/data/CLASS/ch2_cla_l1_2025_08/cla/data/calibrated/2025/08/01/ch2_cla_l1_20250801T045050797_20250801T045058797.fits,2025-08-01T04:50:50.797,2025-08-01T04:50:58.797,2025-08-01T04:50:54.797,8.0,-36.9,13.5,107.953,-70.1175,60.9139,-70.112,60.9146,74.5483,74.5483,CLASS_add_scds.pro,2.1,463,1,"0,1,2,3,4,5,6,7,8,9,10,11,12,13,14,15,",-69.4396,59.7464,-70.728,59.471,-70.7752,62.1589,-69.484,62.2765,1.79229736328125,0.0569284950446604,1.6904296875,1.8525390625,3670.625,116.58955785146456,8
ch2_cla_l1_20250801T045058797_20250801T045106797.fits,/home/saurabh/moon_project/data/CLASS/ch2_cla_l1_2025_08/cla/data/calibrated/2025/08/01/ch2_cla_l1_20250801T045058797_20250801T045106797.fits,2025-08-01T04:50:58.797,2025-08-01T04:51:06.797,2025-08-01T04:51:02.797,8.0,-36.9,13.5,107.835,-70.5207,60.8503,-70.5152,60.8511,74.8908,74.8908,CLASS_add_scds.pro,2.1,464,1,"0,1,2,3,4,5,6,7,8,9,10,11,12,13,14,15,",-69.843,59.6639,-71.1303,59.3772,-71.1783,62.1172,-69.8881,62.2395,1.82061767578125,0.0606637345565621,1.7265625,1.9169921875,3728.625,124.2393283718393,8
ch2_cla_l1_20250801T045106797_20250801T045114797.fits,/home/saurabh/moon_project/data/CLASS/ch2_cla_l1_2025_08/cla/data/calibrated/2025/08/01/ch2_cla_l1_20250801T045106797_20250801T045114797.fits,2025-08-01T04:51:06.797,2025-08-01T04:51:14.797,2025-08-01T04:51:10.797,8.0,-36.9,13.5,107.716,-70.924,60.7842,-70.9184,60.785,75.2336,75.2336,CLASS_add_scds.pro,2.1,465,1,"0,1,2,3,4,5,6,7,8,9,10,11,12,13,14,15,",-70.2463,59.5779,-71.5325,59.2795,-71.5815,62.074,-70.2923,62.201,1.82763671875,0.0685042112008675,1.72216796875,1.94384765625,3743.0,140.29662453937678,8
ch2_cla_l1_20250801T045114797_20250801T045122797.fits,/home/saurabh/moon_project/data/CLASS/ch2_cla_l1_2025_08/cla/data/calibrated/2025/08/01/ch2_cla_l1_20250801T045114797_20250801T045122797.fits,2025-08-01T04:51:14.797,2025-08-01T04:51:22.797,2025-08-01T04:51:18.797,8.0,-36.9,13.5,107.597,-71.3273,60.7153,-71.3218,60.716,75.5767,75.5767,CLASS_add_scds.pro,2.1,466,1,"0,1,2,3,4,5,6,7,8,9,10,11,12,13,14,15,",-70.6496,59.4883,-71.9345,59.1777,-71.9846,62.0289,-70.6965,62.161,1.80560302734375,0.0324817806569131,1.7607421875,1.85595703125,3697.875,66.5226867853581,8
ch2_cla_l1_20250801T045122797_20250801T045130797.fits,/home/saurabh/moon_project/data/CLASS/ch2_cla_l1_2025_08/cla/data/calibrated/2025/08/01/ch2_cla_l1_20250801T045122797_20250801T045130797.fits,2025-08-01T04:51:22.797,2025-08-01T04:51:30.797,2025-08-01T04:51:26.797,8.0,-36.9,13.5,107.477,-71.7307,60.6436,-71.725,60.6443,75.92,75.92,CLASS_add_scds.pro,2.1,467,1,"0,1,2,3,4,5,6,7,8,9,10,11,12,13,14,15,",-71.0527,59.3954,-72.3366,59.0719,-72.3877,61.9826,-71.1005,62.1197,1.81781005859375,0.0593660950257104,1.73779296875,1.90966796875,3722.875,121.58176261265504,8
ch2_cla_l1_20250801T045130797_20250801T045138797.fits,/home/saurabh/moon_project/data/CLASS/ch2_cla_l1_2025_08/cla/data/calibrated/2025/08/01/ch2_cla_l1_20250801T045130797_20250801T045138797.fits,2025-08-01T04:51:30.797,2025-08-01T04:51:38.797,2025-08-01T04:51:34.797,8.0,-36.9,13.5,107.357,-72.134,60.5688,-72.1283,60.5698,76.2636,76.2636,CLASS_add_scds.pro,2.1,468,1,"0,1,2,3,4,5,6,7,8,9,10,11,12,13,14,15,",-71.4559,59.2989,-72.7391,58.9607,-72.7912,61.9338,-71.5047,62.0772,1.8209228515625,0.0353588744010621,1.76220703125,1.8740234375,3729.25,72.41497477337523,8
ch2_cla_l1_20250801T045138797_20250801T045146797.fits,/home/saurabh/moon_project/data/CLASS/ch2_cla_l1_2025_08/cla/data/calibrated/2025/08/01/ch2_cla_l1_20250801T045138797_20250801T045146797.fits,2025-08-01T04:51:38.797,2025-08-01T04:51:46.797,2025-08-01T04:51:42.797,8.0,-36.9,13.5,107.237,-72.5374,60.4907,-72.5317,60.4918,76.6074,76.6074,CLASS_add_scds.pro,2.1,469,1,"0,1,2,3,4,5,6,7,8,9,10,11,12,13,14,15,",-71.8595,59.1974,-73.1412,58.8445,-73.1945,61.883,-71.9092,62.0321,1.83563232421875,0.0863605095769265,1.69873046875,1.935546875,3759.375,176.86632361354555,8
ch2_cla_l1_20250801T045146797_20250801T045154797.fits,/home/saurabh/moon_project/data/CLASS/ch2_cla_l1_2025_08/cla/data/calibrated/2025/08/01/ch2_cla_l1_20250801T045146797_20250801T045154797.fits,2025-08-01T04:51:46.797,2025-08-01T04:51:54.797,2025-08-01T04:51:50.797,8.0,-36.9,13.5,107.115,-72.9408,60.4091,-72.9352,60.4101,76.9514,76.9514,CLASS_add_scds.pro,2.1,470,1,"0,1,2,3,4,5,6,7,8,9,10,11,12,13,14,15,",-72.2627,59.0919,-73.5432,58.7229,-73.5978,61.8299,-72.3135,61.9856,1.8118896484375,0.0459901768283456,1.72802734375,1.87109375,3710.75,94.1878821444518,8
ch2_cla_l1_20250801T045154797_20250801T045202797.fits,/home/saurabh/moon_project/data/CLASS/ch2_cla_l1_2025_08/cla/data/calibrated/2025/08/01/ch2_cla_l1_20250801T045154797_20250801T045202797.fits,2025-08-01T04:51:54.797,2025-08-01T04:52:02.797,2025-08-01T04:51:58.797,8.0,-36.9,13.5,106.994,-73.3442,60.3237,-73.3385,60.3249,77.2956,77.2956,CLASS_add_scds.pro,2.1,471,1,"0,1,2,3,4,5,6,7,8,9,10,11,12,13,14,15,",-72.6659,58.9818,-73.9453,58.5954,-74.0011,61.7743,-72.7178,61.9373,1.853271484375,0.0766559353222641,1.72216796875,1.95556640625,3795.5,156.9913555399969,8
ch2_cla_l1_20250801T045202797_20250801T045210797.fits,/home/saurabh/moon_project/data/CLASS/ch2_cla_l1_2025_08/cla/data/calibrated/2025/08/01/ch2_cla_l1_20250801T045202797_20250801T045210797.fits,2025-08-01T04:52:02.797,2025-08-01T04:52:10.797,2025-08-01T04:52:06.797,8.0,-36.9,13.5,106.872,-73.7476,60.2342,-73.7422,60.2354,77.6401,77.6401,CLASS_add_scds.pro,2.1,472,1,"0,1,2,3,4,5,6,7,8,9,10,11,12,13,14,15,",-73.0691,58.8664,-74.3476,58.4613,-74.4047,61.7161,-73.1222,61.8867,1.79901123046875,0.0718112342833912,1.6796875,1.892578125,3684.375,147.06940781238535,8
ch2_cla_l1_20250801T045210797_20250801T045218797.fits,/home/saurabh/moon_project/data/CLASS/ch2_cla_l1_2025_08/cla/data/calibrated/2025/08/01/ch2_cla_l1_20250801T045210797_20250801T045218797.fits,2025-08-01T04:52:10.797,2025-08-01T04:52:18.797,2025-08-01T04:52:14.797,8.0,-36.9,13.5,106.75,-74.1511,60.1403,-74.1455,60.1414,77.9848,77.9848,CLASS_add_scds.pro,2.1,473,1,"0,1,2,3,4,5,6,7,8,9,10,11,12,13,14,15,",-73.4726,58.7453,-74.7494,58.32,-74.808,61.6545,-73.5268,61.8336,1.73773193359375,0.0703524218864053,1.6416015625,1.84716796875,3558.875,144.08176002335816,8
ch2_cla_l1_20250801T045226797_20250801T045234797.fits,/home/saurabh/moon_project/data/CLASS/ch2_cla_l1_2025_08/cla/data/calibrated/2025/08/01/ch2_cla_l1_20250801T045226797_20250801T045234797.fits,2025-08-01T04:52:26.797,2025-08-01T04:52:34.797,2025-08-01T04:52:30.797,8.0,-36.9,13.5,106.504,-74.958,59.938,-74.9524,59.9394,78.6748,78.6748,CLASS_add_scds.pro,2.1,475,1,"0,1,2,3,4,5,6,7,8,9,10,11,12,13,14,15,",-74.2789,58.4851,-75.5535,58.015,-75.6151,61.5226,-74.3357,61.72,1.75372314453125,0.0727091548288755,1.6533203125,1.86083984375,3591.625,148.90834908953704,8
ch2_cla_l1_20250801T045234797_20250801T045242797.fits,/home/saurabh/moon_project/data/CLASS/ch2_cla_l1_2025_08/cla/data/calibrated/2025/08/01/ch2_cla_l1_20250801T045234797_20250801T045242797.fits,2025-08-01T04:52:34.797,2025-08-01T04:52:42.797,2025-08-01T04:52:38.797,8.0,-36.9,13.5,106.38,-75.3615,59.8288,-75.356,59.8301,79.0201,79.0201,CLASS_add_scds.pro,2.1,476,1,"0,1,2,3,4,5,6,7,8,9,10,11,12,13,14,15,",-74.6821,58.3451,-75.9555,57.8495,-76.0187,61.4511,-74.7403,61.6591,1.718505859375,0.0744126161335346,1.6064453125,1.8154296875,3519.5,152.39703784147886,8
ch2_cla_l1_20250801T045242797_20250801T045250797.fits,/home/saurabh/moon_project/data/CLASS/ch2_cla_l1_2025_08/cla/data/calibrated/2025/08/01/ch2_cla_l1_20250801T045242797_20250801T045250797.fits,2025-08-01T04:52:42.797,2025-08-01T04:52:50.797,2025-08-01T04:52:46.797,8.0,-36.9,13.5,106.256,-75.765,59.7135,-75.7594,59.7151,79.3656,79.3656,CLASS_add_scds.pro,2.1,477,1,"0,1,2,3,4,5,6,7,8,9,10,11,12,13,14,15,",-75.0853,58.1975,-76.3572,57.6747,-76.4223,61.3758,-75.145,61.5949,1.75811767578125,0.0546849697851178,1.6796875,1.84228515625,3600.625,111.99481811992143,8
ch2_cla_l1_20250801T045258797_20250801T045306797.fits,/home/saurabh/moon_project/data/CLASS/ch2_cla_l1_2025_08/cla/data/calibrated/2025/08/01/ch2_cla_l1_20250801T045258797_20250801T045306797.fits,2025-08-01T04:52:58.797,2025-08-01T04:53:06.797,2025-08-01T04:53:02.797,8.0,-36.9,13.5,106.007,-76.5719,59.4629,-76.5664,59.464,80.0571,80.0571,CLASS_add_scds.pro,2.1,479,1,"0,1,2,3,4,5,6,7,8,9,10,11,12,13,14,15,",-75.8914,57.878,-77.1607,57.2921,-77.2296,61.2111,-75.9543,61.4567,1.7724609375,0.0585105668842504,1.68408203125,1.8623046875,3630.0,119.829640978945,8
ch2_cla_l1_20250801T045314797_20250801T045322797.fits,/home/saurabh/moon_project/data/CLASS/ch2_cla_l1_2025_08/cla/data/calibrated/2025/08/01/ch2_cla_l1_20250801T045314797_20250801T045322797.fits,2025-08-01T04:53:14.797,2025-08-01T04:53:22.797,2025-08-01T04:53:18.797,8.0,-36.9,13.5,105.756,-77.3788,59.181,-77.3733,59.1828,80.7494,80.7494,CLASS_add_scds.pro,2.1,481,1,"0,1,2,3,4,5,6,7,8,9,10,11,12,13,14,15,",-76.6973,57.5203,-77.9637,56.8597,-78.037,61.0259,-76.7638,61.3024,1.7623291015625,0.0375262486462926,1.70068359375,1.80908203125,3609.25,76.85375722760729,8
ch2_cla_l1_20250801T045322797_20250801T045330797.fits,/home/saurabh/moon_project/data/CLASS/ch2_cla_l1_2025_08/cla/data/calibrated/2025/08/01/ch2_cla_l1_20250801T045322797_20250801T045330797.fits,2025-08-01T04:53:22.797,2025-08-01T04:53:30.797,2025-08-01T04:53:26.797,8.0,-36.9,13.5,105.63,-77.7822,59.0264,-77.7767,59.0283,81.0958,81.0958,CLASS_add_scds.pro,2.1,482,1,"0,1,2,3,4,5,6,7,8,9,10,11,12,13,14,15,",-77.1003,57.3244,-78.3651,56.6212,-78.4407,60.9238,-77.1687,61.2178,1.74285888671875,0.0503433546554956,1.68359375,1.8359375,3569.375,103.103190334455,8
ch2_cla_l1_20250801T045330797_20250801T045338797.fits,/home/saurabh/moon_project/data/CLASS/ch2_cla_l1_2025_08/cla/data/calibrated/2025/08/01/ch2_cla_l1_20250801T045330797_20250801T045338797.fits,2025-08-01T04:53:30.797,2025-08-01T04:53:38.797,2025-08-01T04:53:34.797,8.0,-36.9,13.5,105.504,-78.1856,58.8615,-78.1801,58.8636,81.4424,81.4424,CLASS_add_scds.pro,2.1,483,1,"0,1,2,3,4,5,6,7,8,9,10,11,12,13,14,15,",-77.503,57.1164,-78.7663,56.3658,-78.8446,60.8145,-77.5735,61.1284,1.7659912109375,0.0349880007202036,1.70703125,1.8134765625,3616.75,71.65542547497712,8
ch2_cla_l1_20250801T045338797_20250801T045346797.fits,/home/saurabh/moon_project/data/CLASS/ch2_cla_l1_2025_08/cla/data/calibrated/2025/08/01/ch2_cla_l1_20250801T045338797_20250801T045346797.fits,2025-08-01T04:53:38.797,2025-08-01T04:53:46.797,2025-08-01T04:53:42.797,8.0,-36.9,13.5,105.378,-78.5889,58.6852,-78.5833,58.6876,81.7891,81.7891,CLASS_add_scds.pro,2.1,484,1,"0,1,2,3,4,5,6,7,8,9,10,11,12,13,14,15,",-77.9057,56.8946,-79.1671,56.0919,-79.2482,60.6973,-77.9785,61.0329,1.73175048828125,0.0725534664279506,1.6298828125,1.845703125,3546.625,148.58949924444286,8
ch2_cla_l1_20250801T045346797_20250801T045354797.fits,/home/saurabh/moon_project/data/CLASS/ch2_cla_l1_2025_08/cla/data/calibrated/2025/08/01/ch2_cla_l1_20250801T045346797_20250801T045354797.fits,2025-08-01T04:53:46.797,2025-08-01T04:53:54.797,2025-08-01T04:53:50.797,8.0,-36.9,13.5,105.251,-78.9922,58.4962,-78.9867,58.4983,82.136,82.136,CLASS_add_scds.pro,2.1,485,1,"0,1,2,3,4,5,6,7,8,9,10,11,12,13,14,15,",-78.308,56.6583,-79.568,55.7969,-79.652,60.5713,-78.3832,60.9317,1.76849365234375,0.0468789507699621,1.6875,1.837890625,3621.875,96.00809117688244,8
ch2_cla_l1_20250801T045354797_20250801T045402797.fits,/home/saurabh/moon_project/data/CLASS/ch2_cla_l1_2025_08/cla/data/calibrated/2025/08/01/ch2_cla_l1_20250801T045354797_20250801T045402797.fits,2025-08-01T04:53:54.797,2025-08-01T04:54:02.797,2025-08-01T04:53:58.797,8.0,-36.9,13.5,105.123,-79.3954,58.293,-79.3899,58.2957,82.483,82.483,CLASS_add_scds.pro,2.1,486,1,"0,1,2,3,4,5,6,7,8,9,10,11,12,13,14,15,",-78.7105,56.4046,-79.9685,55.479,-80.0558,60.4357,-78.7882,60.8227,1.765869140625,0.0639880022996669,1.67919921875,1.875,3616.5,131.04742870971782,8
ch2_cla_l1_20250801T045402797_20250801T045410797.fits,/home/saurabh/moon_project/data/CLASS/ch2_cla_l1_2025_08/cla/data/calibrated/2025/08/01/ch2_cla_l1_20250801T045402797_20250801T045410797.fits,2025-08-01T04:54:02.797,2025-08-01T04:54:10.797,2025-08-01T04:54:06.797,8.0,-36.9,13.5,104.996,-79.7985,58.074,-79.793,58.0771,82.8302,82.8302,CLASS_add_scds.pro,2.1,487,1,"0,1,2,3,4,5,6,7,8,9,10,11,12,13,14,15,",-79.1126,56.1331,-80.3688,55.1344,-80.4596,60.2885,-79.1931,60.7066,1.778564453125,0.0604077688094872,1.6923828125,1.8681640625,3642.5,123.71511052182984,8
ch2_cla_l1_20250801T045410797_20250801T045418797.fits,/home/saurabh/moon_project/data/CLASS/ch2_cla_l1_2025_08/cla/data/calibrated/2025/08/01/ch2_cla_l1_20250801T045410797_20250801T045418797.fits,2025-08-01T04:54:10.797,2025-08-01T04:54:18.797,2025-08-01T04:54:14.797,8.0,-36.9,13.5,104.868,-80.2015,57.8373,-80.1961,57.8405,83.1776,83.1776,CLASS_add_scds.pro,2.1,488,1,"0,1,2,3,4,5,6,7,8,9,10,11,12,13,14,15,",-79.5147,55.8403,-80.7686,54.7606,-80.8633,60.129,-79.5981,60.5811,1.77239990234375,0.0865135947505748,1.6298828125,1.9013671875,3629.875,177.17984204917732,8
ch2_cla_l1_20250801T045418797_20250801T045426797.fits,/home/saurabh/moon_project/data/CLASS/ch2_cla_l1_2025_08/cla/data/calibrated/2025/08/01/ch2_cla_l1_20250801T045418797_20250801T045426797.fits,2025-08-01T04:54:18.797,2025-08-01T04:54:26.797,2025-08-01T04:54:22.797,8.0,-36.9,13.5,104.74,-80.6044,57.5806,-80.599,57.5839,83.525,83.525,CLASS_add_scds.pro,2.1,489,1,"0,1,2,3,4,5,6,7,8,9,10,11,12,13,14,15,",-79.9163,55.525,-81.1683,54.3526,-81.2671,59.9547,-80.003,60.4464,1.78704833984375,0.0743578704030426,1.6728515625,1.8818359375,3659.875,152.28491858543126,8
ch2_cla_l1_20250801T045426797_20250801T045434797.fits,/home/saurabh/moon_project/data/CLASS/ch2_cla_l1_2025_08/cla/data/calibrated/2025/08/01/ch2_cla_l1_20250801T045426797_20250801T045434797.fits,2025-08-01T04:54:26.797,2025-08-01T04:54:34.797,2025-08-01T04:54:30.797,8.0,-36.9,13.5,104.611,-81.0072,57.3011,-81.0017,57.305,83.8726,83.8726,CLASS_add_scds.pro,2.1,490,1,"0,1,2,3,4,5,6,7,8,9,10,11,12,13,14,15,",-80.3179,55.183,-81.5674,53.9066,-81.6708,59.7641,-80.408,60.2998,1.807373046875,0.1034007295952233,1.6552734375,1.9462890625,3701.5,211.76469421101743,8
ch2_cla_l1_20250801T045434797_20250801T045442797.fits,/home/saurabh/moon_project/data/CLASS/ch2_cla_l1_2025_08/cla/data/calibrated/2025/08/01/ch2_cla_l1_20250801T045434797_20250801T045442797.fits,2025-08-01T04:54:34.797,2025-08-01T04:54:42.797,2025-08-01T04:54:38.797,8.0,-36.9,13.5,104.482,-81.4098,56.9957,-81.4044,56.9997,84.2204,84.2204,CLASS_add_scds.pro,2.1,491,1,"0,1,2,3,4,5,6,7,8,9,10,11,12,13,14,15,",-80.719,54.8122,-81.9659,53.4173,-82.0743,59.555,-80.8129,60.1413,1.77374267578125,0.0580552927465973,1.68017578125,1.859375,3632.625,118.89723954503135,8
ch2_cla_l1_20250801T045442797_20250801T045450797.fits,/home/saurabh/moon_project/data/CLASS/ch2_cla_l1_2025_08/cla/data/calibrated/2025/08/01/ch2_cla_l1_20250801T045442797_20250801T045450797.fits,2025-08-01T04:54:42.797,2025-08-01T04:54:50.797,2025-08-01T04:54:46.797,8.0,-36.9,13.5,104.353,-81.8122,56.6606,-81.8067,56.6654,84.5682,84.5682,CLASS_add_scds.pro,2.1,492,1,"0,1,2,3,4,5,6,7,8,9,10,11,12,13,14,15,",-81.1196,54.4089,-82.364,52.8762,-82.478,59.3232,-81.2177,59.9691,1.8118896484375,0.0519087818342265,1.73681640625,1.908203125,3710.75,106.30918519649587,8
ch2_cla_l1_20250801T045450797_20250801T045458797.fits,/home/saurabh/moon_project/data/CLASS/ch2_cla_l1_2025_08/cla/data/calibrated/2025/08/01/ch2_cla_l1_20250801T045450797_20250801T045458797.fits,2025-08-01T04:54:50.797,2025-08-01T04:54:58.797,2025-08-01T04:54:54.797,8.0,-36.9,13.5,104.224,-82.2143,56.2912,-82.2088,56.296,84.9162,84.9162,CLASS_add_scds.pro,2.1,493,1,"0,1,2,3,4,5,6,7,8,9,10,11,12,13,14,15,",-81.5201,53.9666,-82.7614,52.2751,-82.8815,59.0647,-81.6227,59.7796,1.79437255859375,0.0611260135688073,1.70703125,1.8974609375,3674.875,125.1860757889174,8
ch2_cla_l1_20250801T045458797_20250801T045506797.fits,/home/saurabh/moon_project/data/CLASS/ch2_cla_l1_2025_08/cla/data/calibrated/2025/08/01/ch2_cla_l1_20250801T045458797_20250801T045506797.fits,2025-08-01T04:54:58.797,2025-08-01T04:55:06.797,2025-08-01T04:55:02.797,8.0,-36.9,13.5,104.094,-82.6161,55.8819,-82.6107,55.8872,85.2643,85.2643,CLASS_add_scds.pro,2.1,494,1,"0,1,2,3,4,5,6,7,8,9,10,11,12,13,14,15,",-81.92,53.4796,-83.158,51.6053,-83.285,58.7765,-82.0275,59.5702,1.81976318359375,0.0662447142741649,1.712890625,1.91845703125,3726.875,135.6691748334897,8
ch2_cla_l1_20250801T045506797_20250801T045514797.fits,/home/saurabh/moon_project/data/CLASS/ch2_cla_l1_2025_08/cla/data/calibrated/2025/08/01/ch2_cla_l1_20250801T045506797_20250801T045514797.fits,2025-08-01T04:55:06.797,2025-08-01T04:55:14.797,2025-08-01T04:55:10.797,8.0,-36.9,13.5,103.964,-83.0176,55.4258,-83.0122,55.4322,85.6125,85.6125,CLASS_add_scds.pro,2.1,495,1,"0,1,2,3,4,5,6,7,8,9,10,11,12,13,14,15,",-82.3194,52.9436,-83.5535,50.8542,-83.6883,58.4524,-82.4324,59.3402,1.78607177734375,0.0321667268466833,1.73193359375,1.8291015625,3657.875,65.87745658200751,8
ch2_cla_l1_20250801T045514797_20250801T045522797.fits,/home/saurabh/moon_project/data/CLASS/ch2_cla_l1_2025_08/cla/data/calibrated/2025/08/01/ch2_cla_l1_20250801T045514797_20250801T045522797.fits,2025-08-01T04:55:14.797,2025-08-01T04:55:22.797,2025-08-01T04:55:18.797,8.0,-36.9,13.5,103.834,-83.4187,54.9145,-83.4133,54.9213,85.9608,85.9608,CLASS_add_scds.pro,2.1,496,1,"0,1,2,3,4,5,6,7,8,9,10,11,12,13,14,15,",-82.7179,52.3497,-83.948,50.004,-84.0915,58.0835,-82.8371,59.085,1.84173583984375,0.052659036417899,1.744140625,1.91552734375,3771.875,107.84570658385724,8
ch2_cla_l1_20250801T045522797_20250801T045530797.fits,/home/saurabh/moon_project/data/CLASS/ch2_cla_l1_2025_08/cla/data/calibrated/2025/08/01/ch2_cla_l1_20250801T045522797_20250801T045530797.fits,2025-08-01T04:55:22.797,2025-08-01T04:55:30.797,2025-08-01T04:55:26.797,8.0,-36.9,13.5,103.703,-83.8192,54.3373,-83.8138,54.3451,86.3092,86.3092,CLASS_add_scds.pro,2.1,497,1,"0,1,2,3,4,5,6,7,8,9,10,11,12,13,14,15,",-83.1159,51.6859,-84.341,49.0367,-84.4945,57.6618,-83.2418,58.7985,1.80816650390625,0.0395076455930908,1.7451171875,1.86962890625,3703.125,80.91165817465014,8
ch2_cla_l1_20250801T045530797_20250801T045538797.fits,/home/saurabh/moon_project/data/CLASS/ch2_cla_l1_2025_08/cla/data/calibrated/2025/08/01/ch2_cla_l1_20250801T045530797_20250801T045538797.fits,2025-08-01T04:55:30.797,2025-08-01T04:55:38.797,2025-08-01T04:55:34.797,8.0,-37.0,13.5,103.572,-84.219,53.6805,-84.2137,53.6898,86.6578,86.6578,CLASS_add_scds.pro,2.1,498,1,"0,1,2,3,4,5,6,7,8,9,10,11,12,13,14,15,",-83.5127,50.942,-84.732,47.9263,-84.8971,57.1745,-83.6464,58.4768,1.84588623046875,0.0492655749766434,1.765625,1.923828125,3780.375,100.89589755216583,8
ch2_cla_l1_20250801T045538797_20250801T045546797.fits,/home/saurabh/moon_project/data/CLASS/ch2_cla_l1_2025_08/cla/data/calibrated/2025/08/01/ch2_cla_l1_20250801T045538797_20250801T045546797.fits,2025-08-01T04:55:38.797,2025-08-01T04:55:46.797,2025-08-01T04:55:42.797,8.0,-37.0,13.5,103.441,-84.6181,52.9266,-84.6129,52.9369,87.0064,87.0064,CLASS_add_scds.pro,2.1,499,1,"0,1,2,3,4,5,6,7,8,9,10,11,12,13,14,15,",-83.9084,50.102,-85.1212,46.6368,-85.2995,56.6034,-84.0506,58.1122,1.79510498046875,0.0453271532090267,1.720703125,1.87060546875,3676.375,92.83000977208673,8
ch2_cla_l1_20250801T045546797_20250801T045554797.fits,/home/saurabh/moon_project/data/CLASS/ch2_cla_l1_2025_08/cla/data/calibrated/2025/08/01/ch2_cla_l1_20250801T045546797_20250801T045554797.fits,2025-08-01T04:55:46.797,2025-08-01T04:55:54.797,2025-08-01T04:55:50.797,8.0,-37.0,13.5,103.31,-85.0162,52.0526,-85.011,52.0647,87.3551,87.3551,CLASS_add_scds.pro,2.1,500,1,"0,1,2,3,4,5,6,7,8,9,10,11,12,13,14,15,",-84.3029,49.1436,-85.5072,45.1264,-85.7012,55.9263,-84.455,57.6931,1.86822509765625,0.0489607834516925,1.7958984375,1.94775390625,3826.125,100.27168450906623,8
ch2_cla_l1_20250801T045554797_20250801T045602797.fits,/home/saurabh/moon_project/data/CLASS/ch2_cla_l1_2025_08/cla/data/calibrated/2025/08/01/ch2_cla_l1_20250801T045554797_20250801T045602797.fits,2025-08-01T04:55:54.797,2025-08-01T04:56:02.797,2025-08-01T04:55:58.797,8.0,-37.0,13.5,103.178,-85.4129,51.0276,-85.4077,51.0423,87.7038,87.7038,CLASS_add_scds.pro,2.1,501,1,"0,1,2,3,4,5,6,7,8,9,10,11,12,13,14,15,",-84.6953,48.0453,-85.8894,43.3355,-86.1022,55.1116,-84.8588,57.2103,1.819091796875,0.0834771232757001,1.71044921875,1.9794921875,3725.5,170.96114846863392,8
ch2_cla_l1_20250801T045602797_20250801T045610797.fits,/home/saurabh/moon_project/data/CLASS/ch2_cla_l1_2025_08/cla/data/calibrated/2025/08/01/ch2_cla_l1_20250801T045602797_20250801T045610797.fits,2025-08-01T04:56:02.797,2025-08-01T04:56:10.797,2025-08-01T04:56:06.797,8.0,-37.0,13.5,103.046,-85.808,49.8095,-85.8027,49.8268,88.0527,88.0527,CLASS_add_scds.pro,2.1,502,1,"0,1,2,3,4,5,6,7,8,9,10,11,12,13,14,15,",-85.0854,46.774,-86.2672,41.176,-86.5026,54.1084,-85.2621,56.6471,1.85748291015625,0.0751302575714662,1.748046875,1.94873046875,3804.125,153.86676750636292,8
ch2_cla_l1_20250801T045610797_20250801T045618797.fits,/home/saurabh/moon_project/data/CLASS/ch2_cla_l1_2025_08/cla/data/calibrated/2025/08/01/ch2_cla_l1_20250801T045610797_20250801T045618797.fits,2025-08-01T04:56:10.797,2025-08-01T04:56:18.797,2025-08-01T04:56:14.797,8.0,-37.0,13.5,102.914,-86.2009,48.3391,-86.1957,48.36,88.4016,88.4016,CLASS_add_scds.pro,2.1,503,1,"0,1,2,3,4,5,6,7,8,9,10,11,12,13,14,15,",-85.4731,45.2803,-86.6385,38.5384,-86.9015,52.8502,-85.6653,55.9763,1.8232421875,0.1003051733406501,1.7001953125,2.001953125,3734.0,205.4249950016516,8
ch2_cla_l1_20250801T045618797_20250801T045626797.fits,/home/saurabh/moon_project/data/CLASS/ch2_cla_l1_2025_08/cla/data/calibrated/2025/08/01/ch2_cla_l1_20250801T045618797_20250801T045626797.fits,2025-08-01T04:56:18.797,2025-08-01T04:56:26.797,2025-08-01T04:56:22.797,8.0,-37.1,13.5,102.782,-86.5907,46.5317,-86.5856,46.5579,88.7506,88.7506,CLASS_add_scds.pro,2.1,504,1,"0,1,2,3,4,5,6,7,8,9,10,11,12,13,14,15,",-85.8571,43.511,-87.0008,35.2562,-87.2984,51.2213,-86.0676,55.171,1.8466796875,0.082325931564223,1.7548828125,1.97216796875,3782.0,168.60350784352875,8
ch2_cla_l1_20250801T045626797_20250801T045634797.fits,/home/saurabh/moon_project/data/CLASS/ch2_cla_l1_2025_08/cla/data/calibrated/2025/08/01/ch2_cla_l1_20250801T045626797_20250801T045634797.fits,2025-08-01T04:56:26.797,2025-08-01T04:56:34.797,2025-08-01T04:56:30.797,8.0,-37.1,13.5,102.649,-86.9764,44.261,-86.9713,44.2956,89.0997,89.0997,CLASS_add_scds.pro,2.1,505,1,"0,1,2,3,4,5,6,7,8,9,10,11,12,13,14,15,",-86.2363,41.3849,-87.3509,31.0863,-87.6927,49.0325,-86.469,54.1843,1.7161865234375,0.080114588925511,1.62451171875,1.88037109375,3514.75,164.07467811944656,8
ch2_cla_l1_20250801T045634797_20250801T045642797.fits,/home/saurabh/moon_project/data/CLASS/ch2_cla_l1_2025_08/cla/data/calibrated/2025/08/01/ch2_cla_l1_20250801T045634797_20250801T045642797.fits,2025-08-01T04:56:34.797,2025-08-01T04:56:42.797,2025-08-01T04:56:38.797,8.0,-37.1,13.5,102.516,-87.356,41.3332,-87.351,41.3779,89.4489,89.4489,CLASS_add_scds.pro,2.1,506,1,"0,1,2,3,4,5,6,7,8,9,10,11,12,13,14,15,",-86.6093,38.7835,-87.6827,25.6883,-88.0823,45.951,-86.8693,52.9428,1.7406005859375,0.0602851519923243,1.6513671875,1.8310546875,3564.75,123.46399128028035,8
ch2_cla_l1_20250801T045642797_20250801T045650797.fits,/home/saurabh/moon_project/data/CLASS/ch2_cla_l1_2025_08/cla/data/calibrated/2025/08/01/ch2_cla_l1_20250801T045642797_20250801T045650797.fits,2025-08-01T04:56:42.797,2025-08-01T04:56:50.797,2025-08-01T04:56:46.797,8.0,-37.1,13.5,102.383,-87.7265,37.4387,-87.7218,37.4966,89.7981,89.7981,CLASS_add_scds.pro,2.1,507,1,"0,1,2,3,4,5,6,7,8,9,10,11,12,13,14,15,",-86.9737,35.5493,-87.9874,18.5756,-88.4635,41.3226,-87.2678,51.3404,1.7374267578125,0.0553491235013573,1.63525390625,1.8017578125,3558.25,113.35500493077993,8
ch2_cla_l1_20250801T045650797_20250801T045658797.fits,/home/saurabh/moon_project/data/CLASS/ch2_cla_l1_2025_08/cla/data/calibrated/2025/08/01/ch2_cla_l1_20250801T045650797_20250801T045658797.fits,2025-08-01T04:56:50.797,2025-08-01T04:56:58.797,2025-08-01T04:56:54.797,8.0,-37.1,13.5,102.25,-88.0825,32.0656,-88.0779,32.1499,90.1473,90.1473,CLASS_add_scds.pro,2.1,508,1,"0,1,2,3,4,5,6,7,8,9,10,11,12,13,14,15,",-87.3259,31.4474,-88.2506,9.132,-88.8284,33.7311,-87.6634,49.1945,1.7535400390625,0.0459560971295122,1.685546875,1.83203125,3591.25,94.11808692124106,8
ch2_cla_l1_20250801T045658797_20250801T045706797.fits,/home/saurabh/moon_project/data/CLASS/ch2_cla_l1_2025_08/cla/data/calibrated/2025/08/01/ch2_cla_l1_20250801T045658797_20250801T045706797.fits,2025-08-01T04:56:58.797,2025-08-01T04:57:06.797,2025-08-01T04:57:02.797,8.0,-37.1,13.5,102.117,-88.4142,24.3504,-88.4101,24.4715,90.4966,90.4966,CLASS_add_scds.pro,2.1,509,1,"0,1,2,3,4,5,6,7,8,9,10,11,12,13,14,15,",-87.6605,26.1365,-88.4511,-3.1756,-89.1551,19.8352,-88.0545,46.1792,1.74267578125,0.0565852754498902,1.66357421875,1.8310546875,3569.0,115.8866441213753,8
ch2_cla_l1_20250801T045706797_20250801T045714797.fits,/home/saurabh/moon_project/data/CLASS/ch2_cla_l1_2025_08/cla/data/calibrated/2025/08/01/ch2_cla_l1_20250801T045706797_20250801T045714797.fits,2025-08-01T04:57:06.797,2025-08-01T04:57:14.797,2025-08-01T04:57:10.797,8.0,-37.2,13.5,101.983,-88.7029,12.9033,-88.6995,13.0825,90.8459,90.8459,CLASS_add_scds.pro,2.1,510,1,"0,1,2,3,4,5,6,7,8,9,10,11,12,13,14,15,",-87.9684,19.1409,-89.38,-7.1693,-88.805,34.3115,-88.4376,41.671,1.75823974609375,0.0384406040014961,1.69482421875,1.81201171875,3600.875,78.72635699506415,8
ch2_cla_l1_20250801T045714797_20250801T045722797.fits,/home/saurabh/moon_project/data/CLASS/ch2_cla_l1_2025_08/cla/data/calibrated/2025/08/01/ch2_cla_l1_20250801T045714797_20250801T045722797.fits,2025-08-01T04:57:14.797,2025-08-01T04:57:22.797,2025-08-01T04:57:18.797,8.0,-37.2,13.5,101.85,-88.9135,-3.9356,-88.9114,-3.6709,91.1953,91.1953,CLASS_add_scds.pro,2.1,511,1,"0,1,2,3,4,5,6,7,8,9,10,11,12,13,14,15,",-88.5621,-18.2156,-89.3802,-45.3574,-89.1359,20.9552,-88.2359,9.8379,1.78070068359375,0.0616320907041817,1.693359375,1.859375,3646.875,126.22252176216412,8
ch2_cla_l1_20250801T045722797_20250801T045730797.fits,/home/saurabh/moon_project/data/CLASS/ch2_cla_l1_2025_08/cla/data/calibrated/2025/08/01/ch2_cla_l1_20250801T045722797_20250801T045730797.fits,2025-08-01T04:57:22.797,2025-08-01T04:57:30.797,2025-08-01T04:57:26.797,8.0,-37.2,13.5,101.715,-88.9957,-25.9078,-88.9955,-25.5947,91.5447,91.5447,CLASS_add_scds.pro,2.1,512,1,"0,1,2,3,4,5,6,7,8,9,10,11,12,13,14,15,",-88.563,-34.4328,-89.1554,-72.3802,-89.3708,-5.1041,-88.4417,-2.3036,1.745361328125,0.0414221720145491,1.6806640625,1.802734375,3574.5,84.83260828579674,8
ch2_cla_l1_20250801T045730797_20250801T045738797.fits,/home/saurabh/moon_project/data/CLASS/ch2_cla_l1_2025_08/cla/data/calibrated/2025/08/01/ch2_cla_l1_20250801T045730797_20250801T045738797.fits,2025-08-01T04:57:30.797,2025-08-01T04:57:38.797,2025-08-01T04:57:34.797,8.0,-37.3,13.5,101.581,-88.9195,-48.0115,-88.9214,-47.7476,91.8942,91.8942,CLASS_add_scds.pro,2.1,513,1,"0,1,2,3,4,5,6,7,8,9,10,11,12,13,14,15,",-88.254,-61.8624,-89.1554,-72.3802,-89.3708,-5.1041,-88.567,-33.5431,1.77093505859375,0.0812198446717207,1.6513671875,1.88623046875,3626.875,166.33824188768412,8
ch2_cla_l1_20250801T045738797_20250801T045746797.fits,/home/saurabh/moon_project/data/CLASS/ch2_cla_l1_2025_08/cla/data/calibrated/2025/08/01/ch2_cla_l1_20250801T045738797_20250801T045746797.fits,2025-08-01T04:57:38.797,2025-08-01T04:57:46.797,2025-08-01T04:57:42.797,8.0,-37.3,13.5,101.447,-88.7128,-65.0886,-88.7161,-64.9024,92.2436,92.2436,CLASS_add_scds.pro,2.1,514,1,"0,1,2,3,4,5,6,7,8,9,10,11,12,13,14,15,",-87.9913,-71.3484,-88.8286,-86.2955,-89.3864,-43.3313,-88.4627,-48.7837,1.763916015625,0.0424006170428431,1.6962890625,1.8251953125,3612.5,86.83646370374272,8
ch2_cla_l1_20250801T045746797_20250801T045754797.fits,/home/saurabh/moon_project/data/CLASS/ch2_cla_l1_2025_08/cla/data/calibrated/2025/08/01/ch2_cla_l1_20250801T045746797_20250801T045754797.fits,2025-08-01T04:57:46.797,2025-08-01T04:57:54.797,2025-08-01T04:57:50.797,8.0,-37.3,13.5,101.313,-88.4262,-76.7225,-88.4302,-76.5988,92.5931,92.5931,CLASS_add_scds.pro,2.1,515,1,"0,1,2,3,4,5,6,7,8,9,10,11,12,13,14,15,",-88.0817,-98.5256,-88.4635,-93.8931,-89.1702,-71.3109,-87.6866,-78.4959,1.807861328125,0.075709465983929,1.677734375,1.9052734375,3702.5,155.05298633508667,8
ch2_cla_l1_20250801T045754797_20250801T045802797.fits,/home/saurabh/moon_project/data/CLASS/ch2_cla_l1_2025_08/cla/data/calibrated/2025/08/01/ch2_cla_l1_20250801T045754797_20250801T045802797.fits,2025-08-01T04:57:54.797,2025-08-01T04:58:02.797,2025-08-01T04:57:58.797,8.0,-37.3,13.5,101.178,-88.0953,-84.5572,-88.0999,-84.4718,92.9426,92.9426,CLASS_add_scds.pro,2.1,516,1,"0,1,2,3,4,5,6,7,8,9,10,11,12,13,14,15,",-87.6919,-101.61,-88.8456,-85.7549,-88.2664,-61.338,-87.3549,-83.9161,1.75128173828125,0.0798096892726861,1.626953125,1.857421875,3586.625,163.45024363046127,8
ch2_cla_l1_20250801T045802797_20250801T045810797.fits,/home/saurabh/moon_project/data/CLASS/ch2_cla_l1_2025_08/cla/data/calibrated/2025/08/01/ch2_cla_l1_20250801T045802797_20250801T045810797.fits,2025-08-01T04:58:02.797,2025-08-01T04:58:10.797,2025-08-01T04:58:06.797,8.0,-37.2,13.5,101.043,-87.7395,-90.0049,-87.7444,-89.9445,93.2922,93.2922,CLASS_add_scds.pro,2.1,517,1,"0,2,3,4,5,6,7,8,9,10,11,12,13,14,15,",-87.2968,-103.799,-88.481,-93.5904,-88.0057,-70.9791,-87.0042,-88.1041,1.8134765625,0.0720328924643757,1.71484375,1.923828125,3714.0,147.52336376704153,8
ch2_cla_l1_20250801T045810797_20250801T045818797.fits,/home/saurabh/moon_project/data/CLASS/ch2_cla_l1_2025_08/cla/data/calibrated/2025/08/01/ch2_cla_l1_20250801T045810797_20250801T045818797.fits,2025-08-01T04:58:10.797,2025-08-01T04:58:18.797,2025-08-01T04:58:14.797,8.0,-37.3,13.5,100.909,-87.3688,-93.9473,-87.3736,-93.9031,93.6417,93.6417,CLASS_add_scds.pro,2.1,518,1,"0,2,3,4,5,6,7,8,9,10,11,12,13,14,15,",-86.8989,-105.429,-88.0985,-98.3384,-87.7013,-78.2438,-86.641,-91.4004,1.7734375,0.0742054403890689,1.66015625,1.865234375,3632.0,151.9727419168131,8
ch2_cla_l1_20250801T045818797_20250801T045826797.fits,/home/saurabh/moon_project/data/CLASS/ch2_cla_l1_2025_08/cla/data/calibrated/2025/08/01/ch2_cla_l1_20250801T045818797_20250801T045826797.fits,2025-08-01T04:58:18.797,2025-08-01T04:58:26.797,2025-08-01T04:58:22.797,8.0,-37.3,13.5,100.774,-86.9887,-96.9071,-86.9937,-96.8736,93.9912,93.9912,CLASS_add_scds.pro,2.1,519,1,"0,2,3,4,5,6,7,8,9,10,11,12,13,14,15,",-86.499,-106.688,-87.7074,-101.484,-87.369,-83.7436,-86.2689,-94.0478,1.83465576171875,0.061076123249175,1.73779296875,1.91357421875,3757.375,125.08390041431048,8
ch2_cla_l1_20250801T045826797_20250801T045834797.fits,/home/saurabh/moon_project/data/CLASS/ch2_cla_l1_2025_08/cla/data/calibrated/2025/08/01/ch2_cla_l1_20250801T045826797_20250801T045834797.fits,2025-08-01T04:58:26.797,2025-08-01T04:58:34.797,2025-08-01T04:58:30.797,8.0,-37.3,13.5,100.638,-86.6024,-99.1999,-86.6074,-99.1729,94.3407,94.3407,CLASS_add_scds.pro,2.1,520,1,"0,3,4,5,6,7,8,9,10,11,12,13,14,15,",-86.0978,-107.691,-87.3116,-103.709,-87.0181,-87.9815,-85.8904,-96.2129,1.763427734375,0.0580107247344966,1.67724609375,1.85205078125,3611.5,118.80596425624913,8
ch2_cla_l1_20250801T045834797_20250801T045842797.fits,/home/saurabh/moon_project/data/CLASS/ch2_cla_l1_2025_08/cla/data/calibrated/2025/08/01/ch2_cla_l1_20250801T045834797_20250801T045842797.fits,2025-08-01T04:58:34.797,2025-08-01T04:58:42.797,2025-08-01T04:58:38.797,8.0,-37.2,13.5,100.503,-86.2117,-101.023,-86.2168,-101.002,94.6903,94.6903,CLASS_add_scds.pro,2.1,521,1,"0,3,4,5,8,9,10,11,12,13,14,15,",-85.6955,-108.507,-86.9126,-105.365,-86.6542,-91.3155,-85.5069,-98.0104,1.8310546875,0.0575467989007269,1.73876953125,1.9248046875,3750.0,117.8558441486887,8
ch2_cla_l1_20250801T045842797_20250801T045850797.fits,/home/saurabh/moon_project/data/CLASS/ch2_cla_l1_2025_08/cla/data/calibrated/2025/08/01/ch2_cla_l1_20250801T045842797_20250801T045850797.fits,2025-08-01T04:58:42.797,2025-08-01T04:58:50.797,2025-08-01T04:58:46.797,8.0,-37.2,13.5,100.368,-85.8178,-102.505,-85.8229,-102.487,95.0398,95.0398,CLASS_add_scds.pro,2.1,522,1,"0,3,4,5,8,9,10,11,12,13,14,15,",-85.2924,-109.183,-86.5117,-106.641,-86.2814,-93.9883,-85.1195,-99.5245,1.76519775390625,0.0469870816799985,1.69140625,1.84033203125,3615.125,96.22954328063706,8
ch2_cla_l1_20250801T045850797_20250801T045858797.fits,/home/saurabh/moon_project/data/CLASS/ch2_cla_l1_2025_08/cla/data/calibrated/2025/08/01/ch2_cla_l1_20250801T045850797_20250801T045858797.fits,2025-08-01T04:58:50.797,2025-08-01T04:58:58.797,2025-08-01T04:58:54.797,8.0,-37.2,13.5,100.233,-85.4216,-103.732,-85.4267,-103.717,95.3893,95.3893,CLASS_add_scds.pro,2.1,523,1,"0,3,4,5,8,9,10,11,12,13,14,15,",-84.8887,-109.755,-86.1091,-107.653,-85.9016,-96.1703,-84.7293,-100.817,1.82659912109375,0.0381140413101417,1.76611328125,1.87841796875,3740.875,78.05755660317035,8
ch2_cla_l1_20250801T045858797_20250801T045906797.fits,/home/saurabh/moon_project/data/CLASS/ch2_cla_l1_2025_08/cla/data/calibrated/2025/08/01/ch2_cla_l1_20250801T045858797_20250801T045906797.fits,2025-08-01T04:58:58.797,2025-08-01T04:59:06.797,2025-08-01T04:59:02.797,8.0,-37.2,13.5,100.097,-85.0235,-104.764,-85.0286,-104.752,95.7387,95.7387,CLASS_add_scds.pro,2.1,524,1,"0,3,4,5,8,9,10,11,12,13,14,15,",-84.4845,-110.243,-85.7057,-108.478,-85.517,-97.9825,-84.3366,-101.931,1.7886962890625,0.0592019621472339,1.71337890625,1.90234375,3663.25,121.2456184775351,8
ch2_cla_l1_20250801T045906797_20250801T045914797.fits,/home/saurabh/moon_project/data/CLASS/ch2_cla_l1_2025_08/cla/data/calibrated/2025/08/01/ch2_cla_l1_20250801T045906797_20250801T045914797.fits,2025-08-01T04:59:06.797,2025-08-01T04:59:14.797,2025-08-01T04:59:10.797,8.0,-37.2,13.5,99.9615,-84.624,-105.644,-84.6291,-105.633,96.0882,96.0882,CLASS_add_scds.pro,2.1,525,1,"0,3,4,5,8,9,10,11,12,13,14,15,",-84.0801,-110.666,-85.3013,-109.161,-85.1285,-99.5073,-83.9421,-102.901,1.8404541015625,0.0331597565871328,1.79296875,1.88623046875,3769.25,67.91118149044803,8
ch2_cla_l1_20250801T045914797_20250801T045922797.fits,/home/saurabh/moon_project/data/CLASS/ch2_cla_l1_2025_08/cla/data/calibrated/2025/08/01/ch2_cla_l1_20250801T045914797_20250801T045922797.fits,2025-08-01T04:59:14.797,2025-08-01T04:59:22.797,2025-08-01T04:59:18.797,8.0,-37.3,13.5,99.8258,-84.2234,-106.402,-84.2286,-106.392,96.4376,96.4376,CLASS_add_scds.pro,2.1,526,1,"0,3,4,5,8,9,10,11,12,13,14,15,",-83.6751,-111.033,-84.8965,-109.737,-84.7372,-100.807,-83.5458,-103.752,1.8079833984375,0.0665680013285449,1.7109375,1.92333984375,3702.75,136.33126672086007,8
ch2_cla_l1_20250801T045922797_20250801T045930797.fits,/home/saurabh/moon_project/data/CLASS/ch2_cla_l1_2025_08/cla/data/calibrated/2025/08/01/ch2_cla_l1_20250801T045922797_20250801T045930797.fits,2025-08-01T04:59:22.797,2025-08-01T04:59:30.797,2025-08-01T04:59:26.797,8.0,-37.3,13.5,99.6901,-83.8219,-107.062,-83.8268,-107.054,96.787,96.787,CLASS_add_scds.pro,2.1,527,1,"0,3,4,5,8,9,10,11,12,13,14,15,",-83.2699,-111.359,-84.491,-110.227,-84.3432,-101.925,-83.1485,-104.505,1.83062744140625,0.0459692041338171,1.75146484375,1.89111328125,3749.125,94.1449300660575,8
ch2_cla_l1_20250801T045930797_20250801T045938797.fits,/home/saurabh/moon_project/data/CLASS/ch2_cla_l1_2025_08/cla/data/calibrated/2025/08/01/ch2_cla_l1_20250801T045930797_20250801T045938797.fits,2025-08-01T04:59:30.797,2025-08-01T04:59:38.797,2025-08-01T04:59:34.797,8.0,-37.3,13.5,99.5544,-83.4195,-107.643,-83.4247,-107.636,97.1363,97.1363,CLASS_add_scds.pro,2.1,528,1,"0,3,4,5,8,9,10,11,12,13,14,15,",-82.8646,-111.647,-84.0853,-110.653,-83.9475,-102.9,-82.7501,-105.177,1.82440185546875,0.0648198449723168,1.732421875,1.94091796875,3736.375,132.75104250330497,8
ch2_cla_l1_20250801T045938797_20250801T045946797.fits,/home/saurabh/moon_project/data/CLASS/ch2_cla_l1_2025_08/cla/data/calibrated/2025/08/01/ch2_cla_l1_20250801T045938797_20250801T045946797.fits,2025-08-01T04:59:38.797,2025-08-01T04:59:46.797,2025-08-01T04:59:42.797,8.0,-37.3,13.5,99.4186,-83.0166,-108.157,-83.0217,-108.15,97.4856,97.4856,CLASS_add_scds.pro,2.1,529,1,"0,3,4,5,8,9,10,11,12,13,14,15,",-82.4589,-111.905,-83.6793,-111.025,-83.5504,-103.755,-82.3507,-105.778,1.852294921875,0.0464318536289946,1.7783203125,1.92333984375,3793.5,95.0924362321811,8
ch2_cla_l1_20250801T045946797_20250801T045954797.fits,/home/saurabh/moon_project/data/CLASS/ch2_cla_l1_2025_08/cla/data/calibrated/2025/08/01/ch2_cla_l1_20250801T045946797_20250801T045954797.fits,2025-08-01T04:59:46.797,2025-08-01T04:59:54.797,2025-08-01T04:59:50.797,8.0,-37.3,13.5,99.2827,-82.613,-108.615,-82.6183,-108.609,97.8348,97.8348,CLASS_add_scds.pro,2.1,530,1,"0,3,4,5,8,9,10,11,12,13,14,15,",-82.053,-112.137,-83.2729,-111.351,-83.1517,-104.51,-81.9503,-106.32,1.8231201171875,0.0901048550525664,1.67626953125,1.94970703125,3733.75,184.53474314765612,8
ch2_cla_l1_20250801T045954797_20250801T050002797.fits,/home/saurabh/moon_project/data/CLASS/ch2_cla_l1_2025_08/cla/data/calibrated/2025/08/01/ch2_cla_l1_20250801T045954797_20250801T050002797.fits,2025-08-01T04:59:54.797,2025-08-01T05:00:02.797,2025-08-01T04:59:58.797,8.0,-37.4,13.5,99.1469,-82.209,-109.026,-82.214,-109.021,98.184,98.184,CLASS_add_scds.pro,2.1,531,1,"0,3,4,5,8,9,10,11,12,13,14,15,",-81.6471,-112.347,-82.8661,-111.641,-82.7519,-105.184,-81.5495,-106.811,1.83709716796875,0.0720999744914089,1.7197265625,1.9287109375,3762.375,147.66074775840542,8
ch2_cla_l1_20250801T050002797_20250801T050010797.fits,/home/saurabh/moon_project/data/CLASS/ch2_cla_l1_2025_08/cla/data/calibrated/2025/08/01/ch2_cla_l1_20250801T050002797_20250801T050010797.fits,2025-08-01T05:00:02.797,2025-08-01T05:00:10.797,2025-08-01T05:00:06.797,8.0,-37.3,13.5,99.011,-81.8046,-109.397,-81.8098,-109.392,98.5332,98.5332,CLASS_add_scds.pro,2.1,532,1,"0,3,4,5,8,9,10,11,",-81.2409,-112.537,-82.4594,-111.9,-82.3514,-105.787,-81.1478,-107.258,1.84454345703125,0.0858161118497132,1.703125,1.96240234375,3777.625,175.75139706821273,8
ch2_cla_l1_20250801T050010797_20250801T050018797.fits,/home/saurabh/moon_project/data/CLASS/ch2_cla_l1_2025_08/cla/data/calibrated/2025/08/01/ch2_cla_l1_20250801T050010797_20250801T050018797.fits,2025-08-01T05:00:10.797,2025-08-01T05:00:18.797,2025-08-01T05:00:14.797,8.0,-37.3,13.5,98.8752,-81.3999,-109.733,-81.4049,-109.729,98.8822,98.8822,CLASS_add_scds.pro,2.1,533,1,"0,3,4,5,8,9,10,11,",-80.8348,-112.712,-82.0522,-112.133,-81.9498,-106.33,-80.7459,-107.667,1.8551025390625,0.0710391087651531,1.74853515625,1.953125,3799.25,145.48809475103354,8
ch2_cla_l1_20250801T050018797_20250801T050026797.fits,/home/saurabh/moon_project/data/CLASS/ch2_cla_l1_2025_08/cla/data/calibrated/2025/08/01/ch2_cla_l1_20250801T050018797_20250801T050026797.fits,2025-08-01T05:00:18.797,2025-08-01T05:00:26.797,2025-08-01T05:00:22.797,8.0,-37.4,13.5,98.7393,-80.9948,-110.04,-81.0,-110.036,99.2312,99.2312,CLASS_add_scds.pro,2.1,534,1,"0,3,4,5,8,9,10,11,",-80.4282,-112.871,-81.6452,-112.345,-81.5478,-106.823,-80.3432,-108.041,1.85040283203125,0.0703642820992048,1.73046875,1.9609375,3789.625,144.1060497391715,8
ch2_cla_l1_20250801T050026797_20250801T050034797.fits,/home/saurabh/moon_project/data/CLASS/ch2_cla_l1_2025_08/cla/data/calibrated/2025/08/01/ch2_cla_l1_20250801T050026797_20250801T050034797.fits,2025-08-01T05:00:26.797,2025-08-01T05:00:34.797,2025-08-01T05:00:30.797,8.0,-37.4,13.5,98.6035,-80.5894,-110.32,-80.5945,-110.317,99.5801,99.5801,CLASS_add_scds.pro,2.1,535,1,"0,3,4,5,8,9,10,11,",-80.0216,-113.019,-81.2377,-112.535,-81.1449,-107.27,-79.94,-108.386,1.84503173828125,0.0584738458220245,1.76611328125,1.94189453125,3778.625,119.75443624350623,8
ch2_cla_l1_20250801T050034797_20250801T050042797.fits,/home/saurabh/moon_project/data/CLASS/ch2_cla_l1_2025_08/cla/data/calibrated/2025/08/01/ch2_cla_l1_20250801T050034797_20250801T050042797.fits,2025-08-01T05:00:34.797,2025-08-01T05:00:42.797,2025-08-01T05:00:38.797,8.0,-37.4,13.5,98.4677,-80.1837,-110.578,-80.1887,-110.574,99.929,99.929,CLASS_add_scds.pro,2.1,536,1,"0,3,4,5,8,9,10,11,",-79.6149,-113.155,-80.8301,-112.71,-80.7414,-107.679,-79.5366,-108.704,1.85125732421875,0.0901442295116382,1.693359375,1.96923828125,3791.375,184.61538203983517,8
ch2_cla_l1_20250801T050050797_20250801T050058797.fits,/home/saurabh/moon_project/data/CLASS/ch2_cla_l1_2025_08/cla/data/calibrated/2025/08/01/ch2_cla_l1_20250801T050050797_20250801T050058797.fits,2025-08-01T05:00:50.797,2025-08-01T05:00:58.797,2025-08-01T05:00:54.797,8.0,-37.4,13.5,98.1962,-79.3717,-111.035,-79.3768,-111.032,100.626,100.626,CLASS_add_scds.pro,2.1,538,1,"0,3,4,5,8,9,10,11,",-78.8012,-113.398,-80.0146,-113.018,-79.9333,-108.399,-78.7287,-109.274,1.761962890625,0.057415848277634,1.64990234375,1.82763671875,3608.5,117.58765727259448,8
ch2_cla_l1_20250801T050058797_20250801T050106797.fits,/home/saurabh/moon_project/data/CLASS/ch2_cla_l1_2025_08/cla/data/calibrated/2025/08/01/ch2_cla_l1_20250801T050058797_20250801T050106797.fits,2025-08-01T05:00:58.797,2025-08-01T05:01:06.797,2025-08-01T05:01:02.797,8.0,-37.5,13.5,98.0604,-78.9654,-111.239,-78.9705,-111.236,100.975,100.975,CLASS_add_scds.pro,2.1,539,1,"0,3,4,5,8,9,10,11,",-78.3942,-113.507,-79.6066,-113.154,-79.5285,-108.718,-78.3243,-109.529,1.7269287109375,0.037859681293694,1.6689453125,1.77685546875,3536.75,77.5366272894854,8
ch2_cla_l1_20250801T050106797_20250801T050114797.fits,/home/saurabh/moon_project/data/CLASS/ch2_cla_l1_2025_08/cla/data/calibrated/2025/08/01/ch2_cla_l1_20250801T050106797_20250801T050114797.fits,2025-08-01T05:01:06.797,2025-08-01T05:01:14.797,2025-08-01T05:01:10.797,8.0,-37.6,13.5,97.9248,-78.5589,-111.428,-78.564,-111.426,101.323,101.323,CLASS_add_scds.pro,2.1,540,1,"0,3,4,5,8,9,10,11,",-77.9871,-113.609,-79.1986,-113.281,-79.1235,-109.013,-77.9196,-109.768,1.766845703125,0.0520557148685361,1.6767578125,1.83544921875,3618.5,106.61010405076192,8
ch2_cla_l1_20250801T050114797_20250801T050122797.fits,/home/saurabh/moon_project/data/CLASS/ch2_cla_l1_2025_08/cla/data/calibrated/2025/08/01/ch2_cla_l1_20250801T050114797_20250801T050122797.fits,2025-08-01T05:01:14.797,2025-08-01T05:01:22.797,2025-08-01T05:01:18.797,8.0,-37.6,13.5,97.7892,-78.1522,-111.605,-78.1573,-111.603,101.672,101.672,CLASS_add_scds.pro,2.1,541,1,"0,3,4,5,8,9,10,11,",-77.58,-113.705,-78.7905,-113.398,-78.7182,-109.288,-77.5147,-109.992,1.71807861328125,0.0454029833494618,1.64404296875,1.79150390625,3518.625,92.98530989969792,8
ch2_cla_l1_20250801T050122797_20250801T050130797.fits,/home/saurabh/moon_project/data/CLASS/ch2_cla_l1_2025_08/cla/data/calibrated/2025/08/01/ch2_cla_l1_20250801T050122797_20250801T050130797.fits,2025-08-01T05:01:22.797,2025-08-01T05:01:30.797,2025-08-01T05:01:26.797,8.0,-37.6,13.5,97.6536,-77.7454,-111.771,-77.7505,-111.769,102.02,102.02,CLASS_add_scds.pro,2.1,542,1,"0,3,4,5,8,9,10,11,",-77.1726,-113.795,-78.3823,-113.508,-78.3126,-109.544,-77.1095,-110.201,1.789306640625,0.0420894067708091,1.7216796875,1.849609375,3664.5,86.19910506661722,8
ch2_cla_l1_20250801T050130797_20250801T050138797.fits,/home/saurabh/moon_project/data/CLASS/ch2_cla_l1_2025_08/cla/data/calibrated/2025/08/01/ch2_cla_l1_20250801T050130797_20250801T050138797.fits,2025-08-01T05:01:30.797,2025-08-01T05:01:38.797,2025-08-01T05:01:34.797,8.0,-37.6,13.5,97.5181,-77.3384,-111.926,-77.3435,-111.924,102.368,102.368,CLASS_add_scds.pro,2.1,543,1,"0,3,4,5,8,9,10,11,",-76.7654,-113.879,-77.9739,-113.61,-77.9066,-109.783,-76.7043,-110.398,1.7352294921875,0.0448738931807046,1.66357421875,1.80078125,3553.75,91.90173323408308,8
ch2_cla_l1_20250801T050138797_20250801T050146797.fits,/home/saurabh/moon_project/data/CLASS/ch2_cla_l1_2025_08/cla/data/calibrated/2025/08/01/ch2_cla_l1_20250801T050138797_20250801T050146797.fits,2025-08-01T05:01:38.797,2025-08-01T05:01:46.797,2025-08-01T05:01:42.797,8.0,-37.6,13.5,97.3826,-76.9313,-112.071,-76.9363,-112.069,102.716,102.716,CLASS_add_scds.pro,2.1,544,1,"0,3,4,5,8,9,10,11,",-76.3579,-113.959,-77.5656,-113.706,-77.5006,-110.006,-76.2986,-110.584,1.79107666015625,0.0615397321440842,1.69287109375,1.8779296875,3668.125,126.03337143108452,8
ch2_cla_l1_20250801T050146797_20250801T050154797.fits,/home/saurabh/moon_project/data/CLASS/ch2_cla_l1_2025_08/cla/data/calibrated/2025/08/01/ch2_cla_l1_20250801T050146797_20250801T050154797.fits,2025-08-01T05:01:46.797,2025-08-01T05:01:54.797,2025-08-01T05:01:50.797,8.0,-37.6,13.5,97.2473,-76.524,-112.208,-76.5291,-112.207,103.064,103.064,CLASS_add_scds.pro,2.1,545,1,"0,3,4,5,8,9,10,11,",-75.9503,-114.035,-77.157,-113.797,-77.0941,-110.216,-75.8928,-110.759,1.74005126953125,0.0978503015859534,1.60595703125,1.9033203125,3563.625,200.3974176480326,8
ch2_cla_l1_20250801T050154797_20250801T050202797.fits,/home/saurabh/moon_project/data/CLASS/ch2_cla_l1_2025_08/cla/data/calibrated/2025/08/01/ch2_cla_l1_20250801T050154797_20250801T050202797.fits,2025-08-01T05:01:54.797,2025-08-01T05:02:02.797,2025-08-01T05:01:58.797,8.0,-37.7,13.5,97.1119,-76.1166,-112.338,-76.1217,-112.336,103.412,103.412,CLASS_add_scds.pro,2.1,546,1,"0,3,4,5,8,9,10,11,",-75.5427,-114.106,-76.7484,-113.882,-76.6875,-110.413,-75.4868,-110.925,1.79644775390625,0.0775317693453402,1.6796875,1.888671875,3679.125,158.7850636192568,8
ch2_cla_l1_20250801T050202797_20250801T050210797.fits,/home/saurabh/moon_project/data/CLASS/ch2_cla_l1_2025_08/cla/data/calibrated/2025/08/01/ch2_cla_l1_20250801T050202797_20250801T050210797.fits,2025-08-01T05:02:02.797,2025-08-01T05:02:10.797,2025-08-01T05:02:06.797,8.0,-37.7,13.5,96.9767,-75.7091,-112.46,-75.7141,-112.458,103.759,103.759,CLASS_add_scds.pro,2.1,547,1,"0,3,4,5,8,9,10,11,",-75.135,-114.174,-76.3396,-113.961,-76.2806,-110.599,-75.0808,-111.082,1.77703857421875,0.0868218975730343,1.67041015625,1.94091796875,3639.375,177.81124622957427,8
ch2_cla_l1_20250801T050210797_20250801T050218797.fits,/home/saurabh/moon_project/data/CLASS/ch2_cla_l1_2025_08/cla/data/calibrated/2025/08/01/ch2_cla_l1_20250801T050210797_20250801T050218797.fits,2025-08-01T05:02:10.797,2025-08-01T05:02:18.797,2025-08-01T05:02:14.797,8.0,-37.7,13.5,96.8416,-75.3014,-112.575,-75.3065,-112.574,104.107,104.107,CLASS_add_scds.pro,2.1,548,1,"0,3,4,5,8,10,11,",-74.7272,-114.238,-75.9309,-114.037,-75.8737,-110.774,-74.6744,-111.23,1.781494140625,0.0584051092850368,1.6923828125,1.8720703125,3648.5,119.61366381575549,8
ch2_cla_l1_20250801T050218797_20250801T050226797.fits,/home/saurabh/moon_project/data/CLASS/ch2_cla_l1_2025_08/cla/data/calibrated/2025/08/01/ch2_cla_l1_20250801T050218797_20250801T050226797.fits,2025-08-01T05:02:18.797,2025-08-01T05:02:26.797,2025-08-01T05:02:22.797,8.0,-37.7,13.5,96.7065,-74.8937,-112.685,-74.8988,-112.683,104.454,104.454,CLASS_add_scds.pro,2.1,549,1,"0,3,4,5,8,10,11,",-74.3194,-114.3,-75.522,-114.109,-75.4664,-110.939,-74.268,-111.372,1.779296875,0.0545265788491311,1.6728515625,1.8369140625,3644.0,111.67043348302052,8
ch2_cla_l1_20250801T050226797_20250801T050234797.fits,/home/saurabh/moon_project/data/CLASS/ch2_cla_l1_2025_08/cla/data/calibrated/2025/08/01/ch2_cla_l1_20250801T050226797_20250801T050234797.fits,2025-08-01T05:02:26.797,2025-08-01T05:02:34.797,2025-08-01T05:02:30.797,8.0,-37.7,13.5,96.5716,-74.4858,-112.789,-74.4909,-112.787,104.801,104.801,CLASS_add_scds.pro,2.1,550,1,"0,3,4,5,8,10,11,",-73.9114,-114.358,-75.1131,-114.177,-75.0591,-111.096,-73.8614,-111.506,1.80426025390625,0.0564626142051572,1.72216796875,1.89208984375,3695.125,115.635433892162,8
ch2_cla_l1_20250801T050234797_20250801T050242797.fits,/home/saurabh/moon_project/data/CLASS/ch2_cla_l1_2025_08/cla/data/calibrated/2025/08/01/ch2_cla_l1_20250801T050234797_20250801T050242797.fits,2025-08-01T05:02:34.797,2025-08-01T05:02:42.797,2025-08-01T05:02:38.797,8.0,-37.7,13.5,96.4367,-74.0779,-112.887,-74.0829,-112.886,105.148,105.148,CLASS_add_scds.pro,2.1,551,1,"0,3,4,5,8,9,10,11,",-73.5034,-114.414,-74.7041,-114.241,-74.6515,-111.244,-73.4546,-111.633,1.76824951171875,0.0696769632588381,1.677734375,1.8720703125,3621.375,142.69842075410045,8
ch2_cla_l1_20250801T050242797_20250801T050250797.fits,/home/saurabh/moon_project/data/CLASS/ch2_cla_l1_2025_08/cla/data/calibrated/2025/08/01/ch2_cla_l1_20250801T050242797_20250801T050250797.fits,2025-08-01T05:02:42.797,2025-08-01T05:02:50.797,2025-08-01T05:02:46.797,8.0,-37.8,13.5,96.302,-73.6698,-112.981,-73.6748,-112.98,105.495,105.495,CLASS_add_scds.pro,2.1,552,1,"0,3,4,5,8,10,11,",-73.0953,-114.467,-74.295,-114.302,-74.2438,-111.385,-73.0477,-111.755,1.78985595703125,0.0546588043909674,1.6767578125,1.85302734375,3665.625,111.94123139270124,8
ch2_cla_l1_20250801T050250797_20250801T050258797.fits,/home/saurabh/moon_project/data/CLASS/ch2_cla_l1_2025_08/cla/data/calibrated/2025/08/01/ch2_cla_l1_20250801T050250797_20250801T050258797.fits,2025-08-01T05:02:50.797,2025-08-01T05:02:58.797,2025-08-01T05:02:54.797,8.0,-37.8,13.5,96.1674,-73.2616,-113.071,-73.2666,-113.07,105.842,105.842,CLASS_add_scds.pro,2.1,553,1,"0,3,4,8,10,11,",-72.6872,-114.518,-73.8858,-114.361,-73.836,-111.52,-72.6408,-111.872,1.80108642578125,0.0527879150513676,1.73046875,1.87548828125,3688.625,108.10965002520092,8
ch2_cla_l1_20250801T050258797_20250801T050306797.fits,/home/saurabh/moon_project/data/CLASS/ch2_cla_l1_2025_08/cla/data/calibrated/2025/08/01/ch2_cla_l1_20250801T050258797_20250801T050306797.fits,2025-08-01T05:02:58.797,2025-08-01T05:03:06.797,2025-08-01T05:03:02.797,8.0,-37.8,13.5,96.0329,-72.8534,-113.157,-72.8584,-113.156,106.188,106.188,CLASS_add_scds.pro,2.1,554,1,"0,3,4,8,10,11,",-72.2789,-114.566,-73.4766,-114.417,-73.4281,-111.647,-72.2336,-111.983,1.81243896484375,0.0351363231558209,1.7646484375,1.85693359375,3711.875,71.95918982312128,8
ch2_cla_l1_20250801T050306797_20250801T050314797.fits,/home/saurabh/moon_project/data/CLASS/ch2_cla_l1_2025_08/cla/data/calibrated/2025/08/01/ch2_cla_l1_20250801T050306797_20250801T050314797.fits,2025-08-01T05:03:06.797,2025-08-01T05:03:14.797,2025-08-01T05:03:10.797,8.0,-37.8,13.5,95.8986,-72.445,-113.239,-72.45,-113.238,106.535,106.535,CLASS_add_scds.pro,2.1,555,1,"0,3,4,8,10,11,",-71.8707,-114.613,-73.0672,-114.47,-73.0199,-111.769,-71.8264,-112.089,1.80450439453125,0.0755328809276973,1.67919921875,1.91162109375,3695.625,154.69134013992416,8
ch2_cla_l1_20250801T050314797_20250801T050322797.fits,/home/saurabh/moon_project/data/CLASS/ch2_cla_l1_2025_08/cla/data/calibrated/2025/08/01/ch2_cla_l1_20250801T050314797_20250801T050322797.fits,2025-08-01T05:03:14.797,2025-08-01T05:03:22.797,2025-08-01T05:03:18.797,8.0,-37.8,13.5,95.7644,-72.0366,-113.317,-72.0417,-113.315,106.881,106.881,CLASS_add_scds.pro,2.1,556,1,"0,3,4,5,8,10,11,",-71.4625,-114.658,-72.6579,-114.521,-72.6117,-111.885,-71.4193,-112.191,1.80242919921875,0.0436817317751047,1.72802734375,1.86376953125,3691.375,89.46018667541445,8
ch2_cla_l1_20250801T050322797_20250801T050330797.fits,/home/saurabh/moon_project/data/CLASS/ch2_cla_l1_2025_08/cla/data/calibrated/2025/08/01/ch2_cla_l1_20250801T050322797_20250801T050330797.fits,2025-08-01T05:03:22.797,2025-08-01T05:03:30.797,2025-08-01T05:03:26.797,8.0,-37.8,13.5,95.6303,-71.628,-113.392,-71.6332,-113.391,107.226,107.226,CLASS_add_scds.pro,2.1,557,1,"0,3,4,5,8,10,11,",-71.054,-114.701,-72.2486,-114.57,-72.2035,-111.996,-71.0118,-112.288,1.840087890625,0.0806173320516161,1.701171875,1.94873046875,3768.5,165.10429604170986,8
ch2_cla_l1_20250801T050330797_20250801T050338797.fits,/home/saurabh/moon_project/data/CLASS/ch2_cla_l1_2025_08/cla/data/calibrated/2025/08/01/ch2_cla_l1_20250801T050330797_20250801T050338797.fits,2025-08-01T05:03:30.797,2025-08-01T05:03:38.797,2025-08-01T05:03:34.797,8.0,-37.8,13.5,95.4964,-71.2194,-113.464,-71.2245,-113.463,107.572,107.572,CLASS_add_scds.pro,2.1,558,1,"0,3,4,5,8,10,11,",-70.6454,-114.743,-71.839,-114.617,-71.7951,-112.103,-70.604,-112.382,1.80242919921875,0.0632943693148604,1.69921875,1.892578125,3691.375,129.6268683568341,8
ch2_cla_l1_20250801T050338797_20250801T050346797.fits,/home/saurabh/moon_project/data/CLASS/ch2_cla_l1_2025_08/cla/data/calibrated/2025/08/01/ch2_cla_l1_20250801T050338797_20250801T050346797.fits,2025-08-01T05:03:38.797,2025-08-01T05:03:46.797,2025-08-01T05:03:42.797,8.0,-37.9,13.5,95.3626,-70.8107,-113.533,-70.8157,-113.532,107.918,107.918,CLASS_add_scds.pro,2.1,559,1,"0,3,4,5,8,10,11,",-70.2367,-114.783,-71.4294,-114.662,-71.3863,-112.204,-70.1962,-112.472,1.82952880859375,0.0796090720483921,1.728515625,1.95703125,3746.875,163.03937955510713,8
ch2_cla_l1_20250801T050346797_20250801T050354797.fits,/home/saurabh/moon_project/data/CLASS/ch2_cla_l1_2025_08/cla/data/calibrated/2025/08/01/ch2_cla_l1_20250801T050346797_20250801T050354797.fits,2025-08-01T05:03:46.797,2025-08-01T05:03:54.797,2025-08-01T05:03:50.797,8.0,-37.9,13.5,95.229,-70.4019,-113.599,-70.4068,-113.598,108.263,108.263,CLASS_add_scds.pro,2.1,560,1,"0,3,4,5,8,10,11,",-69.8282,-114.821,-71.0196,-114.704,-70.9775,-112.301,-69.7886,-112.558,1.807861328125,0.0803507242212679,1.68603515625,1.9140625,3702.5,164.55828320515676,8
ch2_cla_l1_20250801T050354797_20250801T050402797.fits,/home/saurabh/moon_project/data/CLASS/ch2_cla_l1_2025_08/cla/data/calibrated/2025/08/01/ch2_cla_l1_20250801T050354797_20250801T050402797.fits,2025-08-01T05:03:54.797,2025-08-01T05:04:02.797,2025-08-01T05:03:58.797,8.0,-38.1,13.5,95.0956,-69.993,-113.662,-69.9981,-113.662,108.608,108.608,CLASS_add_scds.pro,2.1,561,1,"0,1,3,4,5,6,8,9,10,11,",-69.4194,-114.858,-70.61,-114.746,-70.5689,-112.395,-69.3806,-112.641,1.84674072265625,0.09296467509962,1.68896484375,1.96728515625,3782.125,190.39165460402185,8
ch2_cla_l1_20250801T050410797_20250801T050418797.fits,/home/saurabh/moon_project/data/CLASS/ch2_cla_l1_2025_08/cla/data/calibrated/2025/08/01/ch2_cla_l1_20250801T050410797_20250801T050418797.fits,2025-08-01T05:04:10.797,2025-08-01T05:04:18.797,2025-08-01T05:04:14.797,8.0,-38.4,13.5,94.8293,-69.175,-113.783,-69.1798,-113.782,109.297,109.297,CLASS_add_scds.pro,2.1,563,1,"0,1,2,3,4,5,6,7,8,9,10,11,12,13,14,15,",-68.6016,-114.929,-69.7902,-114.825,-69.7508,-112.571,-68.5643,-112.799,1.73809814453125,0.0565707899008722,1.650390625,1.82763671875,3559.625,115.8569777169864,8
ch2_cla_l1_20250801T050426797_20250801T050434797.fits,/home/saurabh/moon_project/data/CLASS/ch2_cla_l1_2025_08/cla/data/calibrated/2025/08/01/ch2_cla_l1_20250801T050426797_20250801T050434797.fits,2025-08-01T05:04:26.797,2025-08-01T05:04:34.797,2025-08-01T05:04:30.797,8.0,-38.4,13.5,94.5637,-68.3567,-113.895,-68.3615,-113.894,109.985,109.985,CLASS_add_scds.pro,2.1,565,1,"0,1,2,3,4,5,6,7,8,9,10,11,12,13,14,15,",-67.7839,-114.995,-68.9702,-114.898,-68.9323,-112.734,-67.748,-112.945,1.7491455078125,0.0455054997663975,1.6826171875,1.82763671875,3582.25,93.19526352158216,8
ch2_cla_l1_20250801T050442797_20250801T050450797.fits,/home/saurabh/moon_project/data/CLASS/ch2_cla_l1_2025_08/cla/data/calibrated/2025/08/01/ch2_cla_l1_20250801T050442797_20250801T050450797.fits,2025-08-01T05:04:42.797,2025-08-01T05:04:50.797,2025-08-01T05:04:46.797,8.0,-38.5,13.5,94.299,-67.538,-113.999,-67.5429,-113.998,110.673,110.673,CLASS_add_scds.pro,2.1,567,1,"0,1,2,3,4,5,6,7,8,9,10,11,12,13,14,15,",-66.9657,-115.057,-68.1501,-114.966,-68.1136,-112.885,-66.9312,-113.081,1.75140380859375,0.0340753324642181,1.6982421875,1.80712890625,3586.875,69.7862808867187,8
ch2_cla_l1_20250801T062048395_20250801T062056395.fits,/home/saurabh/moon_project/data/CLASS/ch2_cla_l1_2025_08/cla/data/calibrated/2025/08/01/ch2_cla_l1_20250801T062048395_20250801T062056395.fits,2025-08-01T06:20:48.395,2025-08-01T06:20:56.395,2025-08-01T06:20:52.395,8.0,-45.0,13.5,116.557,13.0919,63.1126,13.098,63.1128,32.5796,32.5796,CLASS_add_scds.pro,2.1,255,1,"0,1,2,3,4,5,6,7,8,9,10,11,12,13,14,15,",13.7857,62.6323,12.4266,62.6085,12.4093,63.5906,13.7683,63.6198,1.7994384765625,0.0464822574055292,1.728515625,1.8681640625,3685.25,95.19566316652396,8
ch2_cla_l1_20250801T062056395_20250801T062104395.fits,/home/saurabh/moon_project/data/CLASS/ch2_cla_l1_2025_08/cla/data/calibrated/2025/08/01/ch2_cla_l1_20250801T062056395_20250801T062104395.fits,2025-08-01T06:20:56.395,2025-08-01T06:21:04.395,2025-08-01T06:21:00.395,8.0,-44.9,13.5,116.612,12.692,63.104,12.698,63.1042,32.4568,32.4568,CLASS_add_scds.pro,2.1,256,1,"0,1,2,3,4,5,6,7,8,9,10,11,12,13,14,15,",13.386,62.6242,12.0264,62.6004,12.0091,63.5815,13.3686,63.6105,1.72802734375,0.055807669352883,1.65283203125,1.818359375,3539.0,114.29410683470456,8
ch2_cla_l1_20250801T062104395_20250801T062112395.fits,/home/saurabh/moon_project/data/CLASS/ch2_cla_l1_2025_08/cla/data/calibrated/2025/08/01/ch2_cla_l1_20250801T062104395_20250801T062112395.fits,2025-08-01T06:21:04.395,2025-08-01T06:21:12.395,2025-08-01T06:21:08.395,8.0,-44.8,13.5,116.666,12.292,63.0954,12.2981,63.0955,32.3379,32.3379,CLASS_add_scds.pro,2.1,257,1,"0,1,2,3,4,5,6,7,8,9,10,11,12,13,14,15,",12.9862,62.6161,11.6263,62.5923,11.609,63.5724,12.9689,63.6013,1.80242919921875,0.0585105305021388,1.71044921875,1.89892578125,3691.375,119.82956646838042,8
ch2_cla_l1_20250801T062112395_20250801T062120395.fits,/home/saurabh/moon_project/data/CLASS/ch2_cla_l1_2025_08/cla/data/calibrated/2025/08/01/ch2_cla_l1_20250801T062112395_20250801T062120395.fits,2025-08-01T06:21:12.395,2025-08-01T06:21:20.395,2025-08-01T06:21:16.395,8.0,-44.8,13.5,116.719,11.8921,63.0867,11.8981,63.0869,32.2231,32.2231,CLASS_add_scds.pro,2.1,258,1,"0,1,2,3,4,5,6,7,8,9,10,11,12,13,14,15,",12.5866,62.6081,11.2261,62.5842,11.2089,63.5633,12.5692,63.5921,1.7672119140625,0.066651348783831,1.671875,1.85888671875,3619.25,136.50196230928591,8
ch2_cla_l1_20250801T062120395_20250801T062128395.fits,/home/saurabh/moon_project/data/CLASS/ch2_cla_l1_2025_08/cla/data/calibrated/2025/08/01/ch2_cla_l1_20250801T062120395_20250801T062128395.fits,2025-08-01T06:21:20.395,2025-08-01T06:21:28.395,2025-08-01T06:21:24.395,8.0,-44.8,13.5,116.771,11.4922,63.0782,11.4982,63.0783,32.1124,32.1124,CLASS_add_scds.pro,2.1,259,1,"0,1,2,3,4,5,6,7,8,9,10,11,12,13,14,15,",12.1868,62.5999,10.826,62.5761,10.8088,63.5543,12.1695,63.5829,1.791259765625,0.0885904215300121,1.66796875,1.92333984375,3668.5,181.4331832934648,8
ch2_cla_l1_20250801T062128395_20250801T062136395.fits,/home/saurabh/moon_project/data/CLASS/ch2_cla_l1_2025_08/cla/data/calibrated/2025/08/01/ch2_cla_l1_20250801T062128395_20250801T062136395.fits,2025-08-01T06:21:28.395,2025-08-01T06:21:36.395,2025-08-01T06:21:32.395,8.0,-44.7,13.5,116.822,11.0923,63.0696,11.0984,63.0698,32.0058,32.0058,CLASS_add_scds.pro,2.1,260,1,"0,1,2,3,4,5,6,7,8,9,10,11,12,13,14,15,",11.7871,62.5918,10.426,62.568,10.4088,63.5454,11.7698,63.5738,1.76947021484375,0.0657472043559403,1.6572265625,1.865234375,3623.875,134.65027452096572,8
ch2_cla_l1_20250801T062136395_20250801T062144395.fits,/home/saurabh/moon_project/data/CLASS/ch2_cla_l1_2025_08/cla/data/calibrated/2025/08/01/ch2_cla_l1_20250801T062136395_20250801T062144395.fits,2025-08-01T06:21:36.395,2025-08-01T06:21:44.395,2025-08-01T06:21:40.395,8.0,-44.6,13.5,116.872,10.6924,63.061,10.6986,63.0612,31.9033,31.9033,CLASS_add_scds.pro,2.1,261,1,"0,1,2,3,4,5,6,7,8,9,10,11,12,13,14,15,",11.3875,62.5837,10.0259,62.5598,10.0088,63.5364,11.3702,63.5647,1.8099365234375,0.0845847736355027,1.68896484375,1.931640625,3706.75,173.2296164055096,8
ch2_cla_l1_20250801T062304395_20250801T062312395.fits,/home/saurabh/moon_project/data/CLASS/ch2_cla_l1_2025_08/cla/data/calibrated/2025/08/01/ch2_cla_l1_20250801T062304395_20250801T062312395.fits,2025-08-01T06:23:04.395,2025-08-01T06:23:12.395,2025-08-01T06:23:08.395,8.0,-44.1,13.5,117.364,6.2953,62.9681,6.3014,62.9683,31.0622,31.0622,CLASS_add_scds.pro,2.1,272,1,"0,1,2,3,4,5,6,7,8,9,10,11,12,13,14,15,",6.9924,62.4946,5.627,62.4702,5.6099,63.4406,6.9753,63.4676,1.73516845703125,0.0500624794236262,1.66552734375,1.82177734375,3553.625,102.5279578595865,8
ch2_cla_l1_20250801T062320395_20250801T062328395.fits,/home/saurabh/moon_project/data/CLASS/ch2_cla_l1_2025_08/cla/data/calibrated/2025/08/01/ch2_cla_l1_20250801T062320395_20250801T062328395.fits,2025-08-01T06:23:20.395,2025-08-01T06:23:28.395,2025-08-01T06:23:24.395,8.0,-43.9,13.5,117.441,5.496,62.9514,5.502,62.9514,30.9673,30.9673,CLASS_add_scds.pro,2.1,274,1,"0,1,2,3,4,5,6,7,8,9,10,11,12,13,14,15,",6.1935,62.4782,4.8275,62.4538,4.8104,63.4236,6.1764,63.4503,1.7342529296875,0.0684702693872354,1.62744140625,1.83544921875,3551.75,140.22711170505815,8
ch2_cla_l1_20250801T062336395_20250801T062344395.fits,/home/saurabh/moon_project/data/CLASS/ch2_cla_l1_2025_08/cla/data/calibrated/2025/08/01/ch2_cla_l1_20250801T062336395_20250801T062344395.fits,2025-08-01T06:23:36.395,2025-08-01T06:23:44.395,2025-08-01T06:23:40.395,8.0,-43.8,13.5,117.515,4.6969,62.9347,4.7029,62.9348,30.8909,30.8909,CLASS_add_scds.pro,2.1,276,1,"0,1,2,3,4,5,6,7,8,9,10,11,12,13,14,15,",5.3946,62.4619,4.028,62.4374,4.0109,63.4067,5.3775,63.4333,1.75726318359375,0.0750967026759279,1.640625,1.86767578125,3598.875,153.79804708030036,8
ch2_cla_l1_20250801T062352395_20250801T062400395.fits,/home/saurabh/moon_project/data/CLASS/ch2_cla_l1_2025_08/cla/data/calibrated/2025/08/01/ch2_cla_l1_20250801T062352395_20250801T062400395.fits,2025-08-01T06:23:52.395,2025-08-01T06:24:00.395,2025-08-01T06:23:56.395,8.0,-43.7,13.5,117.585,3.8977,62.918,3.9038,62.9181,30.833,30.833,CLASS_add_scds.pro,2.1,278,1,"0,1,2,3,4,5,6,7,8,9,10,11,12,13,14,15,",4.5959,62.4456,3.2287,62.4208,3.2116,63.3899,4.5788,63.4163,1.7635498046875,0.0584277025465294,1.666015625,1.8388671875,3611.75,119.65993481529227,8
ch2_cla_l1_20250801T062400395_20250801T062408395.fits,/home/saurabh/moon_project/data/CLASS/ch2_cla_l1_2025_08/cla/data/calibrated/2025/08/01/ch2_cla_l1_20250801T062400395_20250801T062408395.fits,2025-08-01T06:24:00.395,2025-08-01T06:24:08.395,2025-08-01T06:24:04.395,8.0,-43.6,13.5,117.619,3.4982,62.9097,3.5044,62.9097,30.811,30.811,CLASS_add_scds.pro,2.1,279,1,"0,1,2,3,4,5,6,7,8,9,10,11,12,13,14,15,",4.1965,62.4372,2.8292,62.4125,2.8121,63.3815,4.1794,63.4078,1.72601318359375,0.0468266101113719,1.64501953125,1.7939453125,3534.875,95.9008975080898,8
ch2_cla_l1_20250801T062408395_20250801T062416395.fits,/home/saurabh/moon_project/data/CLASS/ch2_cla_l1_2025_08/cla/data/calibrated/2025/08/01/ch2_cla_l1_20250801T062408395_20250801T062416395.fits,2025-08-01T06:24:08.395,2025-08-01T06:24:16.395,2025-08-01T06:24:12.395,8.0,-43.6,13.5,117.651,3.0987,62.9014,3.1048,62.9016,30.7937,30.7937,CLASS_add_scds.pro,2.1,280,1,"0,1,2,3,4,5,6,7,8,9,10,11,12,13,14,15,",3.7972,62.429,2.4295,62.4044,2.4124,63.3733,3.7801,63.3993,1.75457763671875,0.0421823145187334,1.70166015625,1.82568359375,3593.375,86.38938013436605,8
ch2_cla_l1_20250801T062416395_20250801T062424395.fits,/home/saurabh/moon_project/data/CLASS/ch2_cla_l1_2025_08/cla/data/calibrated/2025/08/01/ch2_cla_l1_20250801T062416395_20250801T062424395.fits,2025-08-01T06:24:16.395,2025-08-01T06:24:24.395,2025-08-01T06:24:20.395,8.0,-43.6,13.5,117.683,2.6992,62.8931,2.7052,62.8933,30.781,30.781,CLASS_add_scds.pro,2.1,281,1,"0,1,2,3,4,5,6,7,8,9,10,11,12,13,14,15,",3.3978,62.4209,2.0298,62.3961,2.0127,63.365,3.3807,63.3911,1.71893310546875,0.0413686391281655,1.65673828125,1.77099609375,3520.375,84.72297293448302,8
ch2_cla_l1_20250801T062424395_20250801T062432395.fits,/home/saurabh/moon_project/data/CLASS/ch2_cla_l1_2025_08/cla/data/calibrated/2025/08/01/ch2_cla_l1_20250801T062424395_20250801T062432395.fits,2025-08-01T06:24:24.395,2025-08-01T06:24:32.395,2025-08-01T06:24:28.395,8.0,-43.5,13.5,117.714,2.2997,62.8848,2.3058,62.885,30.773,30.773,CLASS_add_scds.pro,2.1,282,1,"0,1,2,3,4,5,6,7,8,9,10,11,12,13,14,15,",2.9983,62.4126,1.6301,62.3877,1.6131,63.3567,2.9812,63.3827,1.7725830078125,0.0422362273236307,1.705078125,1.8291015625,3630.25,86.49979355879576,8
ch2_cla_l1_20250801T062432395_20250801T062440395.fits,/home/saurabh/moon_project/data/CLASS/ch2_cla_l1_2025_08/cla/data/calibrated/2025/08/01/ch2_cla_l1_20250801T062432395_20250801T062440395.fits,2025-08-01T06:24:32.395,2025-08-01T06:24:40.395,2025-08-01T06:24:36.395,8.0,-43.5,13.5,117.744,1.9002,62.8765,1.9063,62.8766,30.7697,30.7697,CLASS_add_scds.pro,2.1,283,1,"0,1,2,3,4,5,6,7,8,9,10,11,12,13,14,15,",2.5989,62.4043,1.2307,62.3794,1.2135,63.3484,2.5818,63.3743,1.75335693359375,0.0558914854455049,1.6826171875,1.85546875,3590.875,114.46576219239408,8
ch2_cla_l1_20250801T062440395_20250801T062448395.fits,/home/saurabh/moon_project/data/CLASS/ch2_cla_l1_2025_08/cla/data/calibrated/2025/08/01/ch2_cla_l1_20250801T062440395_20250801T062448395.fits,2025-08-01T06:24:40.395,2025-08-01T06:24:48.395,2025-08-01T06:24:44.395,8.0,-43.4,13.5,117.773,1.5008,62.8682,1.5069,62.8683,30.7711,30.7711,CLASS_add_scds.pro,2.1,284,1,"0,1,2,3,4,5,6,7,8,9,10,11,12,13,14,15,",2.1997,62.3961,0.8311,62.371,0.814,63.3402,2.1826,63.366,1.7586669921875,0.0581314010728539,1.666015625,1.84912109375,3601.75,119.05310939720498,8
ch2_cla_l1_20250801T062448395_20250801T062456395.fits,/home/saurabh/moon_project/data/CLASS/ch2_cla_l1_2025_08/cla/data/calibrated/2025/08/01/ch2_cla_l1_20250801T062448395_20250801T062456395.fits,2025-08-01T06:24:48.395,2025-08-01T06:24:56.395,2025-08-01T06:24:52.395,8.0,-43.3,13.5,117.801,1.1013,62.8599,1.1074,62.86,30.7772,30.7772,CLASS_add_scds.pro,2.1,285,1,"0,1,2,3,4,5,6,7,8,9,10,11,12,13,14,15,",1.8004,62.3877,0.4317,62.3627,0.4145,63.332,1.7833,63.3577,1.75054931640625,0.052703000378115,1.65234375,1.81005859375,3585.125,107.93574477437954,8
ch2_cla_l1_20250801T062456395_20250801T062504395.fits,/home/saurabh/moon_project/data/CLASS/ch2_cla_l1_2025_08/cla/data/calibrated/2025/08/01/ch2_cla_l1_20250801T062456395_20250801T062504395.fits,2025-08-01T06:24:56.395,2025-08-01T06:25:04.395,2025-08-01T06:25:00.395,8.0,-43.3,13.5,117.828,0.7019,62.8516,0.708,62.8517,30.7879,30.7879,CLASS_add_scds.pro,2.1,286,1,"0,1,2,3,4,5,6,7,8,9,10,11,12,13,14,15,",1.4012,62.3795,0.0322,62.3542,0.015,63.3237,1.384,63.3495,1.778564453125,0.0605260575891619,1.689453125,1.8720703125,3642.5,123.95736594260372,8
ch2_cla_l1_20250801T062504395_20250801T062512395.fits,/home/saurabh/moon_project/data/CLASS/ch2_cla_l1_2025_08/cla/data/calibrated/2025/08/01/ch2_cla_l1_20250801T062504395_20250801T062512395.fits,2025-08-01T06:25:04.395,2025-08-01T06:25:12.395,2025-08-01T06:25:08.395,8.0,-43.3,13.5,117.855,0.3025,62.8433,0.3087,62.8434,30.8033,30.8033,CLASS_add_scds.pro,2.1,287,1,"0,1,2,3,4,5,6,7,8,9,10,11,12,13,14,15,",1.0019,62.3711,-0.3674,62.3458,-0.3845,63.3156,0.9847,63.3412,1.7774658203125,0.0951898898447381,1.611328125,1.9111328125,3640.25,194.9488944020238,8
ch2_cla_l1_20250801T062512395_20250801T062520395.fits,/home/saurabh/moon_project/data/CLASS/ch2_cla_l1_2025_08/cla/data/calibrated/2025/08/01/ch2_cla_l1_20250801T062512395_20250801T062520395.fits,2025-08-01T06:25:12.395,2025-08-01T06:25:20.395,2025-08-01T06:25:16.395,8.0,-43.1,13.5,117.88,-0.097,62.835,-0.0908,62.8352,30.8234,30.8234,CLASS_add_scds.pro,2.1,288,1,"0,1,2,3,4,5,6,7,8,9,10,11,12,13,14,15,",0.6025,62.3627,-0.767,62.3374,-0.7841,63.3074,0.5854,63.3329,1.771728515625,0.0862085600631391,1.65185546875,1.89599609375,3628.5,176.55513100930906,8
ch2_cla_l1_20250801T062520395_20250801T062528395.fits,/home/saurabh/moon_project/data/CLASS/ch2_cla_l1_2025_08/cla/data/calibrated/2025/08/01/ch2_cla_l1_20250801T062520395_20250801T062528395.fits,2025-08-01T06:25:20.395,2025-08-01T06:25:28.395,2025-08-01T06:25:24.395,8.0,-43.1,13.5,117.904,-0.4964,62.8267,-0.4902,62.8269,30.8481,30.8481,CLASS_add_scds.pro,2.1,289,1,"0,1,2,3,4,5,6,7,8,9,10,11,12,13,14,15,",0.2031,62.3543,-1.1663,62.329,-1.1834,63.2994,0.186,63.3247,1.77862548828125,0.0967180580521145,1.6376953125,1.9287109375,3642.625,198.07858289073053,8
ch2_cla_l1_20250801T062528395_20250801T062536395.fits,/home/saurabh/moon_project/data/CLASS/ch2_cla_l1_2025_08/cla/data/calibrated/2025/08/01/ch2_cla_l1_20250801T062528395_20250801T062536395.fits,2025-08-01T06:25:28.395,2025-08-01T06:25:36.395,2025-08-01T06:25:32.395,8.0,-43.0,13.5,117.928,-0.8957,62.8185,-0.8897,62.8186,30.8774,30.8774,CLASS_add_scds.pro,2.1,290,1,"0,1,2,3,4,5,6,7,8,9,10,11,12,13,14,15,",-0.1959,62.3461,-1.5658,62.3205,-1.5829,63.2912,-0.2131,63.3166,1.78643798828125,0.09186583830119,1.6572265625,1.921875,3658.625,188.1412368408372,8
ch2_cla_l1_20250801T062536395_20250801T062544395.fits,/home/saurabh/moon_project/data/CLASS/ch2_cla_l1_2025_08/cla/data/calibrated/2025/08/01/ch2_cla_l1_20250801T062536395_20250801T062544395.fits,2025-08-01T06:25:36.395,2025-08-01T06:25:44.395,2025-08-01T06:25:40.395,8.0,-43.0,13.5,117.95,-1.2951,62.8102,-1.289,62.8103,30.9114,30.9114,CLASS_add_scds.pro,2.1,291,1,"0,1,2,3,4,5,6,7,8,9,10,11,12,13,14,15,",-0.5953,62.3376,-1.9651,62.3121,-1.9823,63.2831,-0.6124,63.3084,1.7799072265625,0.0519258388565661,1.7158203125,1.87255859375,3645.25,106.34411797824752,8
ch2_cla_l1_20250801T062544395_20250801T062552395.fits,/home/saurabh/moon_project/data/CLASS/ch2_cla_l1_2025_08/cla/data/calibrated/2025/08/01/ch2_cla_l1_20250801T062544395_20250801T062552395.fits,2025-08-01T06:25:44.395,2025-08-01T06:25:52.395,2025-08-01T06:25:48.395,8.0,-43.0,13.5,117.971,-1.6945,62.8019,-1.6882,62.802,30.95,30.95,CLASS_add_scds.pro,2.1,292,1,"0,1,2,3,4,5,6,7,8,9,10,11,12,13,14,15,",-0.9944,62.3292,-2.3646,62.3035,-2.3818,63.275,-1.0116,63.3003,1.772705078125,0.0584773769953534,1.67431640625,1.85498046875,3630.5,119.76166808648392,8
ch2_cla_l1_20250801T062552395_20250801T062600395.fits,/home/saurabh/moon_project/data/CLASS/ch2_cla_l1_2025_08/cla/data/calibrated/2025/08/01/ch2_cla_l1_20250801T062552395_20250801T062600395.fits,2025-08-01T06:25:52.395,2025-08-01T06:26:00.395,2025-08-01T06:25:56.395,8.0,-42.9,13.5,117.992,-2.0939,62.7936,-2.0877,62.7937,30.9932,30.9932,CLASS_add_scds.pro,2.1,293,1,"0,1,2,3,4,5,6,7,8,9,10,11,12,13,14,15,",-1.3937,62.3207,-2.7642,62.2949,-2.7813,63.2669,-1.4109,63.2921,1.82037353515625,0.0514220583382926,1.7587890625,1.90673828125,3728.125,105.31237547682338,8
ch2_cla_l1_20250801T062624395_20250801T062632395.fits,/home/saurabh/moon_project/data/CLASS/ch2_cla_l1_2025_08/cla/data/calibrated/2025/08/01/ch2_cla_l1_20250801T062624395_20250801T062632395.fits,2025-08-01T06:26:24.395,2025-08-01T06:26:32.395,2025-08-01T06:26:28.395,8.0,-42.7,13.5,118.065,-3.6912,62.7603,-3.6852,62.7605,31.2115,31.2115,CLASS_add_scds.pro,2.1,297,1,"0,1,2,3,4,5,6,7,8,9,10,11,12,13,14,15,",-2.9908,62.2868,-4.3617,62.2606,-4.379,63.2348,-3.008,63.2598,1.73773193359375,0.0445781852405063,1.6748046875,1.8037109375,3558.875,91.29612337255698,8
ch2_cla_l1_20250801T062640395_20250801T062648395.fits,/home/saurabh/moon_project/data/CLASS/ch2_cla_l1_2025_08/cla/data/calibrated/2025/08/01/ch2_cla_l1_20250801T062640395_20250801T062648395.fits,2025-08-01T06:26:40.395,2025-08-01T06:26:48.395,2025-08-01T06:26:44.395,8.0,-42.6,13.5,118.096,-4.4899,62.7437,-4.4837,62.7438,31.3476,31.3476,CLASS_add_scds.pro,2.1,299,1,"0,1,2,3,4,5,6,7,8,9,10,11,12,13,14,15,",-3.7893,62.2696,-5.1605,62.2432,-5.1778,63.2188,-3.8065,63.2437,1.71923828125,0.0571679434887261,1.63525390625,1.81494140625,3521.0,117.0799482649112,8
ch2_cla_l1_20250801T062656395_20250801T062704395.fits,/home/saurabh/moon_project/data/CLASS/ch2_cla_l1_2025_08/cla/data/calibrated/2025/08/01/ch2_cla_l1_20250801T062656395_20250801T062704395.fits,2025-08-01T06:26:56.395,2025-08-01T06:27:04.395,2025-08-01T06:27:00.395,8.0,-42.5,13.5,118.122,-5.2885,62.727,-5.2825,62.7271,31.5014,31.5014,CLASS_add_scds.pro,2.1,301,1,"0,1,2,3,4,5,6,7,8,9,10,11,12,13,14,15,",-4.588,62.2523,-5.9592,62.2257,-5.9765,63.2028,-4.6052,63.2276,1.74664306640625,0.0555313938634894,1.66845703125,1.84375,3577.125,113.72829463242644,8
ch2_cla_l1_20250801T062712395_20250801T062720395.fits,/home/saurabh/moon_project/data/CLASS/ch2_cla_l1_2025_08/cla/data/calibrated/2025/08/01/ch2_cla_l1_20250801T062712395_20250801T062720395.fits,2025-08-01T06:27:12.395,2025-08-01T06:27:20.395,2025-08-01T06:27:16.395,8.0,-42.4,13.5,118.146,-6.0871,62.7103,-6.081,62.7104,31.6726,31.6726,CLASS_add_scds.pro,2.1,303,1,"0,1,2,3,4,5,6,7,8,9,10,11,12,13,14,15,",-5.3863,62.2349,-6.7577,62.2081,-6.775,63.1869,-5.4036,63.2116,1.73468017578125,0.0904693384760822,1.60302734375,1.86376953125,3552.625,185.28120519901637,8
ch2_cla_l1_20250801T062728395_20250801T062736395.fits,/home/saurabh/moon_project/data/CLASS/ch2_cla_l1_2025_08/cla/data/calibrated/2025/08/01/ch2_cla_l1_20250801T062728395_20250801T062736395.fits,2025-08-01T06:27:28.395,2025-08-01T06:27:36.395,2025-08-01T06:27:32.395,8.0,-42.2,13.5,118.165,-6.8857,62.6935,-6.8795,62.6936,31.8609,31.8609,CLASS_add_scds.pro,2.1,305,1,"0,1,2,3,4,5,6,7,8,9,10,11,12,13,14,15,",-6.1847,62.2174,-7.5563,62.1904,-7.5736,63.1711,-6.202,63.1957,1.72186279296875,0.0578760791667357,1.6298828125,1.80712890625,3526.375,118.5302101334749,8
ch2_cla_l1_20250801T062736395_20250801T062744395.fits,/home/saurabh/moon_project/data/CLASS/ch2_cla_l1_2025_08/cla/data/calibrated/2025/08/01/ch2_cla_l1_20250801T062736395_20250801T062744395.fits,2025-08-01T06:27:36.395,2025-08-01T06:27:44.395,2025-08-01T06:27:40.395,8.0,-42.1,13.5,118.173,-7.2849,62.6851,-7.2788,62.6852,31.9614,31.9614,CLASS_add_scds.pro,2.1,306,1,"0,1,2,3,4,5,6,7,8,9,10,11,12,13,14,15,",-6.5839,62.2087,-7.9557,62.1814,-7.973,63.1631,-6.6012,63.1877,1.71624755859375,0.0733501982132446,1.607421875,1.84326171875,3514.875,150.221205940725,8
ch2_cla_l1_20250801T062744395_20250801T062752395.fits,/home/saurabh/moon_project/data/CLASS/ch2_cla_l1_2025_08/cla/data/calibrated/2025/08/01/ch2_cla_l1_20250801T062744395_20250801T062752395.fits,2025-08-01T06:27:44.395,2025-08-01T06:27:52.395,2025-08-01T06:27:48.395,8.0,-42.0,13.5,118.18,-7.6842,62.6767,-7.6782,62.6767,32.066,32.066,CLASS_add_scds.pro,2.1,307,1,"0,1,2,3,4,5,6,7,8,9,10,11,12,13,14,15,",-6.9832,62.1997,-8.355,62.1724,-8.3723,63.1552,-7.0006,63.1797,1.7369384765625,0.056369225231318,1.6474609375,1.82080078125,3557.25,115.4441732737393,8
ch2_cla_l1_20250801T062752395_20250801T062800395.fits,/home/saurabh/moon_project/data/CLASS/ch2_cla_l1_2025_08/cla/data/calibrated/2025/08/01/ch2_cla_l1_20250801T062752395_20250801T062800395.fits,2025-08-01T06:27:52.395,2025-08-01T06:28:00.395,2025-08-01T06:27:56.395,8.0,-42.0,13.5,118.187,-8.0835,62.6683,-8.0774,62.6684,32.1748,32.1748,CLASS_add_scds.pro,2.1,308,1,"0,1,2,3,4,5,6,7,8,9,10,11,12,13,14,15,",-7.3824,62.1909,-8.7541,62.1635,-8.7715,63.1473,-7.3998,63.1718,1.72064208984375,0.0771415666000459,1.6357421875,1.86962890625,3523.875,157.98592839689417,8
ch2_cla_l1_20250801T062800395_20250801T062808395.fits,/home/saurabh/moon_project/data/CLASS/ch2_cla_l1_2025_08/cla/data/calibrated/2025/08/01/ch2_cla_l1_20250801T062800395_20250801T062808395.fits,2025-08-01T06:28:00.395,2025-08-01T06:28:08.395,2025-08-01T06:28:04.395,8.0,-42.0,13.5,118.192,-8.4828,62.6599,-8.4767,62.6599,32.2877,32.2877,CLASS_add_scds.pro,2.1,309,1,"0,1,2,3,4,5,6,7,8,9,10,11,12,13,14,15,",-7.7816,62.1821,-9.1534,62.1544,-9.1708,63.1393,-7.7989,63.1639,1.72674560546875,0.0439847738716877,1.6640625,1.78369140625,3536.375,90.0808168892166,8
ch2_cla_l1_20250801T062808395_20250801T062816395.fits,/home/saurabh/moon_project/data/CLASS/ch2_cla_l1_2025_08/cla/data/calibrated/2025/08/01/ch2_cla_l1_20250801T062808395_20250801T062816395.fits,2025-08-01T06:28:08.395,2025-08-01T06:28:16.395,2025-08-01T06:28:12.395,8.0,-41.9,13.5,118.197,-8.882,62.6514,-8.8758,62.6515,32.4045,32.4045,CLASS_add_scds.pro,2.1,310,1,"0,1,2,3,4,5,6,7,8,9,10,11,12,13,14,15,",-8.1808,62.173,-9.5526,62.1454,-9.5701,63.1315,-8.1982,63.1559,1.73583984375,0.06244657140136,1.6435546875,1.82568359375,3555.0,127.89057822998534,8
ch2_cla_l1_20250801T062816395_20250801T062824395.fits,/home/saurabh/moon_project/data/CLASS/ch2_cla_l1_2025_08/cla/data/calibrated/2025/08/01/ch2_cla_l1_20250801T062816395_20250801T062824395.fits,2025-08-01T06:28:16.395,2025-08-01T06:28:24.395,2025-08-01T06:28:20.395,8.0,-41.9,13.5,118.2,-9.2813,62.6429,-9.2751,62.643,32.5254,32.5254,CLASS_add_scds.pro,2.1,311,1,"0,1,2,3,4,5,6,7,8,9,10,11,12,13,14,15,",-8.58,62.1642,-9.952,62.1362,-9.9695,63.1236,-8.5974,63.148,1.7449951171875,0.0427412475575022,1.685546875,1.8095703125,3573.75,87.53407499776465,8
ch2_cla_l1_20250801T062824395_20250801T062832395.fits,/home/saurabh/moon_project/data/CLASS/ch2_cla_l1_2025_08/cla/data/calibrated/2025/08/01/ch2_cla_l1_20250801T062824395_20250801T062832395.fits,2025-08-01T06:28:24.395,2025-08-01T06:28:32.395,2025-08-01T06:28:28.395,8.0,-41.8,13.5,118.203,-9.6806,62.6344,-9.6746,62.6344,32.6503,32.6503,CLASS_add_scds.pro,2.1,312,1,"0,1,2,3,4,5,6,7,8,9,10,11,12,13,14,15,",-8.9794,62.1551,-10.3514,62.127,-10.3688,63.1156,-8.9968,63.14,1.75689697265625,0.0781334736179631,1.6083984375,1.84326171875,3598.125,160.01735396958847,8
ch2_cla_l1_20250801T062832395_20250801T062840395.fits,/home/saurabh/moon_project/data/CLASS/ch2_cla_l1_2025_08/cla/data/calibrated/2025/08/01/ch2_cla_l1_20250801T062832395_20250801T062840395.fits,2025-08-01T06:28:32.395,2025-08-01T06:28:40.395,2025-08-01T06:28:36.395,8.0,-41.8,13.5,118.204,-10.0798,62.6259,-10.0737,62.626,32.779,32.779,CLASS_add_scds.pro,2.1,313,1,"0,1,2,3,4,5,6,7,8,9,10,11,12,13,14,15,",-9.3788,62.1459,-10.7505,62.1179,-10.768,63.1078,-9.3962,63.132,1.7391357421875,0.0558965507829459,1.66357421875,1.828125,3561.75,114.47613600347329,8
ch2_cla_l1_20250801T062840395_20250801T062848395.fits,/home/saurabh/moon_project/data/CLASS/ch2_cla_l1_2025_08/cla/data/calibrated/2025/08/01/ch2_cla_l1_20250801T062840395_20250801T062848395.fits,2025-08-01T06:28:40.395,2025-08-01T06:28:48.395,2025-08-01T06:28:44.395,8.0,-41.7,13.5,118.205,-10.4791,62.6174,-10.473,62.6175,32.9116,32.9116,CLASS_add_scds.pro,2.1,314,1,"0,1,2,3,4,5,6,7,8,9,10,11,12,13,14,15,",-9.7778,62.137,-11.1496,62.1087,-11.1672,63.0999,-9.7953,63.1243,1.78118896484375,0.0520258950088452,1.7021484375,1.8740234375,3647.875,106.54903297811497,8
ch2_cla_l1_20250801T062848395_20250801T062856395.fits,/home/saurabh/moon_project/data/CLASS/ch2_cla_l1_2025_08/cla/data/calibrated/2025/08/01/ch2_cla_l1_20250801T062848395_20250801T062856395.fits,2025-08-01T06:28:48.395,2025-08-01T06:28:56.395,2025-08-01T06:28:52.395,8.0,-41.6,13.5,118.205,-10.8784,62.6089,-10.8723,62.609,33.0481,33.0481,CLASS_add_scds.pro,2.1,315,1,"0,1,2,3,4,5,6,7,8,9,10,11,12,13,14,15,",-10.177,62.1279,-11.549,62.0994,-11.5666,63.092,-10.1945,63.1164,1.75360107421875,0.0573237894672985,1.66455078125,1.8427734375,3591.375,117.39912082902738,8
ch2_cla_l1_20250801T062856395_20250801T062904395.fits,/home/saurabh/moon_project/data/CLASS/ch2_cla_l1_2025_08/cla/data/calibrated/2025/08/01/ch2_cla_l1_20250801T062856395_20250801T062904395.fits,2025-08-01T06:28:56.395,2025-08-01T06:29:04.395,2025-08-01T06:29:00.395,8.0,-41.5,13.5,118.203,-11.2776,62.6003,-11.2715,62.6004,33.1882,33.1882,CLASS_add_scds.pro,2.1,316,1,"0,1,2,3,4,5,6,7,8,9,10,11,12,13,14,15,",-10.5764,62.1187,-11.9483,62.0902,-11.9658,63.0842,-10.5939,63.1084,1.78448486328125,0.0741852132417488,1.673828125,1.89208984375,3654.625,151.93131671910172,8
ch2_cla_l1_20250801T062904395_20250801T062912395.fits,/home/saurabh/moon_project/data/CLASS/ch2_cla_l1_2025_08/cla/data/calibrated/2025/08/01/ch2_cla_l1_20250801T062904395_20250801T062912395.fits,2025-08-01T06:29:04.395,2025-08-01T06:29:12.395,2025-08-01T06:29:08.395,8.0,-41.5,13.5,118.201,-11.6769,62.5917,-11.6708,62.5918,33.3321,33.3321,CLASS_add_scds.pro,2.1,317,1,"0,1,2,3,4,5,6,7,8,9,10,11,12,13,14,15,",-10.9756,62.1095,-12.3475,62.0808,-12.3651,63.0763,-10.9931,63.1006,1.74560546875,0.0922262706002974,1.6162109375,1.875,3575.0,188.87940218940915,8
ch2_cla_l1_20250801T062912395_20250801T062920395.fits,/home/saurabh/moon_project/data/CLASS/ch2_cla_l1_2025_08/cla/data/calibrated/2025/08/01/ch2_cla_l1_20250801T062912395_20250801T062920395.fits,2025-08-01T06:29:12.395,2025-08-01T06:29:20.395,2025-08-01T06:29:16.395,8.0,-41.4,13.5,118.198,-12.0762,62.5831,-12.0699,62.5832,33.4797,33.4797,CLASS_add_scds.pro,2.1,318,1,"0,1,2,3,4,5,6,7,8,9,10,11,12,13,14,15,",-11.3749,62.1003,-12.7463,62.0714,-12.764,63.0684,-11.3924,63.0927,1.8023681640625,0.0777223291532154,1.685546875,1.9150390625,3691.25,159.1753301057853,8
ch2_cla_l1_20250801T062920395_20250801T062928395.fits,/home/saurabh/moon_project/data/CLASS/ch2_cla_l1_2025_08/cla/data/calibrated/2025/08/01/ch2_cla_l1_20250801T062920395_20250801T062928395.fits,2025-08-01T06:29:20.395,2025-08-01T06:29:28.395,2025-08-01T06:29:24.395,8.0,-41.4,13.5,118.194,-12.4754,62.5745,-12.4691,62.5746,33.6309,33.6309,CLASS_add_scds.pro,2.1,319,1,"0,1,2,3,4,5,6,7,8,9,10,11,12,13,14,15,",-11.7737,62.0911,-13.1457,62.062,-13.1634,63.0605,-11.7913,63.0848,1.73760986328125,0.0563590657525871,1.64794921875,1.81591796875,3558.625,115.42336666129856,8
ch2_cla_l1_20250801T062928395_20250801T062936395.fits,/home/saurabh/moon_project/data/CLASS/ch2_cla_l1_2025_08/cla/data/calibrated/2025/08/01/ch2_cla_l1_20250801T062928395_20250801T062936395.fits,2025-08-01T06:29:28.395,2025-08-01T06:29:36.395,2025-08-01T06:29:32.395,8.0,-41.3,13.5,118.189,-12.8747,62.5659,-12.8685,62.566,33.7857,33.7857,CLASS_add_scds.pro,2.1,320,1,"0,1,2,3,4,5,6,7,8,9,10,11,12,13,14,15,",-12.1732,62.0817,-13.545,62.0525,-13.5627,63.0526,-12.1908,63.0769,1.81158447265625,0.0562044458760161,1.71533203125,1.88720703125,3710.125,115.10670515408114,8
ch2_cla_l1_20250801T062936395_20250801T062944395.fits,/home/saurabh/moon_project/data/CLASS/ch2_cla_l1_2025_08/cla/data/calibrated/2025/08/01/ch2_cla_l1_20250801T062936395_20250801T062944395.fits,2025-08-01T06:29:36.395,2025-08-01T06:29:44.395,2025-08-01T06:29:40.395,8.0,-41.3,13.5,118.183,-13.274,62.5572,-13.2679,62.5572,33.9439,33.9439,CLASS_add_scds.pro,2.1,321,1,"0,1,2,3,4,5,6,7,8,9,10,11,12,13,14,15,",-12.5725,62.0724,-13.9443,62.0429,-13.962,63.0447,-12.5901,63.069,1.75628662109375,0.0548680885473587,1.6787109375,1.8466796875,3596.875,112.36984534499076,8
ch2_cla_l1_20250801T062944395_20250801T062952395.fits,/home/saurabh/moon_project/data/CLASS/ch2_cla_l1_2025_08/cla/data/calibrated/2025/08/01/ch2_cla_l1_20250801T062944395_20250801T062952395.fits,2025-08-01T06:29:44.395,2025-08-01T06:29:52.395,2025-08-01T06:29:48.395,8.0,-41.2,13.5,118.176,-13.6732,62.5485,-13.6671,62.5486,34.1057,34.1057,CLASS_add_scds.pro,2.1,322,1,"0,1,2,3,4,5,6,7,8,9,10,11,12,13,14,15,",-12.9718,62.0629,-14.3435,62.0334,-14.3613,63.0369,-12.9895,63.0611,1.82403564453125,0.0569470390403647,1.72998046875,1.904296875,3735.625,116.627535954667,8
ch2_cla_l1_20250801T062952395_20250801T063000395.fits,/home/saurabh/moon_project/data/CLASS/ch2_cla_l1_2025_08/cla/data/calibrated/2025/08/01/ch2_cla_l1_20250801T062952395_20250801T063000395.fits,2025-08-01T06:29:52.395,2025-08-01T06:30:00.395,2025-08-01T06:29:56.395,8.0,-41.2,13.5,118.168,-14.0725,62.5398,-14.0665,62.5399,34.2709,34.2709,CLASS_add_scds.pro,2.1,323,1,"0,1,2,3,4,5,6,7,8,9,10,11,12,13,14,15,",-13.3712,62.0535,-14.7428,62.0237,-14.7605,63.029,-13.3888,63.0532,1.75775146484375,0.0434154231708653,1.69287109375,1.81103515625,3599.875,88.91478665393223,8
ch2_cla_l1_20250801T063000395_20250801T063008395.fits,/home/saurabh/moon_project/data/CLASS/ch2_cla_l1_2025_08/cla/data/calibrated/2025/08/01/ch2_cla_l1_20250801T063000395_20250801T063008395.fits,2025-08-01T06:30:00.395,2025-08-01T06:30:08.395,2025-08-01T06:30:04.395,8.0,-41.1,13.5,118.159,-14.4718,62.531,-14.4657,62.5311,34.4394,34.4394,CLASS_add_scds.pro,2.1,324,1,"0,1,2,3,4,5,6,7,8,9,10,11,12,13,14,15,",-13.7705,62.044,-15.1419,62.0141,-15.1597,63.0211,-13.7882,63.0453,1.8157958984375,0.0413429537343137,1.75390625,1.88330078125,3718.75,84.6703692478746,8
ch2_cla_l1_20250801T063008395_20250801T063016395.fits,/home/saurabh/moon_project/data/CLASS/ch2_cla_l1_2025_08/cla/data/calibrated/2025/08/01/ch2_cla_l1_20250801T063008395_20250801T063016395.fits,2025-08-01T06:30:08.395,2025-08-01T06:30:16.395,2025-08-01T06:30:12.395,8.0,-41.1,13.5,118.149,-14.8711,62.5223,-14.8648,62.5223,34.6113,34.6113,CLASS_add_scds.pro,2.1,325,1,"0,1,2,3,4,5,6,7,8,9,10,11,12,13,14,15,",-14.1697,62.0344,-15.541,62.0042,-15.5589,63.0131,-14.1874,63.0375,1.7965087890625,0.0582192213087513,1.72607421875,1.89306640625,3679.25,119.2329652403227,8
ch2_cla_l1_20250801T063112395_20250801T063120395.fits,/home/saurabh/moon_project/data/CLASS/ch2_cla_l1_2025_08/cla/data/calibrated/2025/08/01/ch2_cla_l1_20250801T063112395_20250801T063120395.fits,2025-08-01T06:31:12.395,2025-08-01T06:31:20.395,2025-08-01T06:31:16.395,8.0,-40.6,13.5,118.036,-18.0656,62.451,-18.0593,62.4511,36.1,36.1,CLASS_add_scds.pro,2.1,333,1,"0,1,2,3,4,5,6,7,8,9,10,11,12,13,14,15,",-17.3642,61.9561,-18.7348,61.9243,-18.7529,62.9497,-17.3823,62.9741,1.7196044921875,0.0840207651578151,1.6328125,1.87744140625,3521.75,172.0745270432055,8
ch2_cla_l1_20250801T063128395_20250801T063136395.fits,/home/saurabh/moon_project/data/CLASS/ch2_cla_l1_2025_08/cla/data/calibrated/2025/08/01/ch2_cla_l1_20250801T063128395_20250801T063136395.fits,2025-08-01T06:31:28.395,2025-08-01T06:31:36.395,2025-08-01T06:31:32.395,8.0,-40.5,13.5,117.998,-18.8642,62.4329,-18.8581,62.4329,36.5019,36.5019,CLASS_add_scds.pro,2.1,335,1,"0,1,2,3,4,5,6,7,8,9,10,11,12,13,14,15,",-18.1631,61.9359,-19.5333,61.9038,-19.5515,62.9338,-18.1812,62.9582,1.73974609375,0.0495936090843539,1.67236328125,1.8115234375,3563.0,101.56771140475698,8
ch2_cla_l1_20250801T063136395_20250801T063144395.fits,/home/saurabh/moon_project/data/CLASS/ch2_cla_l1_2025_08/cla/data/calibrated/2025/08/01/ch2_cla_l1_20250801T063136395_20250801T063144395.fits,2025-08-01T06:31:36.395,2025-08-01T06:31:44.395,2025-08-01T06:31:40.395,8.0,-40.5,13.5,117.978,-19.2636,62.4237,-19.2574,62.4238,36.7071,36.7071,CLASS_add_scds.pro,2.1,336,1,"0,1,2,3,4,5,6,7,8,9,10,11,12,13,14,15,",-18.5625,61.9258,-19.9324,61.8934,-19.9507,62.9258,-18.5806,62.9502,1.71514892578125,0.0547484622522881,1.63037109375,1.79443359375,3512.625,112.12485069268608,8
ch2_cla_l1_20250801T063144395_20250801T063152395.fits,/home/saurabh/moon_project/data/CLASS/ch2_cla_l1_2025_08/cla/data/calibrated/2025/08/01/ch2_cla_l1_20250801T063144395_20250801T063152395.fits,2025-08-01T06:31:44.395,2025-08-01T06:31:52.395,2025-08-01T06:31:48.395,8.0,-40.5,13.5,117.957,-19.663,62.4145,-19.6569,62.4146,36.915,36.915,CLASS_add_scds.pro,2.1,337,1,"0,1,2,3,4,5,6,7,8,9,10,11,12,13,14,15,",-18.9618,61.9156,-20.3318,61.8829,-20.3501,62.9177,-18.98,62.9423,1.725830078125,0.0527627858322312,1.6337890625,1.79736328125,3534.5,108.05818538440958,8
ch2_cla_l1_20250801T063200395_20250801T063208395.fits,/home/saurabh/moon_project/data/CLASS/ch2_cla_l1_2025_08/cla/data/calibrated/2025/08/01/ch2_cla_l1_20250801T063200395_20250801T063208395.fits,2025-08-01T06:32:00.395,2025-08-01T06:32:08.395,2025-08-01T06:32:04.395,8.0,-40.4,13.5,117.912,-20.4617,62.3961,-20.4557,62.3962,37.3389,37.3389,CLASS_add_scds.pro,2.1,339,1,"0,1,2,3,4,5,6,7,8,9,10,11,12,13,14,15,",-19.7609,61.8948,-21.1298,61.8618,-21.1483,62.9017,-19.7791,62.9262,1.76092529296875,0.0431987502244025,1.7099609375,1.82666015625,3606.375,88.47104045957637,8
ch2_cla_l1_20250801T063208395_20250801T063216395.fits,/home/saurabh/moon_project/data/CLASS/ch2_cla_l1_2025_08/cla/data/calibrated/2025/08/01/ch2_cla_l1_20250801T063208395_20250801T063216395.fits,2025-08-01T06:32:08.395,2025-08-01T06:32:16.395,2025-08-01T06:32:12.395,8.0,-40.3,13.5,117.888,-20.8611,62.3868,-20.8547,62.3869,37.5548,37.5548,CLASS_add_scds.pro,2.1,340,1,"0,1,2,3,4,5,6,7,8,9,10,11,12,13,14,15,",-20.1598,61.8845,-21.5294,61.8511,-21.5478,62.8936,-20.1781,62.9183,1.72296142578125,0.0467811280314576,1.65625,1.796875,3528.625,95.8077502084252,8
ch2_cla_l1_20250801T063216395_20250801T063224395.fits,/home/saurabh/moon_project/data/CLASS/ch2_cla_l1_2025_08/cla/data/calibrated/2025/08/01/ch2_cla_l1_20250801T063216395_20250801T063224395.fits,2025-08-01T06:32:16.395,2025-08-01T06:32:24.395,2025-08-01T06:32:20.395,8.0,-40.2,13.5,117.863,-21.2605,62.3775,-21.2543,62.3775,37.7732,37.7732,CLASS_add_scds.pro,2.1,341,1,"0,1,2,3,4,5,6,7,8,9,10,11,12,13,14,15,",-20.5595,61.874,-21.9287,61.8403,-21.9472,62.8855,-20.5779,62.9102,1.76593017578125,0.058985932617409,1.68701171875,1.86669921875,3616.625,120.80319000045368,8
ch2_cla_l1_20250801T063224395_20250801T063232395.fits,/home/saurabh/moon_project/data/CLASS/ch2_cla_l1_2025_08/cla/data/calibrated/2025/08/01/ch2_cla_l1_20250801T063224395_20250801T063232395.fits,2025-08-01T06:32:24.395,2025-08-01T06:32:32.395,2025-08-01T06:32:28.395,8.0,-40.2,13.5,117.837,-21.6599,62.3681,-21.6538,62.3681,37.9941,37.9941,CLASS_add_scds.pro,2.1,342,1,"0,1,2,3,4,5,6,7,8,9,10,11,12,13,14,15,",-20.9591,61.8633,-22.328,61.8295,-22.3465,62.8774,-20.9775,62.902,1.7137451171875,0.0587561400663123,1.62939453125,1.8125,3509.75,120.33257485580774,8
ch2_cla_l1_20250801T063232395_20250801T063240395.fits,/home/saurabh/moon_project/data/CLASS/ch2_cla_l1_2025_08/cla/data/calibrated/2025/08/01/ch2_cla_l1_20250801T063232395_20250801T063240395.fits,2025-08-01T06:32:32.395,2025-08-01T06:32:40.395,2025-08-01T06:32:36.395,8.0,-40.1,13.5,117.81,-22.0593,62.3586,-22.0532,62.3587,38.2176,38.2176,CLASS_add_scds.pro,2.1,343,1,"0,1,2,3,4,5,6,7,8,9,10,11,12,13,14,15,",-21.3586,61.8528,-22.7272,61.8187,-22.7458,62.8694,-21.377,62.8941,1.79071044921875,0.0573059617410814,1.70654296875,1.88671875,3667.375,117.36260964573488,8
ch2_cla_l1_20250801T063240395_20250801T063248395.fits,/home/saurabh/moon_project/data/CLASS/ch2_cla_l1_2025_08/cla/data/calibrated/2025/08/01/ch2_cla_l1_20250801T063240395_20250801T063248395.fits,2025-08-01T06:32:40.395,2025-08-01T06:32:48.395,2025-08-01T06:32:44.395,8.0,-40.0,13.5,117.782,-22.4588,62.3492,-22.4526,62.3492,38.4434,38.4434,CLASS_add_scds.pro,2.1,344,1,"0,1,2,3,4,5,6,7,8,9,10,11,12,13,14,15,",-21.758,61.8421,-23.1266,61.8076,-23.1453,62.8612,-21.7765,62.886,1.73291015625,0.0787459627184879,1.62109375,1.82470703125,3549.0,161.27173164746333,8
ch2_cla_l1_20250801T063248395_20250801T063256395.fits,/home/saurabh/moon_project/data/CLASS/ch2_cla_l1_2025_08/cla/data/calibrated/2025/08/01/ch2_cla_l1_20250801T063248395_20250801T063256395.fits,2025-08-01T06:32:48.395,2025-08-01T06:32:56.395,2025-08-01T06:32:52.395,8.0,-40.0,13.5,117.753,-22.8582,62.3396,-22.8521,62.3397,38.6716,38.6716,CLASS_add_scds.pro,2.1,345,1,"0,1,2,3,4,5,6,7,8,9,10,11,12,13,14,15,",-22.1576,61.8313,-23.5259,61.7966,-23.5446,62.853,-22.1762,62.8778,1.77838134765625,0.0888957123062788,1.64501953125,1.896484375,3642.125,182.058418803259,8
ch2_cla_l1_20250801T063256395_20250801T063304395.fits,/home/saurabh/moon_project/data/CLASS/ch2_cla_l1_2025_08/cla/data/calibrated/2025/08/01/ch2_cla_l1_20250801T063256395_20250801T063304395.fits,2025-08-01T06:32:56.395,2025-08-01T06:33:04.395,2025-08-01T06:33:00.395,8.0,-40.0,13.5,117.723,-23.2577,62.3301,-23.2516,62.3302,38.9022,38.9022,CLASS_add_scds.pro,2.1,346,1,"0,1,2,3,4,5,6,7,8,9,10,11,12,13,14,15,",-22.5571,61.8204,-23.9252,61.7855,-23.944,62.8449,-22.5758,62.8698,1.73602294921875,0.0730386576390876,1.62841796875,1.841796875,3555.375,149.5831708448514,8
ch2_cla_l1_20250801T063304395_20250801T063312395.fits,/home/saurabh/moon_project/data/CLASS/ch2_cla_l1_2025_08/cla/data/calibrated/2025/08/01/ch2_cla_l1_20250801T063304395_20250801T063312395.fits,2025-08-01T06:33:04.395,2025-08-01T06:33:12.395,2025-08-01T06:33:08.395,8.0,-40.0,13.5,117.692,-23.6572,62.3205,-23.651,62.3206,39.135,39.135,CLASS_add_scds.pro,2.1,347,1,"0,1,2,3,4,5,6,7,8,9,10,11,12,13,14,15,",-22.9567,61.8095,-24.3245,61.7743,-24.3433,62.8367,-22.9754,62.8616,1.77813720703125,0.0725032185089093,1.6728515625,1.87890625,3641.625,148.4865915062463,8
ch2_cla_l1_20250801T063312395_20250801T063320395.fits,/home/saurabh/moon_project/data/CLASS/ch2_cla_l1_2025_08/cla/data/calibrated/2025/08/01/ch2_cla_l1_20250801T063312395_20250801T063320395.fits,2025-08-01T06:33:12.395,2025-08-01T06:33:20.395,2025-08-01T06:33:16.395,8.0,-39.8,13.5,117.661,-24.0566,62.3108,-24.0505,62.3109,39.3701,39.3701,CLASS_add_scds.pro,2.1,348,1,"0,1,2,3,4,5,6,7,8,9,10,11,12,13,14,15,",-23.3563,61.7985,-24.7237,61.763,-24.7426,62.8285,-23.375,62.8535,1.7459716796875,0.0521026393894389,1.65380859375,1.818359375,3575.75,106.70620546957092,8
ch2_cla_l1_20250801T063320395_20250801T063328395.fits,/home/saurabh/moon_project/data/CLASS/ch2_cla_l1_2025_08/cla/data/calibrated/2025/08/01/ch2_cla_l1_20250801T063320395_20250801T063328395.fits,2025-08-01T06:33:20.395,2025-08-01T06:33:28.395,2025-08-01T06:33:24.395,8.0,-39.8,13.5,117.628,-24.4561,62.301,-24.45,62.3012,39.6075,39.6075,CLASS_add_scds.pro,2.1,349,1,"0,1,2,3,4,5,6,7,8,9,10,11,12,13,14,15,",-23.7558,61.7874,-25.1231,61.7516,-25.142,62.8203,-23.7746,62.8454,1.78509521484375,0.0573882201749044,1.693359375,1.87060546875,3655.875,117.53107491820438,8
ch2_cla_l1_20250801T063328395_20250801T063336395.fits,/home/saurabh/moon_project/data/CLASS/ch2_cla_l1_2025_08/cla/data/calibrated/2025/08/01/ch2_cla_l1_20250801T063328395_20250801T063336395.fits,2025-08-01T06:33:28.395,2025-08-01T06:33:36.395,2025-08-01T06:33:32.395,8.0,-39.8,13.5,117.595,-24.8557,62.2913,-24.8495,62.2914,39.847,39.847,CLASS_add_scds.pro,2.1,350,1,"0,1,2,3,4,5,6,7,8,9,10,11,12,13,14,15,",-24.1554,61.7762,-25.5225,61.7401,-25.5415,62.812,-24.1742,62.8371,1.7747802734375,0.0703181915401686,1.6728515625,1.896484375,3634.75,144.0116562742653,8
ch2_cla_l1_20250801T063336395_20250801T063344395.fits,/home/saurabh/moon_project/data/CLASS/ch2_cla_l1_2025_08/cla/data/calibrated/2025/08/01/ch2_cla_l1_20250801T063336395_20250801T063344395.fits,2025-08-01T06:33:36.395,2025-08-01T06:33:44.395,2025-08-01T06:33:40.395,8.0,-39.7,13.5,117.56,-25.2552,62.2814,-25.2491,62.2815,40.0886,40.0886,CLASS_add_scds.pro,2.1,351,1,"0,1,2,3,4,5,6,7,8,9,10,11,12,13,14,15,",-24.5551,61.7649,-25.9218,61.7285,-25.9409,62.8037,-24.574,62.8289,1.78802490234375,0.0456480017533737,1.7158203125,1.84765625,3661.875,93.48710759090947,8
ch2_cla_l1_20250801T063344395_20250801T063352395.fits,/home/saurabh/moon_project/data/CLASS/ch2_cla_l1_2025_08/cla/data/calibrated/2025/08/01/ch2_cla_l1_20250801T063344395_20250801T063352395.fits,2025-08-01T06:33:44.395,2025-08-01T06:33:52.395,2025-08-01T06:33:48.395,8.0,-39.7,13.5,117.525,-25.6547,62.2715,-25.6486,62.2717,40.3324,40.3324,CLASS_add_scds.pro,2.1,352,1,"0,1,2,3,4,5,6,7,8,9,10,11,12,13,14,15,",-24.9548,61.7536,-26.3212,61.7169,-26.3403,62.7954,-24.9737,62.8206,1.78436279296875,0.064036920471539,1.6962890625,1.88037109375,3654.375,131.147613125712,8
ch2_cla_l1_20250801T063352395_20250801T063400395.fits,/home/saurabh/moon_project/data/CLASS/ch2_cla_l1_2025_08/cla/data/calibrated/2025/08/01/ch2_cla_l1_20250801T063352395_20250801T063400395.fits,2025-08-01T06:33:52.395,2025-08-01T06:34:00.395,2025-08-01T06:33:56.395,8.0,-39.6,13.5,117.488,-26.0543,62.2616,-26.0482,62.2617,40.5782,40.5782,CLASS_add_scds.pro,2.1,353,1,"0,1,2,3,4,5,6,7,8,9,10,11,12,13,14,15,",-25.3544,61.7422,-26.7204,61.7051,-26.7396,62.787,-25.3734,62.8124,1.79278564453125,0.042270234135932,1.736328125,1.85009765625,3671.625,86.56943951038875,8
ch2_cla_l1_20250801T063400395_20250801T063408395.fits,/home/saurabh/moon_project/data/CLASS/ch2_cla_l1_2025_08/cla/data/calibrated/2025/08/01/ch2_cla_l1_20250801T063400395_20250801T063408395.fits,2025-08-01T06:34:00.395,2025-08-01T06:34:08.395,2025-08-01T06:34:04.395,8.0,-39.6,13.5,117.451,-26.4539,62.2516,-26.4477,62.2516,40.826,40.826,CLASS_add_scds.pro,2.1,354,1,"0,1,2,3,4,5,6,7,8,9,10,11,12,13,14,15,",-25.754,61.7307,-27.1199,61.6932,-27.1391,62.7786,-25.773,62.8041,1.82501220703125,0.0537115319949851,1.72412109375,1.900390625,3737.625,110.00121752572949,8
ch2_cla_l1_20250801T063408395_20250801T063416395.fits,/home/saurabh/moon_project/data/CLASS/ch2_cla_l1_2025_08/cla/data/calibrated/2025/08/01/ch2_cla_l1_20250801T063408395_20250801T063416395.fits,2025-08-01T06:34:08.395,2025-08-01T06:34:16.395,2025-08-01T06:34:12.395,8.0,-39.5,13.5,117.413,-26.8534,62.2415,-26.8474,62.2415,41.0758,41.0758,CLASS_add_scds.pro,2.1,355,1,"0,1,2,3,4,5,6,7,8,9,10,11,12,13,14,15,",-26.1538,61.7189,-27.5193,61.6812,-27.5386,62.7702,-26.1728,62.7957,1.778564453125,0.0626301092364761,1.69873046875,1.8818359375,3642.5,128.26646371630315,8
ch2_cla_l1_20250801T063416395_20250801T063424395.fits,/home/saurabh/moon_project/data/CLASS/ch2_cla_l1_2025_08/cla/data/calibrated/2025/08/01/ch2_cla_l1_20250801T063416395_20250801T063424395.fits,2025-08-01T06:34:16.395,2025-08-01T06:34:24.395,2025-08-01T06:34:20.395,8.0,-39.4,13.5,117.374,-27.253,62.2313,-27.2467,62.2314,41.3276,41.3276,CLASS_add_scds.pro,2.1,356,1,"0,1,2,3,4,5,6,7,8,9,10,11,12,13,14,15,",-26.5534,61.7072,-27.9184,61.669,-27.9378,62.7616,-26.5726,62.7874,1.8074951171875,0.0692247078062077,1.68603515625,1.90625,3701.75,141.77220158711347,8
ch2_cla_l1_20250801T063424395_20250801T063432395.fits,/home/saurabh/moon_project/data/CLASS/ch2_cla_l1_2025_08/cla/data/calibrated/2025/08/01/ch2_cla_l1_20250801T063424395_20250801T063432395.fits,2025-08-01T06:34:24.395,2025-08-01T06:34:32.395,2025-08-01T06:34:28.395,8.0,-39.4,13.5,117.334,-27.6527,62.2211,-27.6463,62.2212,41.5812,41.5812,CLASS_add_scds.pro,2.1,357,1,"0,1,2,3,4,5,6,7,8,9,10,11,12,13,14,15,",-26.9529,61.6954,-28.318,61.6569,-28.3374,62.7532,-26.9722,62.7789,1.8006591796875,0.0587074266987889,1.72314453125,1.9013671875,3687.75,120.2328098791198,8
ch2_cla_l1_20250801T063432395_20250801T063440395.fits,/home/saurabh/moon_project/data/CLASS/ch2_cla_l1_2025_08/cla/data/calibrated/2025/08/01/ch2_cla_l1_20250801T063432395_20250801T063440395.fits,2025-08-01T06:34:32.395,2025-08-01T06:34:40.395,2025-08-01T06:34:36.395,8.0,-39.4,13.5,117.293,-28.0523,62.2109,-28.0463,62.2109,41.8368,41.8368,CLASS_add_scds.pro,2.1,358,1,"0,1,2,3,4,5,6,7,8,9,10,11,12,13,14,15,",-27.3528,61.6834,-28.7175,61.6447,-28.737,62.7448,-27.3721,62.7705,1.71978759765625,0.070857494171267,1.63427734375,1.83203125,3522.125,145.11614806275497,8
ch2_cla_l1_20250801T063448395_20250801T063456395.fits,/home/saurabh/moon_project/data/CLASS/ch2_cla_l1_2025_08/cla/data/calibrated/2025/08/01/ch2_cla_l1_20250801T063448395_20250801T063456395.fits,2025-08-01T06:34:48.395,2025-08-01T06:34:56.395,2025-08-01T06:34:52.395,8.0,-39.3,13.5,117.208,-28.8516,62.1901,-28.8455,62.1902,42.3534,42.3534,CLASS_add_scds.pro,2.1,360,1,"0,1,2,3,4,5,6,7,8,9,10,11,12,13,14,15,",-28.1525,61.6594,-29.5162,61.6198,-29.5359,62.7277,-28.1719,62.7537,1.7261962890625,0.0705382341483187,1.615234375,1.82080078125,3535.25,144.46230353575683,8
ch2_cla_l1_20250801T063504395_20250801T063512395.fits,/home/saurabh/moon_project/data/CLASS/ch2_cla_l1_2025_08/cla/data/calibrated/2025/08/01/ch2_cla_l1_20250801T063504395_20250801T063512395.fits,2025-08-01T06:35:04.395,2025-08-01T06:35:12.395,2025-08-01T06:35:08.395,8.0,-39.1,13.5,117.12,-29.651,62.1691,-29.6449,62.1692,42.8771,42.8771,CLASS_add_scds.pro,2.1,362,1,"0,1,2,3,4,5,6,7,8,9,10,11,12,13,14,15,",-28.9521,61.6348,-30.3154,61.5946,-30.3351,62.7105,-28.9716,62.7367,1.72503662109375,0.0591125409505875,1.625,1.80419921875,3532.875,121.06248386680326,8
ch2_cla_l1_20250801T063520395_20250801T063528395.fits,/home/saurabh/moon_project/data/CLASS/ch2_cla_l1_2025_08/cla/data/calibrated/2025/08/01/ch2_cla_l1_20250801T063520395_20250801T063528395.fits,2025-08-01T06:35:20.395,2025-08-01T06:35:28.395,2025-08-01T06:35:24.395,8.0,-39.1,13.5,117.028,-30.4505,62.1477,-30.4445,62.1478,43.4077,43.4077,CLASS_add_scds.pro,2.1,364,1,"0,1,2,3,4,5,6,7,8,9,10,11,12,13,14,15,",-29.7519,61.6098,-31.1144,61.5688,-31.1343,62.6931,-29.7715,62.7195,1.74542236328125,0.0606906782863927,1.65087890625,1.84228515625,3574.625,124.2945091305324,8
ch2_cla_l1_20250801T063536395_20250801T063544395.fits,/home/saurabh/moon_project/data/CLASS/ch2_cla_l1_2025_08/cla/data/calibrated/2025/08/01/ch2_cla_l1_20250801T063536395_20250801T063544395.fits,2025-08-01T06:35:36.395,2025-08-01T06:35:44.395,2025-08-01T06:35:40.395,8.0,-39.0,13.5,116.932,-31.25,62.1261,-31.244,62.1262,43.9448,43.9448,CLASS_add_scds.pro,2.1,366,1,"0,1,2,3,4,5,6,7,8,9,10,11,12,13,14,15,",-30.5517,61.5844,-31.9135,61.5425,-31.9336,62.6755,-30.5715,62.7021,1.73883056640625,0.0437296586529666,1.6796875,1.80322265625,3561.125,89.5583409212756,8
ch2_cla_l1_20250801T063552395_20250801T063600395.fits,/home/saurabh/moon_project/data/CLASS/ch2_cla_l1_2025_08/cla/data/calibrated/2025/08/01/ch2_cla_l1_20250801T063552395_20250801T063600395.fits,2025-08-01T06:35:52.395,2025-08-01T06:36:00.395,2025-08-01T06:35:56.395,8.0,-38.9,13.5,116.832,-32.0497,62.1041,-32.0437,62.1043,44.4883,44.4883,CLASS_add_scds.pro,2.1,368,1,"0,1,2,3,4,5,6,7,8,9,10,11,12,13,14,15,",-31.3516,61.5585,-32.7128,61.5158,-32.733,62.6578,-31.3716,62.6847,1.75439453125,0.0447760638227843,1.6943359375,1.82666015625,3593.0,91.70137870906224,8
ch2_cla_l1_20250801T063608395_20250801T063616395.fits,/home/saurabh/moon_project/data/CLASS/ch2_cla_l1_2025_08/cla/data/calibrated/2025/08/01/ch2_cla_l1_20250801T063608395_20250801T063616395.fits,2025-08-01T06:36:08.395,2025-08-01T06:36:16.395,2025-08-01T06:36:12.395,8.0,-38.8,13.5,116.729,-32.8494,62.0818,-32.8434,62.0819,45.038,45.038,CLASS_add_scds.pro,2.1,370,1,"0,1,2,3,4,5,6,7,8,9,10,11,12,13,14,15,",-32.1517,61.532,-33.5118,61.4884,-33.5322,62.6399,-32.1718,62.667,1.7452392578125,0.0585558087259676,1.6650390625,1.84912109375,3574.25,119.9222962707817,8
ch2_cla_l1_20250801T063616395_20250801T063624395.fits,/home/saurabh/moon_project/data/CLASS/ch2_cla_l1_2025_08/cla/data/calibrated/2025/08/01/ch2_cla_l1_20250801T063616395_20250801T063624395.fits,2025-08-01T06:36:16.395,2025-08-01T06:36:24.395,2025-08-01T06:36:20.395,8.0,-38.7,13.5,116.677,-33.2493,62.0705,-33.2433,62.0705,45.315,45.315,CLASS_add_scds.pro,2.1,371,1,"0,1,2,3,4,5,6,7,8,9,10,11,12,13,14,15,",-32.5517,61.5186,-33.9114,61.4746,-33.9319,62.6309,-32.5719,62.6581,1.7427978515625,0.0509083592794887,1.65673828125,1.81298828125,3569.25,104.26031980439292,8
ch2_cla_l1_20250801T063624395_20250801T063632395.fits,/home/saurabh/moon_project/data/CLASS/ch2_cla_l1_2025_08/cla/data/calibrated/2025/08/01/ch2_cla_l1_20250801T063624395_20250801T063632395.fits,2025-08-01T06:36:24.395,2025-08-01T06:36:32.395,2025-08-01T06:36:28.395,8.0,-38.7,13.5,116.623,-33.6492,62.0591,-33.643,62.0592,45.5935,45.5935,CLASS_add_scds.pro,2.1,372,1,"0,1,2,3,4,5,6,7,8,9,10,11,12,13,14,15,",-32.9518,61.5051,-34.311,61.4605,-34.3315,62.6217,-32.9721,62.6492,1.766357421875,0.0583368391164254,1.6787109375,1.8603515625,3617.5,119.47384651043926,8
ch2_cla_l1_20250801T063632395_20250801T063640395.fits,/home/saurabh/moon_project/data/CLASS/ch2_cla_l1_2025_08/cla/data/calibrated/2025/08/01/ch2_cla_l1_20250801T063632395_20250801T063640395.fits,2025-08-01T06:36:32.395,2025-08-01T06:36:40.395,2025-08-01T06:36:36.395,8.0,-38.6,13.5,116.568,-34.0491,62.0476,-34.0431,62.0477,45.8734,45.8734,CLASS_add_scds.pro,2.1,373,1,"0,1,2,3,4,5,6,7,8,9,10,11,12,13,14,15,",-33.3518,61.4913,-34.7106,61.4463,-34.7313,62.6126,-33.3722,62.6401,1.7412109375,0.0973446479586249,1.58740234375,1.88916015625,3566.0,199.3618390192638,8
ch2_cla_l1_20250801T063640395_20250801T063648395.fits,/home/saurabh/moon_project/data/CLASS/ch2_cla_l1_2025_08/cla/data/calibrated/2025/08/01/ch2_cla_l1_20250801T063640395_20250801T063648395.fits,2025-08-01T06:36:40.395,2025-08-01T06:36:48.395,2025-08-01T06:36:44.395,8.0,-38.6,13.5,116.513,-34.4491,62.036,-34.443,62.0361,46.1547,46.1547,CLASS_add_scds.pro,2.1,374,1,"0,1,2,3,4,5,6,7,8,9,10,11,12,13,14,15,",-33.752,61.4775,-35.1103,61.432,-35.1311,62.6034,-33.7724,62.6311,1.754638671875,0.0880079666841668,1.623046875,1.880859375,3593.5,180.2403157691737,8
ch2_cla_l1_20250801T063648395_20250801T063656395.fits,/home/saurabh/moon_project/data/CLASS/ch2_cla_l1_2025_08/cla/data/calibrated/2025/08/01/ch2_cla_l1_20250801T063648395_20250801T063656395.fits,2025-08-01T06:36:48.395,2025-08-01T06:36:56.395,2025-08-01T06:36:52.395,8.0,-38.6,13.5,116.456,-34.8491,62.0243,-34.8431,62.0244,46.4373,46.4373,CLASS_add_scds.pro,2.1,375,1,"0,1,2,3,4,5,6,7,8,9,10,11,12,13,14,15,",-34.1521,61.4636,-35.51,61.4176,-35.5309,62.5942,-34.1726,62.6221,1.7650146484375,0.0987162581012705,1.609375,1.92578125,3614.75,202.17089659140217,8
ch2_cla_l1_20250801T063656395_20250801T063704395.fits,/home/saurabh/moon_project/data/CLASS/ch2_cla_l1_2025_08/cla/data/calibrated/2025/08/01/ch2_cla_l1_20250801T063656395_20250801T063704395.fits,2025-08-01T06:36:56.395,2025-08-01T06:37:04.395,2025-08-01T06:37:00.395,8.0,-38.6,13.5,116.399,-35.2491,62.0125,-35.2431,62.0127,46.7213,46.7213,CLASS_add_scds.pro,2.1,376,1,"0,1,2,3,4,5,6,7,8,9,10,11,12,13,14,15,",-34.5523,61.4495,-35.9098,61.403,-35.9307,62.5849,-34.5729,62.6129,1.75146484375,0.059376743835999,1.65625,1.84033203125,3587.0,121.603571376126,8
ch2_cla_l1_20250801T063704395_20250801T063712395.fits,/home/saurabh/moon_project/data/CLASS/ch2_cla_l1_2025_08/cla/data/calibrated/2025/08/01/ch2_cla_l1_20250801T063704395_20250801T063712395.fits,2025-08-01T06:37:04.395,2025-08-01T06:37:12.395,2025-08-01T06:37:08.395,8.0,-38.5,13.5,116.341,-35.6491,62.0006,-35.643,62.0008,47.0067,47.0067,CLASS_add_scds.pro,2.1,377,1,"0,1,2,3,4,5,6,7,8,9,10,11,12,13,14,15,",-34.9526,61.4353,-36.3094,61.3882,-36.3304,62.5755,-34.9733,62.6037,1.7720947265625,0.0526443601269127,1.7158203125,1.865234375,3629.25,107.81564953991736,8
ch2_cla_l1_20250801T063712395_20250801T063720395.fits,/home/saurabh/moon_project/data/CLASS/ch2_cla_l1_2025_08/cla/data/calibrated/2025/08/01/ch2_cla_l1_20250801T063712395_20250801T063720395.fits,2025-08-01T06:37:12.395,2025-08-01T06:37:20.395,2025-08-01T06:37:16.395,8.0,-38.5,13.5,116.282,-36.0492,61.9886,-36.0431,61.9887,47.2933,47.2933,CLASS_add_scds.pro,2.1,378,1,"0,1,2,3,4,5,6,7,8,9,10,11,12,13,14,15,",-35.3526,61.4208,-36.7092,61.3732,-36.7303,62.5661,-35.3734,62.5945,1.76934814453125,0.0571595646496643,1.68017578125,1.84912109375,3623.625,117.06278840251257,8
ch2_cla_l1_20250801T063720395_20250801T063728395.fits,/home/saurabh/moon_project/data/CLASS/ch2_cla_l1_2025_08/cla/data/calibrated/2025/08/01/ch2_cla_l1_20250801T063720395_20250801T063728395.fits,2025-08-01T06:37:20.395,2025-08-01T06:37:28.395,2025-08-01T06:37:24.395,8.0,-38.4,13.5,116.221,-36.4492,61.9764,-36.4432,61.9766,47.5812,47.5812,CLASS_add_scds.pro,2.1,379,1,"0,1,2,3,4,5,6,7,8,9,10,11,12,13,14,15,",-35.7529,61.4063,-37.109,61.358,-37.1302,62.5566,-35.7738,62.5852,1.8094482421875,0.0513831715162872,1.7421875,1.8955078125,3705.75,105.23273526535634,8
ch2_cla_l1_20250801T063728395_20250801T063736395.fits,/home/saurabh/moon_project/data/CLASS/ch2_cla_l1_2025_08/cla/data/calibrated/2025/08/01/ch2_cla_l1_20250801T063728395_20250801T063736395.fits,2025-08-01T06:37:28.395,2025-08-01T06:37:36.395,2025-08-01T06:37:32.395,8.0,-38.4,13.5,116.161,-36.8493,61.9642,-36.8433,61.9643,47.8703,47.8703,CLASS_add_scds.pro,2.1,380,1,"0,1,2,3,4,5,6,7,8,9,10,11,12,13,14,15,",-36.1532,61.3915,-37.5088,61.3427,-37.5302,62.547,-36.1742,62.5758,1.753662109375,0.0418247674789134,1.69921875,1.81396484375,3591.5,85.6571237968148,8
ch2_cla_l1_20250801T063736395_20250801T063744395.fits,/home/saurabh/moon_project/data/CLASS/ch2_cla_l1_2025_08/cla/data/calibrated/2025/08/01/ch2_cla_l1_20250801T063736395_20250801T063744395.fits,2025-08-01T06:37:36.395,2025-08-01T06:37:44.395,2025-08-01T06:37:40.395,8.0,-38.3,13.5,116.099,-37.2495,61.9519,-37.2433,61.952,48.1606,48.1606,CLASS_add_scds.pro,2.1,381,1,"0,1,2,3,4,5,6,7,8,9,10,11,12,13,14,15,",-36.5536,61.3766,-37.9086,61.3272,-37.93,62.5374,-36.5747,62.5664,1.81719970703125,0.0444913814734337,1.763671875,1.8828125,3721.625,91.1183492575923,8
ch2_cla_l1_20250801T063744395_20250801T063752395.fits,/home/saurabh/moon_project/data/CLASS/ch2_cla_l1_2025_08/cla/data/calibrated/2025/08/01/ch2_cla_l1_20250801T063744395_20250801T063752395.fits,2025-08-01T06:37:44.395,2025-08-01T06:37:52.395,2025-08-01T06:37:48.395,8.0,-38.3,13.5,116.036,-37.6496,61.9394,-37.6436,61.9395,48.4522,48.4522,CLASS_add_scds.pro,2.1,382,1,"0,1,2,3,4,5,6,7,8,9,10,11,12,13,14,15,",-36.9539,61.3615,-38.3084,61.3116,-38.33,62.5277,-36.975,62.5568,1.774658203125,0.0457117987705594,1.71630859375,1.8486328125,3634.5,93.6177638821058,8
ch2_cla_l1_20250801T063752395_20250801T063800395.fits,/home/saurabh/moon_project/data/CLASS/ch2_cla_l1_2025_08/cla/data/calibrated/2025/08/01/ch2_cla_l1_20250801T063752395_20250801T063800395.fits,2025-08-01T06:37:52.395,2025-08-01T06:38:00.395,2025-08-01T06:37:56.395,8.0,-38.2,13.5,115.973,-38.0498,61.9268,-38.0438,61.9269,48.7449,48.7449,CLASS_add_scds.pro,2.1,383,1,"0,1,2,3,4,5,6,7,8,9,10,11,12,13,14,15,",-37.3542,61.3463,-38.7083,61.2957,-38.73,62.518,-37.3755,62.5473,1.82049560546875,0.0399385046829354,1.76513671875,1.88525390625,3728.375,81.79405759065176,8
ch2_cla_l1_20250801T063800395_20250801T063808395.fits,/home/saurabh/moon_project/data/CLASS/ch2_cla_l1_2025_08/cla/data/calibrated/2025/08/01/ch2_cla_l1_20250801T063800395_20250801T063808395.fits,2025-08-01T06:38:00.395,2025-08-01T06:38:08.395,2025-08-01T06:38:04.395,8.0,-38.2,13.5,115.908,-38.45,61.9141,-38.4439,61.9142,49.0388,49.0388,CLASS_add_scds.pro,2.1,384,1,"0,1,2,3,4,5,6,7,8,9,10,11,12,13,14,15,",-37.7547,61.3308,-39.1078,61.2797,-39.1296,62.5082,-37.7761,62.5376,1.7696533203125,0.0547906331315883,1.68994140625,1.865234375,3624.25,112.211216653493,8
ch2_cla_l1_20250801T063808395_20250801T063816395.fits,/home/saurabh/moon_project/data/CLASS/ch2_cla_l1_2025_08/cla/data/calibrated/2025/08/01/ch2_cla_l1_20250801T063808395_20250801T063816395.fits,2025-08-01T06:38:08.395,2025-08-01T06:38:16.395,2025-08-01T06:38:12.395,8.0,-38.2,13.5,115.843,-38.8502,61.9012,-38.844,61.9014,49.3338,49.3338,CLASS_add_scds.pro,2.1,385,1,"0,1,2,3,4,5,6,7,8,9,10,11,12,13,14,15,",-38.1547,61.3153,-39.508,61.2635,-39.5299,62.4982,-38.1763,62.5281,1.841552734375,0.0605238066293787,1.75927734375,1.94189453125,3771.5,123.95275597696777,8
ch2_cla_l1_20250801T063816395_20250801T063824395.fits,/home/saurabh/moon_project/data/CLASS/ch2_cla_l1_2025_08/cla/data/calibrated/2025/08/01/ch2_cla_l1_20250801T063816395_20250801T063824395.fits,2025-08-01T06:38:16.395,2025-08-01T06:38:24.395,2025-08-01T06:38:20.395,8.0,-38.2,13.5,115.777,-39.2505,61.8882,-39.2444,61.8883,49.6299,49.6299,CLASS_add_scds.pro,2.1,386,1,"0,1,2,3,4,5,6,7,8,9,10,11,12,13,14,15,",-38.5554,61.2995,-39.9079,61.247,-39.9299,62.4882,-38.577,62.5183,1.78997802734375,0.0620402387466713,1.697265625,1.8857421875,3665.875,127.05840895318298,8
ch2_cla_l1_20250801T063824395_20250801T063832395.fits,/home/saurabh/moon_project/data/CLASS/ch2_cla_l1_2025_08/cla/data/calibrated/2025/08/01/ch2_cla_l1_20250801T063824395_20250801T063832395.fits,2025-08-01T06:38:24.395,2025-08-01T06:38:32.395,2025-08-01T06:38:28.395,8.0,-38.1,13.5,115.71,-39.6508,61.8751,-39.6447,61.8753,49.9271,49.9271,CLASS_add_scds.pro,2.1,387,1,"0,1,2,3,4,5,6,7,8,9,10,11,12,13,14,15,",-38.9559,61.2835,-40.3079,61.2304,-40.33,62.4783,-38.9776,62.5084,1.83123779296875,0.0903325732594139,1.697265625,1.96142578125,3750.375,185.00111003527985,8
ch2_cla_l1_20250801T063832395_20250801T063840395.fits,/home/saurabh/moon_project/data/CLASS/ch2_cla_l1_2025_08/cla/data/calibrated/2025/08/01/ch2_cla_l1_20250801T063832395_20250801T063840395.fits,2025-08-01T06:38:32.395,2025-08-01T06:38:40.395,2025-08-01T06:38:36.395,8.0,-38.0,13.5,115.642,-40.0511,61.8618,-40.045,61.862,50.2254,50.2254,CLASS_add_scds.pro,2.1,388,1,"0,1,2,3,4,5,6,7,8,9,10,11,12,13,14,15,",-39.3565,61.2673,-40.7079,61.2136,-40.7301,62.4681,-39.3783,62.4985,1.79827880859375,0.0715843995794841,1.6923828125,1.9072265625,3682.875,146.60485033878362,8
ch2_cla_l1_20250801T063840395_20250801T063848395.fits,/home/saurabh/moon_project/data/CLASS/ch2_cla_l1_2025_08/cla/data/calibrated/2025/08/01/ch2_cla_l1_20250801T063840395_20250801T063848395.fits,2025-08-01T06:38:40.395,2025-08-01T06:38:48.395,2025-08-01T06:38:44.395,8.0,-38.0,13.5,115.573,-40.4514,61.8484,-40.4455,61.8486,50.5248,50.5248,CLASS_add_scds.pro,2.1,389,1,"0,1,2,3,4,5,6,7,8,9,10,11,12,13,14,15,",-39.757,61.251,-41.1077,61.1964,-41.1301,62.4578,-39.779,62.4885,1.8538818359375,0.0916073590761807,1.716796875,1.9833984375,3796.75,187.6118713880182,8
ch2_cla_l1_20250801T063856395_20250801T063904395.fits,/home/saurabh/moon_project/data/CLASS/ch2_cla_l1_2025_08/cla/data/calibrated/2025/08/01/ch2_cla_l1_20250801T063856395_20250801T063904395.fits,2025-08-01T06:38:56.395,2025-08-01T06:39:04.395,2025-08-01T06:39:00.395,8.0,-37.9,13.5,115.433,-41.2522,61.8212,-41.2462,61.8212,51.1266,51.1266,CLASS_add_scds.pro,2.1,391,1,"0,1,2,3,4,5,6,7,8,9,10,11,12,13,14,15,",-40.558,61.2176,-41.9079,61.1616,-41.9305,62.4371,-40.5803,62.4684,1.71490478515625,0.060467751833766,1.6123046875,1.79248046875,3512.125,123.83795575555294,8
ch2_cla_l1_20250801T063912395_20250801T063920395.fits,/home/saurabh/moon_project/data/CLASS/ch2_cla_l1_2025_08/cla/data/calibrated/2025/08/01/ch2_cla_l1_20250801T063912395_20250801T063920395.fits,2025-08-01T06:39:12.395,2025-08-01T06:39:20.395,2025-08-01T06:39:16.395,8.0,-37.9,13.5,115.29,-42.0531,61.7933,-42.0472,61.7934,51.7324,51.7324,CLASS_add_scds.pro,2.1,393,1,"0,1,2,3,4,5,6,7,8,9,10,11,12,13,14,15,",-41.3594,61.1834,-42.708,61.1259,-42.7309,62.4161,-41.3819,62.4479,1.73138427734375,0.0590098907802558,1.63330078125,1.81494140625,3545.875,120.85225631796396,8
ch2_cla_l1_20250801T063928395_20250801T063936395.fits,/home/saurabh/moon_project/data/CLASS/ch2_cla_l1_2025_08/cla/data/calibrated/2025/08/01/ch2_cla_l1_20250801T063928395_20250801T063936395.fits,2025-08-01T06:39:28.395,2025-08-01T06:39:36.395,2025-08-01T06:39:32.395,8.0,-37.7,13.5,115.144,-42.8541,61.7647,-42.8482,61.7649,52.342,52.342,CLASS_add_scds.pro,2.1,395,1,"0,1,2,3,4,5,6,7,8,9,10,11,12,13,14,15,",-42.1609,61.1482,-43.5083,61.0892,-43.5315,62.3947,-42.1836,62.427,1.72418212890625,0.0461400406904594,1.662109375,1.7939453125,3531.125,94.49480333406096,8
ch2_cla_l1_20250801T063936395_20250801T063944395.fits,/home/saurabh/moon_project/data/CLASS/ch2_cla_l1_2025_08/cla/data/calibrated/2025/08/01/ch2_cla_l1_20250801T063936395_20250801T063944395.fits,2025-08-01T06:39:36.395,2025-08-01T06:39:44.395,2025-08-01T06:39:40.395,8.0,-37.7,13.5,115.069,-43.2546,61.7502,-43.2486,61.7503,52.6482,52.6482,CLASS_add_scds.pro,2.1,396,1,"0,1,2,3,4,5,6,7,8,9,10,11,12,13,14,15,",-42.5616,61.1303,-43.9085,61.0704,-43.9318,62.3838,-42.5844,62.4164,1.734130859375,0.0612643575939946,1.64111328125,1.81884765625,3551.5,125.46940435250112,8
ch2_cla_l1_20250801T063944395_20250801T063952395.fits,/home/saurabh/moon_project/data/CLASS/ch2_cla_l1_2025_08/cla/data/calibrated/2025/08/01/ch2_cla_l1_20250801T063944395_20250801T063952395.fits,2025-08-01T06:39:44.395,2025-08-01T06:39:52.395,2025-08-01T06:39:48.395,8.0,-37.7,13.5,114.993,-43.6552,61.7355,-43.6493,61.7357,52.9553,52.9553,CLASS_add_scds.pro,2.1,397,1,"0,1,2,3,4,5,6,7,8,9,10,11,12,13,14,15,",-42.9625,61.1121,-44.3086,61.0515,-44.3321,62.3729,-42.9854,62.4057,1.7301025390625,0.0479814640199755,1.6669921875,1.81298828125,3543.25,98.26603831290996,8
ch2_cla_l1_20250801T063952395_20250801T064000395.fits,/home/saurabh/moon_project/data/CLASS/ch2_cla_l1_2025_08/cla/data/calibrated/2025/08/01/ch2_cla_l1_20250801T063952395_20250801T064000395.fits,2025-08-01T06:39:52.395,2025-08-01T06:40:00.395,2025-08-01T06:39:56.395,8.0,-37.6,13.5,114.917,-44.0558,61.7206,-44.0498,61.7208,53.2633,53.2633,CLASS_add_scds.pro,2.1,398,1,"0,1,2,3,4,5,6,7,8,9,10,11,12,13,14,15,",-43.3632,61.0938,-44.7089,61.0323,-44.7324,62.3619,-43.3863,62.395,1.73980712890625,0.0729945765662361,1.60546875,1.84814453125,3563.125,149.49289280765157,8
ch2_cla_l1_20250801T064000395_20250801T064008395.fits,/home/saurabh/moon_project/data/CLASS/ch2_cla_l1_2025_08/cla/data/calibrated/2025/08/01/ch2_cla_l1_20250801T064000395_20250801T064008395.fits,2025-08-01T06:40:00.395,2025-08-01T06:40:08.395,2025-08-01T06:40:04.395,8.0,-37.6,13.5,114.84,-44.4565,61.7056,-44.4505,61.7058,53.5722,53.5722,CLASS_add_scds.pro,2.1,399,1,"0,1,2,3,4,5,6,7,8,9,10,11,12,13,14,15,",-43.7641,61.0752,-45.1091,61.0126,-45.1328,62.3506,-43.7873,62.3842,1.7335205078125,0.0558215521045848,1.64208984375,1.82275390625,3550.25,114.32253871018985,8
ch2_cla_l1_20250801T064008395_20250801T064016395.fits,/home/saurabh/moon_project/data/CLASS/ch2_cla_l1_2025_08/cla/data/calibrated/2025/08/01/ch2_cla_l1_20250801T064008395_20250801T064016395.fits,2025-08-01T06:40:08.395,2025-08-01T06:40:16.395,2025-08-01T06:40:12.395,8.0,-37.6,13.5,114.762,-44.8571,61.6903,-44.8513,61.6904,53.882,53.882,CLASS_add_scds.pro,2.1,400,1,"0,1,2,3,4,5,6,7,8,9,10,11,12,13,14,15,",-44.165,61.0562,-45.5094,60.9927,-45.5333,62.3393,-44.1884,62.3732,1.77349853515625,0.0530912644797153,1.69775390625,1.86669921875,3632.125,108.73090965445712,8
ch2_cla_l1_20250801T064016395_20250801T064024395.fits,/home/saurabh/moon_project/data/CLASS/ch2_cla_l1_2025_08/cla/data/calibrated/2025/08/01/ch2_cla_l1_20250801T064016395_20250801T064024395.fits,2025-08-01T06:40:16.395,2025-08-01T06:40:24.395,2025-08-01T06:40:20.395,8.0,-37.6,13.5,114.684,-45.2578,61.6748,-45.2521,61.6749,54.1926,54.1926,CLASS_add_scds.pro,2.1,401,1,"0,1,2,3,4,5,6,7,8,9,10,11,12,13,14,15,",-44.566,61.037,-45.9097,60.9725,-45.9337,62.3279,-44.5895,62.3621,1.73468017578125,0.0752939628124085,1.626953125,1.84814453125,3552.625,154.20203583981262,8
ch2_cla_l1_20250801T064024395_20250801T064032395.fits,/home/saurabh/moon_project/data/CLASS/ch2_cla_l1_2025_08/cla/data/calibrated/2025/08/01/ch2_cla_l1_20250801T064024395_20250801T064032395.fits,2025-08-01T06:40:24.395,2025-08-01T06:40:32.395,2025-08-01T06:40:28.395,8.0,-37.5,13.5,114.604,-45.6586,61.6591,-45.6527,61.6593,54.504,54.504,CLASS_add_scds.pro,2.1,402,1,"0,1,2,3,4,5,6,7,8,9,10,11,12,13,14,15,",-44.9669,61.0175,-46.3101,60.952,-46.3342,62.3163,-44.9906,62.3509,1.76251220703125,0.0712847325751315,1.6640625,1.888671875,3609.625,145.99113231386937,8
ch2_cla_l1_20250801T064032395_20250801T064040395.fits,/home/saurabh/moon_project/data/CLASS/ch2_cla_l1_2025_08/cla/data/calibrated/2025/08/01/ch2_cla_l1_20250801T064032395_20250801T064040395.fits,2025-08-01T06:40:32.395,2025-08-01T06:40:40.395,2025-08-01T06:40:36.395,8.0,-37.4,13.5,114.524,-46.0593,61.6433,-46.0534,61.6435,54.8162,54.8162,CLASS_add_scds.pro,2.1,403,1,"0,1,2,3,4,5,6,7,8,9,10,11,12,13,14,15,",-45.3679,60.9976,-46.7105,60.9313,-46.7348,62.3047,-45.3917,62.3396,1.73834228515625,0.0901206116247559,1.609375,1.87353515625,3560.125,184.56701260750023,8
ch2_cla_l1_20250801T064040395_20250801T064048395.fits,/home/saurabh/moon_project/data/CLASS/ch2_cla_l1_2025_08/cla/data/calibrated/2025/08/01/ch2_cla_l1_20250801T064040395_20250801T064048395.fits,2025-08-01T06:40:40.395,2025-08-01T06:40:48.395,2025-08-01T06:40:44.395,8.0,-37.4,13.5,114.443,-46.4601,61.6272,-46.4543,61.6275,55.1293,55.1293,CLASS_add_scds.pro,2.1,404,1,"0,1,2,3,4,5,6,7,8,9,10,11,12,13,14,15,",-45.769,60.9776,-47.1107,60.9102,-47.1353,62.2929,-45.793,62.3282,1.77960205078125,0.0815694617446363,1.6826171875,1.90185546875,3644.625,167.05425765301524,8
ch2_cla_l1_20250801T064048395_20250801T064056395.fits,/home/saurabh/moon_project/data/CLASS/ch2_cla_l1_2025_08/cla/data/calibrated/2025/08/01/ch2_cla_l1_20250801T064048395_20250801T064056395.fits,2025-08-01T06:40:48.395,2025-08-01T06:40:56.395,2025-08-01T06:40:52.395,8.0,-37.4,13.5,114.361,-46.861,61.6108,-46.855,61.6111,55.4431,55.4431,CLASS_add_scds.pro,2.1,405,1,"0,1,2,3,4,5,6,7,8,9,10,11,12,13,14,15,",-46.17,60.9573,-47.5112,60.8886,-47.5358,62.2808,-46.1941,62.3167,1.72998046875,0.0598316045699339,1.642578125,1.82177734375,3543.0,122.53512615922482,8
ch2_cla_l1_20250801T064056395_20250801T064104395.fits,/home/saurabh/moon_project/data/CLASS/ch2_cla_l1_2025_08/cla/data/calibrated/2025/08/01/ch2_cla_l1_20250801T064056395_20250801T064104395.fits,2025-08-01T06:40:56.395,2025-08-01T06:41:04.395,2025-08-01T06:41:00.395,8.0,-37.4,13.5,114.278,-47.2618,61.5943,-47.256,61.5944,55.7577,55.7577,CLASS_add_scds.pro,2.1,406,1,"0,1,2,3,4,5,6,7,8,9,10,11,12,13,14,15,",-46.5711,60.9364,-47.9116,60.8669,-47.9365,62.2687,-46.5954,62.3048,1.8017578125,0.0577848272482872,1.7060546875,1.88232421875,3690.0,118.34332620449224,8
ch2_cla_l1_20250801T064104395_20250801T064112395.fits,/home/saurabh/moon_project/data/CLASS/ch2_cla_l1_2025_08/cla/data/calibrated/2025/08/01/ch2_cla_l1_20250801T064104395_20250801T064112395.fits,2025-08-01T06:41:04.395,2025-08-01T06:41:12.395,2025-08-01T06:41:08.395,8.0,-37.3,13.5,114.195,-47.6627,61.5775,-47.6568,61.5777,56.0731,56.0731,CLASS_add_scds.pro,2.1,407,1,"0,1,2,3,4,5,6,7,8,9,10,11,12,13,14,15,",-46.9723,60.9154,-48.3119,60.8448,-48.3369,62.2566,-46.9967,62.293,1.7476806640625,0.0607197486599545,1.64453125,1.82861328125,3579.25,124.35404525558695,8
ch2_cla_l1_20250801T064112395_20250801T064120395.fits,/home/saurabh/moon_project/data/CLASS/ch2_cla_l1_2025_08/cla/data/calibrated/2025/08/01/ch2_cla_l1_20250801T064112395_20250801T064120395.fits,2025-08-01T06:41:12.395,2025-08-01T06:41:20.395,2025-08-01T06:41:16.395,8.0,-37.3,13.5,114.111,-48.0636,61.5605,-48.0577,61.5607,56.3892,56.3892,CLASS_add_scds.pro,2.1,408,1,"0,1,2,3,4,5,6,7,8,9,10,11,12,13,14,15,",-47.3732,60.8942,-48.7125,60.8224,-48.7377,62.2444,-47.3978,62.2813,1.78900146484375,0.0467020659494147,1.71728515625,1.85546875,3663.875,95.64583106440134,8
ch2_cla_l1_20250801T064120395_20250801T064128395.fits,/home/saurabh/moon_project/data/CLASS/ch2_cla_l1_2025_08/cla/data/calibrated/2025/08/01/ch2_cla_l1_20250801T064120395_20250801T064128395.fits,2025-08-01T06:41:20.395,2025-08-01T06:41:28.395,2025-08-01T06:41:24.395,8.0,-37.3,13.5,114.026,-48.4646,61.5432,-48.4588,61.5434,56.706,56.706,CLASS_add_scds.pro,2.1,409,1,"0,1,2,3,4,5,6,7,8,9,10,11,12,13,14,15,",-47.7745,60.8726,-49.113,60.7995,-49.1384,62.2318,-47.7993,62.2693,1.7559814453125,0.0456624093071719,1.6884765625,1.81640625,3596.25,93.51661426108808,8
ch2_cla_l1_20250801T064128395_20250801T064136395.fits,/home/saurabh/moon_project/data/CLASS/ch2_cla_l1_2025_08/cla/data/calibrated/2025/08/01/ch2_cla_l1_20250801T064128395_20250801T064136395.fits,2025-08-01T06:41:28.395,2025-08-01T06:41:36.395,2025-08-01T06:41:32.395,8.0,-37.2,13.5,113.94,-48.8656,61.5257,-48.8597,61.5259,57.0236,57.0236,CLASS_add_scds.pro,2.1,410,1,"0,1,2,3,4,5,6,7,8,9,10,11,12,13,14,15,",-48.1758,60.8504,-49.5137,60.7761,-49.5392,62.219,-48.2007,62.257,1.80987548828125,0.0457229273261886,1.74755859375,1.87646484375,3706.625,93.6405551640344,8
ch2_cla_l1_20250801T064136395_20250801T064144395.fits,/home/saurabh/moon_project/data/CLASS/ch2_cla_l1_2025_08/cla/data/calibrated/2025/08/01/ch2_cla_l1_20250801T064136395_20250801T064144395.fits,2025-08-01T06:41:36.395,2025-08-01T06:41:44.395,2025-08-01T06:41:40.395,8.0,-37.2,13.5,113.854,-49.2666,61.5079,-49.2606,61.5081,57.3419,57.3419,CLASS_add_scds.pro,2.1,411,1,"0,1,2,3,4,5,6,7,8,9,10,11,12,13,14,15,",-48.5771,60.8279,-49.914,60.7525,-49.9398,62.2063,-48.6023,62.2445,1.7882080078125,0.0555561137549801,1.708984375,1.880859375,3662.25,113.7789209701993,8
ch2_cla_l1_20250801T064144395_20250801T064152395.fits,/home/saurabh/moon_project/data/CLASS/ch2_cla_l1_2025_08/cla/data/calibrated/2025/08/01/ch2_cla_l1_20250801T064144395_20250801T064152395.fits,2025-08-01T06:41:44.395,2025-08-01T06:41:52.395,2025-08-01T06:41:48.395,8.0,-37.1,13.5,113.767,-49.6677,61.4898,-49.6618,61.49,57.6608,57.6608,CLASS_add_scds.pro,2.1,412,1,"0,1,2,3,4,5,6,7,8,9,10,11,12,13,14,15,",-48.9782,60.8053,-50.3146,60.7285,-50.3406,62.1933,-49.0035,62.2322,1.798583984375,0.0569416933063391,1.705078125,1.89013671875,3683.5,116.61658789138264,8
ch2_cla_l1_20250801T064152395_20250801T064200395.fits,/home/saurabh/moon_project/data/CLASS/ch2_cla_l1_2025_08/cla/data/calibrated/2025/08/01/ch2_cla_l1_20250801T064152395_20250801T064200395.fits,2025-08-01T06:41:52.395,2025-08-01T06:42:00.395,2025-08-01T06:41:56.395,8.0,-37.1,13.5,113.678,-50.0688,61.4714,-50.0629,61.4715,57.9805,57.9805,CLASS_add_scds.pro,2.1,413,1,"0,1,2,3,4,5,6,7,8,9,10,11,12,13,14,15,",-49.3796,60.7821,-50.7152,60.7038,-50.7414,62.18,-49.4051,62.2195,1.77545166015625,0.0495657438255385,1.70166015625,1.845703125,3636.125,101.51064335470302,8
ch2_cla_l1_20250801T064200395_20250801T064208395.fits,/home/saurabh/moon_project/data/CLASS/ch2_cla_l1_2025_08/cla/data/calibrated/2025/08/01/ch2_cla_l1_20250801T064200395_20250801T064208395.fits,2025-08-01T06:42:00.395,2025-08-01T06:42:08.395,2025-08-01T06:42:04.395,8.0,-37.1,13.5,113.59,-50.4699,61.4528,-50.4641,61.453,58.3008,58.3008,CLASS_add_scds.pro,2.1,414,1,"0,1,2,3,4,5,6,7,8,9,10,11,12,13,14,15,",-49.7809,60.7585,-51.116,60.6791,-51.1424,62.1668,-49.8066,62.2066,1.818359375,0.059730760394204,1.724609375,1.91943359375,3724.0,122.3285972873298,8
ch2_cla_l1_20250801T064208395_20250801T064216395.fits,/home/saurabh/moon_project/data/CLASS/ch2_cla_l1_2025_08/cla/data/calibrated/2025/08/01/ch2_cla_l1_20250801T064208395_20250801T064216395.fits,2025-08-01T06:42:08.395,2025-08-01T06:42:16.395,2025-08-01T06:42:12.395,8.0,-37.1,13.5,113.5,-50.8711,61.4338,-50.8652,61.4341,58.6218,58.6218,CLASS_add_scds.pro,2.1,415,1,"0,1,2,3,4,5,6,7,8,9,10,11,12,13,14,15,",-50.1824,60.7347,-51.5166,60.6537,-51.5432,62.1533,-50.2083,62.1938,1.79449462890625,0.0815358415789667,1.6357421875,1.87841796875,3675.125,166.9854035537238,8
ch2_cla_l1_20250801T064216395_20250801T064224395.fits,/home/saurabh/moon_project/data/CLASS/ch2_cla_l1_2025_08/cla/data/calibrated/2025/08/01/ch2_cla_l1_20250801T064216395_20250801T064224395.fits,2025-08-01T06:42:16.395,2025-08-01T06:42:24.395,2025-08-01T06:42:20.395,8.0,-37.1,13.5,113.41,-51.2723,61.4146,-51.2664,61.4148,58.9434,58.9434,CLASS_add_scds.pro,2.1,416,1,"0,1,2,3,4,5,6,7,8,9,10,11,12,13,14,15,",-50.5838,60.7103,-51.9172,60.6279,-51.944,62.1396,-50.6099,62.1807,1.80718994140625,0.0866355536186829,1.677734375,1.92529296875,3701.125,177.42961381106272,8
ch2_cla_l1_20250801T064224395_20250801T064232395.fits,/home/saurabh/moon_project/data/CLASS/ch2_cla_l1_2025_08/cla/data/calibrated/2025/08/01/ch2_cla_l1_20250801T064224395_20250801T064232395.fits,2025-08-01T06:42:24.395,2025-08-01T06:42:32.395,2025-08-01T06:42:28.395,8.0,-37.1,13.5,113.319,-51.6736,61.395,-51.6676,61.3951,59.2656,59.2656,CLASS_add_scds.pro,2.1,417,1,"0,1,2,3,4,5,6,7,8,9,10,11,12,13,14,15,",-50.9852,60.6854,-52.3179,60.6015,-52.345,62.1257,-51.0115,62.1673,1.817138671875,0.0948397559844264,1.6708984375,1.96484375,3721.5,194.2318202561053,8
ch2_cla_l1_20250801T064232395_20250801T064240395.fits,/home/saurabh/moon_project/data/CLASS/ch2_cla_l1_2025_08/cla/data/calibrated/2025/08/01/ch2_cla_l1_20250801T064232395_20250801T064240395.fits,2025-08-01T06:42:32.395,2025-08-01T06:42:40.395,2025-08-01T06:42:36.395,8.0,-37.1,13.5,113.228,-52.0748,61.3751,-52.069,61.3752,59.5885,59.5885,CLASS_add_scds.pro,2.1,418,1,"0,1,2,3,4,5,6,7,8,9,10,11,12,13,14,15,",-51.3867,60.6602,-52.7188,60.5747,-52.7461,62.1116,-51.4132,62.1538,1.820068359375,0.0864267664769307,1.69140625,1.94384765625,3727.5,177.00201774475423,8
ch2_cla_l1_20250801T064240395_20250801T064248395.fits,/home/saurabh/moon_project/data/CLASS/ch2_cla_l1_2025_08/cla/data/calibrated/2025/08/01/ch2_cla_l1_20250801T064240395_20250801T064248395.fits,2025-08-01T06:42:40.395,2025-08-01T06:42:48.395,2025-08-01T06:42:44.395,8.0,-37.0,13.5,113.135,-52.4761,61.3548,-52.4704,61.3551,59.912,59.912,CLASS_add_scds.pro,2.1,419,1,"0,1,2,3,4,5,6,7,8,9,10,11,12,13,14,15,",-51.7883,60.6345,-53.1199,60.5474,-53.1473,62.0973,-51.815,62.1401,1.8193359375,0.0556089659186474,1.7451171875,1.92138671875,3726.0,113.88716220139,8
ch2_cla_l1_20250801T064248395_20250801T064256395.fits,/home/saurabh/moon_project/data/CLASS/ch2_cla_l1_2025_08/cla/data/calibrated/2025/08/01/ch2_cla_l1_20250801T064248395_20250801T064256395.fits,2025-08-01T06:42:48.395,2025-08-01T06:42:56.395,2025-08-01T06:42:52.395,8.0,-37.0,13.5,113.042,-52.8775,61.3342,-52.8717,61.3344,60.2361,60.2361,CLASS_add_scds.pro,2.1,420,1,"0,1,2,3,4,5,6,7,8,9,10,11,12,13,14,15,",-52.1902,60.6081,-53.5205,60.5196,-53.5482,62.0828,-52.217,62.1261,1.81170654296875,0.0612203871761845,1.7197265625,1.90673828125,3710.375,125.37935293682584,8
ch2_cla_l1_20250801T064256395_20250801T064304395.fits,/home/saurabh/moon_project/data/CLASS/ch2_cla_l1_2025_08/cla/data/calibrated/2025/08/01/ch2_cla_l1_20250801T064256395_20250801T064304395.fits,2025-08-01T06:42:56.395,2025-08-01T06:43:04.395,2025-08-01T06:43:00.395,8.0,-36.9,13.5,112.949,-53.2789,61.3132,-53.2731,61.3134,60.5608,60.5608,CLASS_add_scds.pro,2.1,421,1,"0,1,2,3,4,5,6,7,8,9,10,11,12,13,14,15,",-52.5916,60.5816,-53.9214,60.4912,-53.9494,62.0681,-52.6187,62.1121,1.83892822265625,0.0547562381278661,1.77001953125,1.93359375,3766.125,112.1407756858698,8
ch2_cla_l1_20250801T064312395_20250801T064320395.fits,/home/saurabh/moon_project/data/CLASS/ch2_cla_l1_2025_08/cla/data/calibrated/2025/08/01/ch2_cla_l1_20250801T064312395_20250801T064320395.fits,2025-08-01T06:43:12.395,2025-08-01T06:43:20.395,2025-08-01T06:43:16.395,8.0,-36.9,13.5,112.759,-54.0818,61.2702,-54.0761,61.2704,61.2119,61.2119,CLASS_add_scds.pro,2.1,423,1,"0,1,2,3,4,5,6,7,8,9,10,11,12,13,14,15,",-53.3951,60.5266,-54.7232,60.4327,-54.7517,62.0379,-53.4227,62.0833,1.71600341796875,0.0602858229002106,1.6083984375,1.79296875,3514.375,123.46536529963142,8
ch2_cla_l1_20250801T064328395_20250801T064336395.fits,/home/saurabh/moon_project/data/CLASS/ch2_cla_l1_2025_08/cla/data/calibrated/2025/08/01/ch2_cla_l1_20250801T064328395_20250801T064336395.fits,2025-08-01T06:43:28.395,2025-08-01T06:43:36.395,2025-08-01T06:43:32.395,8.0,-36.8,13.5,112.566,-54.8848,61.2254,-54.8792,61.2255,61.8652,61.8652,CLASS_add_scds.pro,2.1,425,1,"0,1,2,3,4,5,6,7,8,9,10,11,12,13,14,15,",-54.1984,60.4697,-55.5251,60.3717,-55.5541,62.0066,-54.2265,62.0537,1.75567626953125,0.0442980460936968,1.69580078125,1.80517578125,3595.625,90.72239839989116,8
ch2_cla_l1_20250801T064344395_20250801T064352395.fits,/home/saurabh/moon_project/data/CLASS/ch2_cla_l1_2025_08/cla/data/calibrated/2025/08/01/ch2_cla_l1_20250801T064344395_20250801T064352395.fits,2025-08-01T06:43:44.395,2025-08-01T06:43:52.395,2025-08-01T06:43:48.395,8.0,-36.8,13.5,112.371,-55.688,61.179,-55.6822,61.1793,62.5207,62.5207,CLASS_add_scds.pro,2.1,427,1,"0,1,2,3,4,5,6,7,8,9,10,11,12,13,14,15,",-55.002,60.4104,-56.3271,60.3083,-56.3567,61.9745,-55.0307,62.0232,1.7574462890625,0.0562706500704615,1.67626953125,1.85302734375,3599.25,115.24229134430516,8
ch2_cla_l1_20250801T064400395_20250801T064408395.fits,/home/saurabh/moon_project/data/CLASS/ch2_cla_l1_2025_08/cla/data/calibrated/2025/08/01/ch2_cla_l1_20250801T064400395_20250801T064408395.fits,2025-08-01T06:44:00.395,2025-08-01T06:44:08.395,2025-08-01T06:44:04.395,8.0,-36.8,13.5,112.174,-56.4914,61.1307,-56.4856,61.131,63.1783,63.1783,CLASS_add_scds.pro,2.1,429,1,"0,1,2,3,4,5,6,7,8,9,10,11,12,13,14,15,",-55.8057,60.3485,-57.1295,60.2418,-57.1596,61.9409,-55.835,61.9915,1.77642822265625,0.0536058462935012,1.693359375,1.86328125,3638.125,109.78477320909047,8
ch2_cla_l1_20250801T064416395_20250801T064424395.fits,/home/saurabh/moon_project/data/CLASS/ch2_cla_l1_2025_08/cla/data/calibrated/2025/08/01/ch2_cla_l1_20250801T064416395_20250801T064424395.fits,2025-08-01T06:44:16.395,2025-08-01T06:44:24.395,2025-08-01T06:44:20.395,8.0,-36.7,13.5,111.973,-57.2949,61.0804,-57.2891,61.0806,63.8379,63.8379,CLASS_add_scds.pro,2.1,431,1,"0,1,2,3,4,5,6,7,8,9,10,11,12,13,14,15,",-56.6098,60.2837,-57.9317,60.1727,-57.9625,61.9064,-56.6396,61.9585,1.7630615234375,0.0862005591999308,1.640625,1.88232421875,3610.75,176.53874524145846,8
ch2_cla_l1_20250801T064424395_20250801T064432395.fits,/home/saurabh/moon_project/data/CLASS/ch2_cla_l1_2025_08/cla/data/calibrated/2025/08/01/ch2_cla_l1_20250801T064424395_20250801T064432395.fits,2025-08-01T06:44:24.395,2025-08-01T06:44:32.395,2025-08-01T06:44:28.395,8.0,-36.7,13.5,111.872,-57.6967,61.0545,-57.6909,61.0548,64.1684,64.1684,CLASS_add_scds.pro,2.1,432,1,"0,1,2,3,4,5,6,7,8,9,10,11,12,13,14,15,",-57.0119,60.2504,-58.333,60.1368,-58.3641,61.8886,-57.0419,61.9418,1.72637939453125,0.0727527066037689,1.6279296875,1.84033203125,3535.625,148.99754312451887,8
ch2_cla_l1_20250801T064432395_20250801T064440395.fits,/home/saurabh/moon_project/data/CLASS/ch2_cla_l1_2025_08/cla/data/calibrated/2025/08/01/ch2_cla_l1_20250801T064432395_20250801T064440395.fits,2025-08-01T06:44:32.395,2025-08-01T06:44:40.395,2025-08-01T06:44:36.395,8.0,-36.7,13.5,111.77,-58.0985,61.028,-58.0927,61.0283,64.4994,64.4994,CLASS_add_scds.pro,2.1,433,1,"0,1,2,3,4,5,6,7,8,9,10,11,12,13,14,15,",-57.414,60.2163,-58.7342,60.1001,-58.7656,61.8704,-57.4443,61.9247,1.7523193359375,0.0585022711772922,1.64990234375,1.8369140625,3588.75,119.81265137109447,8
ch2_cla_l1_20250801T064440395_20250801T064448395.fits,/home/saurabh/moon_project/data/CLASS/ch2_cla_l1_2025_08/cla/data/calibrated/2025/08/01/ch2_cla_l1_20250801T064440395_20250801T064448395.fits,2025-08-01T06:44:40.395,2025-08-01T06:44:48.395,2025-08-01T06:44:44.395,8.0,-36.6,13.5,111.668,-58.5004,61.0009,-58.4948,61.0011,64.8309,64.8309,CLASS_add_scds.pro,2.1,434,1,"0,1,2,3,4,5,6,7,8,9,10,11,12,13,14,15,",-57.8161,60.1814,-59.1354,60.0627,-59.1672,61.852,-57.8467,61.9072,1.7347412109375,0.0539373209558352,1.650390625,1.8203125,3552.75,110.46363331755065,8
ch2_cla_l1_20250801T064448395_20250801T064456395.fits,/home/saurabh/moon_project/data/CLASS/ch2_cla_l1_2025_08/cla/data/calibrated/2025/08/01/ch2_cla_l1_20250801T064448395_20250801T064456395.fits,2025-08-01T06:44:48.395,2025-08-01T06:44:56.395,2025-08-01T06:44:52.395,8.0,-36.6,13.5,111.564,-58.9023,60.9733,-58.8965,60.9737,65.1629,65.1629,CLASS_add_scds.pro,2.1,435,1,"0,1,2,3,4,5,6,7,8,9,10,11,12,13,14,15,",-58.2181,60.146,-59.5367,60.0242,-59.5689,61.8331,-58.2491,61.8896,1.77276611328125,0.0580318208583183,1.67626953125,1.8603515625,3630.625,118.84916911783608,8
ch2_cla_l1_20250801T064456395_20250801T064504395.fits,/home/saurabh/moon_project/data/CLASS/ch2_cla_l1_2025_08/cla/data/calibrated/2025/08/01/ch2_cla_l1_20250801T064456395_20250801T064504395.fits,2025-08-01T06:44:56.395,2025-08-01T06:45:04.395,2025-08-01T06:45:00.395,8.0,-36.5,13.5,111.461,-59.3043,60.945,-59.2986,60.9453,65.4953,65.4953,CLASS_add_scds.pro,2.1,436,1,"0,1,2,3,4,5,6,7,8,9,10,11,12,13,14,15,",-58.6203,60.1094,-59.938,59.985,-59.9705,61.814,-58.6517,61.8714,1.748046875,0.0752197678808584,1.65576171875,1.88818359375,3580.0,154.0500846199981,8
ch2_cla_l1_20250801T064504395_20250801T064512395.fits,/home/saurabh/moon_project/data/CLASS/ch2_cla_l1_2025_08/cla/data/calibrated/2025/08/01/ch2_cla_l1_20250801T064504395_20250801T064512395.fits,2025-08-01T06:45:04.395,2025-08-01T06:45:12.395,2025-08-01T06:45:08.395,8.0,-36.5,13.5,111.356,-59.7063,60.916,-59.7005,60.9165,65.8281,65.8281,CLASS_add_scds.pro,2.1,437,1,"0,1,2,3,4,5,6,7,8,9,10,11,12,13,14,15,",-59.0225,60.0722,-60.3394,59.9445,-60.3722,61.7943,-59.0542,61.8531,1.7581787109375,0.0483850925150585,1.69091796875,1.82666015625,3600.75,99.09266947084,8
ch2_cla_l1_20250801T064512395_20250801T064520395.fits,/home/saurabh/moon_project/data/CLASS/ch2_cla_l1_2025_08/cla/data/calibrated/2025/08/01/ch2_cla_l1_20250801T064512395_20250801T064520395.fits,2025-08-01T06:45:12.395,2025-08-01T06:45:20.395,2025-08-01T06:45:16.395,8.0,-36.5,13.5,111.251,-60.1083,60.8864,-60.1025,60.8869,66.1614,66.1614,CLASS_add_scds.pro,2.1,438,1,"0,1,2,3,4,5,6,7,8,9,10,11,12,13,14,15,",-59.4248,60.0339,-60.7407,59.9031,-60.774,61.7741,-59.4568,61.8342,1.77215576171875,0.0621474746419889,1.68359375,1.86376953125,3629.375,127.27802806679333,8
ch2_cla_l1_20250801T064520395_20250801T064528395.fits,/home/saurabh/moon_project/data/CLASS/ch2_cla_l1_2025_08/cla/data/calibrated/2025/08/01/ch2_cla_l1_20250801T064520395_20250801T064528395.fits,2025-08-01T06:45:20.395,2025-08-01T06:45:28.395,2025-08-01T06:45:24.395,8.0,-36.5,13.5,111.146,-60.5104,60.856,-60.5047,60.8564,66.4951,66.4951,CLASS_add_scds.pro,2.1,439,1,"0,1,2,3,4,5,6,7,8,9,10,11,12,13,14,15,",-59.8271,59.9947,-61.1422,59.8606,-61.1758,61.7536,-59.8594,61.815,1.7738037109375,0.048270215287111,1.7060546875,1.8427734375,3632.75,98.8574009080034,8
ch2_cla_l1_20250801T064528395_20250801T064536395.fits,/home/saurabh/moon_project/data/CLASS/ch2_cla_l1_2025_08/cla/data/calibrated/2025/08/01/ch2_cla_l1_20250801T064528395_20250801T064536395.fits,2025-08-01T06:45:28.395,2025-08-01T06:45:36.395,2025-08-01T06:45:32.395,8.0,-36.5,13.5,111.039,-60.9125,60.8249,-60.9069,60.8252,66.8292,66.8292,CLASS_add_scds.pro,2.1,440,1,"0,1,2,3,4,5,6,7,8,9,10,11,12,13,14,15,",-60.2294,59.9545,-61.5437,59.817,-61.5777,61.7325,-60.2621,61.7953,1.7696533203125,0.0792206367532408,1.64306640625,1.869140625,3624.25,162.24386407063727,8
ch2_cla_l1_20250801T064536395_20250801T064544395.fits,/home/saurabh/moon_project/data/CLASS/ch2_cla_l1_2025_08/cla/data/calibrated/2025/08/01/ch2_cla_l1_20250801T064536395_20250801T064544395.fits,2025-08-01T06:45:36.395,2025-08-01T06:45:44.395,2025-08-01T06:45:40.395,8.0,-36.5,13.5,110.932,-61.3147,60.7931,-61.309,60.7935,67.1637,67.1637,CLASS_add_scds.pro,2.1,441,1,"0,1,2,3,4,5,6,7,8,9,10,11,12,13,14,15,",-60.6318,59.9132,-61.9451,59.7721,-61.9796,61.7109,-60.6649,61.7751,1.76300048828125,0.0572803989906411,1.6767578125,1.85498046875,3610.625,117.31025713283314,8
ch2_cla_l1_20250801T064544395_20250801T064552395.fits,/home/saurabh/moon_project/data/CLASS/ch2_cla_l1_2025_08/cla/data/calibrated/2025/08/01/ch2_cla_l1_20250801T064544395_20250801T064552395.fits,2025-08-01T06:45:44.395,2025-08-01T06:45:52.395,2025-08-01T06:45:48.395,8.0,-36.4,13.5,110.825,-61.7169,60.7605,-61.7112,60.7606,67.4987,67.4987,CLASS_add_scds.pro,2.1,442,1,"0,1,2,3,4,5,6,7,8,9,10,11,12,13,14,15,",-61.0342,59.8708,-62.3466,59.7262,-62.3815,61.689,-61.0677,61.7545,1.79144287109375,0.0692747218115862,1.662109375,1.88720703125,3668.875,141.87463027012868,8
ch2_cla_l1_20250801T064552395_20250801T064600395.fits,/home/saurabh/moon_project/data/CLASS/ch2_cla_l1_2025_08/cla/data/calibrated/2025/08/01/ch2_cla_l1_20250801T064552395_20250801T064600395.fits,2025-08-01T06:45:52.395,2025-08-01T06:46:00.395,2025-08-01T06:45:56.395,8.0,-36.4,13.5,110.717,-62.1192,60.727,-62.1135,60.7272,67.834,67.834,CLASS_add_scds.pro,2.1,443,1,"0,1,2,3,4,5,6,7,8,9,10,11,12,13,14,15,",-61.4366,59.8276,-62.7481,59.6792,-62.7835,61.6666,-61.4705,61.7336,1.78631591796875,0.0535718429640228,1.70361328125,1.87060546875,3658.375,109.7151343903188,8
ch2_cla_l1_20250801T064600395_20250801T064608395.fits,/home/saurabh/moon_project/data/CLASS/ch2_cla_l1_2025_08/cla/data/calibrated/2025/08/01/ch2_cla_l1_20250801T064600395_20250801T064608395.fits,2025-08-01T06:46:00.395,2025-08-01T06:46:08.395,2025-08-01T06:46:04.395,8.0,-36.4,13.5,110.608,-62.5214,60.6926,-62.5158,60.6929,68.1697,68.1697,CLASS_add_scds.pro,2.1,444,1,"0,1,2,3,4,5,6,7,8,9,10,11,12,13,14,15,",-61.839,59.7832,-63.1498,59.6306,-63.1856,61.6435,-61.8733,61.7124,1.7945556640625,0.0657323413531578,1.7021484375,1.9052734375,3675.25,134.61983509126728,8
ch2_cla_l1_20250801T064608395_20250801T064616395.fits,/home/saurabh/moon_project/data/CLASS/ch2_cla_l1_2025_08/cla/data/calibrated/2025/08/01/ch2_cla_l1_20250801T064608395_20250801T064616395.fits,2025-08-01T06:46:08.395,2025-08-01T06:46:16.395,2025-08-01T06:46:12.395,8.0,-36.4,13.5,110.498,-62.9238,60.6574,-62.9181,60.6577,68.5059,68.5059,CLASS_add_scds.pro,2.1,445,1,"0,1,2,3,4,5,6,7,8,9,10,11,12,13,14,15,",-62.2416,59.7375,-63.5513,59.5807,-63.5875,61.6199,-62.2764,61.6904,1.7744140625,0.0857768352800932,1.6533203125,1.89697265625,3634.0,175.67095865363095,8
ch2_cla_l1_20250801T064616395_20250801T064624395.fits,/home/saurabh/moon_project/data/CLASS/ch2_cla_l1_2025_08/cla/data/calibrated/2025/08/01/ch2_cla_l1_20250801T064616395_20250801T064624395.fits,2025-08-01T06:46:16.395,2025-08-01T06:46:24.395,2025-08-01T06:46:20.395,8.0,-36.4,13.5,110.389,-63.3261,60.6211,-63.3204,60.6215,68.8423,68.8423,CLASS_add_scds.pro,2.1,446,1,"0,1,2,3,4,5,6,7,8,9,10,11,12,13,14,15,",-62.6441,59.6905,-63.953,59.5293,-63.9898,61.5956,-62.6792,61.6679,1.82763671875,0.0680792850883464,1.72021484375,1.923828125,3743.0,139.42637586093346,8
ch2_cla_l1_20250801T064624395_20250801T064632395.fits,/home/saurabh/moon_project/data/CLASS/ch2_cla_l1_2025_08/cla/data/calibrated/2025/08/01/ch2_cla_l1_20250801T064624395_20250801T064632395.fits,2025-08-01T06:46:24.395,2025-08-01T06:46:32.395,2025-08-01T06:46:28.395,8.0,-36.4,13.5,110.278,-63.7285,60.5839,-63.7229,60.5843,69.1792,69.1792,CLASS_add_scds.pro,2.1,447,1,"0,1,2,3,4,5,6,7,8,9,10,11,12,13,14,15,",-63.0468,59.6421,-64.3547,59.4765,-64.3919,61.5709,-63.0824,61.6448,1.763671875,0.0582836848100655,1.67626953125,1.85302734375,3612.0,119.3649864910142,8
ch2_cla_l1_20250801T064632395_20250801T064640395.fits,/home/saurabh/moon_project/data/CLASS/ch2_cla_l1_2025_08/cla/data/calibrated/2025/08/01/ch2_cla_l1_20250801T064632395_20250801T064640395.fits,2025-08-01T06:46:32.395,2025-08-01T06:46:40.395,2025-08-01T06:46:36.395,8.0,-36.4,13.5,110.167,-64.131,60.5457,-64.1252,60.546,69.5164,69.5164,CLASS_add_scds.pro,2.1,448,1,"0,1,2,3,4,5,6,7,8,9,10,11,12,13,14,15,",-63.4494,59.5927,-64.7563,59.422,-64.794,61.5452,-63.4854,61.6214,1.81707763671875,0.0665819104737902,1.72998046875,1.91015625,3721.375,136.35975265032252,8
ch2_cla_l1_20250801T064640395_20250801T064648395.fits,/home/saurabh/moon_project/data/CLASS/ch2_cla_l1_2025_08/cla/data/calibrated/2025/08/01/ch2_cla_l1_20250801T064640395_20250801T064648395.fits,2025-08-01T06:46:40.395,2025-08-01T06:46:48.395,2025-08-01T06:46:44.395,8.0,-36.4,13.5,110.055,-64.5335,60.5063,-64.5278,60.5067,69.854,69.854,CLASS_add_scds.pro,2.1,449,1,"0,1,2,3,4,5,6,7,8,9,10,11,12,13,14,15,",-63.852,59.5414,-65.158,59.366,-65.1963,61.5192,-63.8885,61.5971,1.78485107421875,0.0644900723861667,1.677734375,1.865234375,3655.375,132.07566824686953,8
ch2_cla_l1_20250801T064648395_20250801T064656395.fits,/home/saurabh/moon_project/data/CLASS/ch2_cla_l1_2025_08/cla/data/calibrated/2025/08/01/ch2_cla_l1_20250801T064648395_20250801T064656395.fits,2025-08-01T06:46:48.395,2025-08-01T06:46:56.395,2025-08-01T06:46:52.395,8.0,-36.4,13.5,109.943,-64.936,60.4658,-64.9302,60.4662,70.1919,70.1919,CLASS_add_scds.pro,2.1,450,1,"0,1,2,3,4,5,6,7,8,9,10,11,12,13,14,15,",-64.2546,59.4891,-65.5598,59.308,-65.5986,61.4921,-64.2917,61.5725,1.8516845703125,0.0599889406729313,1.7509765625,1.92578125,3792.25,122.8573504981634,8
ch2_cla_l1_20250801T064656395_20250801T064704395.fits,/home/saurabh/moon_project/data/CLASS/ch2_cla_l1_2025_08/cla/data/calibrated/2025/08/01/ch2_cla_l1_20250801T064656395_20250801T064704395.fits,2025-08-01T06:46:56.395,2025-08-01T06:47:04.395,2025-08-01T06:47:00.395,8.0,-36.3,13.5,109.83,-65.3385,60.4241,-65.3329,60.4246,70.5302,70.5302,CLASS_add_scds.pro,2.1,451,1,"0,1,2,3,4,5,6,7,8,9,10,11,12,13,14,15,",-64.6574,59.4347,-65.9614,59.2487,-66.0008,61.4648,-64.6949,61.5468,1.76959228515625,0.0450509154937271,1.70654296875,1.83544921875,3624.125,92.26427493115322,8
ch2_cla_l1_20250801T064704395_20250801T064712395.fits,/home/saurabh/moon_project/data/CLASS/ch2_cla_l1_2025_08/cla/data/calibrated/2025/08/01/ch2_cla_l1_20250801T064704395_20250801T064712395.fits,2025-08-01T06:47:04.395,2025-08-01T06:47:12.395,2025-08-01T06:47:08.395,8.0,-36.2,13.5,109.717,-65.7411,60.3812,-65.7354,60.3816,70.8688,70.8688,CLASS_add_scds.pro,2.1,452,1,"0,1,2,3,4,5,6,7,8,9,10,11,12,13,14,15,",-65.06,59.3794,-66.3632,59.1869,-66.4032,61.436,-65.0981,61.5211,1.840087890625,0.0416264112471412,1.77197265625,1.8916015625,3768.5,85.25089023414527,8
ch2_cla_l1_20250801T064712395_20250801T064720395.fits,/home/saurabh/moon_project/data/CLASS/ch2_cla_l1_2025_08/cla/data/calibrated/2025/08/01/ch2_cla_l1_20250801T064712395_20250801T064720395.fits,2025-08-01T06:47:12.395,2025-08-01T06:47:20.395,2025-08-01T06:47:16.395,8.0,-36.3,13.5,109.603,-66.1438,60.3369,-66.1381,60.3374,71.2077,71.2077,CLASS_add_scds.pro,2.1,453,1,"0,1,2,3,4,5,6,7,8,9,10,11,12,13,14,15,",-65.4628,59.3216,-66.7651,59.1233,-66.8057,61.4067,-65.5015,61.494,1.8011474609375,0.0430224194933056,1.73779296875,1.85546875,3688.75,88.10991512228998,8
ch2_cla_l1_20250801T064720395_20250801T064728395.fits,/home/saurabh/moon_project/data/CLASS/ch2_cla_l1_2025_08/cla/data/calibrated/2025/08/01/ch2_cla_l1_20250801T064720395_20250801T064728395.fits,2025-08-01T06:47:20.395,2025-08-01T06:47:28.395,2025-08-01T06:47:24.395,8.0,-36.2,13.5,109.488,-66.5464,60.2912,-66.5408,60.2917,71.547,71.547,CLASS_add_scds.pro,2.1,454,1,"0,1,2,3,4,5,6,7,8,9,10,11,12,13,14,15,",-65.8657,59.2623,-67.1669,59.0575,-67.2082,61.3764,-65.9049,61.4664,1.734619140625,0.0501074046097135,1.64453125,1.8017578125,3552.5,102.6199646406933,8
ch2_cla_l1_20250801T064736395_20250801T064744395.fits,/home/saurabh/moon_project/data/CLASS/ch2_cla_l1_2025_08/cla/data/calibrated/2025/08/01/ch2_cla_l1_20250801T064736395_20250801T064744395.fits,2025-08-01T06:47:36.395,2025-08-01T06:47:44.395,2025-08-01T06:47:40.395,8.0,-36.2,13.5,109.258,-67.3519,60.1953,-67.3463,60.1958,72.2265,72.2265,CLASS_add_scds.pro,2.1,456,1,"0,1,2,3,4,5,6,7,8,9,10,11,12,13,14,15,",-66.6714,59.1378,-67.9707,58.9192,-68.0132,61.3132,-66.7118,61.4087,1.7186279296875,0.0566897625431832,1.6318359375,1.8095703125,3519.75,116.1006336884392,8
ch2_cla_l1_20250801T064744395_20250801T064752395.fits,/home/saurabh/moon_project/data/CLASS/ch2_cla_l1_2025_08/cla/data/calibrated/2025/08/01/ch2_cla_l1_20250801T064744395_20250801T064752395.fits,2025-08-01T06:47:44.395,2025-08-01T06:47:52.395,2025-08-01T06:47:48.395,8.0,-36.2,13.5,109.141,-67.7547,60.1449,-67.7491,60.1455,72.5667,72.5667,CLASS_add_scds.pro,2.1,457,1,"0,1,2,3,4,5,6,7,8,9,10,11,12,13,14,15,",-67.0743,59.0724,-68.3726,58.8464,-68.4158,61.28,-67.1153,61.3786,1.71533203125,0.0563881041576365,1.619140625,1.7822265625,3513.0,115.4828373148396,8
ch2_cla_l1_20250801T064808395_20250801T064816395.fits,/home/saurabh/moon_project/data/CLASS/ch2_cla_l1_2025_08/cla/data/calibrated/2025/08/01/ch2_cla_l1_20250801T064808395_20250801T064816395.fits,2025-08-01T06:48:08.395,2025-08-01T06:48:16.395,2025-08-01T06:48:12.395,8.0,-36.2,13.5,108.79,-68.9632,59.9831,-68.9576,59.9835,73.589,73.589,CLASS_add_scds.pro,2.1,460,1,"0,1,2,3,4,5,6,7,8,9,10,11,12,13,14,15,",-68.283,58.8623,-69.5781,58.6112,-69.6237,61.1734,-68.3261,61.2822,1.7276611328125,0.0832932125876705,1.60595703125,1.84619140625,3538.25,170.5844993795492,8
ch2_cla_l1_20250801T064816395_20250801T064824395.fits,/home/saurabh/moon_project/data/CLASS/ch2_cla_l1_2025_08/cla/data/calibrated/2025/08/01/ch2_cla_l1_20250801T064816395_20250801T064824395.fits,2025-08-01T06:48:16.395,2025-08-01T06:48:24.395,2025-08-01T06:48:20.395,8.0,-36.2,13.5,108.672,-69.3661,59.9252,-69.3606,59.9256,73.9304,73.9304,CLASS_add_scds.pro,2.1,461,1,"0,1,2,3,4,5,6,7,8,9,10,11,12,13,14,15,",-68.6859,58.7874,-69.98,58.5267,-70.0265,61.1353,-68.7297,61.2482,1.72357177734375,0.0937105504549686,1.59521484375,1.88818359375,3529.875,191.9192073317758,8
ch2_cla_l1_20250801T064832395_20250801T064840395.fits,/home/saurabh/moon_project/data/CLASS/ch2_cla_l1_2025_08/cla/data/calibrated/2025/08/01/ch2_cla_l1_20250801T064832395_20250801T064840395.fits,2025-08-01T06:48:32.395,2025-08-01T06:48:40.395,2025-08-01T06:48:36.395,8.0,-36.2,13.5,108.434,-70.1721,59.8029,-70.1666,59.8037,74.6139,74.6139,CLASS_add_scds.pro,2.1,463,1,"0,1,2,3,4,5,6,7,8,9,10,11,12,13,14,15,",-69.4919,58.6289,-70.784,58.3478,-70.8322,61.0552,-69.5373,61.1763,1.74139404296875,0.0581742665916899,1.67578125,1.83740234375,3566.375,119.14089797978096,8
ch2_cla_l1_20250801T064840395_20250801T064848395.fits,/home/saurabh/moon_project/data/CLASS/ch2_cla_l1_2025_08/cla/data/calibrated/2025/08/01/ch2_cla_l1_20250801T064840395_20250801T064848395.fits,2025-08-01T06:48:40.395,2025-08-01T06:48:48.395,2025-08-01T06:48:44.395,8.0,-36.2,13.5,108.314,-70.5751,59.7381,-70.5696,59.7389,74.9561,74.9561,CLASS_add_scds.pro,2.1,464,1,"0,1,2,3,4,5,6,7,8,9,10,11,12,13,14,15,",-69.8951,58.5449,-71.1861,58.2525,-71.2352,61.0125,-69.9412,61.1384,1.73016357421875,0.0576348820225772,1.63916015625,1.8125,3543.375,118.03623838223824,8
ch2_cla_l1_20250801T064848395_20250801T064856395.fits,/home/saurabh/moon_project/data/CLASS/ch2_cla_l1_2025_08/cla/data/calibrated/2025/08/01/ch2_cla_l1_20250801T064848395_20250801T064856395.fits,2025-08-01T06:48:48.395,2025-08-01T06:48:56.395,2025-08-01T06:48:52.395,8.0,-36.2,13.5,108.193,-70.9781,59.6707,-70.9726,59.6715,75.2985,75.2985,CLASS_add_scds.pro,2.1,465,1,"0,1,2,3,4,5,6,7,8,9,10,11,12,13,14,15,",-70.2982,58.4574,-71.5878,58.1536,-71.6379,60.9685,-70.3452,61.0988,1.74365234375,0.0595222654596514,1.63623046875,1.82666015625,3571.0,121.90159966136622,8
ch2_cla_l1_20250801T064856395_20250801T064904395.fits,/home/saurabh/moon_project/data/CLASS/ch2_cla_l1_2025_08/cla/data/calibrated/2025/08/01/ch2_cla_l1_20250801T064856395_20250801T064904395.fits,2025-08-01T06:48:56.395,2025-08-01T06:49:04.395,2025-08-01T06:49:00.395,8.0,-36.2,13.5,108.073,-71.3812,59.6006,-71.3757,59.6014,75.6412,75.6412,CLASS_add_scds.pro,2.1,466,1,"0,1,2,3,4,5,6,7,8,9,10,11,12,13,14,15,",-70.7011,58.3671,-71.9898,58.0498,-72.0409,60.9221,-70.749,61.0584,1.72027587890625,0.0450115848191711,1.65576171875,1.78125,3523.125,92.18372570966248,8
ch2_cla_l1_20250801T064904395_20250801T064912395.fits,/home/saurabh/moon_project/data/CLASS/ch2_cla_l1_2025_08/cla/data/calibrated/2025/08/01/ch2_cla_l1_20250801T064904395_20250801T064912395.fits,2025-08-01T06:49:04.395,2025-08-01T06:49:12.395,2025-08-01T06:49:08.395,8.0,-36.2,13.5,107.952,-71.7843,59.5275,-71.7787,59.5281,75.9841,75.9841,CLASS_add_scds.pro,2.1,467,1,"0,1,2,3,4,5,6,7,8,9,10,11,12,13,14,15,",-71.1041,58.2723,-72.3917,57.942,-72.4439,60.8744,-71.153,61.0157,1.7633056640625,0.0589020384467925,1.65576171875,1.8310546875,3611.25,120.6313747390312,8
ch2_cla_l1_20250801T064912395_20250801T064920395.fits,/home/saurabh/moon_project/data/CLASS/ch2_cla_l1_2025_08/cla/data/calibrated/2025/08/01/ch2_cla_l1_20250801T064912395_20250801T064920395.fits,2025-08-01T06:49:12.395,2025-08-01T06:49:20.395,2025-08-01T06:49:16.395,8.0,-36.2,13.5,107.83,-72.1874,59.4513,-72.182,59.452,76.3272,76.3272,CLASS_add_scds.pro,2.1,468,1,"0,1,2,3,4,5,6,7,8,9,10,11,12,13,14,15,",-71.5072,58.174,-72.7937,57.8292,-72.847,60.8246,-71.557,60.9719,1.74163818359375,0.0484636491078508,1.6787109375,1.81103515625,3566.875,99.2535533728786,8
ch2_cla_l1_20250801T064920395_20250801T064928395.fits,/home/saurabh/moon_project/data/CLASS/ch2_cla_l1_2025_08/cla/data/calibrated/2025/08/01/ch2_cla_l1_20250801T064920395_20250801T064928395.fits,2025-08-01T06:49:20.395,2025-08-01T06:49:28.395,2025-08-01T06:49:24.395,8.0,-36.2,13.5,107.708,-72.5906,59.3716,-72.585,59.3727,76.6706,76.6706,CLASS_add_scds.pro,2.1,469,1,"0,1,2,3,4,5,6,7,8,9,10,11,12,13,14,15,",-71.9103,58.0712,-73.1956,57.711,-73.2501,60.7723,-71.9611,60.9261,1.7642822265625,0.0481833474739819,1.6884765625,1.84716796875,3613.25,98.67949562671495,8
ch2_cla_l1_20250801T064928395_20250801T064936395.fits,/home/saurabh/moon_project/data/CLASS/ch2_cla_l1_2025_08/cla/data/calibrated/2025/08/01/ch2_cla_l1_20250801T064928395_20250801T064936395.fits,2025-08-01T06:49:28.395,2025-08-01T06:49:36.395,2025-08-01T06:49:32.395,8.0,-36.2,13.5,107.585,-72.9937,59.2884,-72.9882,59.2895,77.0143,77.0143,CLASS_add_scds.pro,2.1,470,1,"0,1,2,3,4,5,6,7,8,9,10,11,12,13,14,15,",-72.3134,57.9638,-73.5975,57.5873,-73.6532,60.7178,-72.3653,60.8782,1.7283935546875,0.0589245856782596,1.64111328125,1.83154296875,3539.75,120.67755146907577,8
ch2_cla_l1_20250801T064936395_20250801T064944395.fits,/home/saurabh/moon_project/data/CLASS/ch2_cla_l1_2025_08/cla/data/calibrated/2025/08/01/ch2_cla_l1_20250801T064936395_20250801T064944395.fits,2025-08-01T06:49:36.395,2025-08-01T06:49:44.395,2025-08-01T06:49:40.395,8.0,-36.2,13.5,107.462,-73.3969,59.2013,-73.3914,59.2026,77.3581,77.3581,CLASS_add_scds.pro,2.1,471,1,"0,1,2,3,4,5,6,7,8,9,10,11,12,13,14,15,",-72.7164,57.8518,-73.9992,57.4576,-74.0563,60.6609,-72.7694,60.8286,1.79974365234375,0.0617441728599255,1.71337890625,1.9052734375,3685.875,126.4520660171276,8
ch2_cla_l1_20250801T064944395_20250801T064952395.fits,/home/saurabh/moon_project/data/CLASS/ch2_cla_l1_2025_08/cla/data/calibrated/2025/08/01/ch2_cla_l1_20250801T064944395_20250801T064952395.fits,2025-08-01T06:49:44.395,2025-08-01T06:49:52.395,2025-08-01T06:49:48.395,8.0,-36.2,13.5,107.339,-73.8001,59.1101,-73.7948,59.1113,77.7022,77.7022,CLASS_add_scds.pro,2.1,472,1,"0,1,2,3,4,5,6,7,8,9,10,11,12,13,14,15,",-73.1194,57.7347,-74.4012,57.3212,-74.4596,60.6011,-73.1735,60.7769,1.72979736328125,0.0698766064068035,1.62744140625,1.83203125,3542.625,143.10728992113374,8
ch2_cla_l1_20250801T064952395_20250801T065000395.fits,/home/saurabh/moon_project/data/CLASS/ch2_cla_l1_2025_08/cla/data/calibrated/2025/08/01/ch2_cla_l1_20250801T064952395_20250801T065000395.fits,2025-08-01T06:49:52.395,2025-08-01T06:50:00.395,2025-08-01T06:49:56.395,8.0,-36.2,13.5,107.215,-74.2034,59.0143,-74.1978,59.0153,78.0465,78.0465,CLASS_add_scds.pro,2.1,473,1,"0,1,2,3,4,5,6,7,8,9,10,11,12,13,14,15,",-73.5225,57.6116,-74.803,57.1772,-74.8628,60.5377,-73.5779,60.7225,1.7864990234375,0.0901543596886019,1.66162109375,1.921875,3658.75,184.6361286422568,8
ch2_cla_l1_20250801T065000395_20250801T065008395.fits,/home/saurabh/moon_project/data/CLASS/ch2_cla_l1_2025_08/cla/data/calibrated/2025/08/01/ch2_cla_l1_20250801T065000395_20250801T065008395.fits,2025-08-01T06:50:00.395,2025-08-01T06:50:08.395,2025-08-01T06:50:04.395,8.0,-36.2,13.5,107.09,-74.6066,58.9137,-74.601,58.915,78.391,78.391,CLASS_add_scds.pro,2.1,474,1,"0,1,2,3,4,5,6,7,8,9,10,11,12,13,14,15,",-73.9255,57.4821,-75.2047,57.0262,-75.2661,60.4717,-73.9821,60.665,1.750244140625,0.0736433396759018,1.6494140625,1.8720703125,3584.5,150.82155965624696,8
ch2_cla_l1_20250801T065008395_20250801T065016395.fits,/home/saurabh/moon_project/data/CLASS/ch2_cla_l1_2025_08/cla/data/calibrated/2025/08/01/ch2_cla_l1_20250801T065008395_20250801T065016395.fits,2025-08-01T06:50:08.395,2025-08-01T06:50:16.395,2025-08-01T06:50:12.395,8.0,-36.2,13.5,106.965,-75.0098,58.8079,-75.0044,58.809,78.7357,78.7357,CLASS_add_scds.pro,2.1,475,1,"0,1,2,3,4,5,6,7,8,9,10,11,12,13,14,15,",-74.3285,57.3468,-75.6064,56.8667,-75.6694,60.4021,-74.3865,60.6056,1.7879638671875,0.073942314987107,1.6787109375,1.89404296875,3661.75,151.4338610935952,8
ch2_cla_l1_20250801T065016395_20250801T065024395.fits,/home/saurabh/moon_project/data/CLASS/ch2_cla_l1_2025_08/cla/data/calibrated/2025/08/01/ch2_cla_l1_20250801T065016395_20250801T065024395.fits,2025-08-01T06:50:16.395,2025-08-01T06:50:24.395,2025-08-01T06:50:20.395,8.0,-36.2,13.5,106.84,-75.4131,58.6964,-75.4076,58.6979,79.0807,79.0807,CLASS_add_scds.pro,2.1,476,1,"0,1,2,3,4,5,6,7,8,9,10,11,12,13,14,15,",-74.7314,57.2043,-76.0081,56.6985,-76.0727,60.3289,-74.7909,60.543,1.7493896484375,0.0485060176458938,1.669921875,1.81884765625,3582.75,99.34032413879068,8
ch2_cla_l1_20250801T065024395_20250801T065032395.fits,/home/saurabh/moon_project/data/CLASS/ch2_cla_l1_2025_08/cla/data/calibrated/2025/08/01/ch2_cla_l1_20250801T065024395_20250801T065032395.fits,2025-08-01T06:50:24.395,2025-08-01T06:50:32.395,2025-08-01T06:50:28.395,8.0,-36.2,13.5,106.714,-75.8163,58.5788,-75.8109,58.5802,79.4258,79.4258,CLASS_add_scds.pro,2.1,477,1,"0,1,2,3,4,5,6,7,8,9,10,11,12,13,14,15,",-75.1343,57.0545,-76.4096,56.5203,-76.4761,60.2514,-75.1953,60.4774,1.7940673828125,0.05521419456332,1.70751953125,1.876953125,3674.25,113.0786704656794,8
ch2_cla_l1_20250801T065032395_20250801T065040395.fits,/home/saurabh/moon_project/data/CLASS/ch2_cla_l1_2025_08/cla/data/calibrated/2025/08/01/ch2_cla_l1_20250801T065032395_20250801T065040395.fits,2025-08-01T06:50:32.395,2025-08-01T06:50:40.395,2025-08-01T06:50:36.395,8.0,-36.2,13.5,106.588,-76.2195,58.4545,-76.2141,58.4561,79.7711,79.7711,CLASS_add_scds.pro,2.1,478,1,"0,1,2,3,4,5,6,7,8,9,10,11,12,13,14,15,",-75.5372,56.8963,-76.811,56.3314,-76.8795,60.1693,-75.5997,60.4083,1.77191162109375,0.0466612072998315,1.69091796875,1.833984375,3628.875,95.56215255005507,8
ch2_cla_l1_20250801T065040395_20250801T065048395.fits,/home/saurabh/moon_project/data/CLASS/ch2_cla_l1_2025_08/cla/data/calibrated/2025/08/01/ch2_cla_l1_20250801T065040395_20250801T065048395.fits,2025-08-01T06:50:40.395,2025-08-01T06:50:48.395,2025-08-01T06:50:44.395,8.0,-36.2,13.5,106.462,-76.6228,58.3229,-76.6172,58.3242,80.1166,80.1166,CLASS_add_scds.pro,2.1,479,1,"0,1,2,3,4,5,6,7,8,9,10,11,12,13,14,15,",-75.9399,56.7292,-77.2124,56.1306,-77.2829,60.082,-76.0042,60.3353,1.79638671875,0.0429861850788266,1.72265625,1.85107421875,3679.0,88.03570704143696,8
ch2_cla_l1_20250801T065048395_20250801T065056395.fits,/home/saurabh/moon_project/data/CLASS/ch2_cla_l1_2025_08/cla/data/calibrated/2025/08/01/ch2_cla_l1_20250801T065048395_20250801T065056395.fits,2025-08-01T06:50:48.395,2025-08-01T06:50:56.395,2025-08-01T06:50:52.395,8.0,-36.2,13.5,106.335,-77.026,58.1833,-77.0205,58.1849,80.4622,80.4622,CLASS_add_scds.pro,2.1,480,1,"0,1,2,3,4,5,6,7,8,9,10,11,12,13,14,15,",-76.3427,56.552,-77.6137,55.9174,-77.6863,59.9898,-76.4087,60.2578,1.771240234375,0.050933274972331,1.69384765625,1.853515625,3627.5,104.31134714333405,8
ch2_cla_l1_20250801T065056395_20250801T065104395.fits,/home/saurabh/moon_project/data/CLASS/ch2_cla_l1_2025_08/cla/data/calibrated/2025/08/01/ch2_cla_l1_20250801T065056395_20250801T065104395.fits,2025-08-01T06:50:56.395,2025-08-01T06:51:04.395,2025-08-01T06:51:00.395,8.0,-36.2,13.5,106.207,-77.4292,58.035,-77.4238,58.0366,80.8081,80.8081,CLASS_add_scds.pro,2.1,481,1,"0,1,2,3,4,5,6,7,8,9,10,11,12,13,14,15,",-76.7453,56.3648,-78.0149,55.6901,-78.0898,59.8915,-76.8133,60.1765,1.80181884765625,0.0448895924830551,1.72802734375,1.85546875,3690.125,91.93388540529703,8
ch2_cla_l1_20250801T065104395_20250801T065112395.fits,/home/saurabh/moon_project/data/CLASS/ch2_cla_l1_2025_08/cla/data/calibrated/2025/08/01/ch2_cla_l1_20250801T065104395_20250801T065112395.fits,2025-08-01T06:51:04.395,2025-08-01T06:51:12.395,2025-08-01T06:51:08.395,8.0,-36.2,13.5,106.079,-77.8323,57.877,-77.8269,57.8793,81.1541,81.1541,CLASS_add_scds.pro,2.1,482,1,"0,1,2,3,4,5,6,7,8,9,10,11,12,13,14,15,",-77.1479,56.1659,-78.4158,55.4472,-78.4933,59.7865,-77.2179,60.09,1.80950927734375,0.060444089776261,1.72412109375,1.89013671875,3705.875,123.78949586178258,8
ch2_cla_l1_20250801T065112395_20250801T065120395.fits,/home/saurabh/moon_project/data/CLASS/ch2_cla_l1_2025_08/cla/data/calibrated/2025/08/01/ch2_cla_l1_20250801T065112395_20250801T065120395.fits,2025-08-01T06:51:12.395,2025-08-01T06:51:20.395,2025-08-01T06:51:16.395,8.0,-36.2,13.5,105.951,-78.2355,57.7085,-78.2301,57.7105,81.5003,81.5003,CLASS_add_scds.pro,2.1,483,1,"0,1,2,3,4,5,6,7,8,9,10,11,12,13,14,15,",-77.5503,55.9544,-78.8168,55.1866,-78.8969,59.6738,-77.6225,59.9982,1.7847900390625,0.0574245974949082,1.69873046875,1.8828125,3655.25,117.60557566957202,8
ch2_cla_l1_20250801T065120395_20250801T065128395.fits,/home/saurabh/moon_project/data/CLASS/ch2_cla_l1_2025_08/cla/data/calibrated/2025/08/01/ch2_cla_l1_20250801T065120395_20250801T065128395.fits,2025-08-01T06:51:20.395,2025-08-01T06:51:28.395,2025-08-01T06:51:24.395,8.0,-36.2,13.5,105.823,-78.6385,57.5282,-78.6331,57.5302,81.8466,81.8466,CLASS_add_scds.pro,2.1,484,1,"0,1,2,3,4,5,6,7,8,9,10,11,12,13,14,15,",-77.9528,55.7283,-79.2174,54.9069,-79.3004,59.5529,-78.0272,59.9,1.8134765625,0.0693703149811642,1.68603515625,1.90625,3714.0,142.07040508142433,8
ch2_cla_l1_20250801T065128395_20250801T065136395.fits,/home/saurabh/moon_project/data/CLASS/ch2_cla_l1_2025_08/cla/data/calibrated/2025/08/01/ch2_cla_l1_20250801T065128395_20250801T065136395.fits,2025-08-01T06:51:28.395,2025-08-01T06:51:36.395,2025-08-01T06:51:32.395,8.0,-36.3,13.5,105.694,-79.0415,57.3349,-79.036,57.3376,82.1931,82.1931,CLASS_add_scds.pro,2.1,485,1,"0,1,2,3,4,5,6,7,8,9,10,11,12,13,14,15,",-78.355,55.4871,-79.6179,54.6065,-79.7039,59.4234,-78.4319,59.7953,1.80377197265625,0.0540582303314973,1.72802734375,1.892578125,3694.125,110.71125571890666,8
ch2_cla_l1_20250801T065208395_20250801T065216395.fits,/home/saurabh/moon_project/data/CLASS/ch2_cla_l1_2025_08/cla/data/calibrated/2025/08/01/ch2_cla_l1_20250801T065208395_20250801T065216395.fits,2025-08-01T06:52:08.395,2025-08-01T06:52:16.395,2025-08-01T06:52:12.395,8.0,-36.3,13.5,105.045,-81.0552,56.1117,-81.0498,56.1158,83.9278,83.9278,CLASS_add_scds.pro,2.1,490,1,"0,1,2,3,4,5,6,7,8,9,10,11,12,13,14,15,",-80.3632,53.9835,-81.6157,52.6754,-81.7216,58.5901,-80.4555,59.1452,1.71392822265625,0.0644702640881588,1.6328125,1.8046875,3510.125,132.03510085254928,8
ch2_cla_l1_20250801T065224395_20250801T065232395.fits,/home/saurabh/moon_project/data/CLASS/ch2_cla_l1_2025_08/cla/data/calibrated/2025/08/01/ch2_cla_l1_20250801T065224395_20250801T065232395.fits,2025-08-01T06:52:24.395,2025-08-01T06:52:32.395,2025-08-01T06:52:28.395,8.0,-36.3,13.5,104.782,-81.8595,55.4552,-81.8543,55.4594,84.6227,84.6227,CLASS_add_scds.pro,2.1,492,1,"0,1,2,3,4,5,6,7,8,9,10,11,12,13,14,15,",-81.1644,53.1923,-82.4114,51.6209,-82.5282,58.1338,-81.2648,58.803,1.747802734375,0.0576455552139412,1.65380859375,1.83056640625,3579.5,118.05809707815168,8
ch2_cla_l1_20250801T065240395_20250801T065248395.fits,/home/saurabh/moon_project/data/CLASS/ch2_cla_l1_2025_08/cla/data/calibrated/2025/08/01/ch2_cla_l1_20250801T065240395_20250801T065248395.fits,2025-08-01T06:52:40.395,2025-08-01T06:52:48.395,2025-08-01T06:52:44.395,8.0,-36.3,13.5,104.519,-82.6628,54.6562,-82.6575,54.6614,85.318,85.318,CLASS_add_scds.pro,2.1,494,1,"0,1,2,3,4,5,6,7,8,9,10,11,12,13,14,15,",-81.9639,52.2435,-83.2044,50.32,-83.3347,57.5682,-82.0741,58.3916,1.7369384765625,0.0457897813307146,1.6640625,1.7958984375,3557.25,93.77747216530358,8
ch2_cla_l1_20250801T065256395_20250801T065304395.fits,/home/saurabh/moon_project/data/CLASS/ch2_cla_l1_2025_08/cla/data/calibrated/2025/08/01/ch2_cla_l1_20250801T065256395_20250801T065304395.fits,2025-08-01T06:52:56.395,2025-08-01T06:53:04.395,2025-08-01T06:53:00.395,8.0,-36.4,13.5,104.255,-83.4646,53.6623,-83.4594,53.669,86.0137,86.0137,CLASS_add_scds.pro,2.1,496,1,"0,1,2,3,4,5,6,7,8,9,10,11,12,13,14,15,",-82.7611,51.088,-83.9931,48.6792,-84.1404,56.8502,-82.8832,57.8898,1.7576904296875,0.0449034848687762,1.69580078125,1.8251953125,3599.75,91.96233701125384,8
ch2_cla_l1_20250801T065312395_20250801T065320395.fits,/home/saurabh/moon_project/data/CLASS/ch2_cla_l1_2025_08/cla/data/calibrated/2025/08/01/ch2_cla_l1_20250801T065312395_20250801T065320395.fits,2025-08-01T06:53:12.395,2025-08-01T06:53:20.395,2025-08-01T06:53:16.395,8.0,-36.4,13.5,103.989,-84.2642,52.3927,-84.259,52.4017,86.7099,86.7099,CLASS_add_scds.pro,2.1,498,1,"0,1,2,3,4,5,6,7,8,9,10,11,12,13,14,15,",-83.5549,49.6484,-84.776,46.5437,-84.9455,55.9042,-83.6919,57.2613,1.7457275390625,0.0629570462162411,1.65625,1.85400390625,3575.25,128.9360306508619,8
ch2_cla_l1_20250801T065320395_20250801T065328395.fits,/home/saurabh/moon_project/data/CLASS/ch2_cla_l1_2025_08/cla/data/calibrated/2025/08/01/ch2_cla_l1_20250801T065320395_20250801T065328395.fits,2025-08-01T06:53:20.395,2025-08-01T06:53:28.395,2025-08-01T06:53:24.395,8.0,-36.4,13.5,103.855,-84.6627,51.616,-84.6576,51.6265,87.0581,87.0581,CLASS_add_scds.pro,2.1,499,1,"0,1,2,3,4,5,6,7,8,9,10,11,12,13,14,15,",-83.9501,48.7865,-85.1641,45.2194,-85.3474,55.3105,-84.096,56.8823,1.7247314453125,0.0478072336468352,1.65478515625,1.787109375,3532.25,97.90921450871866,8
ch2_cla_l1_20250801T065328395_20250801T065336395.fits,/home/saurabh/moon_project/data/CLASS/ch2_cla_l1_2025_08/cla/data/calibrated/2025/08/01/ch2_cla_l1_20250801T065328395_20250801T065336395.fits,2025-08-01T06:53:28.395,2025-08-01T06:53:36.395,2025-08-01T06:53:32.395,8.0,-36.4,13.5,103.722,-85.0603,50.7146,-85.0552,50.7261,87.4064,87.4064,CLASS_add_scds.pro,2.1,500,1,"0,1,2,3,4,5,6,7,8,9,10,11,12,13,14,15,",-84.3438,47.8058,-85.5491,43.6636,-85.7488,54.6034,-84.4998,56.4492,1.7645263671875,0.0577664047937985,1.68212890625,1.86767578125,3613.75,118.3055970176994,8
ch2_cla_l1_20250801T065336395_20250801T065344395.fits,/home/saurabh/moon_project/data/CLASS/ch2_cla_l1_2025_08/cla/data/calibrated/2025/08/01/ch2_cla_l1_20250801T065336395_20250801T065344395.fits,2025-08-01T06:53:36.395,2025-08-01T06:53:44.395,2025-08-01T06:53:40.395,8.0,-36.4,13.5,103.588,-85.4564,49.6562,-85.4513,49.67,87.7548,87.7548,CLASS_add_scds.pro,2.1,501,1,"0,1,2,3,4,5,6,7,8,9,10,11,12,13,14,15,",-84.7355,46.6782,-85.9303,41.817,-86.1493,53.7513,-84.9034,55.9469,1.73095703125,0.0758303857986065,1.60107421875,1.8271484375,3545.0,155.30063011554626,8
ch2_cla_l1_20250801T065344395_20250801T065352395.fits,/home/saurabh/moon_project/data/CLASS/ch2_cla_l1_2025_08/cla/data/calibrated/2025/08/01/ch2_cla_l1_20250801T065344395_20250801T065352395.fits,2025-08-01T06:53:44.395,2025-08-01T06:53:52.395,2025-08-01T06:53:48.395,8.0,-36.4,13.5,103.454,-85.8508,48.3966,-85.8456,48.4149,88.1033,88.1033,CLASS_add_scds.pro,2.1,502,1,"0,1,2,3,4,5,6,7,8,9,10,11,12,13,14,15,",-85.125,45.3716,-86.3064,39.5914,-86.549,52.7021,-85.3064,55.3603,1.7568359375,0.0874796629646452,1.6259765625,1.8828125,3598.0,179.15834975159345,8
ch2_cla_l1_20250801T065352395_20250801T065400395.fits,/home/saurabh/moon_project/data/CLASS/ch2_cla_l1_2025_08/cla/data/calibrated/2025/08/01/ch2_cla_l1_20250801T065352395_20250801T065400395.fits,2025-08-01T06:53:52.395,2025-08-01T06:54:00.395,2025-08-01T06:53:56.395,8.0,-36.4,13.5,103.319,-86.2428,46.8738,-86.2378,46.8943,88.4519,88.4519,CLASS_add_scds.pro,2.1,503,1,"0,1,2,3,4,5,6,7,8,9,10,11,12,13,14,15,",-85.5115,43.839,-86.676,36.866,-86.9473,51.3799,-85.709,54.6639,1.7664794921875,0.0955545144624628,1.625,1.9189453125,3617.75,195.69564561912387,8
ch2_cla_l1_20250801T065400395_20250801T065408395.fits,/home/saurabh/moon_project/data/CLASS/ch2_cla_l1_2025_08/cla/data/calibrated/2025/08/01/ch2_cla_l1_20250801T065400395_20250801T065408395.fits,2025-08-01T06:54:00.395,2025-08-01T06:54:08.395,2025-08-01T06:54:04.395,8.0,-36.4,13.5,103.185,-86.6316,44.9985,-86.6265,45.0264,88.8005,88.8005,CLASS_add_scds.pro,2.1,504,1,"0,1,2,3,4,5,6,7,8,9,10,11,12,13,14,15,",-85.8944,42.0184,-87.0361,33.4676,-87.3435,49.6607,-86.111,53.8235,1.7454833984375,0.0582320904730888,1.64453125,1.82958984375,3574.75,119.2593212888859,8
ch2_cla_l1_20250801T065408395_20250801T065416395.fits,/home/saurabh/moon_project/data/CLASS/ch2_cla_l1_2025_08/cla/data/calibrated/2025/08/01/ch2_cla_l1_20250801T065408395_20250801T065416395.fits,2025-08-01T06:54:08.395,2025-08-01T06:54:16.395,2025-08-01T06:54:12.395,8.0,-36.4,13.5,103.05,-87.0159,42.6376,-87.011,42.6714,89.1492,89.1492,CLASS_add_scds.pro,2.1,505,1,"0,1,2,3,4,5,6,7,8,9,10,11,12,13,14,15,",-86.2724,39.8258,-87.383,29.1543,-87.7365,47.3465,-86.512,52.7896,1.75799560546875,0.0738686644188981,1.63720703125,1.87255859375,3600.375,151.28302472990342,8
ch2_cla_l1_20250801T065416395_20250801T065424395.fits,/home/saurabh/moon_project/data/CLASS/ch2_cla_l1_2025_08/cla/data/calibrated/2025/08/01/ch2_cla_l1_20250801T065416395_20250801T065424395.fits,2025-08-01T06:54:16.395,2025-08-01T06:54:24.395,2025-08-01T06:54:20.395,8.0,-36.4,13.5,102.915,-87.3938,39.5863,-87.3889,39.631,89.4979,89.4979,CLASS_add_scds.pro,2.1,506,1,"0,1,2,3,4,5,6,7,8,9,10,11,12,13,14,15,",-86.6436,37.1472,-87.7108,23.5603,-88.1245,44.0649,-86.9115,51.4917,1.76898193359375,0.0592092610106878,1.66455078125,1.853515625,3622.875,121.26056654988876,8
ch2_cla_l1_20250801T065424395_20250801T065432395.fits,/home/saurabh/moon_project/data/CLASS/ch2_cla_l1_2025_08/cla/data/calibrated/2025/08/01/ch2_cla_l1_20250801T065424395_20250801T065432395.fits,2025-08-01T06:54:24.395,2025-08-01T06:54:32.395,2025-08-01T06:54:28.395,8.0,-36.5,13.5,102.779,-87.7618,35.5173,-87.7573,35.5755,89.8468,89.8468,CLASS_add_scds.pro,2.1,507,1,"0,1,2,3,4,5,6,7,8,9,10,11,12,13,14,15,",-87.006,33.8067,-88.0098,16.2007,-88.5032,39.1045,-87.3092,49.8056,1.79193115234375,0.0470464839442145,1.73388671875,1.87890625,3669.875,96.35119911775136,8
ch2_cla_l1_20250801T065432395_20250801T065440395.fits,/home/saurabh/moon_project/data/CLASS/ch2_cla_l1_2025_08/cla/data/calibrated/2025/08/01/ch2_cla_l1_20250801T065432395_20250801T065440395.fits,2025-08-01T06:54:32.395,2025-08-01T06:54:40.395,2025-08-01T06:54:36.395,8.0,-36.5,13.5,102.644,-88.1143,29.8896,-88.1099,29.9753,90.1956,90.1956,CLASS_add_scds.pro,2.1,508,1,"0,1,2,3,4,5,6,7,8,9,10,11,12,13,14,15,",-87.3554,29.5701,-88.2649,6.468,-88.8632,30.901,-87.7038,47.5423,1.7559814453125,0.0394673754734596,1.701171875,1.81298828125,3596.25,80.82918496964535,8
ch2_cla_l1_20250801T065440395_20250801T065448395.fits,/home/saurabh/moon_project/data/CLASS/ch2_cla_l1_2025_08/cla/data/calibrated/2025/08/01/ch2_cla_l1_20250801T065440395_20250801T065448395.fits,2025-08-01T06:54:40.395,2025-08-01T06:54:48.395,2025-08-01T06:54:44.395,8.0,-36.6,13.5,102.508,-88.4405,21.7991,-88.4366,21.9242,90.5445,90.5445,CLASS_add_scds.pro,2.1,509,1,"0,1,2,3,4,5,6,7,8,9,10,11,12,13,14,15,",-87.6861,24.0831,-89.1798,15.8158,-88.474,39.5394,-88.0934,44.3464,1.7952880859375,0.0557916465006856,1.69873046875,1.86474609375,3676.75,114.2612920334041,8
ch2_cla_l1_20250801T065448395_20250801T065456395.fits,/home/saurabh/moon_project/data/CLASS/ch2_cla_l1_2025_08/cla/data/calibrated/2025/08/01/ch2_cla_l1_20250801T065448395_20250801T065456395.fits,2025-08-01T06:54:48.395,2025-08-01T06:54:56.395,2025-08-01T06:54:52.395,8.0,-36.6,13.5,102.372,-88.7203,9.8302,-88.7171,10.0155,90.8935,90.8935,CLASS_add_scds.pro,2.1,510,1,"0,1,2,3,4,5,6,7,8,9,10,11,12,13,14,15,",-88.4545,-6.1018,-89.3817,-12.8142,-88.8372,31.6214,-87.9887,16.8639,1.77593994140625,0.0425493155389319,1.71337890625,1.84033203125,3637.125,87.14099822373262,8
ch2_cla_l1_20250801T065456395_20250801T065504395.fits,/home/saurabh/moon_project/data/CLASS/ch2_cla_l1_2025_08/cla/data/calibrated/2025/08/01/ch2_cla_l1_20250801T065456395_20250801T065504395.fits,2025-08-01T06:54:56.395,2025-08-01T06:55:04.395,2025-08-01T06:55:00.395,8.0,-36.6,13.5,102.235,-88.9168,-7.5416,-88.9149,-7.2694,91.2425,91.2425,CLASS_add_scds.pro,2.1,511,1,"0,1,2,3,4,5,6,7,8,9,10,11,12,13,14,15,",-88.5522,-21.2429,-89.3514,-50.0384,-89.1591,17.1975,-88.2488,7.2873,1.8193359375,0.0378931777835756,1.76220703125,1.86767578125,3726.0,77.60522810076283,8
ch2_cla_l1_20250801T065504395_20250801T065512395.fits,/home/saurabh/moon_project/data/CLASS/ch2_cla_l1_2025_08/cla/data/calibrated/2025/08/01/ch2_cla_l1_20250801T065504395_20250801T065512395.fits,2025-08-01T06:55:04.395,2025-08-01T06:55:12.395,2025-08-01T06:55:08.395,8.0,-36.6,13.5,102.099,-88.9806,-29.5578,-88.9807,-29.2579,91.5915,91.5915,CLASS_add_scds.pro,2.1,512,1,"0,1,2,3,4,5,6,7,8,9,10,11,12,13,14,15,",-88.4196,-51.9232,-89.3514,-50.0384,-89.1591,17.1975,-88.55,-20.1449,1.764892578125,0.059131876018857,1.677734375,1.865234375,3614.5,121.10208208661932,8
ch2_cla_l1_20250801T065512395_20250801T065520395.fits,/home/saurabh/moon_project/data/CLASS/ch2_cla_l1_2025_08/cla/data/calibrated/2025/08/01/ch2_cla_l1_20250801T065512395_20250801T065520395.fits,2025-08-01T06:55:12.395,2025-08-01T06:55:20.395,2025-08-01T06:55:16.395,8.0,-36.6,13.5,101.962,-88.8887,-50.9932,-88.8907,-50.7453,91.9406,91.9406,CLASS_add_scds.pro,2.1,513,1,"0,1,2,3,4,5,6,7,8,9,10,11,12,13,14,15,",-88.2134,-63.8625,-89.112,-74.9793,-89.3733,-10.3764,-88.5451,-36.251,1.8421630859375,0.0608497462865934,1.74658203125,1.93505859375,3772.75,124.6202803949433,8
ch2_cla_l1_20250801T065520395_20250801T065528395.fits,/home/saurabh/moon_project/data/CLASS/ch2_cla_l1_2025_08/cla/data/calibrated/2025/08/01/ch2_cla_l1_20250801T065520395_20250801T065528395.fits,2025-08-01T06:55:20.395,2025-08-01T06:55:28.395,2025-08-01T06:55:24.395,8.0,-36.6,13.5,101.826,-88.6729,-67.2987,-88.6762,-67.1247,92.2897,92.2897,CLASS_add_scds.pro,2.1,514,1,"0,1,2,3,4,5,6,7,8,9,10,11,12,13,14,15,",-88.415,-95.1808,-88.7812,-87.9524,-89.3602,-47.8417,-87.9466,-73.0284,1.7911376953125,0.058797862259288,1.70751953125,1.90087890625,3668.25,120.41802190702188,8
ch2_cla_l1_20250801T065528395_20250801T065536395.fits,/home/saurabh/moon_project/data/CLASS/ch2_cla_l1_2025_08/cla/data/calibrated/2025/08/01/ch2_cla_l1_20250801T065528395_20250801T065536395.fits,2025-08-01T06:55:28.395,2025-08-01T06:55:36.395,2025-08-01T06:55:32.395,8.0,-36.7,13.5,101.689,-88.382,-78.4198,-88.3861,-78.3024,92.6388,92.6388,CLASS_add_scds.pro,2.1,515,1,"0,1,2,3,4,5,6,7,8,9,10,11,12,13,14,15,",-88.0331,-99.6522,-89.1297,-73.8315,-88.4308,-51.1119,-87.6397,-79.9534,1.83380126953125,0.0879405772840145,1.70361328125,1.9638671875,3755.625,180.10230227766186,8
ch2_cla_l1_20250801T065536395_20250801T065544395.fits,/home/saurabh/moon_project/data/CLASS/ch2_cla_l1_2025_08/cla/data/calibrated/2025/08/01/ch2_cla_l1_20250801T065536395_20250801T065544395.fits,2025-08-01T06:55:36.395,2025-08-01T06:55:44.395,2025-08-01T06:55:40.395,8.0,-36.7,13.5,101.551,-88.0493,-85.9624,-88.0538,-85.8816,92.9879,92.9879,CLASS_add_scds.pro,2.1,516,1,"0,1,2,3,4,5,6,7,8,9,10,11,12,13,14,15,",-87.6433,-102.662,-88.8013,-87.358,-88.2281,-63.2681,-87.3067,-85.2295,1.775634765625,0.0881209005930936,1.66015625,1.90283203125,3636.5,180.47160441465576,8
ch2_cla_l1_20250801T065544395_20250801T065552395.fits,/home/saurabh/moon_project/data/CLASS/ch2_cla_l1_2025_08/cla/data/calibrated/2025/08/01/ch2_cla_l1_20250801T065544395_20250801T065552395.fits,2025-08-01T06:55:44.395,2025-08-01T06:55:52.395,2025-08-01T06:55:48.395,8.0,-36.7,13.5,101.414,-87.6927,-91.2459,-87.6975,-91.1881,93.3371,93.3371,CLASS_add_scds.pro,2.1,517,1,"0,2,3,4,5,6,7,8,9,10,11,12,13,14,15,",-87.2485,-104.813,-88.4356,-94.8399,-87.9634,-72.6063,-86.9555,-89.3197,1.8497314453125,0.0861072597531122,1.73388671875,1.97998046875,3788.25,176.34766797437385,8
ch2_cla_l1_20250801T065600395_20250801T065608395.fits,/home/saurabh/moon_project/data/CLASS/ch2_cla_l1_2025_08/cla/data/calibrated/2025/08/01/ch2_cla_l1_20250801T065600395_20250801T065608395.fits,2025-08-01T06:56:00.395,2025-08-01T06:56:08.395,2025-08-01T06:56:04.395,8.0,-36.6,13.5,101.139,-86.9418,-97.9963,-86.9466,-97.9629,94.0354,94.0354,CLASS_add_scds.pro,2.1,519,1,"0,3,4,5,6,7,8,9,10,11,12,13,14,15,",-86.4512,-107.673,-87.6622,-102.517,-87.3239,-85.0225,-86.2201,-95.1548,1.7164306640625,0.0576081719168488,1.6201171875,1.80712890625,3515.25,117.98153608570648,8
ch2_cla_l1_20250801T065616395_20250801T065624395.fits,/home/saurabh/moon_project/data/CLASS/ch2_cla_l1_2025_08/cla/data/calibrated/2025/08/01/ch2_cla_l1_20250801T065616395_20250801T065624395.fits,2025-08-01T06:56:16.395,2025-08-01T06:56:24.395,2025-08-01T06:56:20.395,8.0,-36.7,13.5,100.863,-86.1651,-102.056,-86.1699,-102.034,94.7336,94.7336,CLASS_add_scds.pro,2.1,521,1,"0,3,4,5,7,8,9,10,11,12,13,14,15,",-85.6483,-109.486,-86.8677,-106.347,-86.6084,-92.4441,-85.4583,-99.0667,1.73748779296875,0.0585291551848363,1.64453125,1.81884765625,3558.375,119.86770981854478,8
ch2_cla_l1_20250801T065632395_20250801T065640395.fits,/home/saurabh/moon_project/data/CLASS/ch2_cla_l1_2025_08/cla/data/calibrated/2025/08/01/ch2_cla_l1_20250801T065632395_20250801T065640395.fits,2025-08-01T06:56:32.395,2025-08-01T06:56:40.395,2025-08-01T06:56:36.395,8.0,-36.7,13.5,100.587,-85.3754,-104.742,-85.3804,-104.727,95.4319,95.4319,CLASS_add_scds.pro,2.1,523,1,"0,3,4,5,8,9,10,11,12,13,14,15,",-84.8419,-110.735,-86.0648,-108.626,-85.856,-97.2331,-84.681,-101.848,1.72235107421875,0.0472404674247622,1.65478515625,1.7841796875,3527.375,96.74847728591315,8
ch2_cla_l1_20250801T065640395_20250801T065648395.fits,/home/saurabh/moon_project/data/CLASS/ch2_cla_l1_2025_08/cla/data/calibrated/2025/08/01/ch2_cla_l1_20250801T065640395_20250801T065648395.fits,2025-08-01T06:56:40.395,2025-08-01T06:56:48.395,2025-08-01T06:56:44.395,8.0,-36.7,13.5,100.449,-84.9776,-105.769,-84.9825,-105.756,95.781,95.781,CLASS_add_scds.pro,2.1,524,1,"0,3,4,5,8,9,10,11,12,13,14,15,",-84.438,-111.225,-85.6616,-109.45,-85.4715,-99.0266,-84.2886,-102.955,1.716796875,0.0535985787030381,1.640625,1.81005859375,3516.0,109.76988918382204,8
ch2_cla_l1_20250801T065648395_20250801T065656395.fits,/home/saurabh/moon_project/data/CLASS/ch2_cla_l1_2025_08/cla/data/calibrated/2025/08/01/ch2_cla_l1_20250801T065648395_20250801T065656395.fits,2025-08-01T06:56:48.395,2025-08-01T06:56:56.395,2025-08-01T06:56:52.395,8.0,-36.7,13.5,100.311,-84.5784,-106.645,-84.5834,-106.635,96.1301,96.1301,CLASS_add_scds.pro,2.1,525,1,"0,3,4,5,8,9,10,11,12,13,14,15,",-84.0337,-111.649,-85.2575,-110.135,-85.0832,-100.538,-83.8944,-103.92,1.73590087890625,0.0435814217647779,1.6767578125,1.8154296875,3555.125,89.2547517742653,8
ch2_cla_l1_20250801T065656395_20250801T065704395.fits,/home/saurabh/moon_project/data/CLASS/ch2_cla_l1_2025_08/cla/data/calibrated/2025/08/01/ch2_cla_l1_20250801T065656395_20250801T065704395.fits,2025-08-01T06:56:56.395,2025-08-01T06:57:04.395,2025-08-01T06:57:00.395,8.0,-36.7,13.5,100.172,-84.178,-107.401,-84.1831,-107.392,96.4791,96.4791,CLASS_add_scds.pro,2.1,526,1,"0,3,4,5,8,9,10,11,12,13,14,15,",-83.6289,-112.019,-84.8529,-110.713,-84.6921,-101.829,-83.4983,-104.766,1.724609375,0.0721420350628191,1.60791015625,1.84423828125,3532.0,147.74688780865355,8
ch2_cla_l1_20250801T065704395_20250801T065712395.fits,/home/saurabh/moon_project/data/CLASS/ch2_cla_l1_2025_08/cla/data/calibrated/2025/08/01/ch2_cla_l1_20250801T065704395_20250801T065712395.fits,2025-08-01T06:57:04.395,2025-08-01T06:57:12.395,2025-08-01T06:57:08.395,8.0,-36.7,13.5,100.034,-83.7767,-108.061,-83.7816,-108.052,96.8281,96.8281,CLASS_add_scds.pro,2.1,527,1,"0,3,4,5,8,9,10,11,12,13,14,15,",-83.2241,-112.347,-84.4476,-111.205,-84.2983,-102.941,-83.1014,-105.518,1.73553466796875,0.0563312594496085,1.65625,1.826171875,3554.375,115.3664193527983,8
ch2_cla_l1_20250801T065712395_20250801T065720395.fits,/home/saurabh/moon_project/data/CLASS/ch2_cla_l1_2025_08/cla/data/calibrated/2025/08/01/ch2_cla_l1_20250801T065712395_20250801T065720395.fits,2025-08-01T06:57:12.395,2025-08-01T06:57:20.395,2025-08-01T06:57:16.395,8.0,-36.8,13.5,99.8953,-83.3746,-108.641,-83.3795,-108.634,97.1771,97.1771,CLASS_add_scds.pro,2.1,528,1,"0,3,4,5,8,9,10,11,12,13,14,15,",-82.8188,-112.638,-84.0421,-111.634,-83.903,-103.912,-82.703,-106.187,1.76214599609375,0.0746582042655242,1.6279296875,1.8740234375,3608.875,152.9000023357937,8
ch2_cla_l1_20250801T065720395_20250801T065728395.fits,/home/saurabh/moon_project/data/CLASS/ch2_cla_l1_2025_08/cla/data/calibrated/2025/08/01/ch2_cla_l1_20250801T065720395_20250801T065728395.fits,2025-08-01T06:57:20.395,2025-08-01T06:57:28.395,2025-08-01T06:57:24.395,8.0,-36.8,13.5,99.7567,-82.9718,-109.155,-82.9768,-109.149,97.526,97.526,CLASS_add_scds.pro,2.1,529,1,"0,3,4,5,8,9,10,11,12,13,14,15,",-82.4135,-112.897,-83.6362,-112.007,-83.5058,-104.764,-82.3039,-106.787,1.74615478515625,0.0684014327233827,1.64404296875,1.84130859375,3576.125,140.08613421748777,8
ch2_cla_l1_20250801T065728395_20250801T065736395.fits,/home/saurabh/moon_project/data/CLASS/ch2_cla_l1_2025_08/cla/data/calibrated/2025/08/01/ch2_cla_l1_20250801T065728395_20250801T065736395.fits,2025-08-01T06:57:28.395,2025-08-01T06:57:36.395,2025-08-01T06:57:32.395,8.0,-36.8,13.5,99.6181,-82.5685,-109.614,-82.5735,-109.608,97.8748,97.8748,CLASS_add_scds.pro,2.1,530,1,"0,3,4,5,8,9,10,11,12,13,14,15,",-82.0077,-113.132,-83.2301,-112.337,-83.1076,-105.518,-81.9037,-107.33,1.7696533203125,0.066175942993198,1.6845703125,1.8935546875,3624.25,135.52833125006953,8
ch2_cla_l1_20250801T065736395_20250801T065744395.fits,/home/saurabh/moon_project/data/CLASS/ch2_cla_l1_2025_08/cla/data/calibrated/2025/08/01/ch2_cla_l1_20250801T065736395_20250801T065744395.fits,2025-08-01T06:57:36.395,2025-08-01T06:57:44.395,2025-08-01T06:57:40.395,8.0,-36.8,13.5,99.4794,-82.1647,-110.026,-82.1696,-110.021,98.2236,98.2236,CLASS_add_scds.pro,2.1,531,1,"0,3,4,5,8,9,10,11,12,13,14,15,",-81.6021,-113.344,-82.8235,-112.629,-82.7079,-106.19,-81.5032,-107.82,1.74810791015625,0.0860161112129008,1.63037109375,1.87744140625,3580.125,176.160995764021,8
ch2_cla_l1_20250801T065744395_20250801T065752395.fits,/home/saurabh/moon_project/data/CLASS/ch2_cla_l1_2025_08/cla/data/calibrated/2025/08/01/ch2_cla_l1_20250801T065744395_20250801T065752395.fits,2025-08-01T06:57:44.395,2025-08-01T06:57:52.395,2025-08-01T06:57:48.395,8.0,-36.8,13.5,99.3406,-81.7605,-110.398,-81.7656,-110.394,98.5724,98.5724,CLASS_add_scds.pro,2.1,532,1,"0,3,4,5,8,9,10,11,",-81.1962,-113.537,-82.417,-112.891,-82.3077,-106.793,-81.102,-108.267,1.7882080078125,0.0785644162752122,1.69140625,1.9130859375,3662.25,160.8999245316346,8
ch2_cla_l1_20250801T065752395_20250801T065800395.fits,/home/saurabh/moon_project/data/CLASS/ch2_cla_l1_2025_08/cla/data/calibrated/2025/08/01/ch2_cla_l1_20250801T065752395_20250801T065800395.fits,2025-08-01T06:57:52.395,2025-08-01T06:58:00.395,2025-08-01T06:57:56.395,8.0,-36.8,13.5,99.2019,-81.3559,-110.735,-81.361,-110.731,98.9211,98.9211,CLASS_add_scds.pro,2.1,533,1,"0,3,4,5,8,9,10,11,",-80.79,-113.713,-82.0101,-113.127,-81.9065,-107.336,-80.6999,-108.675,1.7332763671875,0.058866754946673,1.6357421875,1.8134765625,3549.75,120.55911413078648,8
ch2_cla_l1_20250801T065800395_20250801T065808395.fits,/home/saurabh/moon_project/data/CLASS/ch2_cla_l1_2025_08/cla/data/calibrated/2025/08/01/ch2_cla_l1_20250801T065800395_20250801T065808395.fits,2025-08-01T06:58:00.395,2025-08-01T06:58:08.395,2025-08-01T06:58:04.395,8.0,-36.9,13.5,99.0631,-80.951,-111.043,-80.9561,-111.039,99.2697,99.2697,CLASS_add_scds.pro,2.1,534,1,"0,3,4,5,8,9,10,11,",-80.3837,-113.874,-81.603,-113.339,-81.5044,-107.828,-80.2975,-109.051,1.79400634765625,0.0646259253847517,1.7080078125,1.88720703125,3674.125,132.3538951879716,8
ch2_cla_l1_20250801T065808395_20250801T065816395.fits,/home/saurabh/moon_project/data/CLASS/ch2_cla_l1_2025_08/cla/data/calibrated/2025/08/01/ch2_cla_l1_20250801T065808395_20250801T065816395.fits,2025-08-01T06:58:08.395,2025-08-01T06:58:16.395,2025-08-01T06:58:12.395,8.0,-36.9,13.5,98.9244,-80.5458,-111.325,-80.5509,-111.322,99.6182,99.6182,CLASS_add_scds.pro,2.1,535,1,"0,3,4,5,8,9,10,11,",-79.9773,-114.023,-81.1957,-113.533,-81.1017,-108.276,-79.8947,-109.396,1.75555419921875,0.057422929314813,1.65380859375,1.83740234375,3595.375,117.60215923673704,8
ch2_cla_l1_20250801T065816395_20250801T065824395.fits,/home/saurabh/moon_project/data/CLASS/ch2_cla_l1_2025_08/cla/data/calibrated/2025/08/01/ch2_cla_l1_20250801T065816395_20250801T065824395.fits,2025-08-01T06:58:16.395,2025-08-01T06:58:24.395,2025-08-01T06:58:20.395,8.0,-36.9,13.5,98.7856,-80.1403,-111.584,-80.1452,-111.58,99.9667,99.9667,CLASS_add_scds.pro,2.1,536,1,"0,3,4,5,8,9,10,11,",-79.5707,-114.161,-80.7883,-113.71,-80.6985,-108.686,-79.4914,-109.715,1.79620361328125,0.0433781429799494,1.7392578125,1.865234375,3678.625,88.83843682293637,8
ch2_cla_l1_20250801T065824395_20250801T065832395.fits,/home/saurabh/moon_project/data/CLASS/ch2_cla_l1_2025_08/cla/data/calibrated/2025/08/01/ch2_cla_l1_20250801T065824395_20250801T065832395.fits,2025-08-01T06:58:24.395,2025-08-01T06:58:32.395,2025-08-01T06:58:28.395,8.0,-36.9,13.5,98.6469,-79.7346,-111.823,-79.7396,-111.82,100.315,100.315,CLASS_add_scds.pro,2.1,537,1,"0,3,4,5,8,9,10,11,",-79.1642,-114.288,-80.3807,-113.872,-80.2948,-109.061,-79.0879,-110.011,1.74688720703125,0.0433954135762936,1.6748046875,1.8037109375,3577.625,88.87380700424941,8
ch2_cla_l1_20250801T065832395_20250801T065840395.fits,/home/saurabh/moon_project/data/CLASS/ch2_cla_l1_2025_08/cla/data/calibrated/2025/08/01/ch2_cla_l1_20250801T065832395_20250801T065840395.fits,2025-08-01T06:58:32.395,2025-08-01T06:58:40.395,2025-08-01T06:58:36.395,8.0,-36.9,13.5,98.5082,-79.3287,-112.044,-79.3337,-112.04,100.663,100.663,CLASS_add_scds.pro,2.1,538,1,"0,3,4,5,8,9,10,11,",-78.7574,-114.407,-79.9732,-114.021,-79.8908,-109.407,-78.6839,-110.287,1.8199462890625,0.0476802506413917,1.7490234375,1.8837890625,3727.25,97.64915331357022,8
ch2_cla_l1_20250801T065840395_20250801T065848395.fits,/home/saurabh/moon_project/data/CLASS/ch2_cla_l1_2025_08/cla/data/calibrated/2025/08/01/ch2_cla_l1_20250801T065840395_20250801T065848395.fits,2025-08-01T06:58:40.395,2025-08-01T06:58:48.395,2025-08-01T06:58:44.395,8.0,-36.9,13.5,98.3695,-78.9226,-112.248,-78.9274,-112.246,101.012,101.012,CLASS_add_scds.pro,2.1,539,1,"0,3,4,5,8,9,10,11,",-78.3507,-114.518,-79.5654,-114.16,-79.4863,-109.727,-78.2798,-110.543,1.7796630859375,0.0365896907768815,1.72900390625,1.82470703125,3644.75,74.93568671105339,8
ch2_cla_l1_20250801T065848395_20250801T065856395.fits,/home/saurabh/moon_project/data/CLASS/ch2_cla_l1_2025_08/cla/data/calibrated/2025/08/01/ch2_cla_l1_20250801T065848395_20250801T065856395.fits,2025-08-01T06:58:48.395,2025-08-01T06:58:56.395,2025-08-01T06:58:52.395,8.0,-36.9,13.5,98.2308,-78.5162,-112.439,-78.5211,-112.437,101.36,101.36,CLASS_add_scds.pro,2.1,540,1,"0,3,4,5,8,9,10,11,",-77.9437,-114.621,-79.1575,-114.288,-79.0815,-110.024,-77.8753,-110.783,1.80389404296875,0.0551000719491787,1.7265625,1.8994140625,3694.375,112.844947351918,8
ch2_cla_l1_20250801T065856395_20250801T065904395.fits,/home/saurabh/moon_project/data/CLASS/ch2_cla_l1_2025_08/cla/data/calibrated/2025/08/01/ch2_cla_l1_20250801T065856395_20250801T065904395.fits,2025-08-01T06:58:56.395,2025-08-01T06:59:04.395,2025-08-01T06:59:00.395,8.0,-37.0,13.5,98.0922,-78.1097,-112.617,-78.1146,-112.615,101.708,101.708,CLASS_add_scds.pro,2.1,541,1,"0,3,4,5,8,9,10,11,",-77.5366,-114.718,-78.7496,-114.407,-78.6763,-110.299,-77.4704,-111.007,1.7852783203125,0.0488139976772701,1.7119140625,1.85595703125,3656.25,99.9710672430493,8
ch2_cla_l1_20250801T065904395_20250801T065912395.fits,/home/saurabh/moon_project/data/CLASS/ch2_cla_l1_2025_08/cla/data/calibrated/2025/08/01/ch2_cla_l1_20250801T065904395_20250801T065912395.fits,2025-08-01T06:59:04.395,2025-08-01T06:59:12.395,2025-08-01T06:59:08.395,8.0,-37.0,13.5,97.9536,-77.7031,-112.784,-77.708,-112.782,102.055,102.055,CLASS_add_scds.pro,2.1,542,1,"0,3,4,5,8,9,10,11,",-77.1296,-114.81,-78.3414,-114.518,-78.2707,-110.556,-77.0656,-111.217,1.82073974609375,0.060047782252689,1.73095703125,1.91748046875,3728.875,122.97785805350722,8
ch2_cla_l1_20250801T065912395_20250801T065920395.fits,/home/saurabh/moon_project/data/CLASS/ch2_cla_l1_2025_08/cla/data/calibrated/2025/08/01/ch2_cla_l1_20250801T065912395_20250801T065920395.fits,2025-08-01T06:59:12.395,2025-08-01T06:59:20.395,2025-08-01T06:59:16.395,8.0,-37.0,13.5,97.815,-77.2962,-112.94,-77.3013,-112.938,102.403,102.403,CLASS_add_scds.pro,2.1,543,1,"0,3,4,5,8,9,10,11,",-76.7224,-114.895,-77.9333,-114.622,-77.8651,-110.796,-76.6603,-111.415,1.7872314453125,0.0738515157977738,1.6572265625,1.86865234375,3660.25,151.2479043538408,8
ch2_cla_l1_20250801T065920395_20250801T065928395.fits,/home/saurabh/moon_project/data/CLASS/ch2_cla_l1_2025_08/cla/data/calibrated/2025/08/01/ch2_cla_l1_20250801T065920395_20250801T065928395.fits,2025-08-01T06:59:20.395,2025-08-01T06:59:28.395,2025-08-01T06:59:24.395,8.0,-37.0,13.5,97.6765,-76.8893,-113.087,-76.8942,-113.085,102.751,102.751,CLASS_add_scds.pro,2.1,544,1,"0,3,4,5,8,9,10,11,",-76.315,-114.976,-77.5249,-114.719,-77.459,-111.02,-76.2549,-111.602,1.81732177734375,0.0915332242976691,1.68359375,1.94775390625,3721.875,187.4600433616264,8
ch2_cla_l1_20250801T065928395_20250801T065936395.fits,/home/saurabh/moon_project/data/CLASS/ch2_cla_l1_2025_08/cla/data/calibrated/2025/08/01/ch2_cla_l1_20250801T065928395_20250801T065936395.fits,2025-08-01T06:59:28.395,2025-08-01T06:59:36.395,2025-08-01T06:59:32.395,8.0,-37.0,13.5,97.538,-76.4822,-113.225,-76.4871,-113.223,103.098,103.098,CLASS_add_scds.pro,2.1,545,1,"0,3,4,5,8,9,10,11,",-75.9077,-115.053,-77.1165,-114.811,-77.0527,-111.231,-75.8494,-111.778,1.811279296875,0.0799133519546414,1.67578125,1.91455078125,3709.5,163.66254480310567,8
ch2_cla_l1_20250801T065936395_20250801T065944395.fits,/home/saurabh/moon_project/data/CLASS/ch2_cla_l1_2025_08/cla/data/calibrated/2025/08/01/ch2_cla_l1_20250801T065936395_20250801T065944395.fits,2025-08-01T06:59:36.395,2025-08-01T06:59:44.395,2025-08-01T06:59:40.395,8.0,-37.1,13.5,97.3996,-76.0749,-113.355,-76.0799,-113.353,103.446,103.446,CLASS_add_scds.pro,2.1,546,1,"0,3,4,5,8,9,10,11,",-75.5002,-115.126,-76.7081,-114.897,-76.6463,-111.429,-75.4436,-111.945,1.83782958984375,0.0829575073654698,1.7197265625,1.9560546875,3763.875,169.89697508448214,8
ch2_cla_l1_20250801T065944395_20250801T065952395.fits,/home/saurabh/moon_project/data/CLASS/ch2_cla_l1_2025_08/cla/data/calibrated/2025/08/01/ch2_cla_l1_20250801T065944395_20250801T065952395.fits,2025-08-01T06:59:44.395,2025-08-01T06:59:52.395,2025-08-01T06:59:48.395,8.0,-37.2,13.5,97.2613,-75.6676,-113.478,-75.6725,-113.477,103.793,103.793,CLASS_add_scds.pro,2.1,547,1,"0,3,4,5,8,9,10,11,",-75.0927,-115.194,-76.2995,-114.978,-76.2397,-111.616,-75.0376,-112.102,1.81597900390625,0.0715796414297736,1.70166015625,1.931640625,3719.125,146.5951056481764,8
ch2_cla_l1_20250801T065952395_20250801T070000395.fits,/home/saurabh/moon_project/data/CLASS/ch2_cla_l1_2025_08/cla/data/calibrated/2025/08/01/ch2_cla_l1_20250801T065952395_20250801T070000395.fits,2025-08-01T06:59:52.395,2025-08-01T07:00:00.395,2025-08-01T06:59:56.395,8.0,-37.2,13.5,97.123,-75.2601,-113.594,-75.265,-113.593,104.14,104.14,CLASS_add_scds.pro,2.1,548,1,"0,3,4,5,8,9,10,11,",-74.6853,-115.26,-75.8909,-115.055,-75.8328,-111.791,-74.6317,-112.252,1.820068359375,0.0568578903357232,1.7353515625,1.90478515625,3727.5,116.4449594075612,8
ch2_cla_l1_20250801T070000395_20250801T070008395.fits,/home/saurabh/moon_project/data/CLASS/ch2_cla_l1_2025_08/cla/data/calibrated/2025/08/01/ch2_cla_l1_20250801T070000395_20250801T070008395.fits,2025-08-01T07:00:00.395,2025-08-01T07:00:08.395,2025-08-01T07:00:04.395,8.0,-37.2,13.5,96.975,-74.8527,-113.705,-74.8576,-113.704,104.487,104.487,CLASS_add_scds.pro,2.1,549,1,"0,3,4,5,8,9,10,11,",-74.2776,-115.322,-75.4823,-115.128,-75.4259,-111.958,-74.2256,-112.394,1.849609375,0.0540529139593658,1.78369140625,1.93212890625,3788.0,110.7003677887812,8
ch2_cla_l1_20250801T070008395_20250801T070016395.fits,/home/saurabh/moon_project/data/CLASS/ch2_cla_l1_2025_08/cla/data/calibrated/2025/08/01/ch2_cla_l1_20250801T070008395_20250801T070016395.fits,2025-08-01T07:00:08.395,2025-08-01T07:00:16.395,2025-08-01T07:00:12.395,8.0,-37.1,13.5,96.8369,-74.445,-113.81,-74.45,-113.809,104.834,104.834,CLASS_add_scds.pro,2.1,550,1,"0,3,4,8,9,10,11,",-73.8699,-115.381,-75.0736,-115.197,-75.0187,-112.116,-73.8192,-112.529,1.7198486328125,0.0362962245780838,1.6669921875,1.767578125,3522.25,74.33466793591572,8
ch2_cla_l1_20250801T070016395_20250801T070024395.fits,/home/saurabh/moon_project/data/CLASS/ch2_cla_l1_2025_08/cla/data/calibrated/2025/08/01/ch2_cla_l1_20250801T070016395_20250801T070024395.fits,2025-08-01T07:00:16.395,2025-08-01T07:00:24.395,2025-08-01T07:00:20.395,8.0,-37.1,13.5,96.6988,-74.0372,-113.91,-74.0421,-113.909,105.18,105.18,CLASS_add_scds.pro,2.1,551,1,"0,3,4,8,9,10,11,",-73.462,-115.438,-74.6647,-115.262,-74.6114,-112.265,-73.4125,-112.657,1.72760009765625,0.0613573735253562,1.62109375,1.80908203125,3538.125,125.6599009799296,8
ch2_cla_l1_20250801T070032395_20250801T070040395.fits,/home/saurabh/moon_project/data/CLASS/ch2_cla_l1_2025_08/cla/data/calibrated/2025/08/01/ch2_cla_l1_20250801T070032395_20250801T070040395.fits,2025-08-01T07:00:32.395,2025-08-01T07:00:40.395,2025-08-01T07:00:36.395,8.0,-37.2,13.5,96.423,-73.2212,-114.095,-73.2262,-114.094,105.873,105.873,CLASS_add_scds.pro,2.1,553,1,"0,3,4,5,8,9,10,11,",-72.646,-115.544,-73.8466,-115.384,-73.796,-112.542,-72.5989,-112.897,1.75048828125,0.0630009871770973,1.63671875,1.8349609375,3585.0,129.02602173869536,8
ch2_cla_l1_20250801T070048395_20250801T070056395.fits,/home/saurabh/moon_project/data/CLASS/ch2_cla_l1_2025_08/cla/data/calibrated/2025/08/01/ch2_cla_l1_20250801T070048395_20250801T070056395.fits,2025-08-01T07:00:48.395,2025-08-01T07:00:56.395,2025-08-01T07:00:52.395,8.0,-37.3,13.5,96.1477,-72.4048,-114.264,-72.4097,-114.263,106.565,106.565,CLASS_add_scds.pro,2.1,555,1,"0,3,4,5,8,9,10,11,",-71.8297,-115.641,-73.0282,-115.494,-72.9802,-112.793,-71.7848,-113.115,1.75067138671875,0.0456774647724691,1.68505859375,1.82763671875,3585.375,93.54744785401684,8
ch2_cla_l1_20250801T070056395_20250801T070104395.fits,/home/saurabh/moon_project/data/CLASS/ch2_cla_l1_2025_08/cla/data/calibrated/2025/08/01/ch2_cla_l1_20250801T070056395_20250801T070104395.fits,2025-08-01T07:00:56.395,2025-08-01T07:01:04.395,2025-08-01T07:01:00.395,8.0,-37.2,13.5,96.0102,-71.9965,-114.343,-72.0017,-114.342,106.911,106.911,CLASS_add_scds.pro,2.1,556,1,"0,3,4,5,8,10,11,",-71.4218,-115.686,-72.619,-115.546,-72.5721,-112.91,-71.378,-113.218,1.71490478515625,0.0555620525549897,1.638671875,1.80712890625,3512.125,113.79108363261908,8
ch2_cla_l1_20250801T070104395_20250801T070112395.fits,/home/saurabh/moon_project/data/CLASS/ch2_cla_l1_2025_08/cla/data/calibrated/2025/08/01/ch2_cla_l1_20250801T070104395_20250801T070112395.fits,2025-08-01T07:01:04.395,2025-08-01T07:01:12.395,2025-08-01T07:01:08.395,8.0,-37.2,13.5,95.8728,-71.5881,-114.419,-71.5933,-114.418,107.256,107.256,CLASS_add_scds.pro,2.1,557,1,"0,3,4,5,8,10,11,",-71.0135,-115.73,-72.21,-115.596,-72.1642,-113.022,-70.9706,-113.316,1.78936767578125,0.0544383934439453,1.7060546875,1.87841796875,3664.625,111.48982977320011,8
ch2_cla_l1_20250801T070120395_20250801T070128395.fits,/home/saurabh/moon_project/data/CLASS/ch2_cla_l1_2025_08/cla/data/calibrated/2025/08/01/ch2_cla_l1_20250801T070120395_20250801T070128395.fits,2025-08-01T07:01:20.395,2025-08-01T07:01:28.395,2025-08-01T07:01:24.395,8.0,-37.4,13.5,95.5985,-70.771,-114.561,-70.7759,-114.56,107.946,107.946,CLASS_add_scds.pro,2.1,559,1,"0,3,4,5,8,9,10,11,",-70.1964,-115.813,-71.3908,-115.689,-71.3471,-113.231,-70.1553,-113.501,1.773681640625,0.0889181473050693,1.64013671875,1.89208984375,3632.5,182.10436568078208,8
ch2_cla_l1_20250801T070128395_20250801T070136395.fits,/home/saurabh/moon_project/data/CLASS/ch2_cla_l1_2025_08/cla/data/calibrated/2025/08/01/ch2_cla_l1_20250801T070128395_20250801T070136395.fits,2025-08-01T07:01:28.395,2025-08-01T07:01:36.395,2025-08-01T07:01:32.395,8.0,-37.4,13.5,95.4616,-70.3623,-114.628,-70.3672,-114.627,108.291,108.291,CLASS_add_scds.pro,2.1,560,1,"0,3,4,5,8,10,11,",-69.7879,-115.852,-70.9812,-115.733,-70.9385,-113.329,-69.7477,-113.588,1.73486328125,0.0702674358006986,1.6328125,1.8447265625,3553.0,143.90770851983078,8
ch2_cla_l1_20250801T070136395_20250801T070144395.fits,/home/saurabh/moon_project/data/CLASS/ch2_cla_l1_2025_08/cla/data/calibrated/2025/08/01/ch2_cla_l1_20250801T070136395_20250801T070144395.fits,2025-08-01T07:01:36.395,2025-08-01T07:01:44.395,2025-08-01T07:01:40.395,8.0,-37.5,13.5,95.3248,-69.9536,-114.692,-69.9585,-114.691,108.636,108.636,CLASS_add_scds.pro,2.1,561,1,"0,1,3,4,5,6,7,8,9,10,11,",-69.3793,-115.89,-70.5716,-115.775,-70.5298,-113.423,-69.34,-113.672,1.7615966796875,0.058382798974745,1.67333984375,1.84521484375,3607.75,119.5679723002778,8
ch2_cla_l1_20250801T070144395_20250801T070152395.fits,/home/saurabh/moon_project/data/CLASS/ch2_cla_l1_2025_08/cla/data/calibrated/2025/08/01/ch2_cla_l1_20250801T070144395_20250801T070152395.fits,2025-08-01T07:01:44.395,2025-08-01T07:01:52.395,2025-08-01T07:01:48.395,8.0,-37.8,13.5,95.1882,-69.5447,-114.754,-69.5496,-114.753,108.98,108.98,CLASS_add_scds.pro,2.1,562,1,"0,1,2,3,4,5,6,7,8,9,10,11,12,13,14,15,",-68.9706,-115.926,-70.1619,-115.816,-70.121,-113.513,-68.932,-113.752,1.72222900390625,0.0450025036281881,1.6455078125,1.7998046875,3527.125,92.16512743052937,8
ch2_cla_l1_20250801T070152395_20250801T070200395.fits,/home/saurabh/moon_project/data/CLASS/ch2_cla_l1_2025_08/cla/data/calibrated/2025/08/01/ch2_cla_l1_20250801T070152395_20250801T070200395.fits,2025-08-01T07:01:52.395,2025-08-01T07:02:00.395,2025-08-01T07:01:56.395,8.0,-37.8,13.5,95.0518,-69.1358,-114.813,-69.1405,-114.813,109.324,109.324,CLASS_add_scds.pro,2.1,563,1,"0,1,2,3,4,5,6,7,8,9,10,11,12,13,14,15,",-68.5618,-115.961,-69.7521,-115.855,-69.712,-113.6,-68.5239,-113.83,1.779541015625,0.0593084435546608,1.68798828125,1.8740234375,3644.5,121.46369239994549,8
ch2_cla_l1_20250801T070200395_20250801T070208395.fits,/home/saurabh/moon_project/data/CLASS/ch2_cla_l1_2025_08/cla/data/calibrated/2025/08/01/ch2_cla_l1_20250801T070200395_20250801T070208395.fits,2025-08-01T07:02:00.395,2025-08-01T07:02:08.395,2025-08-01T07:02:04.395,8.0,-37.8,13.5,94.9155,-68.7268,-114.871,-68.7315,-114.87,109.668,109.668,CLASS_add_scds.pro,2.1,564,1,"0,1,2,3,4,5,6,7,8,9,10,11,12,13,14,15,",-68.1531,-115.995,-69.3421,-115.893,-69.3028,-113.684,-68.116,-113.905,1.74383544921875,0.053244050251939,1.6787109375,1.8388671875,3571.375,109.04381491597114,8
ch2_cla_l1_20250801T070208395_20250801T070216395.fits,/home/saurabh/moon_project/data/CLASS/ch2_cla_l1_2025_08/cla/data/calibrated/2025/08/01/ch2_cla_l1_20250801T070208395_20250801T070216395.fits,2025-08-01T07:02:08.395,2025-08-01T07:02:16.395,2025-08-01T07:02:12.395,8.0,-37.8,13.5,94.7795,-68.3177,-114.926,-68.3225,-114.926,110.012,110.012,CLASS_add_scds.pro,2.1,565,1,"0,1,2,3,4,5,6,7,8,9,10,11,12,13,14,15,",-67.7442,-116.028,-68.9323,-115.929,-68.8939,-113.765,-67.7078,-113.977,1.767822265625,0.0435849873085586,1.69873046875,1.82470703125,3620.5,89.26205400792817,8
ch2_cla_l1_20250801T070216395_20250801T070224395.fits,/home/saurabh/moon_project/data/CLASS/ch2_cla_l1_2025_08/cla/data/calibrated/2025/08/01/ch2_cla_l1_20250801T070216395_20250801T070224395.fits,2025-08-01T07:02:16.395,2025-08-01T07:02:24.395,2025-08-01T07:02:20.395,8.0,-37.8,13.5,94.6436,-67.9085,-114.98,-67.9133,-114.979,110.355,110.355,CLASS_add_scds.pro,2.1,566,1,"0,1,2,3,4,5,6,7,8,9,10,11,12,13,14,15,",-67.3352,-116.06,-68.5223,-115.965,-68.4846,-113.842,-67.2995,-114.047,1.76727294921875,0.0513036912532869,1.6953125,1.8515625,3619.375,105.06995968673172,8
ch2_cla_l1_20250801T070224395_20250801T070232395.fits,/home/saurabh/moon_project/data/CLASS/ch2_cla_l1_2025_08/cla/data/calibrated/2025/08/01/ch2_cla_l1_20250801T070224395_20250801T070232395.fits,2025-08-01T07:02:24.395,2025-08-01T07:02:32.395,2025-08-01T07:02:28.395,8.0,-37.8,13.5,94.5079,-67.4993,-115.032,-67.5041,-115.031,110.699,110.699,CLASS_add_scds.pro,2.1,567,1,"0,1,2,3,4,5,6,7,8,9,10,11,12,13,14,15,",-66.9263,-116.091,-68.1122,-115.998,-68.0753,-113.917,-66.8912,-114.114,1.79132080078125,0.0449172781730685,1.73681640625,1.853515625,3668.625,91.99058569844448,8
ch2_cla_l1_20250801T070232395_20250801T070240395.fits,/home/saurabh/moon_project/data/CLASS/ch2_cla_l1_2025_08/cla/data/calibrated/2025/08/01/ch2_cla_l1_20250801T070232395_20250801T070240395.fits,2025-08-01T07:02:32.395,2025-08-01T07:02:40.395,2025-08-01T07:02:36.395,8.0,-37.9,13.5,94.3725,-67.09,-115.082,-67.0947,-115.081,111.041,111.041,CLASS_add_scds.pro,2.1,568,1,"0,1,2,3,4,5,6,7,8,9,10,11,12,13,14,15,",-66.5172,-116.121,-67.7022,-116.032,-67.6659,-113.989,-66.4827,-114.179,1.78485107421875,0.0834738336016717,1.64697265625,1.89404296875,3655.375,170.95441121622372,8
ch2_cla_l1_20250801T070240395_20250801T070248395.fits,/home/saurabh/moon_project/data/CLASS/ch2_cla_l1_2025_08/cla/data/calibrated/2025/08/01/ch2_cla_l1_20250801T070240395_20250801T070248395.fits,2025-08-01T07:02:40.395,2025-08-01T07:02:48.395,2025-08-01T07:02:44.395,8.0,-38.0,13.5,94.2373,-66.6806,-115.13,-66.6853,-115.13,111.384,111.384,CLASS_add_scds.pro,2.1,569,1,"0,1,2,3,4,5,6,7,8,9,10,11,12,13,14,15,",-66.108,-116.15,-67.292,-116.063,-67.2564,-114.059,-66.0741,-114.243,1.77789306640625,0.0548972564137787,1.69873046875,1.8720703125,3641.125,112.42958113541876,8
ch2_cla_l1_20250801T070248395_20250801T070256395.fits,/home/saurabh/moon_project/data/CLASS/ch2_cla_l1_2025_08/cla/data/calibrated/2025/08/01/ch2_cla_l1_20250801T070248395_20250801T070256395.fits,2025-08-01T07:02:48.395,2025-08-01T07:02:56.395,2025-08-01T07:02:52.395,8.0,-38.0,13.5,94.1022,-66.2711,-115.177,-66.2759,-115.176,111.726,111.726,CLASS_add_scds.pro,2.1,570,1,"0,1,2,3,4,5,6,7,8,9,10,11,12,13,14,15,",-65.6989,-116.178,-66.8817,-116.094,-66.8467,-114.126,-65.6656,-114.304,1.8087158203125,0.0722918959774036,1.67822265625,1.912109375,3704.25,148.05380296172257,8
ch2_cla_l1_20250801T070256395_20250801T070304395.fits,/home/saurabh/moon_project/data/CLASS/ch2_cla_l1_2025_08/cla/data/calibrated/2025/08/01/ch2_cla_l1_20250801T070256395_20250801T070304395.fits,2025-08-01T07:02:56.395,2025-08-01T07:03:04.395,2025-08-01T07:03:00.395,8.0,-38.0,13.5,93.9675,-65.8616,-115.223,-65.8663,-115.222,112.068,112.068,CLASS_add_scds.pro,2.1,571,1,"0,1,2,3,4,5,6,7,8,9,10,11,12,13,14,15,",-65.2896,-116.206,-66.4714,-116.124,-66.4371,-114.191,-65.2568,-114.363,1.80023193359375,0.0610245177670478,1.72021484375,1.8994140625,3686.875,124.97821238691397,8
ch2_cla_l1_20250801T070304395_20250801T070312395.fits,/home/saurabh/moon_project/data/CLASS/ch2_cla_l1_2025_08/cla/data/calibrated/2025/08/01/ch2_cla_l1_20250801T070304395_20250801T070312395.fits,2025-08-01T07:03:04.395,2025-08-01T07:03:12.395,2025-08-01T07:03:08.395,8.0,-38.0,13.5,93.8329,-65.4519,-115.267,-65.4567,-115.266,112.41,112.41,CLASS_add_scds.pro,2.1,572,1,"0,1,2,3,4,5,6,7,8,9,10,11,12,13,14,15,",-64.8803,-116.233,-66.0611,-116.153,-66.0273,-114.254,-64.8481,-114.42,1.793212890625,0.0790472904095627,1.6953125,1.93212890625,3672.5,161.88885075878449,8
ch2_cla_l1_20250801T070312395_20250801T070320395.fits,/home/saurabh/moon_project/data/CLASS/ch2_cla_l1_2025_08/cla/data/calibrated/2025/08/01/ch2_cla_l1_20250801T070312395_20250801T070320395.fits,2025-08-01T07:03:12.395,2025-08-01T07:03:20.395,2025-08-01T07:03:16.395,8.0,-38.1,13.5,93.6986,-65.0422,-115.309,-65.047,-115.309,112.751,112.751,CLASS_add_scds.pro,2.1,573,1,"0,1,2,3,4,5,6,7,8,9,10,11,12,13,14,15,",-64.4709,-116.259,-65.6506,-116.182,-65.6175,-114.315,-64.4392,-114.476,1.78564453125,0.0836397622450232,1.66552734375,1.9140625,3657.0,171.29423307780763,8
ch2_cla_l1_20250801T070320395_20250801T070328395.fits,/home/saurabh/moon_project/data/CLASS/ch2_cla_l1_2025_08/cla/data/calibrated/2025/08/01/ch2_cla_l1_20250801T070320395_20250801T070328395.fits,2025-08-01T07:03:20.395,2025-08-01T07:03:28.395,2025-08-01T07:03:24.395,8.0,-38.1,13.5,93.5646,-64.6325,-115.351,-64.6373,-115.35,113.092,113.092,CLASS_add_scds.pro,2.1,574,0,"0,1,2,3,4,5,6,7,8,9,10,11,12,13,14,15,",-64.0615,-116.284,-65.2401,-116.21,-65.2076,-114.374,-64.0304,-114.53,1.82354736328125,0.0643298468782744,1.73388671875,1.939453125,3734.625,131.74752640670607,8
ch2_cla_l1_20250801T070328395_20250801T070336395.fits,/home/saurabh/moon_project/data/CLASS/ch2_cla_l1_2025_08/cla/data/calibrated/2025/08/01/ch2_cla_l1_20250801T070328395_20250801T070336395.fits,2025-08-01T07:03:28.395,2025-08-01T07:03:36.395,2025-08-01T07:03:32.395,8.0,-38.1,13.5,93.4307,-64.2227,-115.391,-64.2274,-115.391,113.433,113.433,CLASS_add_scds.pro,2.1,575,0,"0,1,2,3,4,5,6,7,8,9,10,11,12,13,14,15,",-63.652,-116.309,-64.8296,-116.236,-64.7976,-114.432,-63.6214,-114.583,1.77203369140625,0.0529344989880135,1.68603515625,1.84814453125,3629.125,108.40985392745176,8
ch2_cla_l1_20250801T070336395_20250801T070342170.fits,/home/saurabh/moon_project/data/CLASS/ch2_cla_l1_2025_08/cla/data/calibrated/2025/08/01/ch2_cla_l1_20250801T070336395_20250801T070342170.fits,2025-08-01T07:03:36.395,2025-08-01T07:03:42.170,2025-08-01T07:03:39.283,5.774,-38.1,13.5,93.3158,-63.8698,-115.425,-63.8746,-115.424,113.726,113.726,CLASS_add_scds.pro,2.1,576,0,"0,1,2,3,4,5,6,7,8,9,10,11,12,13,14,15,",-63.3563,-116.326,-64.419,-116.262,-64.3876,-114.488,-63.326,-114.62,1.8248697916666667,0.0512799158629839,1.748046875,1.888671875,3737.3333333333335,105.02126768739112,6
ch2_cla_l1_20250801T200541221_20250801T200549221.fits,/home/saurabh/moon_project/data/CLASS/ch2_cla_l1_2025_08/cla/data/calibrated/2025/08/01/ch2_cla_l1_20250801T200541221_20250801T200549221.fits,2025-08-01T20:05:41.221,2025-08-01T20:05:49.221,2025-08-01T20:05:45.221,8.0,-45.0,13.5,118.109,9.488,55.6488,9.4929,55.649,32.0027,32.0027,CLASS_add_scds.pro,2.1,264,1,"0,1,2,3,4,5,6,7,8,9,10,11,12,13,14,15,",10.1876,55.1692,8.8162,55.1433,8.7976,56.1269,10.1689,56.1566,1.7587890625,0.0417301965219169,1.69091796875,1.82373046875,3602.0,85.46344247688599,8
ch2_cla_l1_20250801T200557221_20250801T200605221.fits,/home/saurabh/moon_project/data/CLASS/ch2_cla_l1_2025_08/cla/data/calibrated/2025/08/01/ch2_cla_l1_20250801T200557221_20250801T200605221.fits,2025-08-01T20:05:57.221,2025-08-01T20:06:05.221,2025-08-01T20:06:01.221,8.0,-44.9,13.5,118.211,8.6895,55.631,8.6944,55.6312,31.8401,31.8401,CLASS_add_scds.pro,2.1,266,1,"0,1,2,3,4,5,6,7,8,9,10,11,12,13,14,15,",9.3894,55.1521,8.0173,55.1261,7.9988,56.1085,9.3708,56.138,1.76025390625,0.0604207355400703,1.6669921875,1.8486328125,3605.0,123.74166638606415,8
ch2_cla_l1_20250801T200605221_20250801T200613221.fits,/home/saurabh/moon_project/data/CLASS/ch2_cla_l1_2025_08/cla/data/calibrated/2025/08/01/ch2_cla_l1_20250801T200605221_20250801T200613221.fits,2025-08-01T20:06:05.221,2025-08-01T20:06:13.221,2025-08-01T20:06:09.221,8.0,-44.8,13.5,118.261,8.2902,55.6221,8.2952,55.6222,31.7653,31.7653,CLASS_add_scds.pro,2.1,267,1,"0,1,2,3,4,5,6,7,8,9,10,11,12,13,14,15,",8.9903,55.1435,7.6179,55.1174,7.5994,56.0992,8.9717,56.1286,1.72235107421875,0.0443856116488057,1.65673828125,1.79931640625,3527.375,90.90173265675412,8
ch2_cla_l1_20250801T200613221_20250801T200621221.fits,/home/saurabh/moon_project/data/CLASS/ch2_cla_l1_2025_08/cla/data/calibrated/2025/08/01/ch2_cla_l1_20250801T200613221_20250801T200621221.fits,2025-08-01T20:06:13.221,2025-08-01T20:06:21.221,2025-08-01T20:06:17.221,8.0,-44.7,13.5,118.309,7.891,55.6132,7.896,55.6133,31.6948,31.6948,CLASS_add_scds.pro,2.1,268,1,"0,1,2,3,4,5,6,7,8,9,10,11,12,13,14,15,",8.5913,55.1348,7.2185,55.1089,7.2,56.0902,8.5727,56.1193,1.74859619140625,0.0795829696428219,1.64453125,1.8720703125,3581.125,162.9859218284994,8
ch2_cla_l1_20250801T200629221_20250801T200637221.fits,/home/saurabh/moon_project/data/CLASS/ch2_cla_l1_2025_08/cla/data/calibrated/2025/08/01/ch2_cla_l1_20250801T200629221_20250801T200637221.fits,2025-08-01T20:06:29.221,2025-08-01T20:06:37.221,2025-08-01T20:06:33.221,8.0,-44.6,13.5,118.403,7.0926,55.5955,7.0975,55.5956,31.567,31.567,CLASS_add_scds.pro,2.1,270,1,"0,1,2,3,4,5,6,7,8,9,10,11,12,13,14,15,",7.7933,55.1177,6.4197,55.0917,6.4012,56.0721,7.7747,56.1011,1.76971435546875,0.0754214197792148,1.666015625,1.87646484375,3624.375,154.46306770783198,8
ch2_cla_l1_20250801T200637221_20250801T200645221.fits,/home/saurabh/moon_project/data/CLASS/ch2_cla_l1_2025_08/cla/data/calibrated/2025/08/01/ch2_cla_l1_20250801T200637221_20250801T200645221.fits,2025-08-01T20:06:37.221,2025-08-01T20:06:45.221,2025-08-01T20:06:41.221,8.0,-44.6,13.5,118.449,6.6934,55.5866,6.6983,55.5868,31.5097,31.5097,CLASS_add_scds.pro,2.1,271,1,"0,1,2,3,4,5,6,7,8,9,10,11,12,13,14,15,",7.3942,55.1091,6.0204,55.083,6.0019,56.0631,7.3757,56.092,1.732666015625,0.0765963732465921,1.6259765625,1.85498046875,3548.5,156.86937240902063,8
ch2_cla_l1_20250801T200645221_20250801T200653221.fits,/home/saurabh/moon_project/data/CLASS/ch2_cla_l1_2025_08/cla/data/calibrated/2025/08/01/ch2_cla_l1_20250801T200645221_20250801T200653221.fits,2025-08-01T20:06:45.221,2025-08-01T20:06:53.221,2025-08-01T20:06:49.221,8.0,-44.5,13.5,118.493,6.2943,55.5778,6.2992,55.5779,31.4569,31.4569,CLASS_add_scds.pro,2.1,272,1,"0,1,2,3,4,5,6,7,8,9,10,11,12,13,14,15,",6.9953,55.1005,5.6211,55.0744,5.6026,56.0541,6.9768,56.0829,1.75872802734375,0.0507627600239789,1.68359375,1.837890625,3601.875,103.96213252910889,8
ch2_cla_l1_20250801T200653221_20250801T200701221.fits,/home/saurabh/moon_project/data/CLASS/ch2_cla_l1_2025_08/cla/data/calibrated/2025/08/01/ch2_cla_l1_20250801T200653221_20250801T200701221.fits,2025-08-01T20:06:53.221,2025-08-01T20:07:01.221,2025-08-01T20:06:57.221,8.0,-44.5,13.5,118.537,5.8951,55.569,5.9,55.5692,31.4086,31.4086,CLASS_add_scds.pro,2.1,273,1,"0,1,2,3,4,5,6,7,8,9,10,11,12,13,14,15,",6.5963,55.0919,5.2218,55.0657,5.2033,56.0451,6.5778,56.0738,1.75189208984375,0.0776397622223959,1.63232421875,1.86181640625,3587.875,159.00623303146685,8
ch2_cla_l1_20250801T200701221_20250801T200709221.fits,/home/saurabh/moon_project/data/CLASS/ch2_cla_l1_2025_08/cla/data/calibrated/2025/08/01/ch2_cla_l1_20250801T200701221_20250801T200709221.fits,2025-08-01T20:07:01.221,2025-08-01T20:07:09.221,2025-08-01T20:07:05.221,8.0,-44.5,13.5,118.579,5.496,55.5602,5.501,55.5604,31.3648,31.3648,CLASS_add_scds.pro,2.1,274,1,"0,1,2,3,4,5,6,7,8,9,10,11,12,13,14,15,",6.1974,55.0833,4.8226,55.0571,4.8041,56.0363,6.1789,56.0647,1.77728271484375,0.042045230252306,1.712890625,1.84375,3639.875,86.10863155672274,8
ch2_cla_l1_20250801T200709221_20250801T200717221.fits,/home/saurabh/moon_project/data/CLASS/ch2_cla_l1_2025_08/cla/data/calibrated/2025/08/01/ch2_cla_l1_20250801T200709221_20250801T200717221.fits,2025-08-01T20:07:09.221,2025-08-01T20:07:17.221,2025-08-01T20:07:13.221,8.0,-44.4,13.5,118.621,5.0969,55.5514,5.1018,55.5515,31.3255,31.3255,CLASS_add_scds.pro,2.1,275,1,"0,1,2,3,4,5,6,7,8,9,10,11,12,13,14,15,",5.7986,55.0747,4.4234,55.0484,4.4049,56.0275,5.78,56.0558,1.75738525390625,0.0623070258160034,1.677734375,1.841796875,3599.125,127.604788871175,8
ch2_cla_l1_20250801T200717221_20250801T200725221.fits,/home/saurabh/moon_project/data/CLASS/ch2_cla_l1_2025_08/cla/data/calibrated/2025/08/01/ch2_cla_l1_20250801T200717221_20250801T200725221.fits,2025-08-01T20:07:17.221,2025-08-01T20:07:25.221,2025-08-01T20:07:21.221,8.0,-44.3,13.5,118.661,4.6978,55.5426,4.7029,55.5429,31.2907,31.2907,CLASS_add_scds.pro,2.1,276,1,"0,1,2,3,4,5,6,7,8,9,10,11,12,13,14,15,",5.3997,55.0661,4.0242,55.0397,4.0057,56.0186,5.3812,56.0469,1.76947021484375,0.0336245550813984,1.71240234375,1.8232421875,3623.875,68.86308880670398,8
ch2_cla_l1_20250801T200725221_20250801T200733221.fits,/home/saurabh/moon_project/data/CLASS/ch2_cla_l1_2025_08/cla/data/calibrated/2025/08/01/ch2_cla_l1_20250801T200725221_20250801T200733221.fits,2025-08-01T20:07:25.221,2025-08-01T20:07:33.221,2025-08-01T20:07:29.221,8.0,-44.3,13.5,118.701,4.2988,55.5339,4.3038,55.534,31.2604,31.2604,CLASS_add_scds.pro,2.1,277,1,"0,1,2,3,4,5,6,7,8,9,10,11,12,13,14,15,",5.0009,55.0575,3.6249,55.031,3.6064,56.0097,4.9823,56.038,1.77203369140625,0.059233991356104,1.6884765625,1.849609375,3629.125,121.3112142973011,8
ch2_cla_l1_20250801T200733221_20250801T200741221.fits,/home/saurabh/moon_project/data/CLASS/ch2_cla_l1_2025_08/cla/data/calibrated/2025/08/01/ch2_cla_l1_20250801T200733221_20250801T200741221.fits,2025-08-01T20:07:33.221,2025-08-01T20:07:41.221,2025-08-01T20:07:37.221,8.0,-44.2,13.5,118.74,3.8997,55.5251,3.9048,55.5252,31.2347,31.2347,CLASS_add_scds.pro,2.1,278,1,"0,1,2,3,4,5,6,7,8,9,10,11,12,13,14,15,",4.6019,55.0488,3.2258,55.0222,3.2073,56.0008,4.5834,56.029,1.78399658203125,0.040562153506788,1.7216796875,1.8515625,3653.625,83.071290381902,8
ch2_cla_l1_20250801T200741221_20250801T200749221.fits,/home/saurabh/moon_project/data/CLASS/ch2_cla_l1_2025_08/cla/data/calibrated/2025/08/01/ch2_cla_l1_20250801T200741221_20250801T200749221.fits,2025-08-01T20:07:41.221,2025-08-01T20:07:49.221,2025-08-01T20:07:45.221,8.0,-44.1,13.5,118.777,3.5007,55.5163,3.5057,55.5164,31.2136,31.2136,CLASS_add_scds.pro,2.1,279,1,"0,1,2,3,4,5,6,7,8,9,10,11,12,13,14,15,",4.2031,55.04,2.8266,55.0135,2.8082,55.9921,4.1845,56.0201,1.78314208984375,0.0534040527070303,1.720703125,1.880859375,3651.875,109.3714999439982,8
ch2_cla_l1_20250801T200749221_20250801T200757221.fits,/home/saurabh/moon_project/data/CLASS/ch2_cla_l1_2025_08/cla/data/calibrated/2025/08/01/ch2_cla_l1_20250801T200749221_20250801T200757221.fits,2025-08-01T20:07:49.221,2025-08-01T20:07:57.221,2025-08-01T20:07:53.221,8.0,-44.1,13.5,118.814,3.1017,55.5076,3.1067,55.5077,31.1971,31.1971,CLASS_add_scds.pro,2.1,280,1,"0,1,2,3,4,5,6,7,8,9,10,11,12,13,14,15,",3.8042,55.0313,2.4275,55.0049,2.409,55.9835,3.7857,56.0112,1.77752685546875,0.058315780327764,1.6826171875,1.8525390625,3640.375,119.43071811126076,8
ch2_cla_l1_20250801T200757221_20250801T200805221.fits,/home/saurabh/moon_project/data/CLASS/ch2_cla_l1_2025_08/cla/data/calibrated/2025/08/01/ch2_cla_l1_20250801T200757221_20250801T200805221.fits,2025-08-01T20:07:57.221,2025-08-01T20:08:05.221,2025-08-01T20:08:01.221,8.0,-44.0,13.5,118.85,2.7027,55.4988,2.7077,55.499,31.1852,31.1852,CLASS_add_scds.pro,2.1,281,1,"0,1,2,3,4,5,6,7,8,9,10,11,12,13,14,15,",3.4053,55.0228,2.0283,54.9961,2.0099,55.9747,3.3869,56.0026,1.8157958984375,0.0490791191298457,1.75537109375,1.89306640625,3718.75,100.51403597792414,8
ch2_cla_l1_20250801T200805221_20250801T200813221.fits,/home/saurabh/moon_project/data/CLASS/ch2_cla_l1_2025_08/cla/data/calibrated/2025/08/01/ch2_cla_l1_20250801T200805221_20250801T200813221.fits,2025-08-01T20:08:05.221,2025-08-01T20:08:13.221,2025-08-01T20:08:09.221,8.0,-44.0,13.5,118.885,2.3037,55.4901,2.3087,55.4903,31.1778,31.1778,CLASS_add_scds.pro,2.1,282,1,"0,1,2,3,4,5,6,7,8,9,10,11,12,13,14,15,",3.0064,55.0141,1.6292,54.9874,1.6107,55.966,2.988,55.9937,1.762451171875,0.0746826359999961,1.65673828125,1.86962890625,3609.5,152.95003852799215,8
ch2_cla_l1_20250801T200813221_20250801T200821221.fits,/home/saurabh/moon_project/data/CLASS/ch2_cla_l1_2025_08/cla/data/calibrated/2025/08/01/ch2_cla_l1_20250801T200813221_20250801T200821221.fits,2025-08-01T20:08:13.221,2025-08-01T20:08:21.221,2025-08-01T20:08:17.221,8.0,-43.9,13.5,118.918,1.9048,55.4814,1.9097,55.4816,31.175,31.175,CLASS_add_scds.pro,2.1,283,1,"0,1,2,3,4,5,6,7,8,9,10,11,12,13,14,15,",2.6076,55.0054,1.2301,54.9785,1.2116,55.9573,2.5891,55.985,1.8179931640625,0.0974707885970693,1.65869140625,1.9560546875,3723.25,199.620175046798,8
ch2_cla_l1_20250801T200821221_20250801T200829221.fits,/home/saurabh/moon_project/data/CLASS/ch2_cla_l1_2025_08/cla/data/calibrated/2025/08/01/ch2_cla_l1_20250801T200821221_20250801T200829221.fits,2025-08-01T20:08:21.221,2025-08-01T20:08:29.221,2025-08-01T20:08:25.221,8.0,-43.9,13.5,118.951,1.5058,55.4726,1.5108,55.4728,31.1769,31.1769,CLASS_add_scds.pro,2.1,284,1,"0,1,2,3,4,5,6,7,8,9,10,11,12,13,14,15,",2.2088,54.9966,0.8311,54.9698,0.8127,55.9487,2.1903,55.9762,1.7828369140625,0.0726809551936665,1.69287109375,1.896484375,3651.25,148.85059623662917,8
ch2_cla_l1_20250801T200829221_20250801T200837221.fits,/home/saurabh/moon_project/data/CLASS/ch2_cla_l1_2025_08/cla/data/calibrated/2025/08/01/ch2_cla_l1_20250801T200829221_20250801T200837221.fits,2025-08-01T20:08:29.221,2025-08-01T20:08:37.221,2025-08-01T20:08:33.221,8.0,-43.7,13.5,118.983,1.1069,55.4639,1.1119,55.4641,31.1833,31.1833,CLASS_add_scds.pro,2.1,285,1,"0,1,2,3,4,5,6,7,8,9,10,11,12,13,14,15,",1.8101,54.9879,0.4321,54.9608,0.4136,55.9399,1.7916,55.9675,1.83929443359375,0.0579393078667012,1.75439453125,1.9287109375,3766.875,118.65970251100411,8
ch2_cla_l1_20250801T200837221_20250801T200845221.fits,/home/saurabh/moon_project/data/CLASS/ch2_cla_l1_2025_08/cla/data/calibrated/2025/08/01/ch2_cla_l1_20250801T200837221_20250801T200845221.fits,2025-08-01T20:08:37.221,2025-08-01T20:08:45.221,2025-08-01T20:08:41.221,8.0,-43.7,13.5,119.013,0.708,55.4552,0.7129,55.4553,31.1943,31.1943,CLASS_add_scds.pro,2.1,286,1,"0,1,2,3,4,5,6,7,8,9,10,11,12,13,14,15,",1.4113,54.979,0.0331,54.9521,0.0146,55.9313,1.3928,55.9587,1.77197265625,0.0441818411397209,1.7041015625,1.83544921875,3629.0,90.48441065414843,8
ch2_cla_l1_20250801T200845221_20250801T200853221.fits,/home/saurabh/moon_project/data/CLASS/ch2_cla_l1_2025_08/cla/data/calibrated/2025/08/01/ch2_cla_l1_20250801T200845221_20250801T200853221.fits,2025-08-01T20:08:45.221,2025-08-01T20:08:53.221,2025-08-01T20:08:49.221,8.0,-43.6,13.5,119.043,0.3091,55.4464,0.3141,55.4466,31.2099,31.2099,CLASS_add_scds.pro,2.1,287,1,"0,1,2,3,4,5,6,7,8,9,10,11,12,13,14,15,",1.0126,54.9703,-0.3659,54.9432,-0.3844,55.9228,0.9941,55.9501,1.8472900390625,0.0477366499573883,1.77392578125,1.92333984375,3783.25,97.76465911273138,8
ch2_cla_l1_20250801T200853221_20250801T200901221.fits,/home/saurabh/moon_project/data/CLASS/ch2_cla_l1_2025_08/cla/data/calibrated/2025/08/01/ch2_cla_l1_20250801T200853221_20250801T200901221.fits,2025-08-01T20:08:53.221,2025-08-01T20:09:01.221,2025-08-01T20:08:57.221,8.0,-43.6,13.5,119.072,-0.0898,55.4377,-0.0848,55.4379,31.2301,31.2301,CLASS_add_scds.pro,2.1,288,1,"0,1,2,3,4,5,6,7,8,9,10,11,12,13,14,15,",0.6138,54.9615,-0.7649,54.9343,-0.7834,55.9141,0.5954,55.9415,1.7884521484375,0.0459486851546034,1.71533203125,1.8642578125,3662.75,94.1029071966278,8
ch2_cla_l1_20250801T200901221_20250801T200909221.fits,/home/saurabh/moon_project/data/CLASS/ch2_cla_l1_2025_08/cla/data/calibrated/2025/08/01/ch2_cla_l1_20250801T200901221_20250801T200909221.fits,2025-08-01T20:09:01.221,2025-08-01T20:09:09.221,2025-08-01T20:09:05.221,8.0,-43.6,13.5,119.1,-0.4887,55.429,-0.4837,55.4291,31.2548,31.2548,CLASS_add_scds.pro,2.1,289,1,"0,1,2,3,4,5,6,7,8,9,10,11,12,13,14,15,",0.2151,54.9526,-1.1639,54.9254,-1.1824,55.9056,0.1966,55.9328,1.85296630859375,0.0418812753981486,1.78857421875,1.91943359375,3794.875,85.77285201540836,8
ch2_cla_l1_20250801T200909221_20250801T200917221.fits,/home/saurabh/moon_project/data/CLASS/ch2_cla_l1_2025_08/cla/data/calibrated/2025/08/01/ch2_cla_l1_20250801T200909221_20250801T200917221.fits,2025-08-01T20:09:09.221,2025-08-01T20:09:17.221,2025-08-01T20:09:13.221,8.0,-43.5,13.5,119.126,-0.8876,55.4202,-0.8826,55.4205,31.2841,31.2841,CLASS_add_scds.pro,2.1,290,1,"0,1,2,3,4,5,6,7,8,9,10,11,12,13,14,15,",-0.1837,54.9439,-1.5628,54.9166,-1.5813,55.8971,-0.2022,55.9242,1.792724609375,0.0582363308246897,1.72119140625,1.91064453125,3671.5,119.26800552896464,8
ch2_cla_l1_20250801T200917221_20250801T200925221.fits,/home/saurabh/moon_project/data/CLASS/ch2_cla_l1_2025_08/cla/data/calibrated/2025/08/01/ch2_cla_l1_20250801T200917221_20250801T200925221.fits,2025-08-01T20:09:17.221,2025-08-01T20:09:25.221,2025-08-01T20:09:21.221,8.0,-43.5,13.5,119.152,-1.2864,55.4115,-1.2812,55.4117,31.3179,31.3179,CLASS_add_scds.pro,2.1,291,1,"0,1,2,3,4,5,6,7,8,9,10,11,12,13,14,15,",-0.5824,54.9351,-1.9616,54.9075,-1.9801,55.8885,-0.6009,55.9157,1.852294921875,0.0378094935207147,1.7978515625,1.8984375,3793.5,77.43384273042376,8
ch2_cla_l1_20250801T200925221_20250801T200933221.fits,/home/saurabh/moon_project/data/CLASS/ch2_cla_l1_2025_08/cla/data/calibrated/2025/08/01/ch2_cla_l1_20250801T200925221_20250801T200933221.fits,2025-08-01T20:09:25.221,2025-08-01T20:09:33.221,2025-08-01T20:09:29.221,8.0,-43.4,13.5,119.176,-1.6853,55.4028,-1.6802,55.403,31.3563,31.3563,CLASS_add_scds.pro,2.1,292,1,"0,1,2,3,4,5,6,7,8,9,10,11,12,13,14,15,",-0.981,54.9261,-2.3606,54.8987,-2.3792,55.8801,-0.9995,55.907,1.77520751953125,0.10145645054437,1.66748046875,1.93310546875,3635.625,207.78281071486984,8
ch2_cla_l1_20250801T200933221_20250801T200941221.fits,/home/saurabh/moon_project/data/CLASS/ch2_cla_l1_2025_08/cla/data/calibrated/2025/08/01/ch2_cla_l1_20250801T200933221_20250801T200941221.fits,2025-08-01T20:09:33.221,2025-08-01T20:09:41.221,2025-08-01T20:09:37.221,8.0,-43.3,13.5,119.2,-2.0841,55.394,-2.0791,55.3942,31.3992,31.3992,CLASS_add_scds.pro,2.1,293,1,"0,1,2,3,4,5,6,7,8,9,10,11,12,13,14,15,",-1.3798,54.9173,-2.7595,54.8896,-2.7781,55.8715,-1.3984,55.8986,1.716064453125,0.0559527338204276,1.63037109375,1.7978515625,3514.5,114.59119886423588,8
ch2_cla_l1_20250801T200949221_20250801T200957221.fits,/home/saurabh/moon_project/data/CLASS/ch2_cla_l1_2025_08/cla/data/calibrated/2025/08/01/ch2_cla_l1_20250801T200949221_20250801T200957221.fits,2025-08-01T20:09:49.221,2025-08-01T20:09:57.221,2025-08-01T20:09:53.221,8.0,-43.3,13.5,119.244,-2.8818,55.3765,-2.8768,55.3767,31.4984,31.4984,CLASS_add_scds.pro,2.1,295,1,"0,1,2,3,4,5,6,7,8,9,10,11,12,13,14,15,",-2.1773,54.8994,-3.5574,54.8715,-3.576,55.8546,-2.1959,55.8814,1.73724365234375,0.061338497044948,1.63525390625,1.81787109375,3557.875,125.62124194805364,8
ch2_cla_l1_20250801T201005221_20250801T201013221.fits,/home/saurabh/moon_project/data/CLASS/ch2_cla_l1_2025_08/cla/data/calibrated/2025/08/01/ch2_cla_l1_20250801T201005221_20250801T201013221.fits,2025-08-01T20:10:05.221,2025-08-01T20:10:13.221,2025-08-01T20:10:09.221,8.0,-43.1,13.5,119.284,-3.6794,55.359,-3.6743,55.3592,31.6153,31.6153,CLASS_add_scds.pro,2.1,297,1,"0,1,2,3,4,5,6,7,8,9,10,11,12,13,14,15,",-2.9746,54.8814,-4.355,54.8534,-4.3736,55.8377,-2.9932,55.8644,1.72857666015625,0.0724141424797819,1.63427734375,1.84521484375,3540.125,148.30416379859332,8
ch2_cla_l1_20250801T201013221_20250801T201021221.fits,/home/saurabh/moon_project/data/CLASS/ch2_cla_l1_2025_08/cla/data/calibrated/2025/08/01/ch2_cla_l1_20250801T201013221_20250801T201021221.fits,2025-08-01T20:10:13.221,2025-08-01T20:10:21.221,2025-08-01T20:10:17.221,8.0,-43.0,13.5,119.303,-4.0782,55.3503,-4.0732,55.3504,31.6805,31.6805,CLASS_add_scds.pro,2.1,298,1,"0,1,2,3,4,5,6,7,8,9,10,11,12,13,14,15,",-3.3734,54.8724,-4.754,54.8442,-4.7726,55.8292,-3.392,55.856,1.73822021484375,0.0855416183698055,1.6171875,1.869140625,3559.875,175.1892344213618,8
ch2_cla_l1_20250801T201021221_20250801T201029221.fits,/home/saurabh/moon_project/data/CLASS/ch2_cla_l1_2025_08/cla/data/calibrated/2025/08/01/ch2_cla_l1_20250801T201021221_20250801T201029221.fits,2025-08-01T20:10:21.221,2025-08-01T20:10:29.221,2025-08-01T20:10:25.221,8.0,-43.0,13.5,119.32,-4.477,55.3415,-4.4719,55.3418,31.7499,31.7499,CLASS_add_scds.pro,2.1,299,1,"0,1,2,3,4,5,6,7,8,9,10,11,12,13,14,15,",-3.7723,54.8633,-5.1528,54.8351,-5.1714,55.8208,-3.7908,55.8474,1.7462158203125,0.0752622062657642,1.6474609375,1.8642578125,3576.25,154.1369984322852,8
ch2_cla_l1_20250801T201029221_20250801T201037221.fits,/home/saurabh/moon_project/data/CLASS/ch2_cla_l1_2025_08/cla/data/calibrated/2025/08/01/ch2_cla_l1_20250801T201029221_20250801T201037221.fits,2025-08-01T20:10:29.221,2025-08-01T20:10:37.221,2025-08-01T20:10:33.221,8.0,-43.0,13.5,119.337,-4.8758,55.3327,-4.8708,55.3329,31.8237,31.8237,CLASS_add_scds.pro,2.1,300,1,"0,1,2,3,4,5,6,7,8,9,10,11,12,13,14,15,",-4.1708,54.8543,-5.5516,54.8259,-5.5702,55.8124,-4.1894,55.839,1.7427978515625,0.0650960717391196,1.62353515625,1.8310546875,3569.25,133.31675492171695,8
ch2_cla_l1_20250801T201037221_20250801T201045221.fits,/home/saurabh/moon_project/data/CLASS/ch2_cla_l1_2025_08/cla/data/calibrated/2025/08/01/ch2_cla_l1_20250801T201037221_20250801T201045221.fits,2025-08-01T20:10:37.221,2025-08-01T20:10:45.221,2025-08-01T20:10:41.221,8.0,-42.9,13.5,119.352,-5.2745,55.3239,-5.2697,55.3242,31.9019,31.9019,CLASS_add_scds.pro,2.1,301,1,"0,1,2,3,4,5,6,7,8,9,10,11,12,13,14,15,",-4.5695,54.8451,-5.9506,54.8167,-5.9692,55.804,-4.5881,55.8305,1.73565673828125,0.0434949779618205,1.6708984375,1.81201171875,3554.625,89.07771486580853,8
ch2_cla_l1_20250801T201045221_20250801T201053221.fits,/home/saurabh/moon_project/data/CLASS/ch2_cla_l1_2025_08/cla/data/calibrated/2025/08/01/ch2_cla_l1_20250801T201045221_20250801T201053221.fits,2025-08-01T20:10:45.221,2025-08-01T20:10:53.221,2025-08-01T20:10:49.221,8.0,-42.9,13.5,119.367,-5.6733,55.3151,-5.6684,55.3152,31.9843,31.9843,CLASS_add_scds.pro,2.1,302,1,"0,1,2,3,4,5,6,7,8,9,10,11,12,13,14,15,",-4.9684,54.836,-6.3493,54.8074,-6.3679,55.7956,-4.987,55.8221,1.77972412109375,0.0733432327076727,1.66357421875,1.876953125,3644.875,150.20694058531384,8
ch2_cla_l1_20250801T201053221_20250801T201101221.fits,/home/saurabh/moon_project/data/CLASS/ch2_cla_l1_2025_08/cla/data/calibrated/2025/08/01/ch2_cla_l1_20250801T201053221_20250801T201101221.fits,2025-08-01T20:10:53.221,2025-08-01T20:11:01.221,2025-08-01T20:10:57.221,8.0,-42.8,13.5,119.38,-6.0721,55.3063,-6.0671,55.3065,32.0709,32.0709,CLASS_add_scds.pro,2.1,303,1,"0,1,2,3,4,5,6,7,8,9,10,11,12,13,14,15,",-5.367,54.8268,-6.748,54.7981,-6.7667,55.7872,-5.3856,55.8137,1.73223876953125,0.0424222500249338,1.6904296875,1.79052734375,3547.625,86.88076805106442,8
ch2_cla_l1_20250801T201101221_20250801T201109221.fits,/home/saurabh/moon_project/data/CLASS/ch2_cla_l1_2025_08/cla/data/calibrated/2025/08/01/ch2_cla_l1_20250801T201101221_20250801T201109221.fits,2025-08-01T20:11:01.221,2025-08-01T20:11:09.221,2025-08-01T20:11:05.221,8.0,-42.7,13.5,119.392,-6.4708,55.2975,-6.4658,55.2976,32.1618,32.1618,CLASS_add_scds.pro,2.1,304,1,"0,1,2,3,4,5,6,7,8,9,10,11,12,13,14,15,",-5.7656,54.8176,-7.1467,54.7887,-7.1654,55.7788,-5.7843,55.8052,1.781494140625,0.0520871115631086,1.6767578125,1.8427734375,3648.5,106.67440448124644,8
ch2_cla_l1_20250801T201109221_20250801T201117221.fits,/home/saurabh/moon_project/data/CLASS/ch2_cla_l1_2025_08/cla/data/calibrated/2025/08/01/ch2_cla_l1_20250801T201109221_20250801T201117221.fits,2025-08-01T20:11:09.221,2025-08-01T20:11:17.221,2025-08-01T20:11:13.221,8.0,-42.7,13.5,119.404,-6.8696,55.2886,-6.8645,55.2887,32.2568,32.2568,CLASS_add_scds.pro,2.1,305,1,"0,1,2,3,4,5,6,7,8,9,10,11,12,13,14,15,",-6.1642,54.8084,-7.5454,54.7794,-7.5642,55.7704,-6.1829,55.7968,1.74261474609375,0.0380925881863453,1.68603515625,1.79052734375,3568.875,78.01362060563527,8
ch2_cla_l1_20250801T201117221_20250801T201125221.fits,/home/saurabh/moon_project/data/CLASS/ch2_cla_l1_2025_08/cla/data/calibrated/2025/08/01/ch2_cla_l1_20250801T201117221_20250801T201125221.fits,2025-08-01T20:11:17.221,2025-08-01T20:11:25.221,2025-08-01T20:11:21.221,8.0,-42.6,13.5,119.414,-7.2683,55.2798,-7.2632,55.28,32.356,32.356,CLASS_add_scds.pro,2.1,306,1,"0,1,2,3,4,5,6,7,8,9,10,11,12,13,14,15,",-6.5629,54.7991,-7.9443,54.7701,-7.9631,55.7621,-6.5815,55.7884,1.8021240234375,0.0581981565379206,1.69775390625,1.86669921875,3690.75,119.18982458966154,8
ch2_cla_l1_20250801T201125221_20250801T201133221.fits,/home/saurabh/moon_project/data/CLASS/ch2_cla_l1_2025_08/cla/data/calibrated/2025/08/01/ch2_cla_l1_20250801T201125221_20250801T201133221.fits,2025-08-01T20:11:25.221,2025-08-01T20:11:33.221,2025-08-01T20:11:29.221,8.0,-42.6,13.5,119.423,-7.667,55.2709,-7.6621,55.271,32.4593,32.4593,CLASS_add_scds.pro,2.1,307,1,"0,1,2,3,4,5,6,7,8,9,10,11,12,13,14,15,",-6.9617,54.7899,-8.343,54.7606,-8.3618,55.7537,-6.9804,55.78,1.750244140625,0.0483204636250379,1.68310546875,1.828125,3584.5,98.96030950407771,8
ch2_cla_l1_20250801T201133221_20250801T201141221.fits,/home/saurabh/moon_project/data/CLASS/ch2_cla_l1_2025_08/cla/data/calibrated/2025/08/01/ch2_cla_l1_20250801T201133221_20250801T201141221.fits,2025-08-01T20:11:33.221,2025-08-01T20:11:41.221,2025-08-01T20:11:37.221,8.0,-42.5,13.5,119.431,-8.0658,55.262,-8.0608,55.2622,32.5666,32.5666,CLASS_add_scds.pro,2.1,308,1,"0,1,2,3,4,5,6,7,8,9,10,11,12,13,14,15,",-7.3603,54.7805,-8.7418,54.7512,-8.7606,55.7454,-7.379,55.7716,1.80548095703125,0.0580775822539663,1.71533203125,1.890625,3697.625,118.942888456123,8
ch2_cla_l1_20250801T201141221_20250801T201149221.fits,/home/saurabh/moon_project/data/CLASS/ch2_cla_l1_2025_08/cla/data/calibrated/2025/08/01/ch2_cla_l1_20250801T201141221_20250801T201149221.fits,2025-08-01T20:11:41.221,2025-08-01T20:11:49.221,2025-08-01T20:11:45.221,8.0,-42.4,13.5,119.438,-8.4645,55.2531,-8.4595,55.2533,32.6779,32.6779,CLASS_add_scds.pro,2.1,309,1,"0,1,2,3,4,5,6,7,8,9,10,11,12,13,14,15,",-7.759,54.7712,-9.1405,54.7417,-9.1593,55.737,-7.7777,55.7633,1.74981689453125,0.0620037198137422,1.6494140625,1.8310546875,3583.625,126.98361817854416,8
ch2_cla_l1_20250801T201149221_20250801T201157221.fits,/home/saurabh/moon_project/data/CLASS/ch2_cla_l1_2025_08/cla/data/calibrated/2025/08/01/ch2_cla_l1_20250801T201149221_20250801T201157221.fits,2025-08-01T20:11:49.221,2025-08-01T20:11:57.221,2025-08-01T20:11:53.221,8.0,-42.4,13.5,119.445,-8.8632,55.2442,-8.8582,55.2444,32.7933,32.7933,CLASS_add_scds.pro,2.1,310,1,"0,1,2,3,4,5,6,7,8,9,10,11,12,13,14,15,",-8.1577,54.7618,-9.5393,54.7321,-9.5581,55.7286,-8.1764,55.7549,1.80694580078125,0.0638435570033945,1.7216796875,1.9052734375,3700.625,130.75160474295197,8
ch2_cla_l1_20250801T201157221_20250801T201205221.fits,/home/saurabh/moon_project/data/CLASS/ch2_cla_l1_2025_08/cla/data/calibrated/2025/08/01/ch2_cla_l1_20250801T201157221_20250801T201205221.fits,2025-08-01T20:11:57.221,2025-08-01T20:12:05.221,2025-08-01T20:12:01.221,8.0,-42.4,13.5,119.45,-9.2619,55.2353,-9.2569,55.2354,32.9125,32.9125,CLASS_add_scds.pro,2.1,311,1,"0,1,2,3,4,5,6,7,8,9,10,11,12,13,14,15,",-8.5564,54.7523,-9.9379,54.7225,-9.9568,55.7202,-8.5751,55.7465,1.75714111328125,0.0697365743311572,1.650390625,1.8515625,3598.625,142.82050423021,8
ch2_cla_l1_20250801T201205221_20250801T201213221.fits,/home/saurabh/moon_project/data/CLASS/ch2_cla_l1_2025_08/cla/data/calibrated/2025/08/01/ch2_cla_l1_20250801T201205221_20250801T201213221.fits,2025-08-01T20:12:05.221,2025-08-01T20:12:13.221,2025-08-01T20:12:09.221,8.0,-42.3,13.5,119.454,-9.6607,55.2263,-9.6557,55.2265,33.0357,33.0357,CLASS_add_scds.pro,2.1,312,1,"0,1,2,3,4,5,6,7,8,9,10,11,12,13,14,15,",-8.955,54.7428,-10.3367,54.7129,-10.3555,55.7119,-8.9738,55.7381,1.81243896484375,0.0804508850752773,1.7099609375,1.93505859375,3711.875,164.76341263416808,8
ch2_cla_l1_20250801T201213221_20250801T201221221.fits,/home/saurabh/moon_project/data/CLASS/ch2_cla_l1_2025_08/cla/data/calibrated/2025/08/01/ch2_cla_l1_20250801T201213221_20250801T201221221.fits,2025-08-01T20:12:13.221,2025-08-01T20:12:21.221,2025-08-01T20:12:17.221,8.0,-42.3,13.5,119.457,-10.0594,55.2174,-10.0544,55.2176,33.1627,33.1627,CLASS_add_scds.pro,2.1,313,1,"0,1,2,3,4,5,6,7,8,9,10,11,12,13,14,15,",-9.3537,54.7333,-10.7354,54.7032,-10.7543,55.7036,-9.3725,55.7297,1.79254150390625,0.0854727078286305,1.66455078125,1.90234375,3671.125,175.0481056330353,8
ch2_cla_l1_20250801T201221221_20250801T201229221.fits,/home/saurabh/moon_project/data/CLASS/ch2_cla_l1_2025_08/cla/data/calibrated/2025/08/01/ch2_cla_l1_20250801T201221221_20250801T201229221.fits,2025-08-01T20:12:21.221,2025-08-01T20:12:29.221,2025-08-01T20:12:25.221,8.0,-42.1,13.5,119.459,-10.4581,55.2084,-10.4533,55.2084,33.2935,33.2935,CLASS_add_scds.pro,2.1,314,1,"0,1,2,3,4,5,6,7,8,9,10,11,12,13,14,15,",-9.7525,54.7238,-11.134,54.6936,-11.153,55.6953,-9.7713,55.7214,1.80316162109375,0.0423189547288832,1.7431640625,1.87158203125,3692.875,86.66921928475283,8
ch2_cla_l1_20250801T201229221_20250801T201237221.fits,/home/saurabh/moon_project/data/CLASS/ch2_cla_l1_2025_08/cla/data/calibrated/2025/08/01/ch2_cla_l1_20250801T201229221_20250801T201237221.fits,2025-08-01T20:12:29.221,2025-08-01T20:12:37.221,2025-08-01T20:12:33.221,8.0,-42.1,13.5,119.46,-10.8568,55.1994,-10.8517,55.1996,33.4281,33.4281,CLASS_add_scds.pro,2.1,315,1,"0,1,2,3,4,5,6,7,8,9,10,11,12,13,14,15,",-10.1511,54.7142,-11.5328,54.6839,-11.5517,55.687,-10.1699,55.7131,1.78204345703125,0.0795549321146176,1.67626953125,1.92529296875,3649.625,162.92850097073693,8
ch2_cla_l1_20250801T201237221_20250801T201245221.fits,/home/saurabh/moon_project/data/CLASS/ch2_cla_l1_2025_08/cla/data/calibrated/2025/08/01/ch2_cla_l1_20250801T201237221_20250801T201245221.fits,2025-08-01T20:12:37.221,2025-08-01T20:12:45.221,2025-08-01T20:12:41.221,8.0,-42.0,13.5,119.46,-11.2555,55.1903,-11.2506,55.1905,33.5663,33.5663,CLASS_add_scds.pro,2.1,316,1,"0,1,2,3,4,5,6,7,8,9,10,11,12,13,14,15,",-10.5498,54.7046,-11.9315,54.6741,-11.9504,55.6786,-10.5687,55.7048,1.82403564453125,0.0435747783297886,1.763671875,1.8935546875,3735.625,89.24114601940713,8
ch2_cla_l1_20250801T201245221_20250801T201253221.fits,/home/saurabh/moon_project/data/CLASS/ch2_cla_l1_2025_08/cla/data/calibrated/2025/08/01/ch2_cla_l1_20250801T201245221_20250801T201253221.fits,2025-08-01T20:12:45.221,2025-08-01T20:12:53.221,2025-08-01T20:12:49.221,8.0,-42.0,13.5,119.459,-11.6543,55.1813,-11.6492,55.1815,33.7083,33.7083,CLASS_add_scds.pro,2.1,317,1,"0,1,2,3,4,5,6,7,8,9,10,11,12,13,14,15,",-10.9485,54.695,-12.3301,54.6642,-12.3491,55.6703,-10.9674,55.6964,1.81817626953125,0.0821291540397118,1.69580078125,1.94580078125,3723.625,168.2005074733299,8
ch2_cla_l1_20250801T201253221_20250801T201301221.fits,/home/saurabh/moon_project/data/CLASS/ch2_cla_l1_2025_08/cla/data/calibrated/2025/08/01/ch2_cla_l1_20250801T201253221_20250801T201301221.fits,2025-08-01T20:12:53.221,2025-08-01T20:13:01.221,2025-08-01T20:12:57.221,8.0,-41.9,13.5,119.457,-12.053,55.1722,-12.0478,55.1724,33.8539,33.8539,CLASS_add_scds.pro,2.1,318,1,"0,1,2,3,4,5,6,7,8,9,10,11,12,13,14,15,",-11.3472,54.6852,-12.7285,54.6542,-12.7476,55.6618,-11.3661,55.688,1.80926513671875,0.0361223831737499,1.75146484375,1.85595703125,3705.375,73.9786407398398,8
ch2_cla_l1_20250801T201301221_20250801T201309221.fits,/home/saurabh/moon_project/data/CLASS/ch2_cla_l1_2025_08/cla/data/calibrated/2025/08/01/ch2_cla_l1_20250801T201301221_20250801T201309221.fits,2025-08-01T20:13:01.221,2025-08-01T20:13:09.221,2025-08-01T20:13:05.221,8.0,-41.9,13.5,119.454,-12.4517,55.1631,-12.4465,55.1632,34.003,34.003,CLASS_add_scds.pro,2.1,319,1,"0,1,2,3,4,5,6,7,8,9,10,11,12,13,14,15,",-11.7456,54.6754,-13.1273,54.6443,-13.1464,55.6535,-11.7646,55.6796,1.82513427734375,0.0567628265707487,1.73876953125,1.89453125,3737.875,116.2502688168935,8
ch2_cla_l1_20250801T201309221_20250801T201317221.fits,/home/saurabh/moon_project/data/CLASS/ch2_cla_l1_2025_08/cla/data/calibrated/2025/08/01/ch2_cla_l1_20250801T201309221_20250801T201317221.fits,2025-08-01T20:13:09.221,2025-08-01T20:13:17.221,2025-08-01T20:13:13.221,8.0,-41.8,13.5,119.45,-12.8504,55.154,-12.8453,55.1541,34.1557,34.1557,CLASS_add_scds.pro,2.1,320,1,"0,1,2,3,4,5,6,7,8,9,10,11,12,13,14,15,",-12.1444,54.6656,-13.526,54.6344,-13.5451,55.6452,-12.1634,55.6713,1.83203125,0.0349921377265178,1.7802734375,1.87841796875,3752.0,71.66389806390862,8
ch2_cla_l1_20250801T201317221_20250801T201325221.fits,/home/saurabh/moon_project/data/CLASS/ch2_cla_l1_2025_08/cla/data/calibrated/2025/08/01/ch2_cla_l1_20250801T201317221_20250801T201325221.fits,2025-08-01T20:13:17.221,2025-08-01T20:13:25.221,2025-08-01T20:13:21.221,8.0,-41.8,13.5,119.445,-13.2491,55.1448,-13.2441,55.145,34.3118,34.3118,CLASS_add_scds.pro,2.1,321,1,"0,1,2,3,4,5,6,7,8,9,10,11,12,13,14,15,",-12.5432,54.6558,-13.9247,54.6244,-13.9438,55.6368,-12.5622,55.6629,1.8406982421875,0.0595621643926137,1.759765625,1.919921875,3769.75,121.98331267607291,8
ch2_cla_l1_20250801T201325221_20250801T201333221.fits,/home/saurabh/moon_project/data/CLASS/ch2_cla_l1_2025_08/cla/data/calibrated/2025/08/01/ch2_cla_l1_20250801T201325221_20250801T201333221.fits,2025-08-01T20:13:25.221,2025-08-01T20:13:33.221,2025-08-01T20:13:29.221,8.0,-41.7,13.5,119.439,-13.6478,55.1356,-13.6428,55.1358,34.4714,34.4714,CLASS_add_scds.pro,2.1,322,1,"0,1,2,3,4,5,6,7,8,9,10,11,12,13,14,15,",-12.9419,54.6459,-14.3234,54.6143,-14.3425,55.6285,-12.9609,55.6546,1.823486328125,0.0627203191603945,1.7216796875,1.91455078125,3734.5,128.451213640488,8
ch2_cla_l1_20250801T201333221_20250801T201341221.fits,/home/saurabh/moon_project/data/CLASS/ch2_cla_l1_2025_08/cla/data/calibrated/2025/08/01/ch2_cla_l1_20250801T201333221_20250801T201341221.fits,2025-08-01T20:13:33.221,2025-08-01T20:13:41.221,2025-08-01T20:13:37.221,8.0,-41.6,13.5,119.432,-14.0466,55.1264,-14.0415,55.1266,34.6343,34.6343,CLASS_add_scds.pro,2.1,323,1,"0,1,2,3,4,5,6,7,8,9,10,11,12,13,14,15,",-13.3406,54.6359,-14.7221,54.6041,-14.7413,55.6201,-13.3597,55.6462,1.862060546875,0.050808071556827,1.7958984375,1.951171875,3813.5,104.05493054838183,8
ch2_cla_l1_20250801T201341221_20250801T201349221.fits,/home/saurabh/moon_project/data/CLASS/ch2_cla_l1_2025_08/cla/data/calibrated/2025/08/01/ch2_cla_l1_20250801T201341221_20250801T201349221.fits,2025-08-01T20:13:41.221,2025-08-01T20:13:49.221,2025-08-01T20:13:45.221,8.0,-41.6,13.5,119.424,-14.4453,55.1172,-14.4403,55.1174,34.8006,34.8006,CLASS_add_scds.pro,2.1,324,1,"0,1,2,3,4,5,6,7,8,9,10,11,12,13,14,15,",-13.7394,54.6259,-15.1207,54.594,-15.14,55.6117,-13.7585,55.6378,1.77056884765625,0.0899560593635441,1.62841796875,1.89013671875,3626.125,184.2300095765384,8
ch2_cla_l1_20250801T201349221_20250801T201357221.fits,/home/saurabh/moon_project/data/CLASS/ch2_cla_l1_2025_08/cla/data/calibrated/2025/08/01/ch2_cla_l1_20250801T201349221_20250801T201357221.fits,2025-08-01T20:13:49.221,2025-08-01T20:13:57.221,2025-08-01T20:13:53.221,8.0,-41.5,13.5,119.415,-14.844,55.1079,-14.839,55.1081,34.9702,34.9702,CLASS_add_scds.pro,2.1,325,1,"0,1,2,3,4,5,6,7,8,9,10,11,12,13,14,15,",-14.1381,54.6159,-15.5194,54.5837,-15.5386,55.6033,-14.1573,55.6294,1.7288818359375,0.0841208328384229,1.5751953125,1.8427734375,3540.75,172.2794656530902,8
ch2_cla_l1_20250801T201405221_20250801T201413221.fits,/home/saurabh/moon_project/data/CLASS/ch2_cla_l1_2025_08/cla/data/calibrated/2025/08/01/ch2_cla_l1_20250801T201405221_20250801T201413221.fits,2025-08-01T20:14:05.221,2025-08-01T20:14:13.221,2025-08-01T20:14:09.221,8.0,-41.4,13.5,119.393,-15.6415,55.0893,-15.6365,55.0895,35.3191,35.3191,CLASS_add_scds.pro,2.1,327,1,"0,1,2,3,4,5,6,7,8,9,10,11,12,13,14,15,",-14.9356,54.5956,-16.3167,54.5631,-16.3361,55.5866,-14.9548,55.6127,1.76611328125,0.0963058841661345,1.6015625,1.8984375,3617.0,197.2344507722436,8
ch2_cla_l1_20250801T201413221_20250801T201421221.fits,/home/saurabh/moon_project/data/CLASS/ch2_cla_l1_2025_08/cla/data/calibrated/2025/08/01/ch2_cla_l1_20250801T201413221_20250801T201421221.fits,2025-08-01T20:14:13.221,2025-08-01T20:14:21.221,2025-08-01T20:14:17.221,8.0,-41.4,13.5,119.381,-16.0403,55.08,-16.0352,55.0801,35.4982,35.4982,CLASS_add_scds.pro,2.1,328,1,"0,1,2,3,4,5,6,7,8,9,10,11,12,13,14,15,",-15.3344,54.5854,-16.7154,54.5526,-16.7347,55.5781,-15.3536,55.6043,1.71612548828125,0.0614946085884955,1.62744140625,1.8193359375,3514.625,125.94095838923889,8
ch2_cla_l1_20250801T201421221_20250801T201429221.fits,/home/saurabh/moon_project/data/CLASS/ch2_cla_l1_2025_08/cla/data/calibrated/2025/08/01/ch2_cla_l1_20250801T201421221_20250801T201429221.fits,2025-08-01T20:14:21.221,2025-08-01T20:14:29.221,2025-08-01T20:14:25.221,8.0,-41.3,13.5,119.368,-16.439,55.0706,-16.434,55.0708,35.6805,35.6805,CLASS_add_scds.pro,2.1,329,1,"0,1,2,3,4,5,6,7,8,9,10,11,12,13,14,15,",-15.7331,54.5751,-17.114,54.5422,-17.1334,55.5697,-15.7524,55.5959,1.76898193359375,0.043365970929768,1.7119140625,1.83984375,3622.875,88.81350846416487,8
ch2_cla_l1_20250801T201429221_20250801T201437221.fits,/home/saurabh/moon_project/data/CLASS/ch2_cla_l1_2025_08/cla/data/calibrated/2025/08/01/ch2_cla_l1_20250801T201429221_20250801T201437221.fits,2025-08-01T20:14:29.221,2025-08-01T20:14:37.221,2025-08-01T20:14:33.221,8.0,-41.2,13.5,119.354,-16.8378,55.0611,-16.8327,55.0613,35.8658,35.8658,CLASS_add_scds.pro,2.1,330,1,"0,1,2,3,4,5,6,7,8,9,10,11,12,13,14,15,",-16.1319,54.5648,-17.5126,54.5317,-17.5321,55.5613,-16.1512,55.5875,1.722412109375,0.052017097135717,1.64794921875,1.8076171875,3527.5,106.53101493394844,8
ch2_cla_l1_20250801T201437221_20250801T201445221.fits,/home/saurabh/moon_project/data/CLASS/ch2_cla_l1_2025_08/cla/data/calibrated/2025/08/01/ch2_cla_l1_20250801T201437221_20250801T201445221.fits,2025-08-01T20:14:37.221,2025-08-01T20:14:45.221,2025-08-01T20:14:41.221,8.0,-41.2,13.5,119.338,-17.2365,55.0517,-17.2315,55.0519,36.0541,36.0541,CLASS_add_scds.pro,2.1,331,1,"0,1,2,3,4,5,6,7,8,9,10,11,12,13,14,15,",-16.5306,54.5545,-17.9113,54.521,-17.9308,55.5528,-16.55,55.5791,1.794189453125,0.0391956783859705,1.73486328125,1.86083984375,3674.5,80.2727493344677,8
ch2_cla_l1_20250801T201445221_20250801T201453221.fits,/home/saurabh/moon_project/data/CLASS/ch2_cla_l1_2025_08/cla/data/calibrated/2025/08/01/ch2_cla_l1_20250801T201445221_20250801T201453221.fits,2025-08-01T20:14:45.221,2025-08-01T20:14:53.221,2025-08-01T20:14:49.221,8.0,-41.1,13.5,119.322,-17.6353,55.0422,-17.6303,55.0423,36.2453,36.2453,CLASS_add_scds.pro,2.1,332,1,"0,1,2,3,4,5,6,7,8,9,10,11,12,13,14,15,",-16.9295,54.544,-18.31,54.5104,-18.3296,55.5444,-16.9488,55.5706,1.7239990234375,0.0608978645621444,1.64697265625,1.84130859375,3530.75,124.71882662327174,8
ch2_cla_l1_20250801T201453221_20250801T201501221.fits,/home/saurabh/moon_project/data/CLASS/ch2_cla_l1_2025_08/cla/data/calibrated/2025/08/01/ch2_cla_l1_20250801T201453221_20250801T201501221.fits,2025-08-01T20:14:53.221,2025-08-01T20:15:01.221,2025-08-01T20:14:57.221,8.0,-41.1,13.5,119.305,-18.0341,55.0326,-18.029,55.0328,36.4395,36.4395,CLASS_add_scds.pro,2.1,333,1,"0,1,2,3,4,5,6,7,8,9,10,11,12,13,14,15,",-17.3283,54.5335,-18.7087,54.4996,-18.7283,55.5359,-17.3477,55.5622,1.781005859375,0.0329446428371039,1.72998046875,1.826171875,3647.5,67.4706285303888,8
ch2_cla_l1_20250801T201501221_20250801T201509221.fits,/home/saurabh/moon_project/data/CLASS/ch2_cla_l1_2025_08/cla/data/calibrated/2025/08/01/ch2_cla_l1_20250801T201501221_20250801T201509221.fits,2025-08-01T20:15:01.221,2025-08-01T20:15:09.221,2025-08-01T20:15:05.221,8.0,-41.0,13.5,119.286,-18.4328,55.0231,-18.4279,55.0235,36.6365,36.6365,CLASS_add_scds.pro,2.1,334,1,"0,1,2,3,4,5,6,7,8,9,10,11,12,13,14,15,",-17.7271,54.5229,-19.1076,54.489,-19.1272,55.5276,-17.7466,55.5537,1.747314453125,0.0553498926996344,1.68408203125,1.85693359375,3578.5,113.3565802488514,8
ch2_cla_l1_20250801T201509221_20250801T201517221.fits,/home/saurabh/moon_project/data/CLASS/ch2_cla_l1_2025_08/cla/data/calibrated/2025/08/01/ch2_cla_l1_20250801T201509221_20250801T201517221.fits,2025-08-01T20:15:09.221,2025-08-01T20:15:17.221,2025-08-01T20:15:13.221,8.0,-41.0,13.5,119.267,-18.8316,55.0135,-18.8269,55.0137,36.8363,36.8363,CLASS_add_scds.pro,2.1,335,1,"0,1,2,3,4,5,6,7,8,9,10,11,12,13,14,15,",-18.1262,54.5125,-19.5061,54.478,-19.5258,55.5189,-18.1457,55.5454,1.78668212890625,0.0429405516208145,1.7099609375,1.8515625,3659.125,87.94224971942829,8
ch2_cla_l1_20250801T201517221_20250801T201525221.fits,/home/saurabh/moon_project/data/CLASS/ch2_cla_l1_2025_08/cla/data/calibrated/2025/08/01/ch2_cla_l1_20250801T201517221_20250801T201525221.fits,2025-08-01T20:15:17.221,2025-08-01T20:15:25.221,2025-08-01T20:15:21.221,8.0,-40.9,13.5,119.247,-19.2304,55.0038,-19.2255,55.0041,37.039,37.039,CLASS_add_scds.pro,2.1,336,1,"0,1,2,3,4,5,6,7,8,9,10,11,12,13,14,15,",-18.5249,54.5017,-19.9049,54.4671,-19.9245,55.5105,-18.5445,55.5368,1.749267578125,0.0486660255743253,1.67138671875,1.82470703125,3582.5,99.6680203762184,8
ch2_cla_l1_20250801T201525221_20250801T201533221.fits,/home/saurabh/moon_project/data/CLASS/ch2_cla_l1_2025_08/cla/data/calibrated/2025/08/01/ch2_cla_l1_20250801T201525221_20250801T201533221.fits,2025-08-01T20:15:25.221,2025-08-01T20:15:33.221,2025-08-01T20:15:29.221,8.0,-40.9,13.5,119.225,-19.6292,54.9941,-19.6243,54.9944,37.2443,37.2443,CLASS_add_scds.pro,2.1,337,1,"0,1,2,3,4,5,6,7,8,9,10,11,12,13,14,15,",-18.9238,54.4909,-20.3034,54.4562,-20.3232,55.502,-18.9434,55.5283,1.7935791015625,0.0527064335181092,1.71728515625,1.87890625,3673.25,107.94277584508774,8
ch2_cla_l1_20250801T201533221_20250801T201541221.fits,/home/saurabh/moon_project/data/CLASS/ch2_cla_l1_2025_08/cla/data/calibrated/2025/08/01/ch2_cla_l1_20250801T201533221_20250801T201541221.fits,2025-08-01T20:15:33.221,2025-08-01T20:15:41.221,2025-08-01T20:15:37.221,8.0,-40.8,13.5,119.203,-20.0281,54.9844,-20.0231,54.9846,37.4523,37.4523,CLASS_add_scds.pro,2.1,338,1,"0,1,2,3,4,5,6,7,8,9,10,11,12,13,14,15,",-19.3226,54.4801,-20.7021,54.445,-20.7219,55.4934,-19.3422,55.5199,1.78887939453125,0.0746105151207034,1.68310546875,1.91650390625,3663.625,152.80233496720058,8
ch2_cla_l1_20250801T201541221_20250801T201549221.fits,/home/saurabh/moon_project/data/CLASS/ch2_cla_l1_2025_08/cla/data/calibrated/2025/08/01/ch2_cla_l1_20250801T201541221_20250801T201549221.fits,2025-08-01T20:15:41.221,2025-08-01T20:15:49.221,2025-08-01T20:15:45.221,8.0,-40.7,13.5,119.18,-20.4269,54.9746,-20.422,54.9748,37.6629,37.6629,CLASS_add_scds.pro,2.1,339,1,"0,1,2,3,4,5,6,7,8,9,10,11,12,13,14,15,",-19.7214,54.4692,-21.1005,54.4339,-21.1204,55.4848,-19.7411,55.5113,1.78692626953125,0.0761919658840241,1.69384765625,1.904296875,3659.625,156.0411461304815,8
ch2_cla_l1_20250801T201549221_20250801T201557221.fits,/home/saurabh/moon_project/data/CLASS/ch2_cla_l1_2025_08/cla/data/calibrated/2025/08/01/ch2_cla_l1_20250801T201549221_20250801T201557221.fits,2025-08-01T20:15:49.221,2025-08-01T20:15:57.221,2025-08-01T20:15:53.221,8.0,-40.7,13.5,119.155,-20.8257,54.9648,-20.8203,54.965,37.8762,37.8762,CLASS_add_scds.pro,2.1,340,1,"0,1,2,3,4,5,6,7,8,9,10,11,12,13,14,15,",-20.12,54.4582,-21.4991,54.4226,-21.5191,55.4762,-20.1398,55.5028,1.7880859375,0.0871457460804547,1.65966796875,1.92626953125,3662.0,178.4744879727712,8
ch2_cla_l1_20250801T201557221_20250801T201605221.fits,/home/saurabh/moon_project/data/CLASS/ch2_cla_l1_2025_08/cla/data/calibrated/2025/08/01/ch2_cla_l1_20250801T201557221_20250801T201605221.fits,2025-08-01T20:15:57.221,2025-08-01T20:16:05.221,2025-08-01T20:16:01.221,8.0,-40.6,13.5,119.13,-21.2246,54.9549,-21.2195,54.9551,38.0919,38.0919,CLASS_add_scds.pro,2.1,341,1,"0,1,2,3,4,5,6,7,8,9,10,11,12,13,14,15,",-20.5189,54.4472,-21.8981,54.4114,-21.9181,55.4676,-20.5387,55.4942,1.8065185546875,0.0789933044120931,1.70166015625,1.9228515625,3699.75,161.77828743596675,8
ch2_cla_l1_20250801T201605221_20250801T201613221.fits,/home/saurabh/moon_project/data/CLASS/ch2_cla_l1_2025_08/cla/data/calibrated/2025/08/01/ch2_cla_l1_20250801T201605221_20250801T201613221.fits,2025-08-01T20:16:05.221,2025-08-01T20:16:13.221,2025-08-01T20:16:09.221,8.0,-40.6,13.5,119.103,-21.6234,54.945,-21.6183,54.9453,38.3102,38.3102,CLASS_add_scds.pro,2.1,342,1,"0,1,2,3,4,5,6,7,8,9,10,11,12,13,14,15,",-20.918,54.4361,-22.2969,54.4,-22.3169,55.459,-20.9379,55.4857,1.81390380859375,0.081017884715478,1.69189453125,1.94921875,3714.875,165.92462789729902,8
ch2_cla_l1_20250801T201613221_20250801T201621221.fits,/home/saurabh/moon_project/data/CLASS/ch2_cla_l1_2025_08/cla/data/calibrated/2025/08/01/ch2_cla_l1_20250801T201613221_20250801T201621221.fits,2025-08-01T20:16:13.221,2025-08-01T20:16:21.221,2025-08-01T20:16:17.221,8.0,-40.6,13.5,119.076,-22.0223,54.935,-22.0174,54.9352,38.5309,38.5309,CLASS_add_scds.pro,2.1,343,1,"0,1,2,3,4,5,6,7,8,9,10,11,12,13,14,15,",-21.3171,54.4249,-22.6956,54.3884,-22.7157,55.4502,-21.3369,55.4771,1.791748046875,0.0502112964840381,1.71875,1.8779296875,3669.5,102.8327351993101,8
ch2_cla_l1_20250801T201621221_20250801T201629221.fits,/home/saurabh/moon_project/data/CLASS/ch2_cla_l1_2025_08/cla/data/calibrated/2025/08/01/ch2_cla_l1_20250801T201621221_20250801T201629221.fits,2025-08-01T20:16:21.221,2025-08-01T20:16:29.221,2025-08-01T20:16:25.221,8.0,-40.5,13.5,119.047,-22.4212,54.925,-22.4162,54.9251,38.7541,38.7541,CLASS_add_scds.pro,2.1,344,1,"0,1,2,3,4,5,6,7,8,9,10,11,12,13,14,15,",-21.7161,54.4136,-23.0942,54.3769,-23.1144,55.4416,-21.736,55.4683,1.820556640625,0.0629425727876899,1.71240234375,1.912109375,3728.5,128.90638906918906,8
ch2_cla_l1_20250801T201629221_20250801T201637221.fits,/home/saurabh/moon_project/data/CLASS/ch2_cla_l1_2025_08/cla/data/calibrated/2025/08/01/ch2_cla_l1_20250801T201629221_20250801T201637221.fits,2025-08-01T20:16:29.221,2025-08-01T20:16:37.221,2025-08-01T20:16:33.221,8.0,-40.5,13.5,119.018,-22.8201,54.9149,-22.8147,54.9153,38.9796,38.9796,CLASS_add_scds.pro,2.1,345,1,"0,1,2,3,4,5,6,7,8,9,10,11,12,13,14,15,",-22.1149,54.4023,-23.4931,54.3654,-23.5133,55.4329,-22.1349,55.4597,1.81488037109375,0.0481017664240307,1.74267578125,1.88720703125,3716.875,98.5124176364149,8
ch2_cla_l1_20250801T201637221_20250801T201645221.fits,/home/saurabh/moon_project/data/CLASS/ch2_cla_l1_2025_08/cla/data/calibrated/2025/08/01/ch2_cla_l1_20250801T201637221_20250801T201645221.fits,2025-08-01T20:16:37.221,2025-08-01T20:16:45.221,2025-08-01T20:16:41.221,8.0,-40.5,13.5,118.987,-23.219,54.9048,-23.2142,54.9049,39.2074,39.2074,CLASS_add_scds.pro,2.1,346,1,"0,1,2,3,4,5,6,7,8,9,10,11,12,13,14,15,",-22.514,54.3909,-23.8918,54.3536,-23.9121,55.4242,-22.5341,55.4511,1.8414306640625,0.0639798844520153,1.72412109375,1.91943359375,3771.25,131.0308033577274,8
ch2_cla_l1_20250801T201645221_20250801T201653221.fits,/home/saurabh/moon_project/data/CLASS/ch2_cla_l1_2025_08/cla/data/calibrated/2025/08/01/ch2_cla_l1_20250801T201645221_20250801T201653221.fits,2025-08-01T20:16:45.221,2025-08-01T20:16:53.221,2025-08-01T20:16:49.221,8.0,-40.4,13.5,118.956,-23.6179,54.8946,-23.6129,54.8948,39.4376,39.4376,CLASS_add_scds.pro,2.1,347,1,"0,1,2,3,4,5,6,7,8,9,10,11,12,13,14,15,",-22.913,54.3794,-24.2906,54.3418,-24.3109,55.4154,-22.9331,55.4424,1.800537109375,0.0351349296711102,1.74072265625,1.85400390625,3687.5,71.95633596643374,8
ch2_cla_l1_20250801T201653221_20250801T201701221.fits,/home/saurabh/moon_project/data/CLASS/ch2_cla_l1_2025_08/cla/data/calibrated/2025/08/01/ch2_cla_l1_20250801T201653221_20250801T201701221.fits,2025-08-01T20:16:53.221,2025-08-01T20:17:01.221,2025-08-01T20:16:57.221,8.0,-40.3,13.5,118.923,-24.0168,54.8844,-24.0118,54.8846,39.67,39.67,CLASS_add_scds.pro,2.1,348,1,"0,1,2,3,4,5,6,7,8,9,10,11,12,13,14,15,",-23.312,54.3678,-24.6894,54.3299,-24.7097,55.4066,-23.3322,55.4337,1.8612060546875,0.057241029366157,1.7509765625,1.9267578125,3811.75,117.2296281418896,8
ch2_cla_l1_20250801T201701221_20250801T201709221.fits,/home/saurabh/moon_project/data/CLASS/ch2_cla_l1_2025_08/cla/data/calibrated/2025/08/01/ch2_cla_l1_20250801T201701221_20250801T201709221.fits,2025-08-01T20:17:01.221,2025-08-01T20:17:09.221,2025-08-01T20:17:05.221,8.0,-40.3,13.5,118.89,-24.4158,54.8741,-24.4109,54.8743,39.9046,39.9046,CLASS_add_scds.pro,2.1,349,1,"0,1,2,3,4,5,6,7,8,9,10,11,12,13,14,15,",-23.7111,54.3561,-25.0881,54.318,-25.1085,55.3979,-23.7313,55.4249,1.82269287109375,0.0333295067793326,1.775390625,1.8740234375,3732.875,68.2588298840733,8
ch2_cla_l1_20250801T201709221_20250801T201717221.fits,/home/saurabh/moon_project/data/CLASS/ch2_cla_l1_2025_08/cla/data/calibrated/2025/08/01/ch2_cla_l1_20250801T201709221_20250801T201717221.fits,2025-08-01T20:17:09.221,2025-08-01T20:17:17.221,2025-08-01T20:17:13.221,8.0,-40.2,13.5,118.855,-24.8147,54.8637,-24.8097,54.864,40.1414,40.1414,CLASS_add_scds.pro,2.1,350,1,"0,1,2,3,4,5,6,7,8,9,10,11,12,13,14,15,",-24.1101,54.3444,-25.4867,54.3059,-25.5073,55.389,-24.1304,55.4163,1.86175537109375,0.0577060485290484,1.7666015625,1.94189453125,3812.875,118.18198738749126,8
ch2_cla_l1_20250801T201717221_20250801T201725221.fits,/home/saurabh/moon_project/data/CLASS/ch2_cla_l1_2025_08/cla/data/calibrated/2025/08/01/ch2_cla_l1_20250801T201717221_20250801T201725221.fits,2025-08-01T20:17:17.221,2025-08-01T20:17:25.221,2025-08-01T20:17:21.221,8.0,-40.1,13.5,118.82,-25.2137,54.8533,-25.2088,54.8535,40.3803,40.3803,CLASS_add_scds.pro,2.1,351,1,"0,1,2,3,4,5,6,7,8,9,10,11,12,13,14,15,",-24.509,54.3326,-25.8856,54.2938,-25.9062,55.3802,-24.5294,55.4075,1.81158447265625,0.0568371824597287,1.7265625,1.90576171875,3710.125,116.40254967752456,8
ch2_cla_l1_20250801T201725221_20250801T201733221.fits,/home/saurabh/moon_project/data/CLASS/ch2_cla_l1_2025_08/cla/data/calibrated/2025/08/01/ch2_cla_l1_20250801T201725221_20250801T201733221.fits,2025-08-01T20:17:25.221,2025-08-01T20:17:33.221,2025-08-01T20:17:29.221,8.0,-40.1,13.5,118.783,-25.6127,54.8429,-25.6077,54.843,40.6213,40.6213,CLASS_add_scds.pro,2.1,352,1,"0,1,2,3,4,5,6,7,8,9,10,11,12,13,14,15,",-24.9082,54.3207,-26.2844,54.2815,-26.305,55.3713,-24.9286,55.3987,1.88421630859375,0.0570495202945721,1.78759765625,1.96484375,3858.875,116.83741756328382,8
ch2_cla_l1_20250801T201733221_20250801T201741221.fits,/home/saurabh/moon_project/data/CLASS/ch2_cla_l1_2025_08/cla/data/calibrated/2025/08/01/ch2_cla_l1_20250801T201733221_20250801T201741221.fits,2025-08-01T20:17:33.221,2025-08-01T20:17:41.221,2025-08-01T20:17:37.221,8.0,-40.1,13.5,118.746,-26.0117,54.8323,-26.0067,54.8326,40.8644,40.8644,CLASS_add_scds.pro,2.1,353,1,"0,1,2,3,4,5,6,7,8,9,10,11,12,13,14,15,",-25.3073,54.3086,-26.6832,54.2691,-26.7039,55.3624,-25.3278,55.3899,1.8043212890625,0.0711780138555134,1.7099609375,1.9208984375,3695.25,145.77257237609157,8
ch2_cla_l1_20250801T201741221_20250801T201749221.fits,/home/saurabh/moon_project/data/CLASS/ch2_cla_l1_2025_08/cla/data/calibrated/2025/08/01/ch2_cla_l1_20250801T201741221_20250801T201749221.fits,2025-08-01T20:17:41.221,2025-08-01T20:17:49.221,2025-08-01T20:17:45.221,8.0,-40.0,13.5,118.707,-26.4107,54.8217,-26.4057,54.822,41.1095,41.1095,CLASS_add_scds.pro,2.1,354,1,"0,1,2,3,4,5,6,7,8,9,10,11,12,13,14,15,",-25.7064,54.2965,-27.0819,54.2566,-27.1027,55.3533,-25.727,55.3809,1.87469482421875,0.0721741026818094,1.779296875,1.9833984375,3839.375,147.8125622923457,8
ch2_cla_l1_20250801T201749221_20250801T201757221.fits,/home/saurabh/moon_project/data/CLASS/ch2_cla_l1_2025_08/cla/data/calibrated/2025/08/01/ch2_cla_l1_20250801T201749221_20250801T201757221.fits,2025-08-01T20:17:49.221,2025-08-01T20:17:57.221,2025-08-01T20:17:53.221,8.0,-40.0,13.5,118.668,-26.8098,54.8111,-26.8048,54.8111,41.3565,41.3565,CLASS_add_scds.pro,2.1,355,1,"0,1,2,3,4,5,6,7,8,9,10,11,12,13,14,15,",-26.1055,54.2842,-27.4809,54.2442,-27.5016,55.3444,-26.1261,55.3719,1.8402099609375,0.0761194293108909,1.73046875,1.935546875,3768.75,155.89259122870465,8
ch2_cla_l1_20250801T201757221_20250801T201805221.fits,/home/saurabh/moon_project/data/CLASS/ch2_cla_l1_2025_08/cla/data/calibrated/2025/08/01/ch2_cla_l1_20250801T201757221_20250801T201805221.fits,2025-08-01T20:17:57.221,2025-08-01T20:18:05.221,2025-08-01T20:18:01.221,8.0,-39.9,13.5,118.627,-27.2088,54.8003,-27.2036,54.8004,41.6056,41.6056,CLASS_add_scds.pro,2.1,356,1,"0,1,2,3,4,5,6,7,8,9,10,11,12,13,14,15,",-26.5047,54.2719,-27.8794,54.2312,-27.9004,55.3351,-26.5254,55.3631,1.82855224609375,0.0907281739306424,1.7021484375,1.9775390625,3744.875,185.8113002099557,8
ch2_cla_l1_20250801T201805221_20250801T201813221.fits,/home/saurabh/moon_project/data/CLASS/ch2_cla_l1_2025_08/cla/data/calibrated/2025/08/01/ch2_cla_l1_20250801T201805221_20250801T201813221.fits,2025-08-01T20:18:05.221,2025-08-01T20:18:13.221,2025-08-01T20:18:09.221,8.0,-39.8,13.5,118.586,-27.6079,54.7895,-27.6027,54.7897,41.8565,41.8565,CLASS_add_scds.pro,2.1,357,1,"0,1,2,3,4,5,6,7,8,9,10,11,12,13,14,15,",-26.9037,54.2593,-28.2785,54.2186,-28.2995,55.3263,-26.9244,55.354,1.71368408203125,0.0741994445473728,1.61474609375,1.84423828125,3509.625,151.96046243301953,8
ch2_cla_l1_20250801T201813221_20250801T201821221.fits,/home/saurabh/moon_project/data/CLASS/ch2_cla_l1_2025_08/cla/data/calibrated/2025/08/01/ch2_cla_l1_20250801T201813221_20250801T201821221.fits,2025-08-01T20:18:13.221,2025-08-01T20:18:21.221,2025-08-01T20:18:17.221,8.0,-39.8,13.5,118.543,-28.007,54.7787,-28.002,54.7789,42.1093,42.1093,CLASS_add_scds.pro,2.1,358,1,"0,1,2,3,4,5,6,7,8,9,10,11,12,13,14,15,",-27.3031,54.247,-28.6774,54.2058,-28.6984,55.3172,-27.3239,55.3451,1.75787353515625,0.0443030435193845,1.68310546875,1.82470703125,3600.125,90.7326331276995,8
ch2_cla_l1_20250801T201821221_20250801T201829221.fits,/home/saurabh/moon_project/data/CLASS/ch2_cla_l1_2025_08/cla/data/calibrated/2025/08/01/ch2_cla_l1_20250801T201821221_20250801T201829221.fits,2025-08-01T20:18:21.221,2025-08-01T20:18:29.221,2025-08-01T20:18:25.221,8.0,-39.7,13.5,118.5,-28.4061,54.7677,-28.4012,54.7678,42.364,42.364,CLASS_add_scds.pro,2.1,359,1,"0,1,2,3,4,5,6,7,8,9,10,11,12,13,14,15,",-27.7023,54.2344,-29.0763,54.1928,-29.0974,55.3081,-27.7232,55.3361,1.75146484375,0.0798084356474631,1.6337890625,1.87109375,3587.0,163.44767620600442,8
ch2_cla_l1_20250801T201829221_20250801T201837221.fits,/home/saurabh/moon_project/data/CLASS/ch2_cla_l1_2025_08/cla/data/calibrated/2025/08/01/ch2_cla_l1_20250801T201829221_20250801T201837221.fits,2025-08-01T20:18:29.221,2025-08-01T20:18:37.221,2025-08-01T20:18:33.221,8.0,-39.7,13.5,118.455,-28.8052,54.7567,-28.8002,54.7569,42.6204,42.6204,CLASS_add_scds.pro,2.1,360,1,"0,1,2,3,4,5,6,7,8,9,10,11,12,13,14,15,",-28.1016,54.2216,-29.4751,54.1797,-29.4963,55.2989,-28.1225,55.327,1.76409912109375,0.0372983666074399,1.7099609375,1.82421875,3612.875,76.387054812037,8
ch2_cla_l1_20250801T201837221_20250801T201845221.fits,/home/saurabh/moon_project/data/CLASS/ch2_cla_l1_2025_08/cla/data/calibrated/2025/08/01/ch2_cla_l1_20250801T201837221_20250801T201845221.fits,2025-08-01T20:18:37.221,2025-08-01T20:18:45.221,2025-08-01T20:18:41.221,8.0,-39.7,13.5,118.41,-29.2043,54.7456,-29.1993,54.7458,42.8787,42.8787,CLASS_add_scds.pro,2.1,361,1,"0,1,2,3,4,5,6,7,8,9,10,11,12,13,14,15,",-28.5008,54.2088,-29.874,54.1665,-29.8953,55.2897,-28.5218,55.3179,1.7598876953125,0.0592318709899664,1.67724609375,1.84423828125,3604.25,121.30687178745129,8
ch2_cla_l1_20250801T201845221_20250801T201853221.fits,/home/saurabh/moon_project/data/CLASS/ch2_cla_l1_2025_08/cla/data/calibrated/2025/08/01/ch2_cla_l1_20250801T201845221_20250801T201853221.fits,2025-08-01T20:18:45.221,2025-08-01T20:18:53.221,2025-08-01T20:18:49.221,8.0,-39.6,13.5,118.363,-29.6035,54.7344,-29.5985,54.7346,43.1387,43.1387,CLASS_add_scds.pro,2.1,362,1,"0,1,2,3,4,5,6,7,8,9,10,11,12,13,14,15,",-28.9001,54.1959,-30.273,54.1531,-30.2943,55.2804,-28.9212,55.3088,1.7698974609375,0.040299158940942,1.7041015625,1.82568359375,3624.75,82.53267751104926,8
ch2_cla_l1_20250801T201853221_20250801T201901221.fits,/home/saurabh/moon_project/data/CLASS/ch2_cla_l1_2025_08/cla/data/calibrated/2025/08/01/ch2_cla_l1_20250801T201853221_20250801T201901221.fits,2025-08-01T20:18:53.221,2025-08-01T20:19:01.221,2025-08-01T20:18:57.221,8.0,-39.6,13.5,118.316,-30.0027,54.7232,-29.9976,54.7235,43.4004,43.4004,CLASS_add_scds.pro,2.1,363,1,"0,1,2,3,4,5,6,7,8,9,10,11,12,13,14,15,",-29.2994,54.1829,-30.672,54.1397,-30.6934,55.2712,-29.3206,55.2997,1.7784423828125,0.0562409832706088,1.70263671875,1.86328125,3642.25,115.18153373820698,8
ch2_cla_l1_20250801T201901221_20250801T201909221.fits,/home/saurabh/moon_project/data/CLASS/ch2_cla_l1_2025_08/cla/data/calibrated/2025/08/01/ch2_cla_l1_20250801T201901221_20250801T201909221.fits,2025-08-01T20:19:01.221,2025-08-01T20:19:09.221,2025-08-01T20:19:05.221,8.0,-39.6,13.5,118.267,-30.4019,54.7118,-30.3969,54.712,43.6638,43.6638,CLASS_add_scds.pro,2.1,364,1,"0,1,2,3,4,5,6,7,8,9,10,11,12,13,14,15,",-29.6988,54.1697,-31.0707,54.126,-31.0923,55.2617,-29.72,55.2905,1.7564697265625,0.0512437820650086,1.68505859375,1.83544921875,3597.25,104.9472656691377,8
ch2_cla_l1_20250801T201909221_20250801T201917221.fits,/home/saurabh/moon_project/data/CLASS/ch2_cla_l1_2025_08/cla/data/calibrated/2025/08/01/ch2_cla_l1_20250801T201909221_20250801T201917221.fits,2025-08-01T20:19:09.221,2025-08-01T20:19:17.221,2025-08-01T20:19:13.221,8.0,-39.5,13.5,118.218,-30.8011,54.7004,-30.7961,54.7006,43.9289,43.9289,CLASS_add_scds.pro,2.1,365,1,"0,1,2,3,4,5,6,7,8,9,10,11,12,13,14,15,",-30.098,54.1564,-31.4698,54.1123,-31.4914,55.2524,-30.1193,55.2812,1.7850341796875,0.0542125710004927,1.720703125,1.8828125,3655.75,111.02734540900916,8
ch2_cla_l1_20250801T201917221_20250801T201925221.fits,/home/saurabh/moon_project/data/CLASS/ch2_cla_l1_2025_08/cla/data/calibrated/2025/08/01/ch2_cla_l1_20250801T201917221_20250801T201925221.fits,2025-08-01T20:19:17.221,2025-08-01T20:19:25.221,2025-08-01T20:19:21.221,8.0,-39.4,13.5,118.168,-31.2003,54.6889,-31.1953,54.6892,44.1956,44.1956,CLASS_add_scds.pro,2.1,366,1,"0,1,2,3,4,5,6,7,8,9,10,11,12,13,14,15,",-30.4975,54.143,-31.8689,54.0986,-31.8905,55.2431,-30.5189,55.2719,1.77294921875,0.057192365452789,1.68115234375,1.85302734375,3631.0,117.129964447312,8
ch2_cla_l1_20250801T201925221_20250801T201933221.fits,/home/saurabh/moon_project/data/CLASS/ch2_cla_l1_2025_08/cla/data/calibrated/2025/08/01/ch2_cla_l1_20250801T201925221_20250801T201933221.fits,2025-08-01T20:19:25.221,2025-08-01T20:19:33.221,2025-08-01T20:19:29.221,8.0,-39.4,13.5,118.116,-31.5996,54.6773,-31.5947,54.6777,44.4638,44.4638,CLASS_add_scds.pro,2.1,367,1,"0,1,2,3,4,5,6,7,8,9,10,11,12,13,14,15,",-30.897,54.1295,-32.2677,54.0846,-32.2895,55.2336,-30.9184,55.2626,1.8006591796875,0.0809738622875961,1.6318359375,1.89697265625,3687.75,165.8344699649968,8
ch2_cla_l1_20250801T201933221_20250801T201941221.fits,/home/saurabh/moon_project/data/CLASS/ch2_cla_l1_2025_08/cla/data/calibrated/2025/08/01/ch2_cla_l1_20250801T201933221_20250801T201941221.fits,2025-08-01T20:19:33.221,2025-08-01T20:19:41.221,2025-08-01T20:19:37.221,8.0,-39.3,13.5,118.064,-31.9989,54.6656,-31.9939,54.6659,44.7337,44.7337,CLASS_add_scds.pro,2.1,368,1,"0,1,2,3,4,5,6,7,8,9,10,11,12,13,14,15,",-31.2962,54.116,-32.6669,54.0704,-32.6888,55.2239,-31.3178,55.2533,1.76068115234375,0.0725471286557391,1.66650390625,1.87109375,3605.875,148.57651948695374,8
ch2_cla_l1_20250801T201941221_20250801T201949221.fits,/home/saurabh/moon_project/data/CLASS/ch2_cla_l1_2025_08/cla/data/calibrated/2025/08/01/ch2_cla_l1_20250801T201941221_20250801T201949221.fits,2025-08-01T20:19:41.221,2025-08-01T20:19:49.221,2025-08-01T20:19:45.221,8.0,-39.3,13.5,118.01,-32.3982,54.6538,-32.3934,54.6541,45.005,45.005,CLASS_add_scds.pro,2.1,369,1,"0,1,2,3,4,5,6,7,8,9,10,11,12,13,14,15,",-31.6959,54.102,-33.0661,54.0561,-33.088,55.2143,-31.7175,55.2437,1.81927490234375,0.0948241100953268,1.6572265625,1.943359375,3725.875,194.1997774752293,8
ch2_cla_l1_20250801T201949221_20250801T201957221.fits,/home/saurabh/moon_project/data/CLASS/ch2_cla_l1_2025_08/cla/data/calibrated/2025/08/01/ch2_cla_l1_20250801T201949221_20250801T201957221.fits,2025-08-01T20:19:49.221,2025-08-01T20:19:57.221,2025-08-01T20:19:53.221,8.0,-39.3,13.5,117.956,-32.7975,54.642,-32.7927,54.6422,45.2779,45.2779,CLASS_add_scds.pro,2.1,370,1,"0,1,2,3,4,5,6,7,8,9,10,11,12,13,14,15,",-32.0956,54.088,-33.4649,54.0417,-33.4869,55.2047,-32.1172,55.2341,1.78778076171875,0.0758195771726154,1.677734375,1.896484375,3661.375,155.27849404951644,8
ch2_cla_l1_20250801T201957221_20250801T202005221.fits,/home/saurabh/moon_project/data/CLASS/ch2_cla_l1_2025_08/cla/data/calibrated/2025/08/01/ch2_cla_l1_20250801T201957221_20250801T202005221.fits,2025-08-01T20:19:57.221,2025-08-01T20:20:05.221,2025-08-01T20:20:01.221,8.0,-39.2,13.5,117.901,-33.1969,54.63,-33.1919,54.6302,45.5523,45.5523,CLASS_add_scds.pro,2.1,371,1,"0,1,2,3,4,5,6,7,8,9,10,11,12,13,14,15,",-32.4948,54.074,-33.8641,54.0271,-33.8862,55.1949,-32.5166,55.2246,1.8079833984375,0.0707046231635743,1.662109375,1.89013671875,3702.75,144.80306823900028,8
ch2_cla_l1_20250801T202005221_20250801T202013221.fits,/home/saurabh/moon_project/data/CLASS/ch2_cla_l1_2025_08/cla/data/calibrated/2025/08/01/ch2_cla_l1_20250801T202005221_20250801T202013221.fits,2025-08-01T20:20:05.221,2025-08-01T20:20:13.221,2025-08-01T20:20:09.221,8.0,-39.1,13.5,117.845,-33.5962,54.6179,-33.5914,54.618,45.8281,45.8281,CLASS_add_scds.pro,2.1,372,1,"0,1,2,3,4,5,6,7,8,9,10,11,12,13,14,15,",-32.8945,54.0596,-34.2632,54.0124,-34.2853,55.1851,-32.9163,55.2149,1.77496337890625,0.047290549524139,1.7041015625,1.85498046875,3635.125,96.85104542543668,8
ch2_cla_l1_20250801T202013221_20250801T202021221.fits,/home/saurabh/moon_project/data/CLASS/ch2_cla_l1_2025_08/cla/data/calibrated/2025/08/01/ch2_cla_l1_20250801T202013221_20250801T202021221.fits,2025-08-01T20:20:13.221,2025-08-01T20:20:21.221,2025-08-01T20:20:17.221,8.0,-39.1,13.5,117.787,-33.9956,54.6058,-33.9906,54.606,46.1053,46.1053,CLASS_add_scds.pro,2.1,373,1,"0,1,2,3,4,5,6,7,8,9,10,11,12,13,14,15,",-33.294,54.0453,-34.6621,53.9976,-34.6844,55.1754,-33.3159,55.2052,1.84710693359375,0.0458750099755287,1.7861328125,1.92724609375,3782.875,93.95202042988296,8
ch2_cla_l1_20250801T202021221_20250801T202029221.fits,/home/saurabh/moon_project/data/CLASS/ch2_cla_l1_2025_08/cla/data/calibrated/2025/08/01/ch2_cla_l1_20250801T202021221_20250801T202029221.fits,2025-08-01T20:20:21.221,2025-08-01T20:20:29.221,2025-08-01T20:20:25.221,8.0,-39.0,13.5,117.729,-34.3951,54.5935,-34.3901,54.5937,46.3839,46.3839,CLASS_add_scds.pro,2.1,374,1,"0,1,2,3,4,5,6,7,8,9,10,11,12,13,14,15,",-33.6935,54.0309,-35.0613,53.9825,-35.0837,55.1654,-33.7155,55.1957,1.7781982421875,0.0350774457030103,1.7275390625,1.82470703125,3641.75,71.83860879976528,8
ch2_cla_l1_20250801T202029221_20250801T202037221.fits,/home/saurabh/moon_project/data/CLASS/ch2_cla_l1_2025_08/cla/data/calibrated/2025/08/01/ch2_cla_l1_20250801T202029221_20250801T202037221.fits,2025-08-01T20:20:29.221,2025-08-01T20:20:37.221,2025-08-01T20:20:33.221,8.0,-39.0,13.5,117.67,-34.7945,54.5811,-34.7896,54.5814,46.6639,46.6639,CLASS_add_scds.pro,2.1,375,1,"0,1,2,3,4,5,6,7,8,9,10,11,12,13,14,15,",-34.0931,54.0162,-35.4604,53.9674,-35.483,55.1556,-34.1153,55.1859,1.830810546875,0.0404090928934266,1.7744140625,1.8896484375,3749.5,82.75782224573786,8
ch2_cla_l1_20250801T202037221_20250801T202045221.fits,/home/saurabh/moon_project/data/CLASS/ch2_cla_l1_2025_08/cla/data/calibrated/2025/08/01/ch2_cla_l1_20250801T202037221_20250801T202045221.fits,2025-08-01T20:20:37.221,2025-08-01T20:20:45.221,2025-08-01T20:20:41.221,8.0,-39.0,13.5,117.61,-35.194,54.5686,-35.1891,54.5688,46.9453,46.9453,CLASS_add_scds.pro,2.1,376,1,"0,1,2,3,4,5,6,7,8,9,10,11,12,13,14,15,",-34.4928,54.0015,-35.8596,53.952,-35.8822,55.1455,-34.515,55.1761,1.79827880859375,0.0511391155251086,1.73486328125,1.8955078125,3682.875,104.7329085954226,8
ch2_cla_l1_20250801T202045221_20250801T202053221.fits,/home/saurabh/moon_project/data/CLASS/ch2_cla_l1_2025_08/cla/data/calibrated/2025/08/01/ch2_cla_l1_20250801T202045221_20250801T202053221.fits,2025-08-01T20:20:45.221,2025-08-01T20:20:53.221,2025-08-01T20:20:49.221,8.0,-38.9,13.5,117.549,-35.5935,54.556,-35.5885,54.5563,47.228,47.228,CLASS_add_scds.pro,2.1,377,1,"0,1,2,3,4,5,6,7,8,9,10,11,12,13,14,15,",-34.8924,53.9865,-36.2588,53.9366,-36.2815,55.1355,-34.9147,55.1662,1.8519287109375,0.034291857952354,1.8056640625,1.900390625,3792.75,70.2297250864211,8
ch2_cla_l1_20250801T202053221_20250801T202101221.fits,/home/saurabh/moon_project/data/CLASS/ch2_cla_l1_2025_08/cla/data/calibrated/2025/08/01/ch2_cla_l1_20250801T202053221_20250801T202101221.fits,2025-08-01T20:20:53.221,2025-08-01T20:21:01.221,2025-08-01T20:20:57.221,8.0,-38.8,13.5,117.487,-35.993,54.5433,-35.9881,54.5436,47.512,47.512,CLASS_add_scds.pro,2.1,378,1,"0,1,2,3,4,5,6,7,8,9,10,11,12,13,14,15,",-35.2921,53.9715,-36.6579,53.921,-36.6807,55.1254,-35.3146,55.1563,1.81390380859375,0.064688611544266,1.705078125,1.91796875,3714.875,132.48227644265694,8
ch2_cla_l1_20250801T202101221_20250801T202109221.fits,/home/saurabh/moon_project/data/CLASS/ch2_cla_l1_2025_08/cla/data/calibrated/2025/08/01/ch2_cla_l1_20250801T202101221_20250801T202109221.fits,2025-08-01T20:21:01.221,2025-08-01T20:21:09.221,2025-08-01T20:21:05.221,8.0,-38.8,13.5,117.424,-36.3925,54.5304,-36.3877,54.5307,47.7972,47.7972,CLASS_add_scds.pro,2.1,379,1,"0,1,2,3,4,5,6,7,8,9,10,11,12,13,14,15,",-35.6918,53.9562,-37.0572,53.905,-37.0801,55.1152,-35.7143,55.1464,1.83685302734375,0.0567532251664734,1.736328125,1.9267578125,3761.875,116.23060514093768,8
ch2_cla_l1_20250801T202109221_20250801T202117221.fits,/home/saurabh/moon_project/data/CLASS/ch2_cla_l1_2025_08/cla/data/calibrated/2025/08/01/ch2_cla_l1_20250801T202109221_20250801T202117221.fits,2025-08-01T20:21:09.221,2025-08-01T20:21:17.221,2025-08-01T20:21:13.221,8.0,-38.8,13.5,117.36,-36.7921,54.5175,-36.7871,54.5178,48.0837,48.0837,CLASS_add_scds.pro,2.1,380,1,"0,1,2,3,4,5,6,7,8,9,10,11,12,13,14,15,",-36.0916,53.9407,-37.4565,53.8889,-37.4796,55.1048,-36.1142,55.1362,1.834228515625,0.0726674811008021,1.7294921875,1.96337890625,3756.5,148.82300129444278,8
ch2_cla_l1_20250801T202117221_20250801T202125221.fits,/home/saurabh/moon_project/data/CLASS/ch2_cla_l1_2025_08/cla/data/calibrated/2025/08/01/ch2_cla_l1_20250801T202117221_20250801T202125221.fits,2025-08-01T20:21:17.221,2025-08-01T20:21:25.221,2025-08-01T20:21:21.221,8.0,-38.7,13.5,117.295,-37.1917,54.5044,-37.1868,54.5045,48.3715,48.3715,CLASS_add_scds.pro,2.1,381,1,"0,1,2,3,4,5,6,7,8,9,10,11,12,13,14,15,",-36.4915,53.925,-37.8557,53.8726,-37.8788,55.0943,-36.5142,55.126,1.84405517578125,0.0606654188902633,1.765625,1.9375,3776.625,124.24277788725934,8
ch2_cla_l1_20250801T202125221_20250801T202133221.fits,/home/saurabh/moon_project/data/CLASS/ch2_cla_l1_2025_08/cla/data/calibrated/2025/08/01/ch2_cla_l1_20250801T202125221_20250801T202133221.fits,2025-08-01T20:21:25.221,2025-08-01T20:21:33.221,2025-08-01T20:21:29.221,8.0,-38.7,13.5,117.23,-37.5913,54.4912,-37.5864,54.4913,48.6604,48.6604,CLASS_add_scds.pro,2.1,382,1,"0,1,2,3,4,5,6,7,8,9,10,11,12,13,14,15,",-36.8912,53.9091,-38.2549,53.8562,-38.2782,55.084,-36.914,55.1157,1.817626953125,0.1056968201013683,1.67041015625,1.98291015625,3722.5,216.4670875676023,8
ch2_cla_l1_20250801T202133221_20250801T202141221.fits,/home/saurabh/moon_project/data/CLASS/ch2_cla_l1_2025_08/cla/data/calibrated/2025/08/01/ch2_cla_l1_20250801T202133221_20250801T202141221.fits,2025-08-01T20:21:33.221,2025-08-01T20:21:41.221,2025-08-01T20:21:37.221,8.0,-38.7,13.5,117.163,-37.991,54.4778,-37.986,54.4781,48.9506,48.9506,CLASS_add_scds.pro,2.1,383,1,"0,1,2,3,4,5,6,7,8,9,10,11,12,13,14,15,",-37.291,53.8932,-38.6543,53.8396,-38.6777,55.0735,-37.314,55.1055,1.8477783203125,0.0771443536653632,1.74462890625,1.9580078125,3784.25,157.99163630666385,8
ch2_cla_l1_20250801T202141221_20250801T202149221.fits,/home/saurabh/moon_project/data/CLASS/ch2_cla_l1_2025_08/cla/data/calibrated/2025/08/01/ch2_cla_l1_20250801T202141221_20250801T202149221.fits,2025-08-01T20:21:41.221,2025-08-01T20:21:49.221,2025-08-01T20:21:45.221,8.0,-38.6,13.5,117.095,-38.3907,54.4643,-38.3856,54.4646,49.2419,49.2419,CLASS_add_scds.pro,2.1,384,1,"0,1,2,3,4,5,6,7,8,9,10,11,12,13,14,15,",-37.6909,53.8771,-39.0535,53.8228,-39.0771,55.0629,-37.714,55.0952,1.857177734375,0.0848919568080858,1.73193359375,1.994140625,3803.5,173.85872754295983,8
ch2_cla_l1_20250801T202149221_20250801T202157221.fits,/home/saurabh/moon_project/data/CLASS/ch2_cla_l1_2025_08/cla/data/calibrated/2025/08/01/ch2_cla_l1_20250801T202149221_20250801T202157221.fits,2025-08-01T20:21:49.221,2025-08-01T20:21:57.221,2025-08-01T20:21:53.221,8.0,-38.6,13.5,117.027,-38.7904,54.4507,-38.7854,54.4509,49.5343,49.5343,CLASS_add_scds.pro,2.1,385,1,"0,1,2,3,4,5,6,7,8,9,10,11,12,13,14,15,",-38.0907,53.8607,-39.4529,53.8058,-39.4766,55.0522,-38.1139,55.0847,1.8514404296875,0.0604746867237144,1.76025390625,1.9423828125,3791.75,123.85215841016718,8
ch2_cla_l1_20250801T202157221_20250801T202205221.fits,/home/saurabh/moon_project/data/CLASS/ch2_cla_l1_2025_08/cla/data/calibrated/2025/08/01/ch2_cla_l1_20250801T202157221_20250801T202205221.fits,2025-08-01T20:21:57.221,2025-08-01T20:22:05.221,2025-08-01T20:22:01.221,8.0,-38.6,13.5,116.957,-39.1901,54.437,-39.1852,54.4373,49.8279,49.8279,CLASS_add_scds.pro,2.1,386,1,"0,1,2,3,4,5,6,7,8,9,10,11,12,13,14,15,",-38.4907,53.8442,-39.8522,53.7887,-39.876,55.0416,-38.514,55.0742,1.86029052734375,0.0599342325775558,1.75,1.94091796875,3809.875,122.7453083188344,8
ch2_cla_l1_20250801T202205221_20250801T202213221.fits,/home/saurabh/moon_project/data/CLASS/ch2_cla_l1_2025_08/cla/data/calibrated/2025/08/01/ch2_cla_l1_20250801T202205221_20250801T202213221.fits,2025-08-01T20:22:05.221,2025-08-01T20:22:13.221,2025-08-01T20:22:09.221,8.0,-38.5,13.5,116.887,-39.5899,54.4231,-39.5848,54.4234,50.1226,50.1226,CLASS_add_scds.pro,2.1,387,1,"0,1,2,3,4,5,6,7,8,9,10,11,12,13,14,15,",-38.8905,53.8276,-40.2518,53.7712,-40.2757,55.0307,-38.914,55.0638,1.854248046875,0.045567020372178,1.78076171875,1.93505859375,3797.5,93.32125772222074,8
ch2_cla_l1_20250801T202213221_20250801T202221221.fits,/home/saurabh/moon_project/data/CLASS/ch2_cla_l1_2025_08/cla/data/calibrated/2025/08/01/ch2_cla_l1_20250801T202213221_20250801T202221221.fits,2025-08-01T20:22:13.221,2025-08-01T20:22:21.221,2025-08-01T20:22:17.221,8.0,-38.5,13.5,116.815,-39.9897,54.409,-39.9847,54.4094,50.4184,50.4184,CLASS_add_scds.pro,2.1,388,1,"0,1,2,3,4,5,6,7,8,9,10,11,12,13,14,15,",-39.2908,53.8105,-40.6512,53.7536,-40.6752,55.0198,-39.3143,55.053,1.8311767578125,0.1087625444314842,1.640625,1.9609375,3750.25,222.74569099567975,8
ch2_cla_l1_20250801T202221221_20250801T202229221.fits,/home/saurabh/moon_project/data/CLASS/ch2_cla_l1_2025_08/cla/data/calibrated/2025/08/01/ch2_cla_l1_20250801T202221221_20250801T202229221.fits,2025-08-01T20:22:21.221,2025-08-01T20:22:29.221,2025-08-01T20:22:25.221,8.0,-38.5,13.5,116.743,-40.3895,54.3948,-40.3846,54.3951,50.7152,50.7152,CLASS_add_scds.pro,2.1,389,1,"0,1,2,3,4,5,6,7,8,9,10,11,12,13,14,15,",-39.6907,53.7934,-41.0504,53.7356,-41.0746,55.0087,-39.7144,55.0423,1.72198486328125,0.0330982636055131,1.671875,1.765625,3526.625,67.78524386409099,8
ch2_cla_l1_20250801T202229221_20250801T202237221.fits,/home/saurabh/moon_project/data/CLASS/ch2_cla_l1_2025_08/cla/data/calibrated/2025/08/01/ch2_cla_l1_20250801T202229221_20250801T202237221.fits,2025-08-01T20:22:29.221,2025-08-01T20:22:37.221,2025-08-01T20:22:33.221,8.0,-38.4,13.5,116.67,-40.7893,54.3805,-40.7843,54.3808,51.013,51.013,CLASS_add_scds.pro,2.1,390,1,"0,1,2,3,4,5,6,7,8,9,10,11,12,13,14,15,",-40.0906,53.7761,-41.45,53.7175,-41.4743,54.9976,-40.1144,55.0315,1.76007080078125,0.0523700948760042,1.66064453125,1.822265625,3604.625,107.25395430605676,8
ch2_cla_l1_20250801T202237221_20250801T202245221.fits,/home/saurabh/moon_project/data/CLASS/ch2_cla_l1_2025_08/cla/data/calibrated/2025/08/01/ch2_cla_l1_20250801T202237221_20250801T202245221.fits,2025-08-01T20:22:37.221,2025-08-01T20:22:45.221,2025-08-01T20:22:41.221,8.0,-38.4,13.5,116.596,-41.1892,54.3659,-41.1844,54.3661,51.3119,51.3119,CLASS_add_scds.pro,2.1,391,1,"0,1,2,3,4,5,6,7,8,9,10,11,12,13,14,15,",-40.4908,53.7585,-41.8495,53.6993,-41.874,54.9865,-40.5147,55.0205,1.740966796875,0.0364163734679459,1.6845703125,1.7998046875,3565.5,74.58073286235336,8
ch2_cla_l1_20250801T202245221_20250801T202253221.fits,/home/saurabh/moon_project/data/CLASS/ch2_cla_l1_2025_08/cla/data/calibrated/2025/08/01/ch2_cla_l1_20250801T202245221_20250801T202253221.fits,2025-08-01T20:22:45.221,2025-08-01T20:22:53.221,2025-08-01T20:22:49.221,8.0,-38.3,13.5,116.521,-41.5891,54.3512,-41.5841,54.3516,51.6118,51.6118,CLASS_add_scds.pro,2.1,392,1,"0,1,2,3,4,5,6,7,8,9,10,11,12,13,14,15,",-40.8909,53.7408,-42.2491,53.6806,-42.2737,54.9751,-40.915,55.0096,1.78009033203125,0.0576325181419334,1.68505859375,1.86669921875,3645.625,118.03139715467962,8
ch2_cla_l1_20250801T202253221_20250801T202301221.fits,/home/saurabh/moon_project/data/CLASS/ch2_cla_l1_2025_08/cla/data/calibrated/2025/08/01/ch2_cla_l1_20250801T202253221_20250801T202301221.fits,2025-08-01T20:22:53.221,2025-08-01T20:23:01.221,2025-08-01T20:22:57.221,8.0,-38.3,13.5,116.445,-41.9891,54.3364,-41.9841,54.3368,51.9127,51.9127,CLASS_add_scds.pro,2.1,393,1,"0,1,2,3,4,5,6,7,8,9,10,11,12,13,14,15,",-41.2911,53.7227,-42.6487,53.6617,-42.6734,54.9636,-41.3153,54.9984,1.7261962890625,0.0560407774144446,1.63818359375,1.81494140625,3535.25,114.77151214478268,8
ch2_cla_l1_20250801T202301221_20250801T202309221.fits,/home/saurabh/moon_project/data/CLASS/ch2_cla_l1_2025_08/cla/data/calibrated/2025/08/01/ch2_cla_l1_20250801T202301221_20250801T202309221.fits,2025-08-01T20:23:01.221,2025-08-01T20:23:09.221,2025-08-01T20:23:05.221,8.0,-38.2,13.5,116.368,-42.389,54.3214,-42.3842,54.3217,52.2146,52.2146,CLASS_add_scds.pro,2.1,394,1,"0,1,2,3,4,5,6,7,8,9,10,11,12,13,14,15,",-41.6913,53.7043,-43.0482,53.6426,-43.0731,54.9521,-41.7157,54.9871,1.8011474609375,0.0579318490014184,1.712890625,1.875,3688.75,118.64442675490491,8
ch2_cla_l1_20250801T202309221_20250801T202317221.fits,/home/saurabh/moon_project/data/CLASS/ch2_cla_l1_2025_08/cla/data/calibrated/2025/08/01/ch2_cla_l1_20250801T202309221_20250801T202317221.fits,2025-08-01T20:23:09.221,2025-08-01T20:23:17.221,2025-08-01T20:23:13.221,8.0,-38.2,13.5,116.291,-42.789,54.3062,-42.7842,54.3064,52.5174,52.5174,CLASS_add_scds.pro,2.1,395,1,"0,1,2,3,4,5,6,7,8,9,10,11,12,13,14,15,",-42.0915,53.6858,-43.4478,53.6233,-43.4728,54.9405,-42.116,54.9758,1.74224853515625,0.0543397630165813,1.6611328125,1.8232421875,3568.125,111.28783465795864,8
ch2_cla_l1_20250801T202317221_20250801T202325221.fits,/home/saurabh/moon_project/data/CLASS/ch2_cla_l1_2025_08/cla/data/calibrated/2025/08/01/ch2_cla_l1_20250801T202317221_20250801T202325221.fits,2025-08-01T20:23:17.221,2025-08-01T20:23:25.221,2025-08-01T20:23:21.221,8.0,-38.2,13.5,116.212,-43.1891,54.2908,-43.1841,54.291,52.8212,52.8212,CLASS_add_scds.pro,2.1,396,1,"0,1,2,3,4,5,6,7,8,9,10,11,12,13,14,15,",-42.4917,53.6671,-43.8473,53.6036,-43.8725,54.9287,-42.5164,54.9644,1.7886962890625,0.072099885916955,1.6982421875,1.90869140625,3663.25,147.66056635792393,8
ch2_cla_l1_20250801T202325221_20250801T202333221.fits,/home/saurabh/moon_project/data/CLASS/ch2_cla_l1_2025_08/cla/data/calibrated/2025/08/01/ch2_cla_l1_20250801T202325221_20250801T202333221.fits,2025-08-01T20:23:25.221,2025-08-01T20:23:33.221,2025-08-01T20:23:29.221,8.0,-38.2,13.5,116.133,-43.5891,54.2752,-43.5843,54.2754,53.1258,53.1258,CLASS_add_scds.pro,2.1,397,1,"0,1,2,3,4,5,6,7,8,9,10,11,12,13,14,15,",-42.892,53.648,-44.2472,53.5836,-44.2724,54.9167,-42.9167,54.9529,1.748779296875,0.0770742325092798,1.62890625,1.8564453125,3581.5,157.84802817900513,8
ch2_cla_l1_20250801T202333221_20250801T202341221.fits,/home/saurabh/moon_project/data/CLASS/ch2_cla_l1_2025_08/cla/data/calibrated/2025/08/01/ch2_cla_l1_20250801T202333221_20250801T202341221.fits,2025-08-01T20:23:33.221,2025-08-01T20:23:41.221,2025-08-01T20:23:37.221,8.0,-38.1,13.5,116.052,-43.9892,54.2594,-43.9843,54.2597,53.4314,53.4314,CLASS_add_scds.pro,2.1,398,1,"0,1,2,3,4,5,6,7,8,9,10,11,12,13,14,15,",-43.2924,53.6287,-44.6468,53.5635,-44.6722,54.9049,-43.3173,54.9412,1.807373046875,0.080063662402607,1.7138671875,1.9267578125,3701.5,163.9703806005393,8
ch2_cla_l1_20250801T202341221_20250801T202349221.fits,/home/saurabh/moon_project/data/CLASS/ch2_cla_l1_2025_08/cla/data/calibrated/2025/08/01/ch2_cla_l1_20250801T202341221_20250801T202349221.fits,2025-08-01T20:23:41.221,2025-08-01T20:23:49.221,2025-08-01T20:23:45.221,8.0,-38.0,13.5,115.971,-44.3894,54.2434,-44.3846,54.2438,53.7379,53.7379,CLASS_add_scds.pro,2.1,399,1,"0,1,2,3,4,5,6,7,8,9,10,11,12,13,14,15,",-43.6927,53.6093,-45.0465,53.5431,-45.0721,54.8928,-43.7178,54.9296,1.76776123046875,0.0818445845573721,1.6474609375,1.88427734375,3620.375,167.6177091734982,8
ch2_cla_l1_20250801T202349221_20250801T202357221.fits,/home/saurabh/moon_project/data/CLASS/ch2_cla_l1_2025_08/cla/data/calibrated/2025/08/01/ch2_cla_l1_20250801T202349221_20250801T202357221.fits,2025-08-01T20:23:49.221,2025-08-01T20:23:57.221,2025-08-01T20:23:53.221,8.0,-38.0,13.5,115.889,-44.7895,54.2273,-44.7847,54.2276,54.0452,54.0452,CLASS_add_scds.pro,2.1,400,1,"0,1,2,3,4,5,6,7,8,9,10,11,12,13,14,15,",-44.0932,53.5894,-45.4463,53.5222,-45.472,54.8805,-44.1184,54.9177,1.796142578125,0.0491285401333701,1.72412109375,1.8798828125,3678.5,100.61525019314205,8
ch2_cla_l1_20250801T202357221_20250801T202405221.fits,/home/saurabh/moon_project/data/CLASS/ch2_cla_l1_2025_08/cla/data/calibrated/2025/08/01/ch2_cla_l1_20250801T202357221_20250801T202405221.fits,2025-08-01T20:23:57.221,2025-08-01T20:24:05.221,2025-08-01T20:24:01.221,8.0,-38.0,13.5,115.806,-45.1897,54.2109,-45.185,54.2111,54.3534,54.3534,CLASS_add_scds.pro,2.1,401,1,"0,1,2,3,4,5,6,7,8,9,10,11,12,13,14,15,",-44.4936,53.5693,-45.8461,53.5011,-45.872,54.8681,-44.5189,54.9057,1.7779541015625,0.0777788395171238,1.677734375,1.9140625,3641.25,159.2910633310697,8
ch2_cla_l1_20250801T202405221_20250801T202413221.fits,/home/saurabh/moon_project/data/CLASS/ch2_cla_l1_2025_08/cla/data/calibrated/2025/08/01/ch2_cla_l1_20250801T202405221_20250801T202413221.fits,2025-08-01T20:24:05.221,2025-08-01T20:24:13.221,2025-08-01T20:24:09.221,8.0,-37.9,13.5,115.722,-45.59,54.1943,-45.5852,54.1945,54.6624,54.6624,CLASS_add_scds.pro,2.1,402,1,"0,1,2,3,4,5,6,7,8,9,10,11,12,13,14,15,",-44.8941,53.5488,-46.2458,53.4797,-46.2719,54.8556,-44.9196,54.8935,1.8199462890625,0.0450571995462247,1.75830078125,1.89599609375,3727.25,92.2771446706682,8
ch2_cla_l1_20250801T202413221_20250801T202421221.fits,/home/saurabh/moon_project/data/CLASS/ch2_cla_l1_2025_08/cla/data/calibrated/2025/08/01/ch2_cla_l1_20250801T202413221_20250801T202421221.fits,2025-08-01T20:24:13.221,2025-08-01T20:24:21.221,2025-08-01T20:24:17.221,8.0,-37.9,13.5,115.637,-45.9902,54.1774,-45.9854,54.1778,54.9723,54.9723,CLASS_add_scds.pro,2.1,403,1,"0,1,2,3,4,5,6,7,8,9,10,11,12,13,14,15,",-45.2945,53.5282,-46.6457,53.458,-46.6719,54.8431,-45.3202,54.8814,1.77716064453125,0.0667209062582015,1.68701171875,1.87744140625,3639.625,136.64441601679678,8
ch2_cla_l1_20250801T202421221_20250801T202429221.fits,/home/saurabh/moon_project/data/CLASS/ch2_cla_l1_2025_08/cla/data/calibrated/2025/08/01/ch2_cla_l1_20250801T202421221_20250801T202429221.fits,2025-08-01T20:24:21.221,2025-08-01T20:24:29.221,2025-08-01T20:24:25.221,8.0,-37.9,13.5,115.552,-46.3905,54.1604,-46.3858,54.1607,55.2829,55.2829,CLASS_add_scds.pro,2.1,404,1,"0,1,2,3,4,5,6,7,8,9,10,11,12,13,14,15,",-45.6951,53.5073,-47.0455,53.4358,-47.072,54.8302,-45.721,54.8691,1.804443359375,0.0375845183736567,1.75634765625,1.86279296875,3695.5,76.97309362924906,8
ch2_cla_l1_20250801T202429221_20250801T202437221.fits,/home/saurabh/moon_project/data/CLASS/ch2_cla_l1_2025_08/cla/data/calibrated/2025/08/01/ch2_cla_l1_20250801T202429221_20250801T202437221.fits,2025-08-01T20:24:29.221,2025-08-01T20:24:37.221,2025-08-01T20:24:33.221,8.0,-37.9,13.5,115.466,-46.7908,54.1431,-46.7859,54.1433,55.5944,55.5944,CLASS_add_scds.pro,2.1,405,1,"0,1,2,3,4,5,6,7,8,9,10,11,12,13,14,15,",-46.0957,53.4858,-47.4453,53.4133,-47.4719,54.8172,-46.1217,54.8565,1.8121337890625,0.0534749979695711,1.73388671875,1.89111328125,3711.25,109.5167958416816,8
ch2_cla_l1_20250801T202437221_20250801T202445221.fits,/home/saurabh/moon_project/data/CLASS/ch2_cla_l1_2025_08/cla/data/calibrated/2025/08/01/ch2_cla_l1_20250801T202437221_20250801T202445221.fits,2025-08-01T20:24:37.221,2025-08-01T20:24:45.221,2025-08-01T20:24:41.221,8.0,-37.8,13.5,115.379,-47.1912,54.1255,-47.1864,54.1258,55.9067,55.9067,CLASS_add_scds.pro,2.1,406,1,"0,1,2,3,4,5,6,7,8,9,10,11,12,13,14,15,",-46.4962,53.4641,-47.8453,53.3905,-47.8721,54.8041,-46.5224,54.8438,1.82421875,0.0321652047111894,1.787109375,1.88134765625,3736.0,65.87433924851597,8
ch2_cla_l1_20250801T202445221_20250801T202453221.fits,/home/saurabh/moon_project/data/CLASS/ch2_cla_l1_2025_08/cla/data/calibrated/2025/08/01/ch2_cla_l1_20250801T202445221_20250801T202453221.fits,2025-08-01T20:24:45.221,2025-08-01T20:24:53.221,2025-08-01T20:24:49.221,8.0,-37.8,13.5,115.29,-47.5916,54.1077,-47.5868,54.108,56.2197,56.2197,CLASS_add_scds.pro,2.1,407,1,"0,1,2,3,4,5,6,7,8,9,10,11,12,13,14,15,",-46.897,53.4421,-48.2452,53.3674,-48.2722,54.7909,-46.9233,54.8309,1.81719970703125,0.0509753447889888,1.759765625,1.9111328125,3721.625,104.39750612784908,8
ch2_cla_l1_20250801T202453221_20250801T202501221.fits,/home/saurabh/moon_project/data/CLASS/ch2_cla_l1_2025_08/cla/data/calibrated/2025/08/01/ch2_cla_l1_20250801T202453221_20250801T202501221.fits,2025-08-01T20:24:53.221,2025-08-01T20:25:01.221,2025-08-01T20:24:57.221,8.0,-37.7,13.5,115.202,-47.992,54.0897,-47.9872,54.09,56.5335,56.5335,CLASS_add_scds.pro,2.1,408,1,"0,1,2,3,4,5,6,7,8,9,10,11,12,13,14,15,",-47.2976,53.4198,-48.645,53.3439,-48.6722,54.7775,-47.3241,54.8181,1.8094482421875,0.0614551675764726,1.7138671875,1.900390625,3705.75,125.86018319661588,8
ch2_cla_l1_20250801T202501221_20250801T202509221.fits,/home/saurabh/moon_project/data/CLASS/ch2_cla_l1_2025_08/cla/data/calibrated/2025/08/01/ch2_cla_l1_20250801T202501221_20250801T202509221.fits,2025-08-01T20:25:01.221,2025-08-01T20:25:09.221,2025-08-01T20:25:05.221,8.0,-37.7,13.5,115.112,-48.3925,54.0714,-48.3877,54.0717,56.848,56.848,CLASS_add_scds.pro,2.1,409,1,"0,1,2,3,4,5,6,7,8,9,10,11,12,13,14,15,",-47.6981,53.3972,-49.0451,53.32,-49.0725,54.764,-47.7249,54.8051,1.8372802734375,0.052821979719905,1.78076171875,1.935546875,3762.75,108.1794144663656,8
ch2_cla_l1_20250801T202509221_20250801T202517221.fits,/home/saurabh/moon_project/data/CLASS/ch2_cla_l1_2025_08/cla/data/calibrated/2025/08/01/ch2_cla_l1_20250801T202509221_20250801T202517221.fits,2025-08-01T20:25:09.221,2025-08-01T20:25:17.221,2025-08-01T20:25:13.221,8.0,-37.6,13.5,115.021,-48.793,54.0528,-48.7882,54.0531,57.1632,57.1632,CLASS_add_scds.pro,2.1,410,1,"0,1,2,3,4,5,6,7,8,9,10,11,12,13,14,15,",-48.099,53.3742,-49.4451,53.2957,-49.4727,54.7502,-48.1259,54.7919,1.79766845703125,0.075877504639148,1.69873046875,1.908203125,3681.625,155.3971295009752,8
ch2_cla_l1_20250801T202517221_20250801T202525221.fits,/home/saurabh/moon_project/data/CLASS/ch2_cla_l1_2025_08/cla/data/calibrated/2025/08/01/ch2_cla_l1_20250801T202517221_20250801T202525221.fits,2025-08-01T20:25:17.221,2025-08-01T20:25:25.221,2025-08-01T20:25:21.221,8.0,-37.6,13.5,114.93,-49.1936,54.0339,-49.1887,54.0343,57.4792,57.4792,CLASS_add_scds.pro,2.1,411,1,"0,1,2,3,4,5,6,7,8,9,10,11,12,13,14,15,",-48.4998,53.3507,-49.8451,53.2709,-49.8729,54.7363,-48.5269,54.7785,1.839599609375,0.0848201091921881,1.67626953125,1.94921875,3767.5,173.71158362560135,8
ch2_cla_l1_20250801T202525221_20250801T202533221.fits,/home/saurabh/moon_project/data/CLASS/ch2_cla_l1_2025_08/cla/data/calibrated/2025/08/01/ch2_cla_l1_20250801T202525221_20250801T202533221.fits,2025-08-01T20:25:25.221,2025-08-01T20:25:33.221,2025-08-01T20:25:29.221,8.0,-37.6,13.5,114.838,-49.5941,54.0148,-49.5893,54.0151,57.7959,57.7959,CLASS_add_scds.pro,2.1,412,1,"0,1,2,3,4,5,6,7,8,9,10,11,12,13,14,15,",-48.9005,53.3269,-50.2452,53.2457,-50.2733,54.7222,-48.9278,54.765,1.81982421875,0.077952603454654,1.71240234375,1.939453125,3727.0,159.64693187513143,8
ch2_cla_l1_20250801T202533221_20250801T202541221.fits,/home/saurabh/moon_project/data/CLASS/ch2_cla_l1_2025_08/cla/data/calibrated/2025/08/01/ch2_cla_l1_20250801T202533221_20250801T202541221.fits,2025-08-01T20:25:33.221,2025-08-01T20:25:41.221,2025-08-01T20:25:37.221,8.0,-37.6,13.5,114.745,-49.9948,53.9953,-49.9898,53.9956,58.1132,58.1132,CLASS_add_scds.pro,2.1,413,1,"0,1,2,3,4,5,6,7,8,9,10,11,12,13,14,15,",-49.3015,53.3027,-50.6452,53.2201,-50.6735,54.7078,-49.3289,54.7512,1.85687255859375,0.0904488180488023,1.6953125,1.97802734375,3802.875,185.23917936394716,8
ch2_cla_l1_20250801T202541221_20250801T202549221.fits,/home/saurabh/moon_project/data/CLASS/ch2_cla_l1_2025_08/cla/data/calibrated/2025/08/01/ch2_cla_l1_20250801T202541221_20250801T202549221.fits,2025-08-01T20:25:41.221,2025-08-01T20:25:49.221,2025-08-01T20:25:45.221,8.0,-37.5,13.5,114.651,-50.3954,53.9756,-50.3906,53.9758,58.4313,58.4313,CLASS_add_scds.pro,2.1,414,1,"0,1,2,3,4,5,6,7,8,9,10,11,12,13,14,15,",-49.7022,53.2781,-51.0455,53.1941,-51.0739,54.6934,-49.7299,54.7373,1.80487060546875,0.049251054468962,1.73779296875,1.8857421875,3696.375,100.86615955243435,8
ch2_cla_l1_20250801T202549221_20250801T202557221.fits,/home/saurabh/moon_project/data/CLASS/ch2_cla_l1_2025_08/cla/data/calibrated/2025/08/01/ch2_cla_l1_20250801T202549221_20250801T202557221.fits,2025-08-01T20:25:49.221,2025-08-01T20:25:57.221,2025-08-01T20:25:53.221,8.0,-37.6,13.5,114.557,-50.7961,53.9555,-50.7914,53.9559,58.75,58.75,CLASS_add_scds.pro,2.1,415,1,"0,1,2,3,4,5,6,7,8,9,10,11,12,13,14,15,",-50.1033,53.253,-51.4457,53.1676,-51.4744,54.6788,-50.1312,54.7232,1.88079833984375,0.0530649551088088,1.8037109375,1.97265625,3851.875,108.67702806284052,8
ch2_cla_l1_20250801T202557221_20250801T202605221.fits,/home/saurabh/moon_project/data/CLASS/ch2_cla_l1_2025_08/cla/data/calibrated/2025/08/01/ch2_cla_l1_20250801T202557221_20250801T202605221.fits,2025-08-01T20:25:57.221,2025-08-01T20:26:05.221,2025-08-01T20:26:01.221,8.0,-37.5,13.5,114.462,-51.1968,53.9351,-51.1921,53.9354,59.0693,59.0693,CLASS_add_scds.pro,2.1,416,1,"0,1,2,3,4,5,6,7,8,9,10,11,12,13,14,15,",-50.5043,53.2276,-51.8457,53.1406,-51.8746,54.6639,-50.5324,54.709,1.828125,0.0482174423233997,1.7646484375,1.91162109375,3744.0,98.74932187832265,8
ch2_cla_l1_20250801T202605221_20250801T202613221.fits,/home/saurabh/moon_project/data/CLASS/ch2_cla_l1_2025_08/cla/data/calibrated/2025/08/01/ch2_cla_l1_20250801T202605221_20250801T202613221.fits,2025-08-01T20:26:05.221,2025-08-01T20:26:13.221,2025-08-01T20:26:09.221,8.0,-37.5,13.5,114.365,-51.5976,53.9143,-51.5926,53.9147,59.3893,59.3893,CLASS_add_scds.pro,2.1,417,1,"0,1,2,3,4,5,6,7,8,9,10,11,12,13,14,15,",-50.9051,53.2017,-52.246,53.113,-52.2752,54.6487,-50.9334,54.6946,1.88397216796875,0.0327662732701893,1.83154296875,1.92724609375,3858.375,67.10532765734774,8
ch2_cla_l1_20250801T202613221_20250801T202621221.fits,/home/saurabh/moon_project/data/CLASS/ch2_cla_l1_2025_08/cla/data/calibrated/2025/08/01/ch2_cla_l1_20250801T202613221_20250801T202621221.fits,2025-08-01T20:26:13.221,2025-08-01T20:26:21.221,2025-08-01T20:26:17.221,8.0,-37.4,13.5,114.269,-51.9984,53.8932,-51.9935,53.8935,59.71,59.71,CLASS_add_scds.pro,2.1,418,1,"0,1,2,3,4,5,6,7,8,9,10,11,12,13,14,15,",-51.3062,53.1752,-52.6464,53.085,-52.6758,54.6334,-51.3348,54.6798,1.82940673828125,0.0562828679409355,1.765625,1.93359375,3746.625,115.267313543036,8
ch2_cla_l1_20250801T202621221_20250801T202629221.fits,/home/saurabh/moon_project/data/CLASS/ch2_cla_l1_2025_08/cla/data/calibrated/2025/08/01/ch2_cla_l1_20250801T202621221_20250801T202629221.fits,2025-08-01T20:26:21.221,2025-08-01T20:26:29.221,2025-08-01T20:26:25.221,8.0,-37.3,13.5,114.171,-52.3992,53.8717,-52.3944,53.8722,60.0312,60.0312,CLASS_add_scds.pro,2.1,419,1,"0,1,2,3,4,5,6,7,8,9,10,11,12,13,14,15,",-51.7074,53.1483,-53.0466,53.0564,-53.0763,54.6178,-51.7362,54.6649,1.88714599609375,0.0370381180256063,1.830078125,1.943359375,3864.875,75.8540657164419,8
ch2_cla_l1_20250801T202629221_20250801T202637221.fits,/home/saurabh/moon_project/data/CLASS/ch2_cla_l1_2025_08/cla/data/calibrated/2025/08/01/ch2_cla_l1_20250801T202629221_20250801T202637221.fits,2025-08-01T20:26:29.221,2025-08-01T20:26:37.221,2025-08-01T20:26:33.221,8.0,-37.3,13.5,114.073,-52.8001,53.8499,-52.7955,53.8502,60.3531,60.3531,CLASS_add_scds.pro,2.1,420,1,"0,1,2,3,4,5,6,7,8,9,10,11,12,13,14,15,",-52.1085,53.121,-53.4471,53.0273,-53.477,54.602,-52.1375,54.6499,1.78411865234375,0.0846820381506676,1.6845703125,1.94921875,3653.875,173.42881413256728,8
ch2_cla_l1_20250801T202637221_20250801T202645221.fits,/home/saurabh/moon_project/data/CLASS/ch2_cla_l1_2025_08/cla/data/calibrated/2025/08/01/ch2_cla_l1_20250801T202637221_20250801T202645221.fits,2025-08-01T20:26:37.221,2025-08-01T20:26:45.221,2025-08-01T20:26:41.221,8.0,-37.3,13.5,113.973,-53.201,53.8277,-53.1963,53.8281,60.6756,60.6756,CLASS_add_scds.pro,2.1,421,1,"0,1,2,3,4,5,6,7,8,9,10,11,12,13,14,15,",-52.5098,53.0929,-53.8475,52.9977,-53.8776,54.5861,-52.539,54.6344,1.75201416015625,0.0555810524507979,1.66064453125,1.82763671875,3588.125,113.82999541923412,8
ch2_cla_l1_20250801T202645221_20250801T202653221.fits,/home/saurabh/moon_project/data/CLASS/ch2_cla_l1_2025_08/cla/data/calibrated/2025/08/01/ch2_cla_l1_20250801T202645221_20250801T202653221.fits,2025-08-01T20:26:45.221,2025-08-01T20:26:53.221,2025-08-01T20:26:49.221,8.0,-37.3,13.5,113.873,-53.602,53.805,-53.5973,53.8054,60.9987,60.9987,CLASS_add_scds.pro,2.1,422,1,"0,1,2,3,4,5,6,7,8,9,10,11,12,13,14,15,",-52.911,53.0646,-54.2478,52.9675,-54.2782,54.5697,-52.9404,54.619,1.72808837890625,0.0536179170532484,1.62841796875,1.8037109375,3539.125,109.80949412505278,8
ch2_cla_l1_20250801T202653221_20250801T202701221.fits,/home/saurabh/moon_project/data/CLASS/ch2_cla_l1_2025_08/cla/data/calibrated/2025/08/01/ch2_cla_l1_20250801T202653221_20250801T202701221.fits,2025-08-01T20:26:53.221,2025-08-01T20:27:01.221,2025-08-01T20:26:57.221,8.0,-37.3,13.5,113.773,-54.003,53.782,-53.9982,53.7824,61.3223,61.3223,CLASS_add_scds.pro,2.1,423,1,"0,1,2,3,4,5,6,7,8,9,10,11,12,13,14,15,",-53.3122,53.0357,-54.6483,52.9366,-54.679,54.5532,-53.3419,54.6033,1.76788330078125,0.0590874715594991,1.6689453125,1.8583984375,3620.625,121.01114175385436,8
ch2_cla_l1_20250801T202701221_20250801T202709221.fits,/home/saurabh/moon_project/data/CLASS/ch2_cla_l1_2025_08/cla/data/calibrated/2025/08/01/ch2_cla_l1_20250801T202701221_20250801T202709221.fits,2025-08-01T20:27:01.221,2025-08-01T20:27:09.221,2025-08-01T20:27:05.221,8.0,-37.3,13.5,113.671,-54.404,53.7585,-54.3995,53.7589,61.6465,61.6465,CLASS_add_scds.pro,2.1,424,1,"0,1,2,3,4,5,6,7,8,9,10,11,12,13,14,15,",-53.7136,53.0062,-55.0487,52.905,-55.0797,54.5363,-53.7436,54.5872,1.72979736328125,0.102292278995703,1.57958984375,1.88037109375,3542.625,209.4945873831998,8
ch2_cla_l1_20250801T202709221_20250801T202717221.fits,/home/saurabh/moon_project/data/CLASS/ch2_cla_l1_2025_08/cla/data/calibrated/2025/08/01/ch2_cla_l1_20250801T202709221_20250801T202717221.fits,2025-08-01T20:27:09.221,2025-08-01T20:27:17.221,2025-08-01T20:27:13.221,8.0,-37.3,13.5,113.569,-54.8051,53.7346,-54.8003,53.7351,61.9713,61.9713,CLASS_add_scds.pro,2.1,425,1,"0,1,2,3,4,5,6,7,8,9,10,11,12,13,14,15,",-54.1148,52.976,-55.4491,52.8729,-55.4804,54.5192,-54.1451,54.5709,1.756591796875,0.073935059762244,1.65869140625,1.8662109375,3597.5,151.41900239307577,8
ch2_cla_l1_20250801T202717221_20250801T202725221.fits,/home/saurabh/moon_project/data/CLASS/ch2_cla_l1_2025_08/cla/data/calibrated/2025/08/01/ch2_cla_l1_20250801T202717221_20250801T202725221.fits,2025-08-01T20:27:17.221,2025-08-01T20:27:25.221,2025-08-01T20:27:21.221,8.0,-37.3,13.5,113.466,-55.2062,53.7103,-55.2016,53.7106,62.2966,62.2966,CLASS_add_scds.pro,2.1,426,1,"0,1,2,3,4,5,6,7,8,9,10,11,12,13,14,15,",-54.5161,52.9454,-55.8499,52.8399,-55.8814,54.5016,-54.5466,54.5544,1.76348876953125,0.0881463825523724,1.63525390625,1.90087890625,3611.625,180.52379146725863,8
ch2_cla_l1_20250801T202725221_20250801T202733221.fits,/home/saurabh/moon_project/data/CLASS/ch2_cla_l1_2025_08/cla/data/calibrated/2025/08/01/ch2_cla_l1_20250801T202725221_20250801T202733221.fits,2025-08-01T20:27:25.221,2025-08-01T20:27:33.221,2025-08-01T20:27:29.221,8.0,-37.2,13.5,113.363,-55.6074,53.6854,-55.6026,53.6859,62.6225,62.6225,CLASS_add_scds.pro,2.1,427,1,"0,1,2,3,4,5,6,7,8,9,10,11,12,13,14,15,",-54.9177,52.9138,-56.2503,52.8066,-56.2821,54.484,-54.9485,54.5373,1.774169921875,0.0726970036793763,1.6796875,1.88330078125,3633.5,148.88346353536284,8
ch2_cla_l1_20250801T202733221_20250801T202741221.fits,/home/saurabh/moon_project/data/CLASS/ch2_cla_l1_2025_08/cla/data/calibrated/2025/08/01/ch2_cla_l1_20250801T202733221_20250801T202741221.fits,2025-08-01T20:27:33.221,2025-08-01T20:27:41.221,2025-08-01T20:27:37.221,8.0,-37.2,13.5,113.258,-56.0085,53.6601,-56.0038,53.6605,62.9489,62.9489,CLASS_add_scds.pro,2.1,428,1,"0,1,2,3,4,5,6,7,8,9,10,11,12,13,14,15,",-55.319,52.8821,-56.6507,52.7724,-56.6829,54.4661,-55.3501,54.5205,1.755126953125,0.0631225101999699,1.66064453125,1.859375,3594.5,129.2749008895385,8
ch2_cla_l1_20250801T202741221_20250801T202749221.fits,/home/saurabh/moon_project/data/CLASS/ch2_cla_l1_2025_08/cla/data/calibrated/2025/08/01/ch2_cla_l1_20250801T202741221_20250801T202749221.fits,2025-08-01T20:27:41.221,2025-08-01T20:27:49.221,2025-08-01T20:27:45.221,8.0,-37.1,13.5,113.153,-56.4098,53.6342,-56.405,53.6347,63.2758,63.2758,CLASS_add_scds.pro,2.1,429,1,"0,1,2,3,4,5,6,7,8,9,10,11,12,13,14,15,",-55.7203,52.8496,-57.0514,52.7373,-57.0839,54.4476,-55.7517,54.5033,1.76483154296875,0.0454187341138667,1.7021484375,1.83740234375,3614.375,93.01756746519904,8
ch2_cla_l1_20250801T202749221_20250801T202757221.fits,/home/saurabh/moon_project/data/CLASS/ch2_cla_l1_2025_08/cla/data/calibrated/2025/08/01/ch2_cla_l1_20250801T202749221_20250801T202757221.fits,2025-08-01T20:27:49.221,2025-08-01T20:27:57.221,2025-08-01T20:27:53.221,8.0,-37.1,13.5,113.048,-56.8111,53.6079,-56.8064,53.6082,63.6032,63.6032,CLASS_add_scds.pro,2.1,430,1,"0,1,2,3,4,5,6,7,8,9,10,11,12,13,14,15,",-56.1219,52.816,-57.4521,52.7014,-57.4849,54.4288,-56.1536,54.4854,1.787841796875,0.0673104918899275,1.67138671875,1.87646484375,3661.5,137.8518873905717,8
ch2_cla_l1_20250801T202757221_20250801T202805221.fits,/home/saurabh/moon_project/data/CLASS/ch2_cla_l1_2025_08/cla/data/calibrated/2025/08/01/ch2_cla_l1_20250801T202757221_20250801T202805221.fits,2025-08-01T20:27:57.221,2025-08-01T20:28:05.221,2025-08-01T20:28:01.221,8.0,-37.1,13.5,112.941,-57.2124,53.5809,-57.2077,53.5814,63.9312,63.9312,CLASS_add_scds.pro,2.1,431,1,"0,1,2,3,4,5,6,7,8,9,10,11,12,13,14,15,",-56.5235,52.7819,-57.8527,52.665,-57.8859,54.4099,-56.5555,54.4673,1.7672119140625,0.0360835265789271,1.7158203125,1.8193359375,3619.25,73.89906243364274,8
ch2_cla_l1_20250801T202805221_20250801T202813221.fits,/home/saurabh/moon_project/data/CLASS/ch2_cla_l1_2025_08/cla/data/calibrated/2025/08/01/ch2_cla_l1_20250801T202805221_20250801T202813221.fits,2025-08-01T20:28:05.221,2025-08-01T20:28:13.221,2025-08-01T20:28:09.221,8.0,-37.1,13.5,112.834,-57.6137,53.5535,-57.6089,53.554,64.2596,64.2596,CLASS_add_scds.pro,2.1,432,1,"0,1,2,3,4,5,6,7,8,9,10,11,12,13,14,15,",-56.925,52.7472,-58.2536,52.6275,-58.287,54.3904,-56.9574,54.4491,1.78887939453125,0.0515209856568574,1.6953125,1.8525390625,3663.625,105.51497862524408,8
ch2_cla_l1_20250801T202813221_20250801T202821221.fits,/home/saurabh/moon_project/data/CLASS/ch2_cla_l1_2025_08/cla/data/calibrated/2025/08/01/ch2_cla_l1_20250801T202813221_20250801T202821221.fits,2025-08-01T20:28:13.221,2025-08-01T20:28:21.221,2025-08-01T20:28:17.221,8.0,-37.1,13.5,112.726,-58.0151,53.5254,-58.0103,53.526,64.5885,64.5885,CLASS_add_scds.pro,2.1,433,1,"0,1,2,3,4,5,6,7,8,9,10,11,12,13,14,15,",-57.3268,52.7115,-58.6542,52.5893,-58.6881,54.3706,-57.3594,54.4303,1.7735595703125,0.0369334244354971,1.7216796875,1.82470703125,3632.25,75.6396532438981,8
ch2_cla_l1_20250801T202821221_20250801T202829221.fits,/home/saurabh/moon_project/data/CLASS/ch2_cla_l1_2025_08/cla/data/calibrated/2025/08/01/ch2_cla_l1_20250801T202821221_20250801T202829221.fits,2025-08-01T20:28:21.221,2025-08-01T20:28:29.221,2025-08-01T20:28:25.221,8.0,-37.1,13.5,112.618,-58.4166,53.4967,-58.4119,53.4971,64.9179,64.9179,CLASS_add_scds.pro,2.1,434,1,"0,1,2,3,4,5,6,7,8,9,10,11,12,13,14,15,",-57.7284,52.6753,-59.055,52.55,-59.0892,54.3504,-57.7613,54.4114,1.8289794921875,0.0519763210481302,1.72998046875,1.88720703125,3745.75,106.44750550657083,8
ch2_cla_l1_20250801T202829221_20250801T202837221.fits,/home/saurabh/moon_project/data/CLASS/ch2_cla_l1_2025_08/cla/data/calibrated/2025/08/01/ch2_cla_l1_20250801T202829221_20250801T202837221.fits,2025-08-01T20:28:29.221,2025-08-01T20:28:37.221,2025-08-01T20:28:33.221,8.0,-37.0,13.5,112.508,-58.818,53.4674,-58.8133,53.4679,65.2478,65.2478,CLASS_add_scds.pro,2.1,435,1,"0,1,2,3,4,5,6,7,8,9,10,11,12,13,14,15,",-58.1301,52.638,-59.4556,52.5101,-59.4903,54.3299,-58.1634,54.392,1.77117919921875,0.0453752186997753,1.70361328125,1.85009765625,3627.375,92.92844789713982,8
ch2_cla_l1_20250801T202837221_20250801T202845221.fits,/home/saurabh/moon_project/data/CLASS/ch2_cla_l1_2025_08/cla/data/calibrated/2025/08/01/ch2_cla_l1_20250801T202837221_20250801T202845221.fits,2025-08-01T20:28:37.221,2025-08-01T20:28:45.221,2025-08-01T20:28:41.221,8.0,-37.0,13.5,112.398,-59.2196,53.4374,-59.2148,53.438,65.5781,65.5781,CLASS_add_scds.pro,2.1,436,1,"0,1,2,3,4,5,6,7,8,9,10,11,12,13,14,15,",-58.5317,52.6002,-59.8566,52.4689,-59.8916,54.3088,-58.5654,54.3725,1.8343505859375,0.0654248721825491,1.73193359375,1.9384765625,3756.75,133.99013822986058,8
ch2_cla_l1_20250801T202845221_20250801T202853221.fits,/home/saurabh/moon_project/data/CLASS/ch2_cla_l1_2025_08/cla/data/calibrated/2025/08/01/ch2_cla_l1_20250801T202845221_20250801T202853221.fits,2025-08-01T20:28:45.221,2025-08-01T20:28:53.221,2025-08-01T20:28:49.221,8.0,-37.0,13.5,112.288,-59.6211,53.4067,-59.6164,53.4074,65.9089,65.9089,CLASS_add_scds.pro,2.1,437,1,"0,1,2,3,4,5,6,7,8,9,10,11,12,13,14,15,",-58.9336,52.5611,-60.2575,52.4269,-60.2928,54.2874,-58.9676,54.3522,1.7799072265625,0.061017994238958,1.6767578125,1.86181640625,3645.25,124.96485220138617,8
ch2_cla_l1_20250801T202853221_20250801T202901221.fits,/home/saurabh/moon_project/data/CLASS/ch2_cla_l1_2025_08/cla/data/calibrated/2025/08/01/ch2_cla_l1_20250801T202853221_20250801T202901221.fits,2025-08-01T20:28:53.221,2025-08-01T20:29:01.221,2025-08-01T20:28:57.221,8.0,-37.0,13.5,112.176,-60.0227,53.3753,-60.0179,53.376,66.2401,66.2401,CLASS_add_scds.pro,2.1,438,1,"0,1,2,3,4,5,6,7,8,9,10,11,12,13,14,15,",-59.3354,52.5213,-60.6584,52.3836,-60.6942,54.2654,-59.3698,54.3317,1.83856201171875,0.0616102579170411,1.7587890625,1.935546875,3765.375,126.17780821410034,8
ch2_cla_l1_20250801T202901221_20250801T202909221.fits,/home/saurabh/moon_project/data/CLASS/ch2_cla_l1_2025_08/cla/data/calibrated/2025/08/01/ch2_cla_l1_20250801T202901221_20250801T202909221.fits,2025-08-01T20:29:01.221,2025-08-01T20:29:09.221,2025-08-01T20:29:05.221,8.0,-37.0,13.5,112.064,-60.4244,53.3431,-60.4197,53.3437,66.5717,66.5717,CLASS_add_scds.pro,2.1,439,1,"0,1,2,3,4,5,6,7,8,9,10,11,12,13,14,15,",-59.7373,52.4803,-61.0596,52.3391,-61.0957,54.2427,-59.7721,54.3106,1.7623291015625,0.074753633668725,1.66845703125,1.87451171875,3609.25,153.0954417535489,8
ch2_cla_l1_20250801T202909221_20250801T202917221.fits,/home/saurabh/moon_project/data/CLASS/ch2_cla_l1_2025_08/cla/data/calibrated/2025/08/01/ch2_cla_l1_20250801T202909221_20250801T202917221.fits,2025-08-01T20:29:09.221,2025-08-01T20:29:17.221,2025-08-01T20:29:13.221,8.0,-37.0,13.5,111.952,-60.8261,53.3102,-60.8214,53.3108,66.9038,66.9038,CLASS_add_scds.pro,2.1,440,1,"0,1,2,3,4,5,6,7,8,9,10,11,12,13,14,15,",-60.1394,52.4381,-61.4603,52.2937,-61.497,54.2198,-60.1746,54.2889,1.83673095703125,0.0767429449727217,1.732421875,1.951171875,3761.625,157.16955130413416,8
ch2_cla_l1_20250801T202917221_20250801T202925221.fits,/home/saurabh/moon_project/data/CLASS/ch2_cla_l1_2025_08/cla/data/calibrated/2025/08/01/ch2_cla_l1_20250801T202917221_20250801T202925221.fits,2025-08-01T20:29:17.221,2025-08-01T20:29:25.221,2025-08-01T20:29:21.221,8.0,-36.9,13.5,111.838,-61.2278,53.2765,-61.223,53.2771,67.2363,67.2363,CLASS_add_scds.pro,2.1,441,1,"0,1,2,3,4,5,6,7,8,9,10,11,12,13,14,15,",-60.5411,52.3953,-61.8614,52.2471,-61.8984,54.1963,-60.5767,54.2671,1.80224609375,0.077127243359127,1.68408203125,1.90966796875,3691.0,157.95659439949227,8
ch2_cla_l1_20250801T202925221_20250801T202933221.fits,/home/saurabh/moon_project/data/CLASS/ch2_cla_l1_2025_08/cla/data/calibrated/2025/08/01/ch2_cla_l1_20250801T202925221_20250801T202933221.fits,2025-08-01T20:29:25.221,2025-08-01T20:29:33.221,2025-08-01T20:29:29.221,8.0,-36.9,13.5,111.724,-61.6296,53.2419,-61.6249,53.2423,67.5693,67.5693,CLASS_add_scds.pro,2.1,442,1,"0,1,2,3,4,5,6,7,8,9,10,11,12,13,14,15,",-60.9431,52.3512,-62.2624,52.1991,-62.2999,54.1722,-60.9791,54.2447,1.83062744140625,0.0486019016590154,1.7490234375,1.908203125,3749.125,99.53669459766368,8
ch2_cla_l1_20250801T202933221_20250801T202941221.fits,/home/saurabh/moon_project/data/CLASS/ch2_cla_l1_2025_08/cla/data/calibrated/2025/08/01/ch2_cla_l1_20250801T202933221_20250801T202941221.fits,2025-08-01T20:29:33.221,2025-08-01T20:29:41.221,2025-08-01T20:29:37.221,8.0,-36.8,13.5,111.61,-62.0314,53.2064,-62.0267,53.2069,67.9026,67.9026,CLASS_add_scds.pro,2.1,443,1,"0,1,2,3,4,5,6,7,8,9,10,11,12,13,14,15,",-61.3452,52.306,-62.6634,52.15,-62.7014,54.1477,-61.3815,54.2217,1.8057861328125,0.0789605284480506,1.7001953125,1.94677734375,3698.25,161.71116226160763,8
ch2_cla_l1_20250801T202941221_20250801T202949221.fits,/home/saurabh/moon_project/data/CLASS/ch2_cla_l1_2025_08/cla/data/calibrated/2025/08/01/ch2_cla_l1_20250801T202941221_20250801T202949221.fits,2025-08-01T20:29:41.221,2025-08-01T20:29:49.221,2025-08-01T20:29:45.221,8.0,-36.8,13.5,111.494,-62.4332,53.17,-62.4286,53.1706,68.2363,68.2363,CLASS_add_scds.pro,2.1,444,1,"0,1,2,3,4,5,6,7,8,9,10,11,12,13,14,15,",-61.7472,52.2597,-63.0646,52.0993,-63.1031,54.1224,-61.784,54.1984,1.84228515625,0.0475058117516305,1.77197265625,1.9169921875,3773.0,97.29190246733944,8
ch2_cla_l1_20250801T202949221_20250801T202957221.fits,/home/saurabh/moon_project/data/CLASS/ch2_cla_l1_2025_08/cla/data/calibrated/2025/08/01/ch2_cla_l1_20250801T202949221_20250801T202957221.fits,2025-08-01T20:29:49.221,2025-08-01T20:29:57.221,2025-08-01T20:29:53.221,8.0,-36.8,13.5,111.378,-62.8351,53.1327,-62.8304,53.1332,68.5704,68.5704,CLASS_add_scds.pro,2.1,445,1,"0,1,2,3,4,5,6,7,8,9,10,11,12,13,14,15,",-62.1494,52.212,-63.4658,52.0473,-63.5047,54.0965,-62.1866,54.1743,1.83453369140625,0.0752167962971995,1.72607421875,1.94970703125,3757.125,154.0439988166646,8
ch2_cla_l1_20250801T202957221_20250801T203005221.fits,/home/saurabh/moon_project/data/CLASS/ch2_cla_l1_2025_08/cla/data/calibrated/2025/08/01/ch2_cla_l1_20250801T202957221_20250801T203005221.fits,2025-08-01T20:29:57.221,2025-08-01T20:30:05.221,2025-08-01T20:30:01.221,8.0,-36.8,13.5,111.262,-63.2371,53.0943,-63.2323,53.0948,68.9049,68.9049,CLASS_add_scds.pro,2.1,446,1,"0,1,2,3,4,5,6,7,8,9,10,11,12,13,14,15,",-62.5515,52.163,-63.8668,51.9939,-63.9063,54.0701,-62.5892,54.1497,1.83111572265625,0.0341083014697295,1.77392578125,1.87890625,3750.125,69.85380141000611,8
ch2_cla_l1_20250801T203005221_20250801T203013221.fits,/home/saurabh/moon_project/data/CLASS/ch2_cla_l1_2025_08/cla/data/calibrated/2025/08/01/ch2_cla_l1_20250801T203005221_20250801T203013221.fits,2025-08-01T20:30:05.221,2025-08-01T20:30:13.221,2025-08-01T20:30:09.221,8.0,-36.8,13.5,111.145,-63.639,53.0549,-63.6344,53.0555,69.2398,69.2398,CLASS_add_scds.pro,2.1,447,1,"0,1,2,3,4,5,6,7,8,9,10,11,12,13,14,15,",-62.9536,52.1129,-64.268,51.9388,-64.308,54.0429,-62.9918,54.1247,1.82452392578125,0.0655180897146579,1.74462890625,1.9248046875,3736.625,134.1810477356194,8
ch2_cla_l1_20250801T203013221_20250801T203021221.fits,/home/saurabh/moon_project/data/CLASS/ch2_cla_l1_2025_08/cla/data/calibrated/2025/08/01/ch2_cla_l1_20250801T203013221_20250801T203021221.fits,2025-08-01T20:30:13.221,2025-08-01T20:30:21.221,2025-08-01T20:30:17.221,8.0,-36.8,13.5,111.027,-64.0411,53.0144,-64.0365,53.015,69.5751,69.5751,CLASS_add_scds.pro,2.1,448,1,"0,1,2,3,4,5,6,7,8,9,10,11,12,13,14,15,",-63.3558,52.0612,-64.6692,51.8821,-64.7097,54.0149,-63.3945,54.0989,1.8533935546875,0.0352044154029781,1.80517578125,1.90869140625,3795.75,72.0986427452992,8
ch2_cla_l1_20250801T203021221_20250801T203029221.fits,/home/saurabh/moon_project/data/CLASS/ch2_cla_l1_2025_08/cla/data/calibrated/2025/08/01/ch2_cla_l1_20250801T203021221_20250801T203029221.fits,2025-08-01T20:30:21.221,2025-08-01T20:30:29.221,2025-08-01T20:30:25.221,8.0,-36.7,13.5,110.908,-64.4431,52.9727,-64.4384,52.9734,69.9107,69.9107,CLASS_add_scds.pro,2.1,449,1,"0,1,2,3,4,5,6,7,8,9,10,11,12,13,14,15,",-63.758,52.0079,-65.0704,51.8237,-65.1115,53.9863,-63.7972,54.0725,1.84375,0.0767811314428702,1.716796875,1.93505859375,3776.0,157.24775719499831,8
ch2_cla_l1_20250801T203029221_20250801T203037221.fits,/home/saurabh/moon_project/data/CLASS/ch2_cla_l1_2025_08/cla/data/calibrated/2025/08/01/ch2_cla_l1_20250801T203029221_20250801T203037221.fits,2025-08-01T20:30:29.221,2025-08-01T20:30:37.221,2025-08-01T20:30:33.221,8.0,-36.7,13.5,110.789,-64.8452,52.9299,-64.8405,52.9305,70.2467,70.2467,CLASS_add_scds.pro,2.1,450,1,"0,1,2,3,4,5,6,7,8,9,10,11,12,13,14,15,",-64.1602,51.9533,-65.4715,51.7633,-65.5133,53.9566,-64.2,54.0454,1.83673095703125,0.0619619575352074,1.73779296875,1.93310546875,3761.625,126.89808903210482,8
ch2_cla_l1_20250801T203037221_20250801T203045221.fits,/home/saurabh/moon_project/data/CLASS/ch2_cla_l1_2025_08/cla/data/calibrated/2025/08/01/ch2_cla_l1_20250801T203037221_20250801T203045221.fits,2025-08-01T20:30:37.221,2025-08-01T20:30:45.221,2025-08-01T20:30:41.221,8.0,-36.7,13.5,110.67,-65.2474,52.8857,-65.2426,52.8863,70.583,70.583,CLASS_add_scds.pro,2.1,451,1,"0,1,2,3,4,5,6,7,8,9,10,11,12,13,14,15,",-64.5624,51.8968,-65.8729,51.7014,-65.9153,53.9265,-64.6027,54.0175,1.866455078125,0.0563143649526559,1.80126953125,1.96923828125,3822.5,115.3318194230394,8
ch2_cla_l1_20250801T203045221_20250801T203053221.fits,/home/saurabh/moon_project/data/CLASS/ch2_cla_l1_2025_08/cla/data/calibrated/2025/08/01/ch2_cla_l1_20250801T203045221_20250801T203053221.fits,2025-08-01T20:30:45.221,2025-08-01T20:30:53.221,2025-08-01T20:30:49.221,8.0,-36.7,13.5,110.549,-65.6495,52.8402,-65.6449,52.8411,70.9196,70.9196,CLASS_add_scds.pro,2.1,452,1,"0,1,2,3,4,5,6,7,8,9,10,11,12,13,14,15,",-64.9648,51.8389,-66.2743,51.6373,-66.3172,53.8953,-65.0057,53.989,1.7855224609375,0.0884271623942464,1.64599609375,1.91064453125,3656.75,181.09882858341663,8
ch2_cla_l1_20250801T203053221_20250801T203101221.fits,/home/saurabh/moon_project/data/CLASS/ch2_cla_l1_2025_08/cla/data/calibrated/2025/08/01/ch2_cla_l1_20250801T203053221_20250801T203101221.fits,2025-08-01T20:30:53.221,2025-08-01T20:31:01.221,2025-08-01T20:30:57.221,8.0,-36.7,13.5,110.428,-66.0518,52.7933,-66.0471,52.7941,71.2566,71.2566,CLASS_add_scds.pro,2.1,453,1,"0,1,2,3,4,5,6,7,8,9,10,11,12,13,14,15,",-65.3672,51.779,-66.6757,51.5709,-66.7192,53.8631,-65.4087,53.9596,1.74176025390625,0.0875051370397315,1.58349609375,1.8515625,3567.125,179.2105206573702,8
ch2_cla_l1_20250801T203101221_20250801T203109221.fits,/home/saurabh/moon_project/data/CLASS/ch2_cla_l1_2025_08/cla/data/calibrated/2025/08/01/ch2_cla_l1_20250801T203101221_20250801T203109221.fits,2025-08-01T20:31:01.221,2025-08-01T20:31:09.221,2025-08-01T20:31:05.221,8.0,-36.7,13.5,110.307,-66.454,52.745,-66.4495,52.7457,71.594,71.594,CLASS_add_scds.pro,2.1,454,1,"0,1,2,3,4,5,6,7,8,9,10,11,12,13,14,15,",-65.7697,51.7171,-67.0771,51.5025,-67.1213,53.83,-65.8117,53.9293,1.723876953125,0.0768445394780492,1.6171875,1.83984375,3530.5,157.37761685104488,8
ch2_cla_l1_20250801T203109221_20250801T203117221.fits,/home/saurabh/moon_project/data/CLASS/ch2_cla_l1_2025_08/cla/data/calibrated/2025/08/01/ch2_cla_l1_20250801T203109221_20250801T203117221.fits,2025-08-01T20:31:09.221,2025-08-01T20:31:17.221,2025-08-01T20:31:13.221,8.0,-36.7,13.5,110.185,-66.8563,52.6951,-66.8517,52.6958,71.9316,71.9316,CLASS_add_scds.pro,2.1,455,1,"0,1,2,3,4,5,6,7,8,9,10,11,12,13,14,15,",-66.1722,51.6534,-67.4785,51.4318,-67.5234,53.7959,-66.2148,53.8982,1.78179931640625,0.1021541715761511,1.60107421875,1.91455078125,3649.125,209.21174338795748,8
ch2_cla_l1_20250801T203117221_20250801T203125221.fits,/home/saurabh/moon_project/data/CLASS/ch2_cla_l1_2025_08/cla/data/calibrated/2025/08/01/ch2_cla_l1_20250801T203117221_20250801T203125221.fits,2025-08-01T20:31:17.221,2025-08-01T20:31:25.221,2025-08-01T20:31:21.221,8.0,-36.7,13.5,110.062,-67.2586,52.6435,-67.254,52.6444,72.2696,72.2696,CLASS_add_scds.pro,2.1,456,1,"0,1,2,3,4,5,6,7,8,9,10,11,12,13,14,15,",-66.5746,51.5876,-67.8802,51.3585,-67.9257,53.7606,-66.6179,53.8661,1.72454833984375,0.0627026338466031,1.6455078125,1.82958984375,3531.875,128.41499411784324,8
ch2_cla_l1_20250801T203125221_20250801T203133221.fits,/home/saurabh/moon_project/data/CLASS/ch2_cla_l1_2025_08/cla/data/calibrated/2025/08/01/ch2_cla_l1_20250801T203125221_20250801T203133221.fits,2025-08-01T20:31:25.221,2025-08-01T20:31:33.221,2025-08-01T20:31:29.221,8.0,-36.7,13.5,109.939,-67.661,52.5903,-67.6565,52.5912,72.6079,72.6079,CLASS_add_scds.pro,2.1,457,1,"0,1,2,3,4,5,6,7,8,9,10,11,12,13,14,15,",-66.9774,51.5193,-68.2813,51.2828,-68.3277,53.7243,-67.0213,53.8328,1.76641845703125,0.0740280282228686,1.61962890625,1.86865234375,3617.625,151.6094018004349,8
ch2_cla_l1_20250801T203133221_20250801T203141221.fits,/home/saurabh/moon_project/data/CLASS/ch2_cla_l1_2025_08/cla/data/calibrated/2025/08/01/ch2_cla_l1_20250801T203133221_20250801T203141221.fits,2025-08-01T20:31:33.221,2025-08-01T20:31:41.221,2025-08-01T20:31:37.221,8.0,-36.7,13.5,109.815,-68.0634,52.5352,-68.0589,52.5361,72.9465,72.9465,CLASS_add_scds.pro,2.1,458,1,"0,1,2,3,4,5,6,7,8,9,10,11,12,13,14,15,",-67.3797,51.4493,-68.6828,51.2041,-68.7299,53.6866,-67.4243,53.7991,1.729736328125,0.0456118462818622,1.66845703125,1.80810546875,3542.5,93.41306118525397,8
ch2_cla_l1_20250801T203141221_20250801T203149221.fits,/home/saurabh/moon_project/data/CLASS/ch2_cla_l1_2025_08/cla/data/calibrated/2025/08/01/ch2_cla_l1_20250801T203141221_20250801T203149221.fits,2025-08-01T20:31:41.221,2025-08-01T20:31:49.221,2025-08-01T20:31:45.221,8.0,-36.7,13.5,109.69,-68.4659,52.4782,-68.4614,52.4791,73.2854,73.2854,CLASS_add_scds.pro,2.1,459,1,"0,1,2,3,4,5,6,7,8,9,10,11,12,13,14,15,",-67.7822,51.3764,-69.0843,51.1225,-69.1322,53.6475,-67.8276,53.7639,1.79815673828125,0.0508556031232065,1.72509765625,1.88330078125,3682.625,104.15227519632698,8
ch2_cla_l1_20250801T203149221_20250801T203157221.fits,/home/saurabh/moon_project/data/CLASS/ch2_cla_l1_2025_08/cla/data/calibrated/2025/08/01/ch2_cla_l1_20250801T203149221_20250801T203157221.fits,2025-08-01T20:31:49.221,2025-08-01T20:31:57.221,2025-08-01T20:31:53.221,8.0,-36.7,13.5,109.565,-68.8683,52.4191,-68.8638,52.4198,73.6246,73.6246,CLASS_add_scds.pro,2.1,460,1,"0,1,2,3,4,5,6,7,8,9,10,11,12,13,14,15,",-68.1848,51.3009,-69.4854,51.0381,-69.5343,53.6073,-68.2309,53.7274,1.7174072265625,0.0357077797004609,1.6552734375,1.76123046875,3517.25,73.12953282654397,8
ch2_cla_l1_20250801T203157221_20250801T203205221.fits,/home/saurabh/moon_project/data/CLASS/ch2_cla_l1_2025_08/cla/data/calibrated/2025/08/01/ch2_cla_l1_20250801T203157221_20250801T203205221.fits,2025-08-01T20:31:57.221,2025-08-01T20:32:05.221,2025-08-01T20:32:01.221,8.0,-36.7,13.5,109.44,-69.2709,52.358,-69.2662,52.3588,73.9641,73.9641,CLASS_add_scds.pro,2.1,461,1,"0,1,2,3,4,5,6,7,8,9,10,11,12,13,14,15,",-68.5871,51.2231,-69.887,50.9503,-69.9367,53.5655,-68.6341,53.6902,1.78497314453125,0.0365842797661443,1.72607421875,1.8388671875,3655.625,74.92460496106355,8
ch2_cla_l1_20250801T203205221_20250801T203213221.fits,/home/saurabh/moon_project/data/CLASS/ch2_cla_l1_2025_08/cla/data/calibrated/2025/08/01/ch2_cla_l1_20250801T203205221_20250801T203213221.fits,2025-08-01T20:32:05.221,2025-08-01T20:32:13.221,2025-08-01T20:32:09.221,8.0,-36.7,13.5,109.314,-69.6734,52.2945,-69.6689,52.2953,74.3038,74.3038,CLASS_add_scds.pro,2.1,462,1,"0,1,2,3,4,5,6,7,8,9,10,11,12,13,14,15,",-68.9898,51.1421,-70.2885,50.8591,-70.3392,53.5223,-69.0375,53.6513,1.75238037109375,0.057565994241844,1.68896484375,1.865234375,3588.875,117.89515620729657,8
ch2_cla_l1_20250801T203213221_20250801T203221221.fits,/home/saurabh/moon_project/data/CLASS/ch2_cla_l1_2025_08/cla/data/calibrated/2025/08/01/ch2_cla_l1_20250801T203213221_20250801T203221221.fits,2025-08-01T20:32:13.221,2025-08-01T20:32:21.221,2025-08-01T20:32:17.221,8.0,-36.7,13.5,109.187,-70.076,52.2286,-70.0715,52.2295,74.6439,74.6439,CLASS_add_scds.pro,2.1,463,1,"0,1,2,3,4,5,6,7,8,9,10,11,12,13,14,15,",-69.3925,51.0581,-70.6899,50.7644,-70.7415,53.4776,-69.441,53.6111,1.79022216796875,0.0408791587883757,1.72705078125,1.861328125,3666.375,83.72051719859356,8
ch2_cla_l1_20250801T203221221_20250801T203229221.fits,/home/saurabh/moon_project/data/CLASS/ch2_cla_l1_2025_08/cla/data/calibrated/2025/08/01/ch2_cla_l1_20250801T203221221_20250801T203229221.fits,2025-08-01T20:32:21.221,2025-08-01T20:32:29.221,2025-08-01T20:32:25.221,8.0,-36.7,13.5,109.06,-70.4786,52.1602,-70.4741,52.1613,74.9842,74.9842,CLASS_add_scds.pro,2.1,464,1,"0,1,2,3,4,5,6,7,8,9,10,11,12,13,14,15,",-69.7951,50.9712,-71.0914,50.6659,-71.144,53.4312,-69.8445,53.5698,1.75390625,0.0480454855617187,1.66748046875,1.82568359375,3592.0,98.39715443040006,8
ch2_cla_l1_20250801T203229221_20250801T203237221.fits,/home/saurabh/moon_project/data/CLASS/ch2_cla_l1_2025_08/cla/data/calibrated/2025/08/01/ch2_cla_l1_20250801T203229221_20250801T203237221.fits,2025-08-01T20:32:29.221,2025-08-01T20:32:37.221,2025-08-01T20:32:33.221,8.0,-36.7,13.5,108.932,-70.8812,52.089,-70.8767,52.09,75.3248,75.3248,CLASS_add_scds.pro,2.1,465,1,"0,1,2,3,4,5,6,7,8,9,10,11,12,13,14,15,",-70.1977,50.8807,-71.4929,50.5628,-71.5465,53.3826,-70.248,53.5269,1.791748046875,0.0609242854619334,1.69287109375,1.8740234375,3669.5,124.77293662603968,8
ch2_cla_l1_20250801T203237221_20250801T203245221.fits,/home/saurabh/moon_project/data/CLASS/ch2_cla_l1_2025_08/cla/data/calibrated/2025/08/01/ch2_cla_l1_20250801T203237221_20250801T203245221.fits,2025-08-01T20:32:37.221,2025-08-01T20:32:45.221,2025-08-01T20:32:41.221,8.0,-36.7,13.5,108.804,-71.2839,52.0149,-71.2793,52.016,75.6656,75.6656,CLASS_add_scds.pro,2.1,466,1,"0,1,2,3,4,5,6,7,8,9,10,11,12,13,14,15,",-70.6003,50.7864,-71.8944,50.4553,-71.9491,53.332,-70.6516,53.4821,1.77520751953125,0.0521125666003913,1.67529296875,1.8408203125,3635.625,106.72653639760156,8
ch2_cla_l1_20250801T203245221_20250801T203253221.fits,/home/saurabh/moon_project/data/CLASS/ch2_cla_l1_2025_08/cla/data/calibrated/2025/08/01/ch2_cla_l1_20250801T203245221_20250801T203253221.fits,2025-08-01T20:32:45.221,2025-08-01T20:32:53.221,2025-08-01T20:32:49.221,8.0,-36.7,13.5,108.675,-71.6866,51.9377,-71.682,51.9385,76.0067,76.0067,CLASS_add_scds.pro,2.1,467,1,"0,1,2,3,4,5,6,7,8,9,10,11,12,13,14,15,",-71.003,50.6881,-72.2958,50.3431,-72.3516,53.2793,-71.0553,53.4355,1.78619384765625,0.0826757891185932,1.67529296875,1.8994140625,3658.125,169.3200161148789,8
ch2_cla_l1_20250801T203253221_20250801T203301221.fits,/home/saurabh/moon_project/data/CLASS/ch2_cla_l1_2025_08/cla/data/calibrated/2025/08/01/ch2_cla_l1_20250801T203253221_20250801T203301221.fits,2025-08-01T20:32:53.221,2025-08-01T20:33:01.221,2025-08-01T20:32:57.221,8.0,-36.7,13.5,108.546,-72.0893,51.8572,-72.0847,51.8585,76.348,76.348,CLASS_add_scds.pro,2.1,468,1,"0,1,2,3,4,5,6,7,8,9,10,11,12,13,14,15,",-71.4056,50.5859,-72.6974,50.2261,-72.7544,53.2246,-71.4589,53.3872,1.77703857421875,0.104316982170052,1.6259765625,1.9423828125,3639.375,213.6411794842665,8
ch2_cla_l1_20250801T203301221_20250801T203309221.fits,/home/saurabh/moon_project/data/CLASS/ch2_cla_l1_2025_08/cla/data/calibrated/2025/08/01/ch2_cla_l1_20250801T203301221_20250801T203309221.fits,2025-08-01T20:33:01.221,2025-08-01T20:33:09.221,2025-08-01T20:33:05.221,8.0,-36.7,13.5,108.416,-72.492,51.7732,-72.4876,51.7743,76.6896,76.6896,CLASS_add_scds.pro,2.1,469,1,"0,1,2,3,4,5,6,7,8,9,10,11,12,13,14,15,",-71.8084,50.4792,-73.0987,50.1038,-73.157,53.1676,-71.8628,53.3369,1.80389404296875,0.0738497574787934,1.71337890625,1.91455078125,3694.375,151.24430331656887,8
ch2_cla_l1_20250801T203309221_20250801T203317221.fits,/home/saurabh/moon_project/data/CLASS/ch2_cla_l1_2025_08/cla/data/calibrated/2025/08/01/ch2_cla_l1_20250801T203309221_20250801T203317221.fits,2025-08-01T20:33:09.221,2025-08-01T20:33:17.221,2025-08-01T20:33:13.221,8.0,-36.7,13.5,108.286,-72.8948,51.6854,-72.8903,51.6867,77.0314,77.0314,CLASS_add_scds.pro,2.1,470,1,"0,1,2,3,4,5,6,7,8,9,10,11,12,13,14,15,",-72.2109,50.3683,-73.5002,49.9752,-73.5598,53.1076,-72.2664,53.285,1.7972412109375,0.0869645022867672,1.69482421875,1.94775390625,3680.75,178.10330068329927,8
ch2_cla_l1_20250801T203317221_20250801T203325221.fits,/home/saurabh/moon_project/data/CLASS/ch2_cla_l1_2025_08/cla/data/calibrated/2025/08/01/ch2_cla_l1_20250801T203317221_20250801T203325221.fits,2025-08-01T20:33:17.221,2025-08-01T20:33:25.221,2025-08-01T20:33:21.221,8.0,-36.7,13.5,108.155,-73.2976,51.5935,-73.2931,51.5948,77.3735,77.3735,CLASS_add_scds.pro,2.1,471,1,"0,1,2,3,4,5,6,7,8,9,10,11,12,13,14,15,",-72.6137,50.2517,-73.9014,49.8408,-73.9624,53.0452,-72.6704,53.2302,1.7894287109375,0.0455301927910761,1.7314453125,1.86962890625,3664.75,93.245834836124,8
ch2_cla_l1_20250801T203325221_20250801T203333221.fits,/home/saurabh/moon_project/data/CLASS/ch2_cla_l1_2025_08/cla/data/calibrated/2025/08/01/ch2_cla_l1_20250801T203325221_20250801T203333221.fits,2025-08-01T20:33:25.221,2025-08-01T20:33:33.221,2025-08-01T20:33:29.221,8.0,-36.7,13.5,108.024,-73.7004,51.4972,-73.6959,51.4987,77.7157,77.7157,CLASS_add_scds.pro,2.1,472,1,"0,1,2,3,4,5,6,7,8,9,10,11,12,13,14,15,",-73.0161,50.1305,-74.303,49.6994,-74.3654,52.9796,-73.0741,53.1736,1.8177490234375,0.0597072341012051,1.712890625,1.90283203125,3722.75,122.28041543926813,8
ch2_cla_l1_20250801T203333221_20250801T203341221.fits,/home/saurabh/moon_project/data/CLASS/ch2_cla_l1_2025_08/cla/data/calibrated/2025/08/01/ch2_cla_l1_20250801T203333221_20250801T203341221.fits,2025-08-01T20:33:33.221,2025-08-01T20:33:41.221,2025-08-01T20:33:37.221,8.0,-36.7,13.5,107.892,-74.1032,51.3963,-74.0988,51.3978,78.0582,78.0582,CLASS_add_scds.pro,2.1,473,1,"0,1,2,3,4,5,6,7,8,9,10,11,12,13,14,15,",-73.419,50.0027,-74.7042,49.5506,-74.7681,52.9104,-73.4782,53.1137,1.8109130859375,0.0455586106039864,1.748046875,1.88671875,3708.75,93.30403451696424,8
ch2_cla_l1_20250801T203341221_20250801T203349221.fits,/home/saurabh/moon_project/data/CLASS/ch2_cla_l1_2025_08/cla/data/calibrated/2025/08/01/ch2_cla_l1_20250801T203341221_20250801T203349221.fits,2025-08-01T20:33:41.221,2025-08-01T20:33:49.221,2025-08-01T20:33:45.221,8.0,-36.7,13.5,107.76,-74.506,51.2903,-74.5015,51.2916,78.401,78.401,CLASS_add_scds.pro,2.1,474,1,"0,1,2,3,4,5,6,7,8,9,10,11,12,13,14,15,",-73.8215,49.8689,-75.1054,49.3942,-75.171,52.838,-73.882,53.0512,1.81854248046875,0.0739704942075703,1.7138671875,1.91259765625,3724.375,151.49157213710413,8
ch2_cla_l1_20250801T203349221_20250801T203357221.fits,/home/saurabh/moon_project/data/CLASS/ch2_cla_l1_2025_08/cla/data/calibrated/2025/08/01/ch2_cla_l1_20250801T203349221_20250801T203357221.fits,2025-08-01T20:33:49.221,2025-08-01T20:33:57.221,2025-08-01T20:33:53.221,8.0,-36.7,13.5,107.627,-74.9088,51.1788,-74.9043,51.1803,78.7439,78.7439,CLASS_add_scds.pro,2.1,475,1,"0,1,2,3,4,5,6,7,8,9,10,11,12,13,14,15,",-74.224,49.7288,-75.5066,49.2291,-75.5738,52.7617,-74.286,52.986,1.7930908203125,0.035880960093759,1.7451171875,1.841796875,3672.25,73.48420627201855,8
ch2_cla_l1_20250801T203357221_20250801T203405221.fits,/home/saurabh/moon_project/data/CLASS/ch2_cla_l1_2025_08/cla/data/calibrated/2025/08/01/ch2_cla_l1_20250801T203357221_20250801T203405221.fits,2025-08-01T20:33:57.221,2025-08-01T20:34:05.221,2025-08-01T20:34:01.221,8.0,-36.7,13.5,107.494,-75.3117,51.0614,-75.3073,51.0628,79.087,79.087,CLASS_add_scds.pro,2.1,476,1,"0,1,2,3,4,5,6,7,8,9,10,11,12,13,14,15,",-74.6265,49.5813,-75.9077,49.055,-75.9768,52.6814,-74.6901,52.9175,1.832763671875,0.0529271392128395,1.74755859375,1.91162109375,3753.5,108.39478110789544,8
ch2_cla_l1_20250801T203405221_20250801T203413221.fits,/home/saurabh/moon_project/data/CLASS/ch2_cla_l1_2025_08/cla/data/calibrated/2025/08/01/ch2_cla_l1_20250801T203405221_20250801T203413221.fits,2025-08-01T20:34:05.221,2025-08-01T20:34:13.221,2025-08-01T20:34:09.221,8.0,-36.7,13.5,107.36,-75.7145,50.9375,-75.71,50.9393,79.4304,79.4304,CLASS_add_scds.pro,2.1,477,1,"0,1,2,3,4,5,6,7,8,9,10,11,12,13,14,15,",-75.029,49.4261,-76.3088,48.8708,-76.3798,52.5966,-75.0942,52.8455,1.8153076171875,0.0376431503077667,1.759765625,1.86962890625,3717.75,77.09317183030636,8
ch2_cla_l1_20250801T203413221_20250801T203421221.fits,/home/saurabh/moon_project/data/CLASS/ch2_cla_l1_2025_08/cla/data/calibrated/2025/08/01/ch2_cla_l1_20250801T203413221_20250801T203421221.fits,2025-08-01T20:34:13.221,2025-08-01T20:34:21.221,2025-08-01T20:34:17.221,8.0,-36.7,13.5,107.226,-76.1173,50.8067,-76.1128,50.8086,79.7739,79.7739,CLASS_add_scds.pro,2.1,478,1,"0,1,2,3,4,5,6,7,8,9,10,11,12,13,14,15,",-75.4315,49.2624,-76.7098,48.6757,-76.7828,52.5068,-75.4983,52.7697,1.83758544921875,0.0644699999364039,1.75390625,1.9443359375,3763.375,132.0345598697553,8
ch2_cla_l1_20250801T203421221_20250801T203429221.fits,/home/saurabh/moon_project/data/CLASS/ch2_cla_l1_2025_08/cla/data/calibrated/2025/08/01/ch2_cla_l1_20250801T203421221_20250801T203429221.fits,2025-08-01T20:34:21.221,2025-08-01T20:34:29.221,2025-08-01T20:34:25.221,8.0,-36.7,13.5,107.092,-76.5201,50.6683,-76.5156,50.6705,80.1176,80.1176,CLASS_add_scds.pro,2.1,479,1,"0,1,2,3,4,5,6,7,8,9,10,11,12,13,14,15,",-75.8339,49.0897,-77.1103,48.4686,-77.1856,52.4115,-75.9025,52.6898,1.80059814453125,0.0564049765681243,1.7158203125,1.8798828125,3687.625,115.51739201151858,8
ch2_cla_l1_20250801T203429221_20250801T203437221.fits,/home/saurabh/moon_project/data/CLASS/ch2_cla_l1_2025_08/cla/data/calibrated/2025/08/01/ch2_cla_l1_20250801T203429221_20250801T203437221.fits,2025-08-01T20:34:29.221,2025-08-01T20:34:37.221,2025-08-01T20:34:33.221,8.0,-36.7,13.5,106.957,-76.9229,50.5215,-76.9183,50.5237,80.4616,80.4616,CLASS_add_scds.pro,2.1,480,1,"0,1,2,3,4,5,6,7,8,9,10,11,12,13,14,15,",-76.2359,48.9073,-77.5113,48.2485,-77.5887,52.3105,-76.3065,52.6057,1.87310791015625,0.0593798628228322,1.7822265625,1.96435546875,3836.125,121.60995906116054,8
ch2_cla_l1_20250801T203445221_20250801T203453221.fits,/home/saurabh/moon_project/data/CLASS/ch2_cla_l1_2025_08/cla/data/calibrated/2025/08/01/ch2_cla_l1_20250801T203445221_20250801T203453221.fits,2025-08-01T20:34:45.221,2025-08-01T20:34:53.221,2025-08-01T20:34:49.221,8.0,-36.7,13.5,106.686,-77.7284,50.1998,-77.724,50.2019,81.1499,81.1499,CLASS_add_scds.pro,2.1,482,1,"0,1,2,3,4,5,6,7,8,9,10,11,12,13,14,15,",-77.0406,48.5075,-78.3124,47.763,-78.3949,52.0877,-77.1152,52.4209,1.733642578125,0.0759829459308822,1.64453125,1.85595703125,3550.5,155.61307326644692,8
ch2_cla_l1_20250801T203717221_20250801T203725221.fits,/home/saurabh/moon_project/data/CLASS/ch2_cla_l1_2025_08/cla/data/calibrated/2025/08/01/ch2_cla_l1_20250801T203717221_20250801T203725221.fits,2025-08-01T20:37:17.221,2025-08-01T20:37:25.221,2025-08-01T20:37:21.221,8.0,-36.8,13.5,104.034,-85.3403,41.7079,-85.3362,41.721,87.7185,87.7185,CLASS_add_scds.pro,2.1,501,1,"0,1,2,3,4,5,6,7,8,9,10,11,12,13,14,15,",-84.6161,38.8544,-85.8112,33.9926,-86.0397,45.609,-84.7923,47.9437,1.716552734375,0.0469338184267629,1.642578125,1.7939453125,3515.5,96.12046013801046,8
ch2_cla_l1_20250801T203749221_20250801T203757221.fits,/home/saurabh/moon_project/data/CLASS/ch2_cla_l1_2025_08/cla/data/calibrated/2025/08/01/ch2_cla_l1_20250801T203749221_20250801T203757221.fits,2025-08-01T20:37:49.221,2025-08-01T20:37:57.221,2025-08-01T20:37:53.221,8.0,-36.9,13.5,103.461,-86.8945,34.6829,-86.8905,34.7122,89.1063,89.1063,CLASS_add_scds.pro,2.1,505,1,"0,1,2,3,4,5,6,7,8,9,10,11,12,13,14,15,",-86.1485,32.0521,-87.2592,21.6781,-87.6207,39.0107,-86.3973,44.612,1.72491455078125,0.0407748779764159,1.66259765625,1.78515625,3532.625,83.5069500956999,8
ch2_cla_l1_20250801T203805221_20250801T203813221.fits,/home/saurabh/moon_project/data/CLASS/ch2_cla_l1_2025_08/cla/data/calibrated/2025/08/01/ch2_cla_l1_20250801T203805221_20250801T203813221.fits,2025-08-01T20:38:05.221,2025-08-01T20:38:13.221,2025-08-01T20:38:09.221,8.0,-36.9,13.5,103.172,-87.6374,27.7599,-87.6336,27.8097,89.8006,89.8006,CLASS_add_scds.pro,2.1,507,1,"0,1,2,3,4,5,6,7,8,9,10,11,12,13,14,15,",-86.8798,26.1908,-87.8879,9.4628,-88.3827,30.9269,-87.1917,41.53,1.71417236328125,0.0583554827555218,1.615234375,1.80078125,3510.625,119.5120286833087,8
ch2_cla_l1_20250801T203821221_20250801T203829221.fits,/home/saurabh/moon_project/data/CLASS/ch2_cla_l1_2025_08/cla/data/calibrated/2025/08/01/ch2_cla_l1_20250801T203821221_20250801T203829221.fits,2025-08-01T20:38:21.221,2025-08-01T20:38:29.221,2025-08-01T20:38:25.221,8.0,-36.9,13.5,102.883,-88.3158,14.9209,-88.3126,15.0147,90.4952,90.4952,CLASS_add_scds.pro,2.1,509,1,"0,1,2,3,4,5,6,7,8,9,10,11,12,13,14,15,",-87.5596,16.9061,-89.0598,10.0936,-88.3506,31.3874,-87.9722,36.0438,1.71929931640625,0.0633220762930152,1.63916015625,1.81787109375,3521.125,129.68361224809513,8
ch2_cla_l1_20250801T203837221_20250801T203845221.fits,/home/saurabh/moon_project/data/CLASS/ch2_cla_l1_2025_08/cla/data/calibrated/2025/08/01/ch2_cla_l1_20250801T203837221_20250801T203845221.fits,2025-08-01T20:38:37.221,2025-08-01T20:38:45.221,2025-08-01T20:38:41.221,8.0,-37.0,13.5,102.593,-88.813,-11.331,-88.8117,-11.0539,91.1899,91.1899,CLASS_add_scds.pro,2.1,511,1,"0,1,2,3,4,5,6,7,8,9,10,11,12,13,14,15,",-88.4675,-25.1147,-89.3168,-47.274,-89.0362,11.3854,-88.1298,1.3072,1.72503662109375,0.0779204551945301,1.6240234375,1.84619140625,3532.875,159.58109223839773,8
ch2_cla_l1_20250801T203845221_20250801T203853221.fits,/home/saurabh/moon_project/data/CLASS/ch2_cla_l1_2025_08/cla/data/calibrated/2025/08/01/ch2_cla_l1_20250801T203845221_20250801T203853221.fits,2025-08-01T20:38:45.221,2025-08-01T20:38:53.221,2025-08-01T20:38:49.221,8.0,-37.0,13.5,102.447,-88.9093,-31.3034,-88.9091,-31.0803,91.5373,91.5373,CLASS_add_scds.pro,2.1,512,1,"0,1,2,3,4,5,6,7,8,9,10,11,12,13,14,15,",-88.4828,-40.3969,-89.1333,-74.4329,-89.2725,-11.3965,-88.3373,-10.087,1.72119140625,0.1069369380898263,1.572265625,1.8876953125,3525.0,219.00684920796428,8
ch2_cla_l1_20250801T203853221_20250801T203901221.fits,/home/saurabh/moon_project/data/CLASS/ch2_cla_l1_2025_08/cla/data/calibrated/2025/08/01/ch2_cla_l1_20250801T203853221_20250801T203901221.fits,2025-08-01T20:38:53.221,2025-08-01T20:39:01.221,2025-08-01T20:38:57.221,8.0,-37.0,13.5,102.302,-88.8598,-52.1346,-88.8611,-51.9246,91.8848,91.8848,CLASS_add_scds.pro,2.1,513,1,"0,1,2,3,4,5,6,7,8,9,10,11,12,13,14,15,",-88.2127,-67.2488,-89.1333,-74.4329,-89.2725,-11.3965,-88.4865,-39.2828,1.73260498046875,0.0582988401857977,1.65625,1.833984375,3548.375,119.39602470051383,8
ch2_cla_l1_20250801T203901221_20250801T203909221.fits,/home/saurabh/moon_project/data/CLASS/ch2_cla_l1_2025_08/cla/data/calibrated/2025/08/01/ch2_cla_l1_20250801T203901221_20250801T203909221.fits,2025-08-01T20:39:01.221,2025-08-01T20:39:09.221,2025-08-01T20:39:05.221,8.0,-37.0,13.5,102.156,-88.6806,-69.2337,-88.6831,-69.0809,92.2323,92.2323,CLASS_add_scds.pro,2.1,514,1,"0,1,2,3,4,5,6,7,8,9,10,11,12,13,14,15,",-87.9665,-76.9595,-88.8317,-89.9369,-89.3216,-44.8127,-88.403,-54.008,1.72503662109375,0.0648642305737965,1.63232421875,1.83349609375,3532.875,132.84194421513538,8
ch2_cla_l1_20250801T203909221_20250801T203917221.fits,/home/saurabh/moon_project/data/CLASS/ch2_cla_l1_2025_08/cla/data/calibrated/2025/08/01/ch2_cla_l1_20250801T203909221_20250801T203917221.fits,2025-08-01T20:39:09.221,2025-08-01T20:39:17.221,2025-08-01T20:39:13.221,8.0,-37.0,13.5,102.01,-88.4152,-81.4495,-88.4183,-81.3449,92.5798,92.5798,CLASS_add_scds.pro,2.1,515,1,"0,1,2,3,4,5,6,7,8,9,10,11,12,13,14,15,",-88.108,-104.118,-88.4808,-98.711,-89.15,-72.942,-87.6753,-84.4094,1.7342529296875,0.050119468468007,1.6611328125,1.8154296875,3551.75,102.64467142247848,8
ch2_cla_l1_20250801T204205221_20250801T204213221.fits,/home/saurabh/moon_project/data/CLASS/ch2_cla_l1_2025_08/cla/data/calibrated/2025/08/01/ch2_cla_l1_20250801T204205221_20250801T204213221.fits,2025-08-01T20:42:05.221,2025-08-01T20:42:13.221,2025-08-01T20:42:09.221,8.0,-37.3,13.5,98.765,-79.8345,-118.77,-79.8387,-118.768,100.221,100.221,CLASS_add_scds.pro,2.1,537,1,"0,3,4,5,8,9,10,11,",-79.2661,-121.286,-80.4831,-120.814,-80.3902,-115.952,-79.1837,-116.969,1.72509765625,0.0494374646818294,1.6640625,1.81396484375,3533.0,101.24792766838668,8
ch2_cla_l1_20250801T204221221_20250801T204229221.fits,/home/saurabh/moon_project/data/CLASS/ch2_cla_l1_2025_08/cla/data/calibrated/2025/08/01/ch2_cla_l1_20250801T204221221_20250801T204229221.fits,2025-08-01T20:42:21.221,2025-08-01T20:42:29.221,2025-08-01T20:42:25.221,8.0,-37.3,13.5,98.4688,-79.0232,-119.233,-79.0272,-119.231,100.915,100.915,CLASS_add_scds.pro,2.1,539,1,"0,3,4,5,8,9,10,11,",-78.4531,-121.546,-79.6682,-121.14,-79.5828,-116.664,-78.3766,-117.536,1.7259521484375,0.0838385548538719,1.5703125,1.8447265625,3534.75,171.7013603407298,8
ch2_cla_l1_20250801T204237221_20250801T204245221.fits,/home/saurabh/moon_project/data/CLASS/ch2_cla_l1_2025_08/cla/data/calibrated/2025/08/01/ch2_cla_l1_20250801T204237221_20250801T204245221.fits,2025-08-01T20:42:37.221,2025-08-01T20:42:45.221,2025-08-01T20:42:41.221,8.0,-37.3,13.5,98.1726,-78.211,-119.634,-78.215,-119.632,101.608,101.608,CLASS_add_scds.pro,2.1,541,1,"0,3,4,5,8,9,10,11,",-77.6396,-121.772,-78.8526,-121.42,-78.7735,-117.275,-77.5683,-118.03,1.72991943359375,0.0904924889663927,1.5849609375,1.85791015625,3542.875,185.32861740317236,8
ch2_cla_l1_20250801T204253221_20250801T204301221.fits,/home/saurabh/moon_project/data/CLASS/ch2_cla_l1_2025_08/cla/data/calibrated/2025/08/01/ch2_cla_l1_20250801T204253221_20250801T204301221.fits,2025-08-01T20:42:53.221,2025-08-01T20:43:01.221,2025-08-01T20:42:57.221,8.0,-37.4,13.5,97.8766,-77.398,-119.984,-77.402,-119.983,102.3,102.3,CLASS_add_scds.pro,2.1,543,1,"0,3,4,5,8,9,10,11,",-76.8258,-121.972,-78.0367,-121.663,-77.9632,-117.805,-76.759,-118.465,1.74932861328125,0.0711675754664363,1.60400390625,1.8427734375,3582.625,145.75119455526158,8
ch2_cla_l1_20250801T204309221_20250801T204317221.fits,/home/saurabh/moon_project/data/CLASS/ch2_cla_l1_2025_08/cla/data/calibrated/2025/08/01/ch2_cla_l1_20250801T204309221_20250801T204317221.fits,2025-08-01T20:43:09.221,2025-08-01T20:43:17.221,2025-08-01T20:43:13.221,8.0,-37.4,13.5,97.5808,-76.5844,-120.293,-76.5885,-120.292,102.992,102.992,CLASS_add_scds.pro,2.1,545,1,"0,3,4,8,9,10,11,",-76.0114,-122.15,-77.2203,-121.876,-77.1515,-118.269,-75.9486,-118.852,1.7655029296875,0.0337542782448513,1.7236328125,1.81640625,3615.75,69.12876184545557,8
ch2_cla_l1_20250801T204325221_20250801T204333221.fits,/home/saurabh/moon_project/data/CLASS/ch2_cla_l1_2025_08/cla/data/calibrated/2025/08/01/ch2_cla_l1_20250801T204325221_20250801T204333221.fits,2025-08-01T20:43:25.221,2025-08-01T20:43:33.221,2025-08-01T20:43:29.221,8.0,-37.4,13.5,97.2852,-75.7702,-120.567,-75.7742,-120.567,103.684,103.684,CLASS_add_scds.pro,2.1,547,1,"0,3,4,5,8,9,10,11,",-75.1966,-122.309,-76.4034,-122.065,-76.3389,-118.678,-75.1374,-119.196,1.77593994140625,0.0330338853160391,1.72509765625,1.81884765625,3637.125,67.65339712724811,8
ch2_cla_l1_20250801T204557221_20250801T204605221.fits,/home/saurabh/moon_project/data/CLASS/ch2_cla_l1_2025_08/cla/data/calibrated/2025/08/01/ch2_cla_l1_20250801T204557221_20250801T204605221.fits,2025-08-01T20:45:57.221,2025-08-01T20:46:05.221,2025-08-01T20:46:01.221,8.0,-38.3,13.5,94.5004,-68.0127,-122.189,-68.0167,-122.189,110.217,110.217,CLASS_add_scds.pro,2.1,566,1,"0,1,2,3,4,5,6,7,8,9,10,11,12,13,14,15,",-67.4405,-123.278,-68.6264,-123.171,-68.5859,-121.043,-67.4022,-121.259,1.72216796875,0.0655794361780277,1.63671875,1.81982421875,3527.0,134.3066852926008,8
ch2_cla_l1_20250801T204613221_20250801T204621221.fits,/home/saurabh/moon_project/data/CLASS/ch2_cla_l1_2025_08/cla/data/calibrated/2025/08/01/ch2_cla_l1_20250801T204613221_20250801T204621221.fits,2025-08-01T20:46:13.221,2025-08-01T20:46:21.221,2025-08-01T20:46:17.221,8.0,-38.3,13.5,94.2109,-67.1942,-122.299,-67.1981,-122.299,110.9,110.9,CLASS_add_scds.pro,2.1,568,1,"0,1,2,3,4,5,6,7,8,9,10,11,12,13,14,15,",-66.6225,-123.346,-67.8062,-123.246,-67.7673,-121.198,-66.5855,-121.4,1.72705078125,0.0754620804275218,1.63232421875,1.8486328125,3537.0,154.54634071556475,8
ch2_cla_l1_20250801T204645221_20250801T204653221.fits,/home/saurabh/moon_project/data/CLASS/ch2_cla_l1_2025_08/cla/data/calibrated/2025/08/01/ch2_cla_l1_20250801T204645221_20250801T204653221.fits,2025-08-01T20:46:45.221,2025-08-01T20:46:53.221,2025-08-01T20:46:49.221,8.0,-38.4,13.5,93.6346,-65.5562,-122.498,-65.56,-122.497,112.262,112.262,CLASS_add_scds.pro,2.1,572,0,"0,1,2,3,4,5,6,7,8,9,10,11,12,13,14,15,",-64.9856,-123.47,-66.1647,-123.382,-66.1286,-121.479,-64.9511,-121.655,1.7322998046875,0.0479857229503149,1.66357421875,1.81298828125,3547.75,98.27476060224502,8
ch2_cla_l1_20250801T204701221_20250801T204709221.fits,/home/saurabh/moon_project/data/CLASS/ch2_cla_l1_2025_08/cla/data/calibrated/2025/08/01/ch2_cla_l1_20250801T204701221_20250801T204709221.fits,2025-08-01T20:47:01.221,2025-08-01T20:47:09.221,2025-08-01T20:47:05.221,8.0,-38.4,13.5,93.348,-64.7366,-122.588,-64.7405,-122.588,112.941,112.941,CLASS_add_scds.pro,2.1,574,0,"0,1,2,3,4,5,6,7,8,9,10,11,12,13,14,15,",-64.1668,-123.527,-65.3437,-123.444,-65.3088,-121.606,-64.1334,-121.771,1.71917724609375,0.0375803835229496,1.66357421875,1.77587890625,3520.875,76.9646254550009,8
ch2_cla_l1_20250801T204709221_20250801T204717221.fits,/home/saurabh/moon_project/data/CLASS/ch2_cla_l1_2025_08/cla/data/calibrated/2025/08/01/ch2_cla_l1_20250801T204709221_20250801T204717221.fits,2025-08-01T20:47:09.221,2025-08-01T20:47:17.221,2025-08-01T20:47:13.221,8.0,-38.4,13.5,93.2051,-64.3268,-122.631,-64.3307,-122.631,113.28,113.28,CLASS_add_scds.pro,2.1,575,0,"0,1,2,3,4,5,6,7,8,9,10,11,12,13,14,15,",-63.7572,-123.555,-64.933,-123.474,-64.8987,-121.667,-63.7244,-121.826,1.716064453125,0.0592331647817216,1.642578125,1.80419921875,3514.5,121.309521472966,8
ch2_cla_l1_20250801T204717221_20250801T204725221.fits,/home/saurabh/moon_project/data/CLASS/ch2_cla_l1_2025_08/cla/data/calibrated/2025/08/01/ch2_cla_l1_20250801T204717221_20250801T204725221.fits,2025-08-01T20:47:17.221,2025-08-01T20:47:25.221,2025-08-01T20:47:21.221,8.0,-38.4,13.5,93.0625,-63.9168,-122.674,-63.9207,-122.673,113.619,113.619,CLASS_add_scds.pro,2.1,576,0,"0,1,2,3,4,5,6,7,8,9,10,11,12,13,14,15,",-63.3476,-123.581,-64.5223,-123.503,-64.4886,-121.726,-63.3154,-121.88,1.740966796875,0.0388167141876775,1.69091796875,1.8056640625,3565.5,79.49663065636358,8
ch2_cla_l1_20250801T204725221_20250801T204729282.fits,/home/saurabh/moon_project/data/CLASS/ch2_cla_l1_2025_08/cla/data/calibrated/2025/08/01/ch2_cla_l1_20250801T204725221_20250801T204729282.fits,2025-08-01T20:47:25.221,2025-08-01T20:47:29.282,2025-08-01T20:47:27.252,4.061,-38.4,13.5,92.9552,-63.6078,-122.704,-63.6117,-122.704,113.874,113.874,CLASS_add_scds.pro,2.1,577,0,"0,1,2,3,4,5,6,7,8,9,10,11,12,13,14,15,",-63.1397,-123.595,-64.1116,-123.531,-64.0784,-121.783,-63.1077,-121.907,1.79638671875,0.031533544370605,1.76708984375,1.83544921875,3679.0,64.58069887099911,4
ch2_cla_l1_20250801T220200772_20250801T220208772.fits,/home/saurabh/moon_project/data/CLASS/ch2_cla_l1_2025_08/cla/data/calibrated/2025/08/01/ch2_cla_l1_20250801T220200772_20250801T220208772.fits,2025-08-01T22:02:00.772,2025-08-01T22:02:08.772,2025-08-01T22:02:04.772,8.0,-44.9,13.5,117.633,13.5399,54.6884,13.5451,54.6887,33.1328,33.1328,CLASS_add_scds.pro,2.1,254,1,"0,1,2,3,4,5,6,7,8,9,10,11,12,13,14,15,",14.2377,54.2037,12.8701,54.1778,12.8513,55.1707,14.2187,55.2022,1.7425537109375,0.0994481082233566,1.56982421875,1.86962890625,3568.75,203.66972564143435,8
ch2_cla_l1_20250801T220216772_20250801T220224772.fits,/home/saurabh/moon_project/data/CLASS/ch2_cla_l1_2025_08/cla/data/calibrated/2025/08/01/ch2_cla_l1_20250801T220216772_20250801T220224772.fits,2025-08-01T22:02:16.772,2025-08-01T22:02:24.772,2025-08-01T22:02:20.772,8.0,-44.8,13.5,117.751,12.741,54.6701,12.746,54.6702,32.8876,32.8876,CLASS_add_scds.pro,2.1,256,1,"0,1,2,3,4,5,6,7,8,9,10,11,12,13,14,15,",13.439,54.1863,12.0708,54.1605,12.052,55.1514,13.4202,55.1824,1.762939453125,0.0612776988933294,1.67333984375,1.85302734375,3610.5,125.49672733353874,8
ch2_cla_l1_20250801T220232772_20250801T220240772.fits,/home/saurabh/moon_project/data/CLASS/ch2_cla_l1_2025_08/cla/data/calibrated/2025/08/01/ch2_cla_l1_20250801T220232772_20250801T220240772.fits,2025-08-01T22:02:32.772,2025-08-01T22:02:40.772,2025-08-01T22:02:36.772,8.0,-44.8,13.5,117.865,11.9421,54.6518,11.9471,54.6519,32.6581,32.6581,CLASS_add_scds.pro,2.1,258,1,"0,1,2,3,4,5,6,7,8,9,10,11,12,13,14,15,",12.6407,54.1692,11.2714,54.1432,11.2526,55.1322,12.6219,55.163,1.7662353515625,0.0470691474991981,1.69287109375,1.8388671875,3617.25,96.39761407835778,8
ch2_cla_l1_20250801T220240772_20250801T220248772.fits,/home/saurabh/moon_project/data/CLASS/ch2_cla_l1_2025_08/cla/data/calibrated/2025/08/01/ch2_cla_l1_20250801T220240772_20250801T220248772.fits,2025-08-01T22:02:40.772,2025-08-01T22:02:48.772,2025-08-01T22:02:44.772,8.0,-44.7,13.5,117.921,11.5427,54.6427,11.5478,54.6428,32.5494,32.5494,CLASS_add_scds.pro,2.1,259,1,"0,1,2,3,4,5,6,7,8,9,10,11,12,13,14,15,",12.2415,54.1605,10.8718,54.1346,10.853,55.1227,12.2227,55.1533,1.73248291015625,0.0546447820618253,1.646484375,1.818359375,3548.125,111.91251366261824,8
ch2_cla_l1_20250801T220248772_20250801T220256772.fits,/home/saurabh/moon_project/data/CLASS/ch2_cla_l1_2025_08/cla/data/calibrated/2025/08/01/ch2_cla_l1_20250801T220248772_20250801T220256772.fits,2025-08-01T22:02:48.772,2025-08-01T22:02:56.772,2025-08-01T22:02:52.772,8.0,-44.6,13.5,117.976,11.1433,54.6336,11.1484,54.6337,32.4447,32.4447,CLASS_add_scds.pro,2.1,260,1,"0,1,2,3,4,5,6,7,8,9,10,11,12,13,14,15,",11.8424,54.1519,10.4723,54.126,10.4535,55.1132,11.8236,55.1437,1.75469970703125,0.0333044605435949,1.6962890625,1.8017578125,3593.625,68.2075351932824,8
ch2_cla_l1_20250801T220256772_20250801T220304772.fits,/home/saurabh/moon_project/data/CLASS/ch2_cla_l1_2025_08/cla/data/calibrated/2025/08/01/ch2_cla_l1_20250801T220256772_20250801T220304772.fits,2025-08-01T22:02:56.772,2025-08-01T22:03:04.772,2025-08-01T22:03:00.772,8.0,-44.5,13.5,118.03,10.7439,54.6245,10.7492,54.6246,32.3441,32.3441,CLASS_add_scds.pro,2.1,261,1,"0,1,2,3,4,5,6,7,8,9,10,11,12,13,14,15,",11.4433,54.1433,10.0727,54.1173,10.054,55.1037,11.4245,55.1342,1.72552490234375,0.0545724319934252,1.65576171875,1.8359375,3533.875,111.76434072253484,8
ch2_cla_l1_20250801T220304772_20250801T220312772.fits,/home/saurabh/moon_project/data/CLASS/ch2_cla_l1_2025_08/cla/data/calibrated/2025/08/01/ch2_cla_l1_20250801T220304772_20250801T220312772.fits,2025-08-01T22:03:04.772,2025-08-01T22:03:12.772,2025-08-01T22:03:08.772,8.0,-44.5,13.5,118.082,10.3446,54.6155,10.3498,54.6155,32.2477,32.2477,CLASS_add_scds.pro,2.1,262,1,"0,1,2,3,4,5,6,7,8,9,10,11,12,13,14,15,",11.0442,54.1345,9.6732,54.1087,9.6545,55.0944,11.0255,55.1245,1.778076171875,0.0358337040709858,1.72314453125,1.822265625,3641.5,73.38742593737898,8
ch2_cla_l1_20250801T220312772_20250801T220320772.fits,/home/saurabh/moon_project/data/CLASS/ch2_cla_l1_2025_08/cla/data/calibrated/2025/08/01/ch2_cla_l1_20250801T220312772_20250801T220320772.fits,2025-08-01T22:03:12.772,2025-08-01T22:03:20.772,2025-08-01T22:03:16.772,8.0,-44.5,13.5,118.134,9.9453,54.6064,9.9504,54.6065,32.1554,32.1554,CLASS_add_scds.pro,2.1,263,1,"0,1,2,3,4,5,6,7,8,9,10,11,12,13,14,15,",10.6451,54.126,9.2738,54.1001,9.255,55.0851,10.6263,55.1151,1.75067138671875,0.0536715672849645,1.67822265625,1.8466796875,3585.375,109.91936979960748,8
ch2_cla_l1_20250801T220320772_20250801T220328772.fits,/home/saurabh/moon_project/data/CLASS/ch2_cla_l1_2025_08/cla/data/calibrated/2025/08/01/ch2_cla_l1_20250801T220320772_20250801T220328772.fits,2025-08-01T22:03:20.772,2025-08-01T22:03:28.772,2025-08-01T22:03:24.772,8.0,-44.5,13.5,118.185,9.546,54.5974,9.5511,54.5976,32.0674,32.0674,CLASS_add_scds.pro,2.1,264,1,"0,1,2,3,4,5,6,7,8,9,10,11,12,13,14,15,",10.2461,54.1175,8.8741,54.0915,8.8554,55.0758,10.2273,55.1057,1.76544189453125,0.061646181181126,1.6640625,1.8525390625,3615.625,126.25137905894618,8
ch2_cla_l1_20250801T220328772_20250801T220336772.fits,/home/saurabh/moon_project/data/CLASS/ch2_cla_l1_2025_08/cla/data/calibrated/2025/08/01/ch2_cla_l1_20250801T220328772_20250801T220336772.fits,2025-08-01T22:03:28.772,2025-08-01T22:03:36.772,2025-08-01T22:03:32.772,8.0,-44.4,13.5,118.235,9.1467,54.5885,9.1518,54.5886,31.9836,31.9836,CLASS_add_scds.pro,2.1,265,1,"0,1,2,3,4,5,6,7,8,9,10,11,12,13,14,15,",9.8468,54.1089,8.4747,54.0828,8.456,55.0665,9.8281,55.0963,1.759765625,0.0738008825162961,1.6455078125,1.89404296875,3604.0,151.1442073933746,8
ch2_cla_l1_20250801T220336772_20250801T220344772.fits,/home/saurabh/moon_project/data/CLASS/ch2_cla_l1_2025_08/cla/data/calibrated/2025/08/01/ch2_cla_l1_20250801T220336772_20250801T220344772.fits,2025-08-01T22:03:36.772,2025-08-01T22:03:44.772,2025-08-01T22:03:40.772,8.0,-44.3,13.5,118.284,8.7475,54.5795,8.7526,54.5796,31.904,31.904,CLASS_add_scds.pro,2.1,266,1,"0,1,2,3,4,5,6,7,8,9,10,11,12,13,14,15,",9.4478,54.1002,8.0753,54.0741,8.0567,55.0572,9.4291,55.0869,1.7867431640625,0.0596912594554956,1.685546875,1.8740234375,3659.25,122.24769936485512,8
ch2_cla_l1_20250801T220344772_20250801T220352772.fits,/home/saurabh/moon_project/data/CLASS/ch2_cla_l1_2025_08/cla/data/calibrated/2025/08/01/ch2_cla_l1_20250801T220344772_20250801T220352772.fits,2025-08-01T22:03:44.772,2025-08-01T22:03:52.772,2025-08-01T22:03:48.772,8.0,-44.2,13.5,118.332,8.3483,54.5706,8.3533,54.5706,31.8288,31.8288,CLASS_add_scds.pro,2.1,267,1,"0,1,2,3,4,5,6,7,8,9,10,11,12,13,14,15,",9.0489,54.0916,7.6759,54.0654,7.6573,55.048,9.0302,55.0776,1.76513671875,0.084236248917118,1.6455078125,1.90478515625,3615.0,172.5158377822578,8
ch2_cla_l1_20250801T220352772_20250801T220400772.fits,/home/saurabh/moon_project/data/CLASS/ch2_cla_l1_2025_08/cla/data/calibrated/2025/08/01/ch2_cla_l1_20250801T220352772_20250801T220400772.fits,2025-08-01T22:03:52.772,2025-08-01T22:04:00.772,2025-08-01T22:03:56.772,8.0,-44.2,13.5,118.379,7.9491,54.5616,7.9541,54.5617,31.7579,31.7579,CLASS_add_scds.pro,2.1,268,1,"0,1,2,3,4,5,6,7,8,9,10,11,12,13,14,15,",8.6499,54.0829,7.2767,54.0569,7.258,55.0389,8.6312,55.0682,1.771240234375,0.0728205871768617,1.67724609375,1.88134765625,3627.5,149.1365625382129,8
ch2_cla_l1_20250801T220400772_20250801T220408772.fits,/home/saurabh/moon_project/data/CLASS/ch2_cla_l1_2025_08/cla/data/calibrated/2025/08/01/ch2_cla_l1_20250801T220400772_20250801T220408772.fits,2025-08-01T22:04:00.772,2025-08-01T22:04:08.772,2025-08-01T22:04:04.772,8.0,-44.1,13.5,118.424,7.5499,54.5527,7.555,54.5528,31.6913,31.6913,CLASS_add_scds.pro,2.1,269,1,"0,1,2,3,4,5,6,7,8,9,10,11,12,13,14,15,",8.251,54.0744,6.8772,54.0482,6.8586,55.0297,8.2323,55.0591,1.799072265625,0.0808110210353752,1.65625,1.9287109375,3684.5,165.50097108044844,8
ch2_cla_l1_20250801T220408772_20250801T220416772.fits,/home/saurabh/moon_project/data/CLASS/ch2_cla_l1_2025_08/cla/data/calibrated/2025/08/01/ch2_cla_l1_20250801T220408772_20250801T220416772.fits,2025-08-01T22:04:08.772,2025-08-01T22:04:16.772,2025-08-01T22:04:12.772,8.0,-44.1,13.5,118.469,7.1507,54.5438,7.1558,54.544,31.6292,31.6292,CLASS_add_scds.pro,2.1,270,1,"0,1,2,3,4,5,6,7,8,9,10,11,12,13,14,15,",7.8519,54.0658,6.4779,54.0396,6.4592,55.0207,7.8332,55.0498,1.79156494140625,0.0730342274113759,1.705078125,1.90283203125,3669.125,149.57409773849787,8
ch2_cla_l1_20250801T220416772_20250801T220424772.fits,/home/saurabh/moon_project/data/CLASS/ch2_cla_l1_2025_08/cla/data/calibrated/2025/08/01/ch2_cla_l1_20250801T220416772_20250801T220424772.fits,2025-08-01T22:04:16.772,2025-08-01T22:04:24.772,2025-08-01T22:04:20.772,8.0,-44.1,13.5,118.513,6.7516,54.5349,6.7566,54.535,31.5715,31.5715,CLASS_add_scds.pro,2.1,271,1,"0,1,2,3,4,5,6,7,8,9,10,11,12,13,14,15,",7.4529,54.0572,6.0785,54.0309,6.0599,55.0116,7.4343,55.0407,1.78851318359375,0.0604885893107864,1.68798828125,1.875,3662.875,123.88063090849074,8
ch2_cla_l1_20250801T220424772_20250801T220432772.fits,/home/saurabh/moon_project/data/CLASS/ch2_cla_l1_2025_08/cla/data/calibrated/2025/08/01/ch2_cla_l1_20250801T220424772_20250801T220432772.fits,2025-08-01T22:04:24.772,2025-08-01T22:04:32.772,2025-08-01T22:04:28.772,8.0,-43.9,13.5,118.557,6.3525,54.526,6.3576,54.5262,31.5182,31.5182,CLASS_add_scds.pro,2.1,272,1,"0,1,2,3,4,5,6,7,8,9,10,11,12,13,14,15,",7.0539,54.0485,5.6793,54.0221,5.6607,55.0025,7.0353,55.0315,1.78839111328125,0.0464296070968479,1.72265625,1.86181640625,3662.625,95.08783533434458,8
ch2_cla_l1_20250801T220432772_20250801T220440772.fits,/home/saurabh/moon_project/data/CLASS/ch2_cla_l1_2025_08/cla/data/calibrated/2025/08/01/ch2_cla_l1_20250801T220432772_20250801T220440772.fits,2025-08-01T22:04:32.772,2025-08-01T22:04:40.772,2025-08-01T22:04:36.772,8.0,-43.9,13.5,118.599,5.9533,54.5172,5.9584,54.5173,31.4694,31.4694,CLASS_add_scds.pro,2.1,273,1,"0,1,2,3,4,5,6,7,8,9,10,11,12,13,14,15,",6.6551,54.0398,5.2801,54.0135,5.2614,54.9936,6.6364,55.0223,1.82574462890625,0.0768801835158981,1.697265625,1.93701171875,3739.125,157.45061584055944,8
ch2_cla_l1_20250801T220504772_20250801T220512772.fits,/home/saurabh/moon_project/data/CLASS/ch2_cla_l1_2025_08/cla/data/calibrated/2025/08/01/ch2_cla_l1_20250801T220504772_20250801T220512772.fits,2025-08-01T22:05:04.772,2025-08-01T22:05:12.772,2025-08-01T22:05:08.772,8.0,-43.7,13.5,118.757,4.3571,54.4818,4.3622,54.482,31.3191,31.3191,CLASS_add_scds.pro,2.1,277,1,"0,1,2,3,4,5,6,7,8,9,10,11,12,13,14,15,",5.0595,54.0052,3.6831,53.9786,3.6645,54.9578,5.0409,54.9863,1.7366943359375,0.0398692073757257,1.67724609375,1.791015625,3556.75,81.65213670548633,8
ch2_cla_l1_20250801T220520772_20250801T220528772.fits,/home/saurabh/moon_project/data/CLASS/ch2_cla_l1_2025_08/cla/data/calibrated/2025/08/01/ch2_cla_l1_20250801T220520772_20250801T220528772.fits,2025-08-01T22:05:20.772,2025-08-01T22:05:28.772,2025-08-01T22:05:24.772,8.0,-43.6,13.5,118.83,3.5591,54.4642,3.5643,54.4643,31.2712,31.2712,CLASS_add_scds.pro,2.1,279,1,"0,1,2,3,4,5,6,7,8,9,10,11,12,13,14,15,",4.262,53.9878,2.885,53.9611,2.8665,54.9401,4.2433,54.9684,1.72808837890625,0.0614084219678437,1.63134765625,1.8203125,3539.125,125.76444819014408,8
ch2_cla_l1_20250801T220536772_20250801T220544772.fits,/home/saurabh/moon_project/data/CLASS/ch2_cla_l1_2025_08/cla/data/calibrated/2025/08/01/ch2_cla_l1_20250801T220536772_20250801T220544772.fits,2025-08-01T22:05:36.772,2025-08-01T22:05:44.772,2025-08-01T22:05:40.772,8.0,-43.5,13.5,118.899,2.7611,54.4466,2.7664,54.4468,31.2416,31.2416,CLASS_add_scds.pro,2.1,281,1,"0,1,2,3,4,5,6,7,8,9,10,11,12,13,14,15,",3.4642,53.9704,2.0868,53.9436,2.0682,54.9226,3.4456,54.9506,1.72967529296875,0.0648077584211375,1.64697265625,1.82958984375,3542.375,132.72628924648976,8
ch2_cla_l1_20250801T220552772_20250801T220600772.fits,/home/saurabh/moon_project/data/CLASS/ch2_cla_l1_2025_08/cla/data/calibrated/2025/08/01/ch2_cla_l1_20250801T220552772_20250801T220600772.fits,2025-08-01T22:05:52.772,2025-08-01T22:06:00.772,2025-08-01T22:05:56.772,8.0,-43.3,13.5,118.965,1.9632,54.4291,1.9683,54.4293,31.2302,31.2302,CLASS_add_scds.pro,2.1,283,1,"0,1,2,3,4,5,6,7,8,9,10,11,12,13,14,15,",2.6665,53.9529,1.2886,53.926,1.27,54.9051,2.6479,54.933,1.735107421875,0.0787943909107288,1.6357421875,1.84716796875,3553.5,161.37091258517265,8
ch2_cla_l1_20250801T220608772_20250801T220616772.fits,/home/saurabh/moon_project/data/CLASS/ch2_cla_l1_2025_08/cla/data/calibrated/2025/08/01/ch2_cla_l1_20250801T220608772_20250801T220616772.fits,2025-08-01T22:06:08.772,2025-08-01T22:06:16.772,2025-08-01T22:06:12.772,8.0,-43.3,13.5,119.026,1.1654,54.4115,1.1705,54.4117,31.2373,31.2373,CLASS_add_scds.pro,2.1,285,1,"0,1,2,3,4,5,6,7,8,9,10,11,12,13,14,15,",1.8689,53.9354,0.4907,53.9083,0.4721,54.8877,1.8503,54.9154,1.7232666015625,0.0467926391751546,1.65576171875,1.79443359375,3529.25,95.83132503071664,8
ch2_cla_l1_20250801T220616772_20250801T220624772.fits,/home/saurabh/moon_project/data/CLASS/ch2_cla_l1_2025_08/cla/data/calibrated/2025/08/01/ch2_cla_l1_20250801T220616772_20250801T220624772.fits,2025-08-01T22:06:16.772,2025-08-01T22:06:24.772,2025-08-01T22:06:20.772,8.0,-43.2,13.5,119.055,0.7665,54.4027,0.7716,54.4029,31.2476,31.2476,CLASS_add_scds.pro,2.1,286,1,"0,1,2,3,4,5,6,7,8,9,10,11,12,13,14,15,",1.4702,53.9266,0.0917,53.8994,0.0731,54.879,1.4516,54.9066,1.71661376953125,0.0745945358641348,1.6103515625,1.833984375,3515.625,152.76960944974812,8
ch2_cla_l1_20250801T220624772_20250801T220632772.fits,/home/saurabh/moon_project/data/CLASS/ch2_cla_l1_2025_08/cla/data/calibrated/2025/08/01/ch2_cla_l1_20250801T220624772_20250801T220632772.fits,2025-08-01T22:06:24.772,2025-08-01T22:06:32.772,2025-08-01T22:06:28.772,8.0,-43.1,13.5,119.083,0.3676,54.3939,0.3728,54.3941,31.2626,31.2626,CLASS_add_scds.pro,2.1,287,1,"0,1,2,3,4,5,6,7,8,9,10,11,12,13,14,15,",1.0716,53.9177,-0.3072,53.8905,-0.3258,54.8703,1.0529,54.8979,1.74554443359375,0.0425973171511227,1.69384765625,1.8232421875,3574.875,87.23930552549939,8
ch2_cla_l1_20250801T220632772_20250801T220640772.fits,/home/saurabh/moon_project/data/CLASS/ch2_cla_l1_2025_08/cla/data/calibrated/2025/08/01/ch2_cla_l1_20250801T220632772_20250801T220640772.fits,2025-08-01T22:06:32.772,2025-08-01T22:06:40.772,2025-08-01T22:06:36.772,8.0,-43.1,13.5,119.11,-0.0313,54.3852,-0.0261,54.3853,31.2821,31.2821,CLASS_add_scds.pro,2.1,288,1,"0,1,2,3,4,5,6,7,8,9,10,11,12,13,14,15,",0.6728,53.9089,-0.7062,53.8815,-0.7248,54.8617,0.6542,54.8892,1.74285888671875,0.069857594138105,1.650390625,1.86083984375,3569.375,143.0683527948392,8
ch2_cla_l1_20250801T220640772_20250801T220648772.fits,/home/saurabh/moon_project/data/CLASS/ch2_cla_l1_2025_08/cla/data/calibrated/2025/08/01/ch2_cla_l1_20250801T220640772_20250801T220648772.fits,2025-08-01T22:06:40.772,2025-08-01T22:06:48.772,2025-08-01T22:06:44.772,8.0,-43.0,13.5,119.136,-0.4301,54.3764,-0.4249,54.3766,31.3062,31.3062,CLASS_add_scds.pro,2.1,289,1,"0,1,2,3,4,5,6,7,8,9,10,11,12,13,14,15,",0.2741,53.9,-1.1052,53.8727,-1.1239,54.8531,0.2554,54.8805,1.7333984375,0.0335642942135224,1.681640625,1.7841796875,3550.0,68.739674549294,8
ch2_cla_l1_20250801T220648772_20250801T220656772.fits,/home/saurabh/moon_project/data/CLASS/ch2_cla_l1_2025_08/cla/data/calibrated/2025/08/01/ch2_cla_l1_20250801T220648772_20250801T220656772.fits,2025-08-01T22:06:48.772,2025-08-01T22:06:56.772,2025-08-01T22:06:52.772,8.0,-43.0,13.5,119.162,-0.829,54.3676,-0.8238,54.3678,31.3348,31.3348,CLASS_add_scds.pro,2.1,290,1,"0,1,2,3,4,5,6,7,8,9,10,11,12,13,14,15,",-0.1248,53.8912,-1.5043,53.8636,-1.5229,54.8445,-0.1434,54.8719,1.74517822265625,0.0517455958011983,1.67041015625,1.81982421875,3574.125,105.97498020085416,8
ch2_cla_l1_20250801T220656772_20250801T220704772.fits,/home/saurabh/moon_project/data/CLASS/ch2_cla_l1_2025_08/cla/data/calibrated/2025/08/01/ch2_cla_l1_20250801T220656772_20250801T220704772.fits,2025-08-01T22:06:56.772,2025-08-01T22:07:04.772,2025-08-01T22:07:00.772,8.0,-42.9,13.5,119.186,-1.2278,54.3588,-1.2225,54.3591,31.3679,31.3679,CLASS_add_scds.pro,2.1,291,1,"0,1,2,3,4,5,6,7,8,9,10,11,12,13,14,15,",-0.5236,53.8822,-1.9028,53.8547,-1.9215,54.8359,-0.5422,54.8631,1.753173828125,0.0333249717397491,1.70556640625,1.81103515625,3590.5,68.24954212300622,8
ch2_cla_l1_20250801T220704772_20250801T220712772.fits,/home/saurabh/moon_project/data/CLASS/ch2_cla_l1_2025_08/cla/data/calibrated/2025/08/01/ch2_cla_l1_20250801T220704772_20250801T220712772.fits,2025-08-01T22:07:04.772,2025-08-01T22:07:12.772,2025-08-01T22:07:08.772,8.0,-42.9,13.5,119.209,-1.6267,54.3501,-1.6214,54.3502,31.4056,31.4056,CLASS_add_scds.pro,2.1,292,1,"0,1,2,3,4,5,6,7,8,9,10,11,12,13,14,15,",-0.922,53.8734,-2.3019,53.8457,-2.3206,54.8274,-0.9407,54.8546,1.76336669921875,0.0555666498997255,1.681640625,1.84033203125,3611.375,113.80049899463783,8
ch2_cla_l1_20250801T220712772_20250801T220720772.fits,/home/saurabh/moon_project/data/CLASS/ch2_cla_l1_2025_08/cla/data/calibrated/2025/08/01/ch2_cla_l1_20250801T220712772_20250801T220720772.fits,2025-08-01T22:07:12.772,2025-08-01T22:07:20.772,2025-08-01T22:07:16.772,8.0,-42.9,13.5,119.231,-2.0255,54.3413,-2.0203,54.3415,31.4478,31.4478,CLASS_add_scds.pro,2.1,293,1,"0,1,2,3,4,5,6,7,8,9,10,11,12,13,14,15,",-1.3209,53.8645,-2.7008,53.8367,-2.7195,54.8188,-1.3395,54.846,1.74249267578125,0.0640475571381048,1.6376953125,1.8349609375,3568.625,131.16939701883862,8
ch2_cla_l1_20250801T220720772_20250801T220728772.fits,/home/saurabh/moon_project/data/CLASS/ch2_cla_l1_2025_08/cla/data/calibrated/2025/08/01/ch2_cla_l1_20250801T220720772_20250801T220728772.fits,2025-08-01T22:07:20.772,2025-08-01T22:07:28.772,2025-08-01T22:07:24.772,8.0,-42.8,13.5,119.252,-2.4243,54.3325,-2.4192,54.3327,31.4944,31.4944,CLASS_add_scds.pro,2.1,294,1,"0,1,2,3,4,5,6,7,8,9,10,11,12,13,14,15,",-1.7196,53.8555,-3.0997,53.8276,-3.1184,54.8103,-1.7382,54.8373,1.778564453125,0.0506476016446062,1.7099609375,1.857421875,3642.5,103.72628816815369,8
ch2_cla_l1_20250801T220728772_20250801T220736772.fits,/home/saurabh/moon_project/data/CLASS/ch2_cla_l1_2025_08/cla/data/calibrated/2025/08/01/ch2_cla_l1_20250801T220728772_20250801T220736772.fits,2025-08-01T22:07:28.772,2025-08-01T22:07:36.772,2025-08-01T22:07:32.772,8.0,-42.7,13.5,119.272,-2.8231,54.3237,-2.818,54.3239,31.5456,31.5456,CLASS_add_scds.pro,2.1,295,1,"0,1,2,3,4,5,6,7,8,9,10,11,12,13,14,15,",-2.1184,53.8465,-3.4986,53.8185,-3.5173,54.8017,-2.137,54.8288,1.74481201171875,0.0635081788857899,1.66357421875,1.84814453125,3573.375,130.06475035809774,8
ch2_cla_l1_20250801T220736772_20250801T220744772.fits,/home/saurabh/moon_project/data/CLASS/ch2_cla_l1_2025_08/cla/data/calibrated/2025/08/01/ch2_cla_l1_20250801T220736772_20250801T220744772.fits,2025-08-01T22:07:36.772,2025-08-01T22:07:44.772,2025-08-01T22:07:40.772,8.0,-42.7,13.5,119.291,-3.2219,54.3149,-3.2168,54.3151,31.6011,31.6011,CLASS_add_scds.pro,2.1,296,1,"0,1,2,3,4,5,6,7,8,9,10,11,12,13,14,15,",-2.5171,53.8375,-3.8974,53.8095,-3.9161,54.7933,-2.5358,54.8202,1.78662109375,0.0956151797312563,1.6220703125,1.91064453125,3659.0,195.81988808961304,8
ch2_cla_l1_20250801T220744772_20250801T220752772.fits,/home/saurabh/moon_project/data/CLASS/ch2_cla_l1_2025_08/cla/data/calibrated/2025/08/01/ch2_cla_l1_20250801T220744772_20250801T220752772.fits,2025-08-01T22:07:44.772,2025-08-01T22:07:52.772,2025-08-01T22:07:48.772,8.0,-42.6,13.5,119.309,-3.6207,54.3061,-3.6155,54.3063,31.6611,31.6611,CLASS_add_scds.pro,2.1,297,1,"0,1,2,3,4,5,6,7,8,9,10,11,12,13,14,15,",-2.9157,53.8285,-4.2962,53.8003,-4.315,54.7848,-2.9344,54.8117,1.75006103515625,0.0727796207384372,1.65673828125,1.85888671875,3584.125,149.0526632723194,8
ch2_cla_l1_20250801T220752772_20250801T220800772.fits,/home/saurabh/moon_project/data/CLASS/ch2_cla_l1_2025_08/cla/data/calibrated/2025/08/01/ch2_cla_l1_20250801T220752772_20250801T220800772.fits,2025-08-01T22:07:52.772,2025-08-01T22:08:00.772,2025-08-01T22:07:56.772,8.0,-42.6,13.5,119.326,-4.0195,54.2973,-4.0143,54.2975,31.7255,31.7255,CLASS_add_scds.pro,2.1,298,1,"0,1,2,3,4,5,6,7,8,9,10,11,12,13,14,15,",-3.3144,53.8195,-4.6952,53.7911,-4.7139,54.7762,-3.3331,54.8031,1.807861328125,0.1014457282862511,1.62841796875,1.93701171875,3702.5,207.7608515302424,8
ch2_cla_l1_20250801T220800772_20250801T220808772.fits,/home/saurabh/moon_project/data/CLASS/ch2_cla_l1_2025_08/cla/data/calibrated/2025/08/01/ch2_cla_l1_20250801T220800772_20250801T220808772.fits,2025-08-01T22:08:00.772,2025-08-01T22:08:08.772,2025-08-01T22:08:04.772,8.0,-42.5,13.5,119.341,-4.4183,54.2885,-4.4132,54.2886,31.7942,31.7942,CLASS_add_scds.pro,2.1,299,1,"0,1,2,3,4,5,6,7,8,9,10,11,12,13,14,15,",-3.7132,53.8103,-5.0939,53.782,-5.1127,54.7678,-3.7319,54.7945,1.7427978515625,0.0467248965620205,1.673828125,1.82568359375,3569.25,95.692588159018,8
ch2_cla_l1_20250801T220808772_20250801T220816772.fits,/home/saurabh/moon_project/data/CLASS/ch2_cla_l1_2025_08/cla/data/calibrated/2025/08/01/ch2_cla_l1_20250801T220808772_20250801T220816772.fits,2025-08-01T22:08:08.772,2025-08-01T22:08:16.772,2025-08-01T22:08:12.772,8.0,-42.4,13.5,119.356,-4.8171,54.2796,-4.8119,54.2798,31.8673,31.8673,CLASS_add_scds.pro,2.1,300,1,"0,1,2,3,4,5,6,7,8,9,10,11,12,13,14,15,",-4.1118,53.8013,-5.4927,53.7727,-5.5115,54.7593,-4.1305,54.7861,1.81158447265625,0.0435657885405381,1.74169921875,1.88916015625,3710.125,89.22273493102209,8
ch2_cla_l1_20250801T220816772_20250801T220824772.fits,/home/saurabh/moon_project/data/CLASS/ch2_cla_l1_2025_08/cla/data/calibrated/2025/08/01/ch2_cla_l1_20250801T220816772_20250801T220824772.fits,2025-08-01T22:08:16.772,2025-08-01T22:08:24.772,2025-08-01T22:08:20.772,8.0,-42.4,13.5,119.37,-5.2158,54.2708,-5.2108,54.271,31.9447,31.9447,CLASS_add_scds.pro,2.1,301,1,"0,1,2,3,4,5,6,7,8,9,10,11,12,13,14,15,",-4.5105,53.7921,-5.8917,53.7635,-5.9104,54.7509,-4.5292,54.7776,1.758544921875,0.0482873232227595,1.6884765625,1.841796875,3601.5,98.89243796021152,8
ch2_cla_l1_20250801T220824772_20250801T220832772.fits,/home/saurabh/moon_project/data/CLASS/ch2_cla_l1_2025_08/cla/data/calibrated/2025/08/01/ch2_cla_l1_20250801T220824772_20250801T220832772.fits,2025-08-01T22:08:24.772,2025-08-01T22:08:32.772,2025-08-01T22:08:28.772,8.0,-42.4,13.5,119.383,-5.6146,54.2619,-5.6095,54.2621,32.0263,32.0263,CLASS_add_scds.pro,2.1,302,1,"0,1,2,3,4,5,6,7,8,9,10,11,12,13,14,15,",-4.9094,53.7829,-6.2904,53.7542,-6.3092,54.7424,-4.9281,54.7691,1.8319091796875,0.0471624010619795,1.7685546875,1.9140625,3751.75,96.58859737493418,8
ch2_cla_l1_20250801T220832772_20250801T220840772.fits,/home/saurabh/moon_project/data/CLASS/ch2_cla_l1_2025_08/cla/data/calibrated/2025/08/01/ch2_cla_l1_20250801T220832772_20250801T220840772.fits,2025-08-01T22:08:32.772,2025-08-01T22:08:40.772,2025-08-01T22:08:36.772,8.0,-42.3,13.5,119.395,-6.0133,54.2531,-6.0082,54.2533,32.1122,32.1122,CLASS_add_scds.pro,2.1,303,1,"0,1,2,3,4,5,6,7,8,9,10,11,12,13,14,15,",-5.308,53.7737,-6.6892,53.7448,-6.708,54.7339,-5.3267,54.7606,1.7662353515625,0.0581811821484015,1.69189453125,1.8740234375,3617.25,119.15506103992634,8
ch2_cla_l1_20250801T220840772_20250801T220848772.fits,/home/saurabh/moon_project/data/CLASS/ch2_cla_l1_2025_08/cla/data/calibrated/2025/08/01/ch2_cla_l1_20250801T220840772_20250801T220848772.fits,2025-08-01T22:08:40.772,2025-08-01T22:08:48.772,2025-08-01T22:08:44.772,8.0,-42.2,13.5,119.405,-6.4121,54.2442,-6.4069,54.2444,32.2024,32.2024,CLASS_add_scds.pro,2.1,304,1,"0,1,2,3,4,5,6,7,8,9,10,11,12,13,14,15,",-5.7067,53.7644,-7.0878,53.7355,-7.1066,54.7255,-5.7255,54.7521,1.825439453125,0.0359390542778216,1.76416015625,1.87060546875,3738.5,73.60318316097866,8
ch2_cla_l1_20250801T220848772_20250801T220856772.fits,/home/saurabh/moon_project/data/CLASS/ch2_cla_l1_2025_08/cla/data/calibrated/2025/08/01/ch2_cla_l1_20250801T220848772_20250801T220856772.fits,2025-08-01T22:08:48.772,2025-08-01T22:08:56.772,2025-08-01T22:08:52.772,8.0,-42.1,13.5,119.415,-6.8108,54.2353,-6.8055,54.2355,32.2966,32.2966,CLASS_add_scds.pro,2.1,305,1,"0,1,2,3,4,5,6,7,8,9,10,11,12,13,14,15,",-6.1052,53.7552,-7.4865,53.7261,-7.5054,54.717,-6.124,54.7436,1.80047607421875,0.0507402778751959,1.736328125,1.89453125,3687.375,103.91608908840138,8
ch2_cla_l1_20250801T220952772_20250801T221000772.fits,/home/saurabh/moon_project/data/CLASS/ch2_cla_l1_2025_08/cla/data/calibrated/2025/08/01/ch2_cla_l1_20250801T220952772_20250801T221000772.fits,2025-08-01T22:09:52.772,2025-08-01T22:10:00.772,2025-08-01T22:09:56.772,8.0,-41.7,13.5,119.455,-10.0007,54.1637,-9.9956,54.1639,33.1964,33.1964,CLASS_add_scds.pro,2.1,313,1,"0,1,2,3,4,5,6,7,8,9,10,11,12,13,14,15,",-9.2948,53.6799,-10.6764,53.6497,-10.6954,54.6498,-9.3137,54.6761,1.72589111328125,0.0840597479841296,1.59765625,1.8681640625,3534.625,172.1543638714976,8
ch2_cla_l1_20250801T221008772_20250801T221016772.fits,/home/saurabh/moon_project/data/CLASS/ch2_cla_l1_2025_08/cla/data/calibrated/2025/08/01/ch2_cla_l1_20250801T221008772_20250801T221016772.fits,2025-08-01T22:10:08.772,2025-08-01T22:10:16.772,2025-08-01T22:10:12.772,8.0,-41.6,13.5,119.455,-10.7981,54.1456,-10.7928,54.1459,33.4603,33.4603,CLASS_add_scds.pro,2.1,315,1,"0,1,2,3,4,5,6,7,8,9,10,11,12,13,14,15,",-10.0921,53.6607,-11.4738,53.6302,-11.4928,54.6331,-10.1111,54.6593,1.74267578125,0.0795039951797807,1.61328125,1.85400390625,3569.0,162.82418212819093,8
ch2_cla_l1_20250801T221016772_20250801T221024772.fits,/home/saurabh/moon_project/data/CLASS/ch2_cla_l1_2025_08/cla/data/calibrated/2025/08/01/ch2_cla_l1_20250801T221016772_20250801T221024772.fits,2025-08-01T22:10:16.772,2025-08-01T22:10:24.772,2025-08-01T22:10:20.772,8.0,-41.5,13.5,119.453,-11.1968,54.1365,-11.1912,54.1368,33.5978,33.5978,CLASS_add_scds.pro,2.1,316,1,"0,1,2,3,4,5,6,7,8,9,10,11,12,13,14,15,",-10.4908,53.6511,-11.8719,53.6203,-11.8911,54.6246,-10.5098,54.651,1.7242431640625,0.0426790453787034,1.66259765625,1.7978515625,3531.25,87.4066849355847,8
ch2_cla_l1_20250801T221024772_20250801T221032772.fits,/home/saurabh/moon_project/data/CLASS/ch2_cla_l1_2025_08/cla/data/calibrated/2025/08/01/ch2_cla_l1_20250801T221024772_20250801T221032772.fits,2025-08-01T22:10:24.772,2025-08-01T22:10:32.772,2025-08-01T22:10:28.772,8.0,-41.4,13.5,119.451,-11.5955,54.1274,-11.5901,54.1276,33.739,33.739,CLASS_add_scds.pro,2.1,317,1,"0,1,2,3,4,5,6,7,8,9,10,11,12,13,14,15,",-10.889,53.6414,-12.2708,53.6104,-12.29,54.6162,-10.9081,54.6426,1.7315673828125,0.0563311460806118,1.62939453125,1.80224609375,3546.25,115.36618717309308,8
ch2_cla_l1_20250801T221040772_20250801T221048772.fits,/home/saurabh/moon_project/data/CLASS/ch2_cla_l1_2025_08/cla/data/calibrated/2025/08/01/ch2_cla_l1_20250801T221040772_20250801T221048772.fits,2025-08-01T22:10:40.772,2025-08-01T22:10:48.772,2025-08-01T22:10:44.772,8.0,-41.3,13.5,119.442,-12.393,54.1092,-12.3877,54.1093,34.0322,34.0322,CLASS_add_scds.pro,2.1,319,1,"0,1,2,3,4,5,6,7,8,9,10,11,12,13,14,15,",-11.6868,53.6218,-13.0684,53.5906,-13.0876,54.5994,-11.7059,54.6257,1.77056884765625,0.0575127197199837,1.6689453125,1.841796875,3626.125,117.78604998652672,8
ch2_cla_l1_20250801T221048772_20250801T221056772.fits,/home/saurabh/moon_project/data/CLASS/ch2_cla_l1_2025_08/cla/data/calibrated/2025/08/01/ch2_cla_l1_20250801T221048772_20250801T221056772.fits,2025-08-01T22:10:48.772,2025-08-01T22:10:56.772,2025-08-01T22:10:52.772,8.0,-41.3,13.5,119.436,-12.7917,54.1,-12.7865,54.1002,34.1841,34.1841,CLASS_add_scds.pro,2.1,320,1,"0,1,2,3,4,5,6,7,8,9,10,11,12,13,14,15,",-12.0856,53.6119,-13.4671,53.5806,-13.4863,54.591,-12.1047,54.6173,1.7337646484375,0.0374417442865403,1.6884765625,1.79638671875,3550.75,76.68069229883473,8
ch2_cla_l1_20250801T221056772_20250801T221104772.fits,/home/saurabh/moon_project/data/CLASS/ch2_cla_l1_2025_08/cla/data/calibrated/2025/08/01/ch2_cla_l1_20250801T221056772_20250801T221104772.fits,2025-08-01T22:10:56.772,2025-08-01T22:11:04.772,2025-08-01T22:11:00.772,8.0,-41.2,13.5,119.43,-13.1904,54.0908,-13.1852,54.091,34.3395,34.3395,CLASS_add_scds.pro,2.1,321,1,"0,1,2,3,4,5,6,7,8,9,10,11,12,13,14,15,",-12.4843,53.602,-13.8657,53.5705,-13.885,54.5825,-12.5035,54.6088,1.77484130859375,0.055089871623586,1.6806640625,1.85009765625,3634.875,112.82405708510424,8
ch2_cla_l1_20250801T221104772_20250801T221112772.fits,/home/saurabh/moon_project/data/CLASS/ch2_cla_l1_2025_08/cla/data/calibrated/2025/08/01/ch2_cla_l1_20250801T221104772_20250801T221112772.fits,2025-08-01T22:11:04.772,2025-08-01T22:11:12.772,2025-08-01T22:11:08.772,8.0,-41.1,13.5,119.422,-13.5892,54.0816,-13.584,54.0818,34.4983,34.4983,CLASS_add_scds.pro,2.1,322,1,"0,1,2,3,4,5,6,7,8,9,10,11,12,13,14,15,",-12.8831,53.5921,-14.2644,53.5604,-14.2837,54.5741,-12.9022,54.6004,1.7197265625,0.0590581023524611,1.6181640625,1.80859375,3522.0,120.95099361784035,8
ch2_cla_l1_20250801T221112772_20250801T221120772.fits,/home/saurabh/moon_project/data/CLASS/ch2_cla_l1_2025_08/cla/data/calibrated/2025/08/01/ch2_cla_l1_20250801T221112772_20250801T221120772.fits,2025-08-01T22:11:12.772,2025-08-01T22:11:20.772,2025-08-01T22:11:16.772,8.0,-41.1,13.5,119.413,-13.9879,54.0723,-13.9827,54.0725,34.6605,34.6605,CLASS_add_scds.pro,2.1,323,1,"0,1,2,3,4,5,6,7,8,9,10,11,12,13,14,15,",-13.2818,53.5821,-14.6631,53.5502,-14.6824,54.5657,-13.301,54.592,1.79345703125,0.0576201431218311,1.70654296875,1.88525390625,3673.0,118.00605311351012,8
ch2_cla_l1_20250801T221120772_20250801T221128772.fits,/home/saurabh/moon_project/data/CLASS/ch2_cla_l1_2025_08/cla/data/calibrated/2025/08/01/ch2_cla_l1_20250801T221120772_20250801T221128772.fits,2025-08-01T22:11:20.772,2025-08-01T22:11:28.772,2025-08-01T22:11:24.772,8.0,-41.1,13.5,119.403,-14.3866,54.0631,-14.3814,54.0633,34.8261,34.8261,CLASS_add_scds.pro,2.1,324,1,"0,1,2,3,4,5,6,7,8,9,10,11,12,13,14,15,",-13.6806,53.5721,-15.0617,53.54,-15.0811,54.5573,-13.6998,54.5836,1.72442626953125,0.0745694186856388,1.61328125,1.8232421875,3531.625,152.7181694681883,8
ch2_cla_l1_20250801T221128772_20250801T221136772.fits,/home/saurabh/moon_project/data/CLASS/ch2_cla_l1_2025_08/cla/data/calibrated/2025/08/01/ch2_cla_l1_20250801T221128772_20250801T221136772.fits,2025-08-01T22:11:28.772,2025-08-01T22:11:36.772,2025-08-01T22:11:32.772,8.0,-41.0,13.5,119.392,-14.7854,54.0537,-14.7802,54.0539,34.9949,34.9949,CLASS_add_scds.pro,2.1,325,1,"0,1,2,3,4,5,6,7,8,9,10,11,12,13,14,15,",-14.0793,53.562,-15.4604,53.5297,-15.4798,54.5488,-14.0986,54.5751,1.7821044921875,0.0709210656576458,1.68994140625,1.88671875,3649.75,145.2463424668587,8
ch2_cla_l1_20250801T221136772_20250801T221144772.fits,/home/saurabh/moon_project/data/CLASS/ch2_cla_l1_2025_08/cla/data/calibrated/2025/08/01/ch2_cla_l1_20250801T221136772_20250801T221144772.fits,2025-08-01T22:11:36.772,2025-08-01T22:11:44.772,2025-08-01T22:11:40.772,8.0,-41.0,13.5,119.381,-15.1841,54.0444,-15.1789,54.0446,35.167,35.167,CLASS_add_scds.pro,2.1,326,1,"0,1,2,3,4,5,6,7,8,9,10,11,12,13,14,15,",-14.4781,53.5518,-15.859,53.5193,-15.8784,54.5403,-14.4973,54.5667,1.76397705078125,0.0856548218013832,1.6337890625,1.87353515625,3612.625,175.42107504923283,8
ch2_cla_l1_20250801T221144772_20250801T221152772.fits,/home/saurabh/moon_project/data/CLASS/ch2_cla_l1_2025_08/cla/data/calibrated/2025/08/01/ch2_cla_l1_20250801T221144772_20250801T221152772.fits,2025-08-01T22:11:44.772,2025-08-01T22:11:52.772,2025-08-01T22:11:48.772,8.0,-40.9,13.5,119.368,-15.5829,54.035,-15.5777,54.0352,35.3423,35.3423,CLASS_add_scds.pro,2.1,327,1,"0,1,2,3,4,5,6,7,8,9,10,11,12,13,14,15,",-14.8768,53.5416,-16.2577,53.509,-16.2771,54.5319,-14.8961,54.5582,1.7841796875,0.0615339551313171,1.6962890625,1.88720703125,3654.0,126.0215401089376,8
ch2_cla_l1_20250801T221152772_20250801T221200772.fits,/home/saurabh/moon_project/data/CLASS/ch2_cla_l1_2025_08/cla/data/calibrated/2025/08/01/ch2_cla_l1_20250801T221152772_20250801T221200772.fits,2025-08-01T22:11:52.772,2025-08-01T22:12:00.772,2025-08-01T22:11:56.772,8.0,-40.9,13.5,119.354,-15.9816,54.0256,-15.9764,54.0258,35.5207,35.5207,CLASS_add_scds.pro,2.1,328,1,"0,1,2,3,4,5,6,7,8,9,10,11,12,13,14,15,",-15.2756,53.5314,-16.6564,53.4985,-16.6759,54.5234,-15.2949,54.5498,1.74981689453125,0.0751517882919045,1.6416015625,1.8798828125,3583.625,153.91086242182055,8
ch2_cla_l1_20250801T221200772_20250801T221208772.fits,/home/saurabh/moon_project/data/CLASS/ch2_cla_l1_2025_08/cla/data/calibrated/2025/08/01/ch2_cla_l1_20250801T221200772_20250801T221208772.fits,2025-08-01T22:12:00.772,2025-08-01T22:12:08.772,2025-08-01T22:12:04.772,8.0,-40.8,13.5,119.339,-16.3804,54.0162,-16.3752,54.0164,35.7023,35.7023,CLASS_add_scds.pro,2.1,329,1,"0,1,2,3,4,5,6,7,8,9,10,11,12,13,14,15,",-15.6744,53.5211,-17.055,53.488,-17.0746,54.515,-15.6938,54.5413,1.79119873046875,0.0440598222098583,1.7275390625,1.85888671875,3668.375,90.23451588578985,8
ch2_cla_l1_20250801T221208772_20250801T221216772.fits,/home/saurabh/moon_project/data/CLASS/ch2_cla_l1_2025_08/cla/data/calibrated/2025/08/01/ch2_cla_l1_20250801T221208772_20250801T221216772.fits,2025-08-01T22:12:08.772,2025-08-01T22:12:16.772,2025-08-01T22:12:12.772,8.0,-40.7,13.5,119.323,-16.7792,54.0067,-16.774,54.0069,35.8869,35.8869,CLASS_add_scds.pro,2.1,330,1,"0,1,2,3,4,5,6,7,8,9,10,11,12,13,14,15,",-16.0732,53.5108,-17.4537,53.4775,-17.4733,54.5065,-16.0926,54.5329,1.78472900390625,0.0797219413036947,1.67529296875,1.91015625,3655.125,163.27053578996689,8
ch2_cla_l1_20250801T221216772_20250801T221224772.fits,/home/saurabh/moon_project/data/CLASS/ch2_cla_l1_2025_08/cla/data/calibrated/2025/08/01/ch2_cla_l1_20250801T221216772_20250801T221224772.fits,2025-08-01T22:12:16.772,2025-08-01T22:12:24.772,2025-08-01T22:12:20.772,8.0,-40.7,13.5,119.306,-17.1779,53.9972,-17.1727,53.9974,36.0745,36.0745,CLASS_add_scds.pro,2.1,331,1,"0,1,2,3,4,5,6,7,8,9,10,11,12,13,14,15,",-16.472,53.5003,-17.8524,53.4668,-17.872,54.498,-16.4915,54.5244,1.795654296875,0.0376334223723714,1.7470703125,1.853515625,3677.5,77.07324901861679,8
ch2_cla_l1_20250801T221224772_20250801T221232772.fits,/home/saurabh/moon_project/data/CLASS/ch2_cla_l1_2025_08/cla/data/calibrated/2025/08/01/ch2_cla_l1_20250801T221224772_20250801T221232772.fits,2025-08-01T22:12:24.772,2025-08-01T22:12:32.772,2025-08-01T22:12:28.772,8.0,-40.6,13.5,119.288,-17.5767,53.9877,-17.5715,53.9879,36.265,36.265,CLASS_add_scds.pro,2.1,332,1,"0,1,2,3,4,5,6,7,8,9,10,11,12,13,14,15,",-16.8708,53.4899,-18.251,53.4561,-18.2707,54.4895,-16.8903,54.5159,1.7882080078125,0.0604459563166629,1.69921875,1.875,3662.25,123.79331853652567,8
ch2_cla_l1_20250801T221232772_20250801T221240772.fits,/home/saurabh/moon_project/data/CLASS/ch2_cla_l1_2025_08/cla/data/calibrated/2025/08/01/ch2_cla_l1_20250801T221232772_20250801T221240772.fits,2025-08-01T22:12:32.772,2025-08-01T22:12:40.772,2025-08-01T22:12:36.772,8.0,-40.6,13.5,119.269,-17.9755,53.9781,-17.9703,53.9783,36.4585,36.4585,CLASS_add_scds.pro,2.1,333,1,"0,1,2,3,4,5,6,7,8,9,10,11,12,13,14,15,",-17.2696,53.4793,-18.6497,53.4454,-18.6694,54.4809,-17.2892,54.5074,1.7982177734375,0.0358258616197328,1.7470703125,1.84375,3682.75,73.37136459721287,8
ch2_cla_l1_20250801T221240772_20250801T221248772.fits,/home/saurabh/moon_project/data/CLASS/ch2_cla_l1_2025_08/cla/data/calibrated/2025/08/01/ch2_cla_l1_20250801T221240772_20250801T221248772.fits,2025-08-01T22:12:40.772,2025-08-01T22:12:48.772,2025-08-01T22:12:44.772,8.0,-40.6,13.5,119.249,-18.3743,53.9685,-18.3691,53.9687,36.6548,36.6548,CLASS_add_scds.pro,2.1,334,1,"0,1,2,3,4,5,6,7,8,9,10,11,12,13,14,15,",-17.6685,53.4688,-19.0484,53.4346,-19.0682,54.4724,-17.6881,54.4989,1.82684326171875,0.0622247014226243,1.73779296875,1.9072265625,3741.375,127.43618851353466,8
ch2_cla_l1_20250801T221248772_20250801T221256772.fits,/home/saurabh/moon_project/data/CLASS/ch2_cla_l1_2025_08/cla/data/calibrated/2025/08/01/ch2_cla_l1_20250801T221248772_20250801T221256772.fits,2025-08-01T22:12:48.772,2025-08-01T22:12:56.772,2025-08-01T22:12:52.772,8.0,-40.5,13.5,119.228,-18.7731,53.9588,-18.7679,53.959,36.8539,36.8539,CLASS_add_scds.pro,2.1,335,1,"0,1,2,3,4,5,6,7,8,9,10,11,12,13,14,15,",-18.0673,53.4581,-19.4471,53.4237,-19.4669,54.4638,-18.087,54.4904,1.78826904296875,0.0573089334139141,1.703125,1.88134765625,3662.375,117.36869563169608,8
ch2_cla_l1_20250801T221256772_20250801T221304772.fits,/home/saurabh/moon_project/data/CLASS/ch2_cla_l1_2025_08/cla/data/calibrated/2025/08/01/ch2_cla_l1_20250801T221256772_20250801T221304772.fits,2025-08-01T22:12:56.772,2025-08-01T22:13:04.772,2025-08-01T22:13:00.772,8.0,-40.5,13.5,119.206,-19.1719,53.9491,-19.1667,53.9493,37.0559,37.0559,CLASS_add_scds.pro,2.1,336,1,"0,1,2,3,4,5,6,7,8,9,10,11,12,13,14,15,",-18.4662,53.4474,-19.8458,53.4127,-19.8656,54.4552,-18.4859,54.4818,1.818603515625,0.048865777893053,1.763671875,1.9013671875,3724.5,100.07711312497264,8
ch2_cla_l1_20250801T221304772_20250801T221312772.fits,/home/saurabh/moon_project/data/CLASS/ch2_cla_l1_2025_08/cla/data/calibrated/2025/08/01/ch2_cla_l1_20250801T221304772_20250801T221312772.fits,2025-08-01T22:13:04.772,2025-08-01T22:13:12.772,2025-08-01T22:13:08.772,8.0,-40.4,13.5,119.183,-19.5708,53.9394,-19.5655,53.9396,37.2605,37.2605,CLASS_add_scds.pro,2.1,337,1,"0,1,2,3,4,5,6,7,8,9,10,11,12,13,14,15,",-18.865,53.4366,-20.2444,53.4016,-20.2643,54.4467,-18.8848,54.4733,1.8145751953125,0.0586040669395607,1.72119140625,1.892578125,3716.25,120.02112909222038,8
ch2_cla_l1_20250801T221328772_20250801T221336772.fits,/home/saurabh/moon_project/data/CLASS/ch2_cla_l1_2025_08/cla/data/calibrated/2025/08/01/ch2_cla_l1_20250801T221328772_20250801T221336772.fits,2025-08-01T22:13:28.772,2025-08-01T22:13:36.772,2025-08-01T22:13:32.772,8.0,-40.3,13.5,119.107,-20.7673,53.9099,-20.7623,53.9098,37.8904,37.8904,CLASS_add_scds.pro,2.1,340,1,"0,1,2,3,4,5,6,7,8,9,10,11,12,13,14,15,",-20.0618,53.4038,-21.4412,53.368,-21.4612,54.4207,-20.0816,54.4475,1.72894287109375,0.0985697500162967,1.564453125,1.85595703125,3540.875,201.87084803337572,8
ch2_cla_l1_20250801T221344772_20250801T221352772.fits,/home/saurabh/moon_project/data/CLASS/ch2_cla_l1_2025_08/cla/data/calibrated/2025/08/01/ch2_cla_l1_20250801T221344772_20250801T221352772.fits,2025-08-01T22:13:44.772,2025-08-01T22:13:52.772,2025-08-01T22:13:48.772,8.0,-40.1,13.5,119.052,-21.565,53.89,-21.5601,53.8903,38.3231,38.3231,CLASS_add_scds.pro,2.1,342,1,"0,1,2,3,4,5,6,7,8,9,10,11,12,13,14,15,",-20.8597,53.3819,-22.2382,53.3455,-22.2583,54.4036,-20.8797,54.4306,1.73699951171875,0.0490542597701813,1.6689453125,1.82177734375,3557.375,100.46312400933134,8
ch2_cla_l1_20250801T221400772_20250801T221408772.fits,/home/saurabh/moon_project/data/CLASS/ch2_cla_l1_2025_08/cla/data/calibrated/2025/08/01/ch2_cla_l1_20250801T221400772_20250801T221408772.fits,2025-08-01T22:14:00.772,2025-08-01T22:14:08.772,2025-08-01T22:14:04.772,8.0,-40.0,13.5,118.993,-22.3628,53.8699,-22.3576,53.8701,38.7657,38.7657,CLASS_add_scds.pro,2.1,344,1,"0,1,2,3,4,5,6,7,8,9,10,11,12,13,14,15,",-21.6577,53.3591,-23.0354,53.3223,-23.0556,54.386,-21.6778,54.413,1.758544921875,0.0467498562011372,1.69873046875,1.83642578125,3601.5,95.74370549992904,8
ch2_cla_l1_20250801T221416772_20250801T221424772.fits,/home/saurabh/moon_project/data/CLASS/ch2_cla_l1_2025_08/cla/data/calibrated/2025/08/01/ch2_cla_l1_20250801T221416772_20250801T221424772.fits,2025-08-01T22:14:16.772,2025-08-01T22:14:24.772,2025-08-01T22:14:20.772,8.0,-39.9,13.5,118.929,-23.1607,53.8496,-23.1558,53.8496,39.2178,39.2178,CLASS_add_scds.pro,2.1,346,1,"0,1,2,3,4,5,6,7,8,9,10,11,12,13,14,15,",-22.4554,53.3366,-23.8333,53.2987,-23.8536,54.3683,-22.4756,54.3959,1.74462890625,0.0359295759290854,1.68896484375,1.79248046875,3573.0,73.58377150276702,8
ch2_cla_l1_20250801T221432772_20250801T221440772.fits,/home/saurabh/moon_project/data/CLASS/ch2_cla_l1_2025_08/cla/data/calibrated/2025/08/01/ch2_cla_l1_20250801T221432772_20250801T221440772.fits,2025-08-01T22:14:32.772,2025-08-01T22:14:40.772,2025-08-01T22:14:36.772,8.0,-39.8,13.5,118.862,-23.9586,53.8291,-23.9534,53.8294,39.6791,39.6791,CLASS_add_scds.pro,2.1,348,1,"0,1,2,3,4,5,6,7,8,9,10,11,12,13,14,15,",-23.2537,53.3132,-24.6307,53.2752,-24.6511,54.3508,-23.274,54.3781,1.7694091796875,0.031668718840375,1.72119140625,1.8134765625,3623.75,64.85753618508801,8
ch2_cla_l1_20250801T221440772_20250801T221448772.fits,/home/saurabh/moon_project/data/CLASS/ch2_cla_l1_2025_08/cla/data/calibrated/2025/08/01/ch2_cla_l1_20250801T221440772_20250801T221448772.fits,2025-08-01T22:14:40.772,2025-08-01T22:14:48.772,2025-08-01T22:14:44.772,8.0,-39.7,13.5,118.827,-24.3575,53.8188,-24.3525,53.819,39.9131,39.9131,CLASS_add_scds.pro,2.1,349,1,"0,1,2,3,4,5,6,7,8,9,10,11,12,13,14,15,",-23.6529,53.3014,-25.0293,53.2632,-25.0499,54.342,-23.6732,54.3693,1.718994140625,0.0497862196589967,1.63525390625,1.79052734375,3520.5,101.9621778616253,8
ch2_cla_l1_20250801T221448772_20250801T221456772.fits,/home/saurabh/moon_project/data/CLASS/ch2_cla_l1_2025_08/cla/data/calibrated/2025/08/01/ch2_cla_l1_20250801T221448772_20250801T221456772.fits,2025-08-01T22:14:48.772,2025-08-01T22:14:56.772,2025-08-01T22:14:52.772,8.0,-39.7,13.5,118.791,-24.7565,53.8084,-24.7514,53.8086,40.1493,40.1493,CLASS_add_scds.pro,2.1,350,1,"0,1,2,3,4,5,6,7,8,9,10,11,12,13,14,15,",-24.0519,53.2897,-25.4281,53.2511,-25.4487,54.3331,-24.0723,54.3605,1.763427734375,0.0594776155970879,1.65869140625,1.84716796875,3611.5,121.81015674283604,8
ch2_cla_l1_20250801T221456772_20250801T221504772.fits,/home/saurabh/moon_project/data/CLASS/ch2_cla_l1_2025_08/cla/data/calibrated/2025/08/01/ch2_cla_l1_20250801T221456772_20250801T221504772.fits,2025-08-01T22:14:56.772,2025-08-01T22:15:04.772,2025-08-01T22:15:00.772,8.0,-39.7,13.5,118.754,-25.1555,53.7979,-25.1504,53.7981,40.3876,40.3876,CLASS_add_scds.pro,2.1,351,1,"0,1,2,3,4,5,6,7,8,9,10,11,12,13,14,15,",-24.4509,53.2779,-25.8269,53.2389,-25.8476,54.3241,-24.4714,54.3517,1.75030517578125,0.0719372864467087,1.64990234375,1.8740234375,3584.625,147.3275626428596,8
ch2_cla_l1_20250801T221504772_20250801T221512772.fits,/home/saurabh/moon_project/data/CLASS/ch2_cla_l1_2025_08/cla/data/calibrated/2025/08/01/ch2_cla_l1_20250801T221504772_20250801T221512772.fits,2025-08-01T22:15:04.772,2025-08-01T22:15:12.772,2025-08-01T22:15:08.772,8.0,-39.6,13.5,118.715,-25.5546,53.7874,-25.5493,53.7877,40.628,40.628,CLASS_add_scds.pro,2.1,352,1,"0,1,2,3,4,5,6,7,8,9,10,11,12,13,14,15,",-24.8501,53.2659,-26.2257,53.2266,-26.2464,54.3152,-24.8706,54.3428,1.76263427734375,0.0630855042325865,1.67724609375,1.8583984375,3609.875,129.19911266833728,8
ch2_cla_l1_20250801T221512772_20250801T221520772.fits,/home/saurabh/moon_project/data/CLASS/ch2_cla_l1_2025_08/cla/data/calibrated/2025/08/01/ch2_cla_l1_20250801T221512772_20250801T221520772.fits,2025-08-01T22:15:12.772,2025-08-01T22:15:20.772,2025-08-01T22:15:16.772,8.0,-39.6,13.5,118.676,-25.9536,53.7768,-25.9484,53.7771,40.8705,40.8705,CLASS_add_scds.pro,2.1,353,1,"0,1,2,3,4,5,6,7,8,9,10,11,12,13,14,15,",-25.2492,53.2538,-26.6246,53.2142,-26.6454,54.3062,-25.2698,54.3339,1.75958251953125,0.0898031533968978,1.6318359375,1.908203125,3603.625,183.91685815684684,8
ch2_cla_l1_20250801T221520772_20250801T221528772.fits,/home/saurabh/moon_project/data/CLASS/ch2_cla_l1_2025_08/cla/data/calibrated/2025/08/01/ch2_cla_l1_20250801T221520772_20250801T221528772.fits,2025-08-01T22:15:20.772,2025-08-01T22:15:28.772,2025-08-01T22:15:24.772,8.0,-39.5,13.5,118.636,-26.3526,53.7662,-26.3474,53.7665,41.115,41.115,CLASS_add_scds.pro,2.1,354,1,"0,1,2,3,4,5,6,7,8,9,10,11,12,13,14,15,",-25.6485,53.2416,-27.0234,53.2017,-27.0442,54.2971,-25.6691,54.3249,1.7738037109375,0.0773815200421537,1.673828125,1.8955078125,3632.75,158.47735304633096,8
ch2_cla_l1_20250801T221528772_20250801T221536772.fits,/home/saurabh/moon_project/data/CLASS/ch2_cla_l1_2025_08/cla/data/calibrated/2025/08/01/ch2_cla_l1_20250801T221528772_20250801T221536772.fits,2025-08-01T22:15:28.772,2025-08-01T22:15:36.772,2025-08-01T22:15:32.772,8.0,-39.5,13.5,118.595,-26.7517,53.7555,-26.7465,53.7556,41.3616,41.3616,CLASS_add_scds.pro,2.1,355,1,"0,1,2,3,4,5,6,7,8,9,10,11,12,13,14,15,",-26.0475,53.2293,-27.4223,53.1891,-27.4432,54.2881,-26.0682,54.3159,1.78118896484375,0.0849667251194118,1.65380859375,1.92138671875,3647.875,174.01185304455555,8
ch2_cla_l1_20250801T221536772_20250801T221544772.fits,/home/saurabh/moon_project/data/CLASS/ch2_cla_l1_2025_08/cla/data/calibrated/2025/08/01/ch2_cla_l1_20250801T221536772_20250801T221544772.fits,2025-08-01T22:15:36.772,2025-08-01T22:15:44.772,2025-08-01T22:15:40.772,8.0,-39.4,13.5,118.553,-27.1508,53.7447,-27.1456,53.7448,41.61,41.61,CLASS_add_scds.pro,2.1,356,1,"0,1,2,3,4,5,6,7,8,9,10,11,12,13,14,15,",-26.4468,53.217,-27.8208,53.1763,-27.8419,54.2789,-26.4675,54.3069,1.76190185546875,0.0432908998919139,1.697265625,1.8330078125,3608.375,88.6597629786397,8
ch2_cla_l1_20250801T221544772_20250801T221552772.fits,/home/saurabh/moon_project/data/CLASS/ch2_cla_l1_2025_08/cla/data/calibrated/2025/08/01/ch2_cla_l1_20250801T221544772_20250801T221552772.fits,2025-08-01T22:15:44.772,2025-08-01T22:15:52.772,2025-08-01T22:15:48.772,8.0,-39.4,13.5,118.51,-27.5499,53.7338,-27.5446,53.7339,41.8604,41.8604,CLASS_add_scds.pro,2.1,357,1,"0,1,2,3,4,5,6,7,8,9,10,11,12,13,14,15,",-26.8457,53.2045,-28.2199,53.1635,-28.241,54.2698,-26.8665,54.2979,1.78662109375,0.0629890923431997,1.68115234375,1.8662109375,3659.0,129.00166111887307,8
ch2_cla_l1_20250801T221552772_20250801T221600772.fits,/home/saurabh/moon_project/data/CLASS/ch2_cla_l1_2025_08/cla/data/calibrated/2025/08/01/ch2_cla_l1_20250801T221552772_20250801T221600772.fits,2025-08-01T22:15:52.772,2025-08-01T22:16:00.772,2025-08-01T22:15:56.772,8.0,-39.3,13.5,118.465,-27.949,53.7229,-27.9438,53.7232,42.1127,42.1127,CLASS_add_scds.pro,2.1,358,1,"0,1,2,3,4,5,6,7,8,9,10,11,12,13,14,15,",-27.2452,53.192,-28.6188,53.1507,-28.64,54.2608,-27.2661,54.2889,1.7789306640625,0.0485186551808301,1.70458984375,1.85400390625,3643.25,99.36620581034003,8
ch2_cla_l1_20250801T221600772_20250801T221608772.fits,/home/saurabh/moon_project/data/CLASS/ch2_cla_l1_2025_08/cla/data/calibrated/2025/08/01/ch2_cla_l1_20250801T221600772_20250801T221608772.fits,2025-08-01T22:16:00.772,2025-08-01T22:16:08.772,2025-08-01T22:16:04.772,8.0,-39.3,13.5,118.42,-28.3482,53.7119,-28.3432,53.712,42.3668,42.3668,CLASS_add_scds.pro,2.1,359,1,"0,1,2,3,4,5,6,7,8,9,10,11,12,13,14,15,",-27.6444,53.1795,-29.0179,53.1376,-29.0391,54.2515,-27.6654,54.2799,1.81927490234375,0.0759163227188161,1.69189453125,1.9248046875,3725.875,155.4766289281355,8
ch2_cla_l1_20250801T221608772_20250801T221616772.fits,/home/saurabh/moon_project/data/CLASS/ch2_cla_l1_2025_08/cla/data/calibrated/2025/08/01/ch2_cla_l1_20250801T221608772_20250801T221616772.fits,2025-08-01T22:16:08.772,2025-08-01T22:16:16.772,2025-08-01T22:16:12.772,8.0,-39.3,13.5,118.374,-28.7473,53.7008,-28.7422,53.7011,42.6227,42.6227,CLASS_add_scds.pro,2.1,360,1,"0,1,2,3,4,5,6,7,8,9,10,11,12,13,14,15,",-28.0439,53.1665,-29.4167,53.1245,-29.4379,54.2423,-28.0648,54.2705,1.77093505859375,0.0381783283521068,1.71728515625,1.83251953125,3626.875,78.18921646511475,8
ch2_cla_l1_20250801T221616772_20250801T221624772.fits,/home/saurabh/moon_project/data/CLASS/ch2_cla_l1_2025_08/cla/data/calibrated/2025/08/01/ch2_cla_l1_20250801T221616772_20250801T221624772.fits,2025-08-01T22:16:16.772,2025-08-01T22:16:24.772,2025-08-01T22:16:20.772,8.0,-39.2,13.5,118.327,-29.1465,53.6897,-29.1412,53.69,42.8804,42.8804,CLASS_add_scds.pro,2.1,361,1,"0,1,2,3,4,5,6,7,8,9,10,11,12,13,14,15,",-28.443,53.1537,-29.8157,53.1112,-29.837,54.233,-28.4641,54.2615,1.826171875,0.0533354876855156,1.72021484375,1.896484375,3740.0,109.23107877993594,8
ch2_cla_l1_20250801T221624772_20250801T221632772.fits,/home/saurabh/moon_project/data/CLASS/ch2_cla_l1_2025_08/cla/data/calibrated/2025/08/01/ch2_cla_l1_20250801T221624772_20250801T221632772.fits,2025-08-01T22:16:24.772,2025-08-01T22:16:32.772,2025-08-01T22:16:28.772,8.0,-39.1,13.5,118.279,-29.5457,53.6785,-29.5405,53.6788,43.1399,43.1399,CLASS_add_scds.pro,2.1,362,1,"0,1,2,3,4,5,6,7,8,9,10,11,12,13,14,15,",-28.8424,53.1407,-30.2145,53.0979,-30.236,54.2237,-28.8636,54.2522,1.79388427734375,0.0364158473646471,1.744140625,1.8525390625,3673.875,74.57965540279736,8
ch2_cla_l1_20250801T221632772_20250801T221640772.fits,/home/saurabh/moon_project/data/CLASS/ch2_cla_l1_2025_08/cla/data/calibrated/2025/08/01/ch2_cla_l1_20250801T221632772_20250801T221640772.fits,2025-08-01T22:16:32.772,2025-08-01T22:16:40.772,2025-08-01T22:16:36.772,8.0,-39.1,13.5,118.23,-29.9449,53.6672,-29.9396,53.6675,43.4011,43.4011,CLASS_add_scds.pro,2.1,363,1,"0,1,2,3,4,5,6,7,8,9,10,11,12,13,14,15,",-29.2417,53.1278,-30.6137,53.0844,-30.6352,54.2143,-29.263,54.2431,1.84613037109375,0.0386271053839135,1.7802734375,1.90771484375,3780.875,79.10831182625502,8
ch2_cla_l1_20250801T221640772_20250801T221648772.fits,/home/saurabh/moon_project/data/CLASS/ch2_cla_l1_2025_08/cla/data/calibrated/2025/08/01/ch2_cla_l1_20250801T221640772_20250801T221648772.fits,2025-08-01T22:16:40.772,2025-08-01T22:16:48.772,2025-08-01T22:16:44.772,8.0,-39.0,13.5,118.18,-30.3441,53.6558,-30.339,53.656,43.664,43.664,CLASS_add_scds.pro,2.1,364,1,"0,1,2,3,4,5,6,7,8,9,10,11,12,13,14,15,",-29.6412,53.1145,-31.0124,53.0706,-31.0341,54.2048,-29.6626,54.2337,1.7803955078125,0.0543336906176183,1.6904296875,1.85595703125,3646.25,111.2753983848824,8
ch2_cla_l1_20250801T221648772_20250801T221656772.fits,/home/saurabh/moon_project/data/CLASS/ch2_cla_l1_2025_08/cla/data/calibrated/2025/08/01/ch2_cla_l1_20250801T221648772_20250801T221656772.fits,2025-08-01T22:16:48.772,2025-08-01T22:16:56.772,2025-08-01T22:16:52.772,8.0,-39.0,13.5,118.129,-30.7434,53.6443,-30.7381,53.6445,43.9285,43.9285,CLASS_add_scds.pro,2.1,365,1,"0,1,2,3,4,5,6,7,8,9,10,11,12,13,14,15,",-30.0404,53.1011,-31.4115,53.057,-31.4332,54.1954,-30.0619,54.2244,1.85186767578125,0.0573843623078807,1.76220703125,1.93896484375,3792.625,117.5231740065398,8
ch2_cla_l1_20250801T221656772_20250801T221704772.fits,/home/saurabh/moon_project/data/CLASS/ch2_cla_l1_2025_08/cla/data/calibrated/2025/08/01/ch2_cla_l1_20250801T221656772_20250801T221704772.fits,2025-08-01T22:16:56.772,2025-08-01T22:17:04.772,2025-08-01T22:17:00.772,8.0,-39.0,13.5,118.077,-31.1427,53.6327,-31.1375,53.633,44.1947,44.1947,CLASS_add_scds.pro,2.1,366,1,"0,1,2,3,4,5,6,7,8,9,10,11,12,13,14,15,",-30.4399,53.0877,-31.8107,53.0431,-31.8324,54.1859,-30.4614,54.2151,1.78631591796875,0.0637544021903024,1.705078125,1.87841796875,3658.375,130.5690156857394,8
ch2_cla_l1_20250801T221704772_20250801T221712772.fits,/home/saurabh/moon_project/data/CLASS/ch2_cla_l1_2025_08/cla/data/calibrated/2025/08/01/ch2_cla_l1_20250801T221704772_20250801T221712772.fits,2025-08-01T22:17:04.772,2025-08-01T22:17:12.772,2025-08-01T22:17:08.772,8.0,-38.8,13.5,118.024,-31.542,53.6211,-31.5369,53.6215,44.4625,44.4625,CLASS_add_scds.pro,2.1,367,1,"0,1,2,3,4,5,6,7,8,9,10,11,12,13,14,15,",-30.8396,53.0741,-32.2096,53.0292,-32.2315,54.1765,-30.8611,54.2056,1.8399658203125,0.0789609597990642,1.73876953125,1.9658203125,3768.25,161.71204566848357,8
ch2_cla_l1_20250801T221712772_20250801T221720772.fits,/home/saurabh/moon_project/data/CLASS/ch2_cla_l1_2025_08/cla/data/calibrated/2025/08/01/ch2_cla_l1_20250801T221712772_20250801T221720772.fits,2025-08-01T22:17:12.772,2025-08-01T22:17:20.772,2025-08-01T22:17:16.772,8.0,-38.8,13.5,117.97,-31.9413,53.6094,-31.9361,53.6097,44.7318,44.7318,CLASS_add_scds.pro,2.1,368,1,"0,1,2,3,4,5,6,7,8,9,10,11,12,13,14,15,",-31.2389,53.0606,-32.6087,53.0149,-32.6306,54.1668,-31.2606,54.1963,1.802978515625,0.0715908523147285,1.6865234375,1.89794921875,3692.5,146.61806554056406,8
ch2_cla_l1_20250801T221720772_20250801T221728772.fits,/home/saurabh/moon_project/data/CLASS/ch2_cla_l1_2025_08/cla/data/calibrated/2025/08/01/ch2_cla_l1_20250801T221720772_20250801T221728772.fits,2025-08-01T22:17:20.772,2025-08-01T22:17:28.772,2025-08-01T22:17:24.772,8.0,-38.8,13.5,117.915,-32.3407,53.5975,-32.3357,53.5978,45.0027,45.0027,CLASS_add_scds.pro,2.1,369,1,"0,1,2,3,4,5,6,7,8,9,10,11,12,13,14,15,",-31.6384,53.0466,-33.008,53.0006,-33.03,54.1571,-31.6602,54.1867,1.86114501953125,0.0780634774063216,1.755859375,1.974609375,3811.625,159.87400172814662,8
ch2_cla_l1_20250801T221736772_20250801T221744772.fits,/home/saurabh/moon_project/data/CLASS/ch2_cla_l1_2025_08/cla/data/calibrated/2025/08/01/ch2_cla_l1_20250801T221736772_20250801T221744772.fits,2025-08-01T22:17:36.772,2025-08-01T22:17:44.772,2025-08-01T22:17:40.772,8.0,-38.7,13.5,117.802,-33.1394,53.5736,-33.1343,53.5738,45.549,45.549,CLASS_add_scds.pro,2.1,371,1,"0,1,2,3,4,5,6,7,8,9,10,11,12,13,14,15,",-32.4377,53.0184,-33.8058,52.9716,-33.828,54.1376,-32.4596,54.1674,1.72412109375,0.0491132856217899,1.654296875,1.80712890625,3531.0,100.58400895342588,8
ch2_cla_l1_20250801T221744772_20250801T221752772.fits,/home/saurabh/moon_project/data/CLASS/ch2_cla_l1_2025_08/cla/data/calibrated/2025/08/01/ch2_cla_l1_20250801T221744772_20250801T221752772.fits,2025-08-01T22:17:44.772,2025-08-01T22:17:52.772,2025-08-01T22:17:48.772,8.0,-38.7,13.5,117.744,-33.5388,53.5614,-33.5337,53.5617,45.8243,45.8243,CLASS_add_scds.pro,2.1,372,1,"0,1,2,3,4,5,6,7,8,9,10,11,12,13,14,15,",-32.837,53.0042,-34.2051,52.9567,-34.2274,54.1277,-32.8589,54.1578,1.724609375,0.0772402115756387,1.61328125,1.84423828125,3532.0,158.1879533069082,8
ch2_cla_l1_20250801T221752772_20250801T221800772.fits,/home/saurabh/moon_project/data/CLASS/ch2_cla_l1_2025_08/cla/data/calibrated/2025/08/01/ch2_cla_l1_20250801T221752772_20250801T221800772.fits,2025-08-01T22:17:52.772,2025-08-01T22:18:00.772,2025-08-01T22:17:56.772,8.0,-38.6,13.5,117.686,-33.9383,53.5492,-33.9332,53.5494,46.1011,46.1011,CLASS_add_scds.pro,2.1,373,1,"0,1,2,3,4,5,6,7,8,9,10,11,12,13,14,15,",-33.2368,52.9897,-34.6042,52.9419,-34.6266,54.1178,-33.2588,54.1479,1.74273681640625,0.0473524482934255,1.677734375,1.82421875,3569.125,96.97781410493552,8
ch2_cla_l1_20250801T221808772_20250801T221816772.fits,/home/saurabh/moon_project/data/CLASS/ch2_cla_l1_2025_08/cla/data/calibrated/2025/08/01/ch2_cla_l1_20250801T221808772_20250801T221816772.fits,2025-08-01T22:18:08.772,2025-08-01T22:18:16.772,2025-08-01T22:18:12.772,8.0,-38.6,13.5,117.565,-34.7372,53.5244,-34.7321,53.5248,46.6588,46.6588,CLASS_add_scds.pro,2.1,375,1,"0,1,2,3,4,5,6,7,8,9,10,11,12,13,14,15,",-34.036,52.9606,-35.4025,52.9116,-35.4251,54.0979,-34.0583,54.1285,1.73333740234375,0.0334915965221754,1.68408203125,1.7890625,3549.875,68.59078967741536,8
ch2_cla_l1_20250801T221816772_20250801T221824772.fits,/home/saurabh/moon_project/data/CLASS/ch2_cla_l1_2025_08/cla/data/calibrated/2025/08/01/ch2_cla_l1_20250801T221816772_20250801T221824772.fits,2025-08-01T22:18:16.772,2025-08-01T22:18:24.772,2025-08-01T22:18:20.772,8.0,-38.5,13.5,117.503,-35.1367,53.5119,-35.1316,53.5122,46.9397,46.9397,CLASS_add_scds.pro,2.1,376,1,"0,1,2,3,4,5,6,7,8,9,10,11,12,13,14,15,",-34.4357,52.9458,-35.8017,52.8963,-35.8244,54.0878,-34.4581,54.1186,1.74273681640625,0.0512156508306176,1.66943359375,1.814453125,3569.125,104.889652901105,8
ch2_cla_l1_20250801T221824772_20250801T221832772.fits,/home/saurabh/moon_project/data/CLASS/ch2_cla_l1_2025_08/cla/data/calibrated/2025/08/01/ch2_cla_l1_20250801T221824772_20250801T221832772.fits,2025-08-01T22:18:24.772,2025-08-01T22:18:32.772,2025-08-01T22:18:28.772,8.0,-38.4,13.5,117.441,-35.5363,53.4992,-35.5311,53.4995,47.222,47.222,CLASS_add_scds.pro,2.1,377,1,"0,1,2,3,4,5,6,7,8,9,10,11,12,13,14,15,",-34.8354,52.9308,-36.2009,52.8807,-36.2237,54.0776,-34.8579,54.1086,1.7376708984375,0.0467037524242396,1.65380859375,1.81396484375,3558.75,95.64928496484286,8
ch2_cla_l1_20250801T221832772_20250801T221840772.fits,/home/saurabh/moon_project/data/CLASS/ch2_cla_l1_2025_08/cla/data/calibrated/2025/08/01/ch2_cla_l1_20250801T221832772_20250801T221840772.fits,2025-08-01T22:18:32.772,2025-08-01T22:18:40.772,2025-08-01T22:18:36.772,8.0,-38.4,13.5,117.377,-35.9359,53.4865,-35.9307,53.4868,47.5055,47.5055,CLASS_add_scds.pro,2.1,378,1,"0,1,2,3,4,5,6,7,8,9,10,11,12,13,14,15,",-35.2351,52.9156,-36.6002,52.865,-36.6231,54.0674,-35.2577,54.0986,1.745849609375,0.0518472315516759,1.67578125,1.83544921875,3575.5,106.18313021783236,8
ch2_cla_l1_20250801T221840772_20250801T221848772.fits,/home/saurabh/moon_project/data/CLASS/ch2_cla_l1_2025_08/cla/data/calibrated/2025/08/01/ch2_cla_l1_20250801T221840772_20250801T221848772.fits,2025-08-01T22:18:40.772,2025-08-01T22:18:48.772,2025-08-01T22:18:44.772,8.0,-38.4,13.5,117.313,-36.3354,53.4736,-36.3303,53.4738,47.7903,47.7903,CLASS_add_scds.pro,2.1,379,1,"0,1,2,3,4,5,6,7,8,9,10,11,12,13,14,15,",-35.6349,52.9003,-36.9993,52.8492,-37.0224,54.0572,-35.6576,54.0885,1.74639892578125,0.054293046837906,1.66162109375,1.82666015625,3576.625,111.19215992403164,8
ch2_cla_l1_20250801T221848772_20250801T221856772.fits,/home/saurabh/moon_project/data/CLASS/ch2_cla_l1_2025_08/cla/data/calibrated/2025/08/01/ch2_cla_l1_20250801T221848772_20250801T221856772.fits,2025-08-01T22:18:48.772,2025-08-01T22:18:56.772,2025-08-01T22:18:52.772,8.0,-38.3,13.5,117.247,-36.7351,53.4605,-36.7301,53.4607,48.0764,48.0764,CLASS_add_scds.pro,2.1,380,1,"0,1,2,3,4,5,6,7,8,9,10,11,12,13,14,15,",-36.0346,52.8849,-37.3987,52.833,-37.4218,54.0468,-36.0574,54.0785,1.7811279296875,0.0487343896598411,1.72265625,1.85400390625,3647.75,99.80803002335462,8
ch2_cla_l1_20250801T221856772_20250801T221904772.fits,/home/saurabh/moon_project/data/CLASS/ch2_cla_l1_2025_08/cla/data/calibrated/2025/08/01/ch2_cla_l1_20250801T221856772_20250801T221904772.fits,2025-08-01T22:18:56.772,2025-08-01T22:19:04.772,2025-08-01T22:19:00.772,8.0,-38.3,13.5,117.181,-37.1347,53.4474,-37.1295,53.4476,48.3637,48.3637,CLASS_add_scds.pro,2.1,381,1,"0,1,2,3,4,5,6,7,8,9,10,11,12,13,14,15,",-36.4346,52.8692,-37.7979,52.8167,-37.8212,54.0363,-36.4574,54.0682,1.72894287109375,0.0750545110606419,1.6318359375,1.83935546875,3540.875,153.71163865219464,8
ch2_cla_l1_20250801T221904772_20250801T221912772.fits,/home/saurabh/moon_project/data/CLASS/ch2_cla_l1_2025_08/cla/data/calibrated/2025/08/01/ch2_cla_l1_20250801T221904772_20250801T221912772.fits,2025-08-01T22:19:04.772,2025-08-01T22:19:12.772,2025-08-01T22:19:08.772,8.0,-38.3,13.5,117.114,-37.5344,53.4341,-37.5293,53.4344,48.6523,48.6523,CLASS_add_scds.pro,2.1,382,1,"0,1,2,3,4,5,6,7,8,9,10,11,12,13,14,15,",-36.8344,52.8533,-38.1973,52.8002,-38.2207,54.0258,-36.8574,54.0578,1.78302001953125,0.099033582849664,1.60595703125,1.90966796875,3651.625,202.820777676112,8
ch2_cla_l1_20250801T221912772_20250801T221920772.fits,/home/saurabh/moon_project/data/CLASS/ch2_cla_l1_2025_08/cla/data/calibrated/2025/08/01/ch2_cla_l1_20250801T221912772_20250801T221920772.fits,2025-08-01T22:19:12.772,2025-08-01T22:19:20.772,2025-08-01T22:19:16.772,8.0,-38.2,13.5,117.045,-37.9341,53.4207,-37.9289,53.421,48.942,48.942,CLASS_add_scds.pro,2.1,383,1,"0,1,2,3,4,5,6,7,8,9,10,11,12,13,14,15,",-37.2343,52.8373,-38.5966,52.7836,-38.6201,54.0152,-37.2574,54.0475,1.74822998046875,0.0704199257927031,1.6591796875,1.8583984375,3580.375,144.220008023456,8
ch2_cla_l1_20250801T221920772_20250801T221928772.fits,/home/saurabh/moon_project/data/CLASS/ch2_cla_l1_2025_08/cla/data/calibrated/2025/08/01/ch2_cla_l1_20250801T221920772_20250801T221928772.fits,2025-08-01T22:19:20.772,2025-08-01T22:19:28.772,2025-08-01T22:19:24.772,8.0,-38.2,13.5,116.976,-38.3338,53.4072,-38.3286,53.4075,49.2329,49.2329,CLASS_add_scds.pro,2.1,384,1,"0,1,2,3,4,5,6,7,8,9,10,11,12,13,14,15,",-37.6342,52.8212,-38.9959,52.7667,-39.0196,54.0045,-37.6574,54.0371,1.78802490234375,0.0816631492055578,1.63916015625,1.8896484375,3661.875,167.2461295729825,8
ch2_cla_l1_20250801T221928772_20250801T221936772.fits,/home/saurabh/moon_project/data/CLASS/ch2_cla_l1_2025_08/cla/data/calibrated/2025/08/01/ch2_cla_l1_20250801T221928772_20250801T221936772.fits,2025-08-01T22:19:28.772,2025-08-01T22:19:36.772,2025-08-01T22:19:32.772,8.0,-38.2,13.5,116.906,-38.7336,53.3935,-38.7284,53.3938,49.525,49.525,CLASS_add_scds.pro,2.1,385,1,"0,1,2,3,4,5,6,7,8,9,10,11,12,13,14,15,",-38.0341,52.8047,-39.3955,52.7497,-39.4192,53.9938,-38.0574,54.0265,1.739013671875,0.0488929536156318,1.66357421875,1.8203125,3561.5,100.13276900481397,8
ch2_cla_l1_20250801T221936772_20250801T221944772.fits,/home/saurabh/moon_project/data/CLASS/ch2_cla_l1_2025_08/cla/data/calibrated/2025/08/01/ch2_cla_l1_20250801T221936772_20250801T221944772.fits,2025-08-01T22:19:36.772,2025-08-01T22:19:44.772,2025-08-01T22:19:40.772,8.0,-38.1,13.5,116.835,-39.1334,53.3797,-39.1282,53.38,49.8181,49.8181,CLASS_add_scds.pro,2.1,386,1,"0,1,2,3,4,5,6,7,8,9,10,11,12,13,14,15,",-38.4343,52.7881,-39.7949,52.7324,-39.8188,53.9829,-38.4577,54.0159,1.81048583984375,0.0412387617085772,1.7529296875,1.87744140625,3707.875,84.45698397916624,8
ch2_cla_l1_20250801T221944772_20250801T221952772.fits,/home/saurabh/moon_project/data/CLASS/ch2_cla_l1_2025_08/cla/data/calibrated/2025/08/01/ch2_cla_l1_20250801T221944772_20250801T221952772.fits,2025-08-01T22:19:44.772,2025-08-01T22:19:52.772,2025-08-01T22:19:48.772,8.0,-38.0,13.5,116.763,-39.5332,53.3657,-39.5279,53.3661,50.1124,50.1124,CLASS_add_scds.pro,2.1,387,1,"0,1,2,3,4,5,6,7,8,9,10,11,12,13,14,15,",-38.8343,52.7713,-40.1942,52.7151,-40.2182,53.9721,-38.8578,54.0053,1.754638671875,0.0461020547622271,1.68212890625,1.8310546875,3593.5,94.4170081530411,8
ch2_cla_l1_20250801T221952772_20250801T222000772.fits,/home/saurabh/moon_project/data/CLASS/ch2_cla_l1_2025_08/cla/data/calibrated/2025/08/01/ch2_cla_l1_20250801T221952772_20250801T222000772.fits,2025-08-01T22:19:52.772,2025-08-01T22:20:00.772,2025-08-01T22:19:56.772,8.0,-38.0,13.5,116.69,-39.933,53.3516,-39.928,53.3519,50.4078,50.4078,CLASS_add_scds.pro,2.1,388,1,"0,1,2,3,4,5,6,7,8,9,10,11,12,13,14,15,",-39.2342,52.7545,-40.594,52.6973,-40.6181,53.961,-39.2578,53.9946,1.79852294921875,0.0399393574798454,1.74365234375,1.857421875,3683.375,81.79580411872342,8
ch2_cla_l1_20250801T222000772_20250801T222008772.fits,/home/saurabh/moon_project/data/CLASS/ch2_cla_l1_2025_08/cla/data/calibrated/2025/08/01/ch2_cla_l1_20250801T222000772_20250801T222008772.fits,2025-08-01T22:20:00.772,2025-08-01T22:20:08.772,2025-08-01T22:20:04.772,8.0,-38.0,13.5,116.617,-40.3329,53.3374,-40.328,53.3377,50.7042,50.7042,CLASS_add_scds.pro,2.1,389,1,"0,1,2,3,4,5,6,7,8,9,10,11,12,13,14,15,",-39.6346,52.7371,-40.993,52.6794,-41.0173,53.9499,-39.6583,53.9837,1.7623291015625,0.0534807300267292,1.70068359375,1.8681640625,3609.25,109.5285350947414,8
ch2_cla_l1_20250801T222008772_20250801T222016772.fits,/home/saurabh/moon_project/data/CLASS/ch2_cla_l1_2025_08/cla/data/calibrated/2025/08/01/ch2_cla_l1_20250801T222008772_20250801T222016772.fits,2025-08-01T22:20:08.772,2025-08-01T22:20:16.772,2025-08-01T22:20:12.772,8.0,-37.9,13.5,116.542,-40.7328,53.3229,-40.7275,53.3233,51.0017,51.0017,CLASS_add_scds.pro,2.1,390,1,"0,1,2,3,4,5,6,7,8,9,10,11,12,13,14,15,",-40.0342,52.7199,-41.3927,52.6613,-41.4171,53.9388,-40.0582,53.9729,1.81787109375,0.0384712154664818,1.755859375,1.86962890625,3723.0,78.78904927535478,8
ch2_cla_l1_20250801T222016772_20250801T222024772.fits,/home/saurabh/moon_project/data/CLASS/ch2_cla_l1_2025_08/cla/data/calibrated/2025/08/01/ch2_cla_l1_20250801T222016772_20250801T222024772.fits,2025-08-01T22:20:16.772,2025-08-01T22:20:24.772,2025-08-01T22:20:20.772,8.0,-37.9,13.5,116.466,-41.1327,53.3084,-41.1277,53.3085,51.3003,51.3003,CLASS_add_scds.pro,2.1,391,1,"0,1,2,3,4,5,6,7,8,9,10,11,12,13,14,15,",-40.4345,52.7023,-41.7923,52.6429,-41.8168,53.9275,-40.4586,53.9619,1.793701171875,0.0510768461450325,1.72119140625,1.88720703125,3673.5,104.60538090502664,8
ch2_cla_l1_20250801T222024772_20250801T222032772.fits,/home/saurabh/moon_project/data/CLASS/ch2_cla_l1_2025_08/cla/data/calibrated/2025/08/01/ch2_cla_l1_20250801T222024772_20250801T222032772.fits,2025-08-01T22:20:24.772,2025-08-01T22:20:32.772,2025-08-01T22:20:28.772,8.0,-37.9,13.5,116.39,-41.5327,53.2936,-41.5276,53.2939,51.5998,51.5998,CLASS_add_scds.pro,2.1,392,1,"0,1,2,3,4,5,6,7,8,9,10,11,12,13,14,15,",-40.8347,52.6845,-42.1919,52.6242,-42.2165,53.916,-40.8589,53.9508,1.80267333984375,0.0594314636562233,1.705078125,1.89111328125,3691.875,121.71563756794536,8
ch2_cla_l1_20250801T222032772_20250801T222040772.fits,/home/saurabh/moon_project/data/CLASS/ch2_cla_l1_2025_08/cla/data/calibrated/2025/08/01/ch2_cla_l1_20250801T222032772_20250801T222040772.fits,2025-08-01T22:20:32.772,2025-08-01T22:20:40.772,2025-08-01T22:20:36.772,8.0,-37.8,13.5,116.312,-41.9327,53.2787,-41.9276,53.279,51.9003,51.9003,CLASS_add_scds.pro,2.1,393,1,"0,1,2,3,4,5,6,7,8,9,10,11,12,13,14,15,",-41.235,52.6663,-42.5916,52.6053,-42.6164,53.9045,-41.2593,53.9395,1.788330078125,0.0543162923752787,1.69482421875,1.8701171875,3662.5,111.23976678457086,8
ch2_cla_l1_20250801T222040772_20250801T222048772.fits,/home/saurabh/moon_project/data/CLASS/ch2_cla_l1_2025_08/cla/data/calibrated/2025/08/01/ch2_cla_l1_20250801T222040772_20250801T222048772.fits,2025-08-01T22:20:40.772,2025-08-01T22:20:48.772,2025-08-01T22:20:44.772,8.0,-37.8,13.5,116.234,-42.3327,53.2636,-42.3276,53.2639,52.2018,52.2018,CLASS_add_scds.pro,2.1,394,1,"0,1,2,3,4,5,6,7,8,9,10,11,12,13,14,15,",-41.6353,52.6479,-42.9912,52.5862,-43.0161,53.8929,-41.6598,53.9282,1.82611083984375,0.0565096463554204,1.73486328125,1.9052734375,3739.875,115.73175573590116,8
ch2_cla_l1_20250801T222048772_20250801T222056772.fits,/home/saurabh/moon_project/data/CLASS/ch2_cla_l1_2025_08/cla/data/calibrated/2025/08/01/ch2_cla_l1_20250801T222048772_20250801T222056772.fits,2025-08-01T22:20:48.772,2025-08-01T22:20:56.772,2025-08-01T22:20:52.772,8.0,-37.7,13.5,116.155,-42.7328,53.2483,-42.7277,53.2487,52.5043,52.5043,CLASS_add_scds.pro,2.1,395,1,"0,1,2,3,4,5,6,7,8,9,10,11,12,13,14,15,",-42.0356,52.6294,-43.3908,52.5668,-43.4159,53.8812,-42.0602,53.9168,1.78790283203125,0.0965753297576065,1.64892578125,1.93798828125,3661.625,197.78627534357815,8
ch2_cla_l1_20250801T222056772_20250801T222104772.fits,/home/saurabh/moon_project/data/CLASS/ch2_cla_l1_2025_08/cla/data/calibrated/2025/08/01/ch2_cla_l1_20250801T222056772_20250801T222104772.fits,2025-08-01T22:20:56.772,2025-08-01T22:21:04.772,2025-08-01T22:21:00.772,8.0,-37.7,13.5,116.075,-43.1329,53.2329,-43.1279,53.2331,52.8077,52.8077,CLASS_add_scds.pro,2.1,396,1,"0,1,2,3,4,5,6,7,8,9,10,11,12,13,14,15,",-42.4359,52.6106,-43.7904,52.5471,-43.8156,53.8693,-42.4606,53.9053,1.813720703125,0.075587451535224,1.71484375,1.93212890625,3714.5,154.80310074413885,8
ch2_cla_l1_20250801T222104772_20250801T222112772.fits,/home/saurabh/moon_project/data/CLASS/ch2_cla_l1_2025_08/cla/data/calibrated/2025/08/01/ch2_cla_l1_20250801T222104772_20250801T222112772.fits,2025-08-01T22:21:04.772,2025-08-01T22:21:12.772,2025-08-01T22:21:08.772,8.0,-37.6,13.5,115.994,-43.533,53.2172,-43.5278,53.2176,53.112,53.112,CLASS_add_scds.pro,2.1,397,1,"0,1,2,3,4,5,6,7,8,9,10,11,12,13,14,15,",-42.8361,52.5916,-44.1903,52.5271,-44.2157,53.8573,-42.861,53.8937,1.8314208984375,0.0853288573548661,1.70068359375,1.97509765625,3750.75,174.7534998627659,8
ch2_cla_l1_20250801T222112772_20250801T222120772.fits,/home/saurabh/moon_project/data/CLASS/ch2_cla_l1_2025_08/cla/data/calibrated/2025/08/01/ch2_cla_l1_20250801T222112772_20250801T222120772.fits,2025-08-01T22:21:12.772,2025-08-01T22:21:20.772,2025-08-01T22:21:16.772,8.0,-37.6,13.5,115.912,-43.9332,53.2014,-43.9281,53.2017,53.4172,53.4172,CLASS_add_scds.pro,2.1,398,1,"0,1,2,3,4,5,6,7,8,9,10,11,12,13,14,15,",-43.2367,52.5722,-44.59,52.5069,-44.6155,53.8453,-43.2617,53.8819,1.833251953125,0.0788255076086594,1.74072265625,1.95556640625,3754.5,161.43463958253463,8
ch2_cla_l1_20250801T222120772_20250801T222128772.fits,/home/saurabh/moon_project/data/CLASS/ch2_cla_l1_2025_08/cla/data/calibrated/2025/08/01/ch2_cla_l1_20250801T222120772_20250801T222128772.fits,2025-08-01T22:21:20.772,2025-08-01T22:21:28.772,2025-08-01T22:21:24.772,8.0,-37.6,13.5,115.83,-44.3333,53.1854,-44.3282,53.1858,53.7234,53.7234,CLASS_add_scds.pro,2.1,399,1,"0,1,2,3,4,5,6,7,8,9,10,11,12,13,14,15,",-43.6371,52.5526,-44.9897,52.4864,-45.0154,53.8332,-43.6622,53.8701,1.82470703125,0.0629874701463557,1.70849609375,1.90771484375,3737.0,128.99833885973658,8
ch2_cla_l1_20250801T222128772_20250801T222136772.fits,/home/saurabh/moon_project/data/CLASS/ch2_cla_l1_2025_08/cla/data/calibrated/2025/08/01/ch2_cla_l1_20250801T222128772_20250801T222136772.fits,2025-08-01T22:21:28.772,2025-08-01T22:21:36.772,2025-08-01T22:21:32.772,8.0,-37.6,13.5,115.746,-44.7336,53.1691,-44.7285,53.1695,54.0304,54.0304,CLASS_add_scds.pro,2.1,400,1,"0,1,2,3,4,5,6,7,8,9,10,11,12,13,14,15,",-44.0375,52.5329,-45.3894,52.4656,-45.4153,53.8208,-44.0628,53.8583,1.82391357421875,0.0490612025692473,1.7529296875,1.904296875,3735.375,100.4773428618185,8
ch2_cla_l1_20250801T222136772_20250801T222144772.fits,/home/saurabh/moon_project/data/CLASS/ch2_cla_l1_2025_08/cla/data/calibrated/2025/08/01/ch2_cla_l1_20250801T222136772_20250801T222144772.fits,2025-08-01T22:21:36.772,2025-08-01T22:21:44.772,2025-08-01T22:21:40.772,8.0,-37.5,13.5,115.662,-45.1338,53.1527,-45.1289,53.153,54.3382,54.3382,CLASS_add_scds.pro,2.1,401,1,"0,1,2,3,4,5,6,7,8,9,10,11,12,13,14,15,",-44.4379,52.5127,-45.7893,52.4444,-45.8153,53.8083,-44.4634,53.8462,1.85931396484375,0.073180516027845,1.73291015625,1.96435546875,3807.875,149.87369682502663,8
ch2_cla_l1_20250801T222152772_20250801T222200772.fits,/home/saurabh/moon_project/data/CLASS/ch2_cla_l1_2025_08/cla/data/calibrated/2025/08/01/ch2_cla_l1_20250801T222152772_20250801T222200772.fits,2025-08-01T22:21:52.772,2025-08-01T22:22:00.772,2025-08-01T22:21:56.772,8.0,-37.4,13.5,115.491,-45.9344,53.1191,-45.9294,53.1195,54.9565,54.9565,CLASS_add_scds.pro,2.1,403,1,"0,1,2,3,4,5,6,7,8,9,10,11,12,13,14,15,",-45.2392,52.4713,-46.589,52.4012,-46.6154,53.7831,-45.2649,53.8215,1.73016357421875,0.0518898731518045,1.63720703125,1.796875,3543.375,106.27046021489562,8
ch2_cla_l1_20250801T222208772_20250801T222216772.fits,/home/saurabh/moon_project/data/CLASS/ch2_cla_l1_2025_08/cla/data/calibrated/2025/08/01/ch2_cla_l1_20250801T222208772_20250801T222216772.fits,2025-08-01T22:22:08.772,2025-08-01T22:22:16.772,2025-08-01T22:22:12.772,8.0,-37.3,13.5,115.316,-46.7352,53.0846,-46.7302,53.0849,55.578,55.578,CLASS_add_scds.pro,2.1,405,1,"0,1,2,3,4,5,6,7,8,9,10,11,12,13,14,15,",-46.0404,52.429,-47.3888,52.3565,-47.4155,53.757,-46.0665,53.7966,1.76287841796875,0.0578925546883801,1.646484375,1.82958984375,3610.375,118.56395200180243,8
ch2_cla_l1_20250801T222224772_20250801T222232772.fits,/home/saurabh/moon_project/data/CLASS/ch2_cla_l1_2025_08/cla/data/calibrated/2025/08/01/ch2_cla_l1_20250801T222224772_20250801T222232772.fits,2025-08-01T22:22:24.772,2025-08-01T22:22:32.772,2025-08-01T22:22:28.772,8.0,-37.3,13.5,115.138,-47.5361,53.0491,-47.5311,53.0494,56.2026,56.2026,CLASS_add_scds.pro,2.1,407,1,"0,1,2,3,4,5,6,7,8,9,10,11,12,13,14,15,",-46.8417,52.3853,-48.1889,52.3105,-48.216,53.7305,-46.8682,53.7709,1.76629638671875,0.0566970844466867,1.6787109375,1.85009765625,3617.375,116.1156289468144,8
ch2_cla_l1_20250801T222232772_20250801T222240772.fits,/home/saurabh/moon_project/data/CLASS/ch2_cla_l1_2025_08/cla/data/calibrated/2025/08/01/ch2_cla_l1_20250801T222232772_20250801T222240772.fits,2025-08-01T22:22:32.772,2025-08-01T22:22:40.772,2025-08-01T22:22:36.772,8.0,-37.3,13.5,115.048,-47.9366,53.031,-47.9317,53.0313,56.5161,56.5161,CLASS_add_scds.pro,2.1,408,1,"0,1,2,3,4,5,6,7,8,9,10,11,12,13,14,15,",-47.2426,52.3629,-48.5888,52.2869,-48.6162,53.717,-47.2692,53.7579,1.71728515625,0.0541278462456068,1.626953125,1.7939453125,3517.0,110.85382911100288,8
ch2_cla_l1_20250801T222240772_20250801T222248772.fits,/home/saurabh/moon_project/data/CLASS/ch2_cla_l1_2025_08/cla/data/calibrated/2025/08/01/ch2_cla_l1_20250801T222240772_20250801T222248772.fits,2025-08-01T22:22:40.772,2025-08-01T22:22:48.772,2025-08-01T22:22:44.772,8.0,-37.2,13.5,114.957,-48.3371,53.0126,-48.3321,53.013,56.8303,56.8303,CLASS_add_scds.pro,2.1,409,1,"0,1,2,3,4,5,6,7,8,9,10,11,12,13,14,15,",-47.6433,52.3402,-48.9889,52.263,-49.0164,53.7034,-47.6701,53.7447,1.7698974609375,0.0662829111204164,1.689453125,1.8759765625,3624.75,135.7474019746129,8
ch2_cla_l1_20250801T222248772_20250801T222256772.fits,/home/saurabh/moon_project/data/CLASS/ch2_cla_l1_2025_08/cla/data/calibrated/2025/08/01/ch2_cla_l1_20250801T222248772_20250801T222256772.fits,2025-08-01T22:22:48.772,2025-08-01T22:22:56.772,2025-08-01T22:22:52.772,8.0,-37.2,13.5,114.865,-48.7377,52.994,-48.7328,52.9943,57.1453,57.1453,CLASS_add_scds.pro,2.1,410,1,"0,1,2,3,4,5,6,7,8,9,10,11,12,13,14,15,",-48.0441,52.3171,-49.389,52.2386,-49.4167,53.6895,-48.0711,53.7314,1.7144775390625,0.0752766864241471,1.5966796875,1.82373046875,3511.25,154.16665379665326,8
ch2_cla_l1_20250801T222256772_20250801T222304772.fits,/home/saurabh/moon_project/data/CLASS/ch2_cla_l1_2025_08/cla/data/calibrated/2025/08/01/ch2_cla_l1_20250801T222256772_20250801T222304772.fits,2025-08-01T22:22:56.772,2025-08-01T22:23:04.772,2025-08-01T22:23:00.772,8.0,-37.1,13.5,114.772,-49.1383,52.975,-49.1332,52.9754,57.4609,57.4609,CLASS_add_scds.pro,2.1,411,1,"0,1,2,3,4,5,6,7,8,9,10,11,12,13,14,15,",-48.4449,52.2937,-49.789,52.2138,-49.817,53.6754,-48.4721,53.718,1.7718505859375,0.0740049336898594,1.68115234375,1.88720703125,3628.75,151.56210419683222,8
ch2_cla_l1_20250801T222304772_20250801T222312772.fits,/home/saurabh/moon_project/data/CLASS/ch2_cla_l1_2025_08/cla/data/calibrated/2025/08/01/ch2_cla_l1_20250801T222304772_20250801T222312772.fits,2025-08-01T22:23:04.772,2025-08-01T22:23:12.772,2025-08-01T22:23:08.772,8.0,-37.1,13.5,114.679,-49.539,52.9558,-49.5339,52.9562,57.7773,57.7773,CLASS_add_scds.pro,2.1,412,1,"0,1,2,3,4,5,6,7,8,9,10,11,12,13,14,15,",-48.8458,52.2698,-50.1893,52.1885,-50.2174,53.6612,-48.8732,53.7043,1.73614501953125,0.0712345459797068,1.62109375,1.8349609375,3555.625,145.88835016643966,8
ch2_cla_l1_20250801T222312772_20250801T222320772.fits,/home/saurabh/moon_project/data/CLASS/ch2_cla_l1_2025_08/cla/data/calibrated/2025/08/01/ch2_cla_l1_20250801T222312772_20250801T222320772.fits,2025-08-01T22:23:12.772,2025-08-01T22:23:20.772,2025-08-01T22:23:16.772,8.0,-37.1,13.5,114.584,-49.9396,52.9363,-49.9345,52.9366,58.0944,58.0944,CLASS_add_scds.pro,2.1,413,1,"0,1,2,3,4,5,6,7,8,9,10,11,12,13,14,15,",-49.2468,52.2455,-50.5892,52.1628,-50.6176,53.6467,-49.2744,53.6904,1.75823974609375,0.0447048370083787,1.6865234375,1.830078125,3600.875,91.55550619315976,8
ch2_cla_l1_20250801T222320772_20250801T222328772.fits,/home/saurabh/moon_project/data/CLASS/ch2_cla_l1_2025_08/cla/data/calibrated/2025/08/01/ch2_cla_l1_20250801T222320772_20250801T222328772.fits,2025-08-01T22:23:20.772,2025-08-01T22:23:28.772,2025-08-01T22:23:24.772,8.0,-37.1,13.5,114.489,-50.3404,52.9164,-50.3353,52.9168,58.4122,58.4122,CLASS_add_scds.pro,2.1,414,1,"0,1,2,3,4,5,6,7,8,9,10,11,12,13,14,15,",-49.6476,52.2208,-50.9896,52.1368,-51.0182,53.6322,-49.6754,53.6764,1.7359619140625,0.0802776761174036,1.6328125,1.8759765625,3555.25,164.40868068844262,8
ch2_cla_l1_20250801T222328772_20250801T222336772.fits,/home/saurabh/moon_project/data/CLASS/ch2_cla_l1_2025_08/cla/data/calibrated/2025/08/01/ch2_cla_l1_20250801T222328772_20250801T222336772.fits,2025-08-01T22:23:28.772,2025-08-01T22:23:36.772,2025-08-01T22:23:32.772,8.0,-37.1,13.5,114.393,-50.7411,52.8963,-50.7361,52.8967,58.7306,58.7306,CLASS_add_scds.pro,2.1,415,1,"0,1,2,3,4,5,6,7,8,9,10,11,12,13,14,15,",-50.0488,52.1958,-51.3898,52.1104,-51.4186,53.6175,-50.0768,53.6622,1.78277587890625,0.0422867490543326,1.7216796875,1.84619140625,3651.125,86.60326206327335,8
ch2_cla_l1_20250801T222336772_20250801T222344772.fits,/home/saurabh/moon_project/data/CLASS/ch2_cla_l1_2025_08/cla/data/calibrated/2025/08/01/ch2_cla_l1_20250801T222336772_20250801T222344772.fits,2025-08-01T22:23:36.772,2025-08-01T22:23:44.772,2025-08-01T22:23:40.772,8.0,-37.1,13.5,114.297,-51.1419,52.8758,-51.137,52.8762,59.0497,59.0497,CLASS_add_scds.pro,2.1,416,1,"0,1,2,3,4,5,6,7,8,9,10,11,12,13,14,15,",-50.4498,52.1704,-51.79,52.0833,-51.819,53.6025,-50.478,53.648,1.75946044921875,0.0817779731121052,1.6572265625,1.88427734375,3603.375,167.48128893359146,8
ch2_cla_l1_20250801T222344772_20250801T222352772.fits,/home/saurabh/moon_project/data/CLASS/ch2_cla_l1_2025_08/cla/data/calibrated/2025/08/01/ch2_cla_l1_20250801T222344772_20250801T222352772.fits,2025-08-01T22:23:44.772,2025-08-01T22:23:52.772,2025-08-01T22:23:48.772,8.0,-37.1,13.5,114.199,-51.5427,52.855,-51.5376,52.8554,59.3694,59.3694,CLASS_add_scds.pro,2.1,417,1,"0,1,2,3,4,5,6,7,8,9,10,11,12,13,14,15,",-50.8508,52.1444,-52.1902,52.0557,-52.2194,53.5872,-50.8792,53.6334,1.77081298828125,0.0347527861424067,1.73291015625,1.82861328125,3626.625,71.17370601964906,8
ch2_cla_l1_20250801T222352772_20250801T222400772.fits,/home/saurabh/moon_project/data/CLASS/ch2_cla_l1_2025_08/cla/data/calibrated/2025/08/01/ch2_cla_l1_20250801T222352772_20250801T222400772.fits,2025-08-01T22:23:52.772,2025-08-01T22:24:00.772,2025-08-01T22:23:56.772,8.0,-37.0,13.5,114.101,-51.9436,52.8338,-51.9386,52.8342,59.6898,59.6898,CLASS_add_scds.pro,2.1,418,1,"0,1,2,3,4,5,6,7,8,9,10,11,12,13,14,15,",-51.2518,52.1179,-52.5906,52.0277,-52.6201,53.5718,-51.2804,53.6185,1.778076171875,0.0592636325965775,1.7041015625,1.861328125,3641.5,121.37191955779086,8
ch2_cla_l1_20250801T222400772_20250801T222408772.fits,/home/saurabh/moon_project/data/CLASS/ch2_cla_l1_2025_08/cla/data/calibrated/2025/08/01/ch2_cla_l1_20250801T222400772_20250801T222408772.fits,2025-08-01T22:24:00.772,2025-08-01T22:24:08.772,2025-08-01T22:24:04.772,8.0,-37.0,13.5,114.002,-52.3445,52.8122,-52.3395,52.8126,60.0108,60.0108,CLASS_add_scds.pro,2.1,419,1,"0,1,2,3,4,5,6,7,8,9,10,11,12,13,14,15,",-51.6531,52.091,-52.9911,51.999,-53.0208,53.5561,-51.682,53.6036,1.79107666015625,0.0352408586879691,1.74169921875,1.8447265625,3668.125,72.17327859296087,8
ch2_cla_l1_20250801T222408772_20250801T222416772.fits,/home/saurabh/moon_project/data/CLASS/ch2_cla_l1_2025_08/cla/data/calibrated/2025/08/01/ch2_cla_l1_20250801T222408772_20250801T222416772.fits,2025-08-01T22:24:08.772,2025-08-01T22:24:16.772,2025-08-01T22:24:12.772,8.0,-36.9,13.5,113.903,-52.7455,52.7903,-52.7406,52.7906,60.3324,60.3324,CLASS_add_scds.pro,2.1,420,1,"0,1,2,3,4,5,6,7,8,9,10,11,12,13,14,15,",-52.0544,52.0635,-53.3916,51.9698,-53.4215,53.5401,-52.0835,53.5883,1.78662109375,0.0775390449296039,1.65185546875,1.88037109375,3659.0,158.79996401582895,8
ch2_cla_l1_20250801T222416772_20250801T222424772.fits,/home/saurabh/moon_project/data/CLASS/ch2_cla_l1_2025_08/cla/data/calibrated/2025/08/01/ch2_cla_l1_20250801T222416772_20250801T222424772.fits,2025-08-01T22:24:16.772,2025-08-01T22:24:24.772,2025-08-01T22:24:20.772,8.0,-36.9,13.5,113.802,-53.1465,52.768,-53.1416,52.7684,60.6546,60.6546,CLASS_add_scds.pro,2.1,421,1,"0,1,2,3,4,5,6,7,8,9,10,11,12,13,14,15,",-52.4557,52.0355,-53.7921,51.9402,-53.8223,53.524,-52.485,53.5728,1.77276611328125,0.0603603531232827,1.671875,1.8515625,3630.625,123.61800319648312,8
ch2_cla_l1_20250801T222424772_20250801T222432772.fits,/home/saurabh/moon_project/data/CLASS/ch2_cla_l1_2025_08/cla/data/calibrated/2025/08/01/ch2_cla_l1_20250801T222424772_20250801T222432772.fits,2025-08-01T22:24:24.772,2025-08-01T22:24:32.772,2025-08-01T22:24:28.772,8.0,-36.9,13.5,113.701,-53.5475,52.7453,-53.5427,52.7456,60.9774,60.9774,CLASS_add_scds.pro,2.1,422,1,"0,1,2,3,4,5,6,7,8,9,10,11,12,13,14,15,",-52.857,52.007,-54.1926,51.9098,-54.223,53.5075,-52.8866,53.5571,1.8028564453125,0.0540559069442946,1.744140625,1.89599609375,3692.25,110.70649742191544,8
ch2_cla_l1_20250801T222432772_20250801T222440772.fits,/home/saurabh/moon_project/data/CLASS/ch2_cla_l1_2025_08/cla/data/calibrated/2025/08/01/ch2_cla_l1_20250801T222432772_20250801T222440772.fits,2025-08-01T22:24:32.772,2025-08-01T22:24:40.772,2025-08-01T22:24:36.772,8.0,-36.8,13.5,113.599,-53.9486,52.7222,-53.9437,52.7226,61.3008,61.3008,CLASS_add_scds.pro,2.1,423,1,"0,1,2,3,4,5,6,7,8,9,10,11,12,13,14,15,",-53.2584,51.978,-54.5929,51.879,-54.6237,53.4909,-53.2882,53.5412,1.77587890625,0.0660452124234158,1.6923828125,1.87646484375,3637.0,135.26059504315575,8
ch2_cla_l1_20250801T222440772_20250801T222448772.fits,/home/saurabh/moon_project/data/CLASS/ch2_cla_l1_2025_08/cla/data/calibrated/2025/08/01/ch2_cla_l1_20250801T222440772_20250801T222448772.fits,2025-08-01T22:24:40.772,2025-08-01T22:24:48.772,2025-08-01T22:24:44.772,8.0,-36.8,13.5,113.496,-54.3497,52.6986,-54.3449,52.6991,61.6248,61.6248,CLASS_add_scds.pro,2.1,424,1,"0,1,2,3,4,5,6,7,8,9,10,11,12,13,14,15,",-53.6596,51.9486,-54.9936,51.8474,-55.0246,53.4739,-53.6897,53.5252,1.803955078125,0.0858720802894352,1.642578125,1.91943359375,3694.5,175.86602043276338,8
ch2_cla_l1_20250801T222448772_20250801T222456772.fits,/home/saurabh/moon_project/data/CLASS/ch2_cla_l1_2025_08/cla/data/calibrated/2025/08/01/ch2_cla_l1_20250801T222448772_20250801T222456772.fits,2025-08-01T22:24:48.772,2025-08-01T22:24:56.772,2025-08-01T22:24:52.772,8.0,-36.8,13.5,113.393,-54.7508,52.6746,-54.7459,52.6752,61.9493,61.9493,CLASS_add_scds.pro,2.1,425,1,"0,1,2,3,4,5,6,7,8,9,10,11,12,13,14,15,",-54.0611,51.9184,-55.3939,51.8154,-55.4253,53.4567,-54.0915,53.5087,1.7872314453125,0.0696475359284724,1.69287109375,1.89013671875,3660.25,142.6381535815115,8
ch2_cla_l1_20250801T222456772_20250801T222504772.fits,/home/saurabh/moon_project/data/CLASS/ch2_cla_l1_2025_08/cla/data/calibrated/2025/08/01/ch2_cla_l1_20250801T222456772_20250801T222504772.fits,2025-08-01T22:24:56.772,2025-08-01T22:25:04.772,2025-08-01T22:25:00.772,8.0,-36.8,13.5,113.289,-55.152,52.6502,-55.1473,52.6505,62.2744,62.2744,CLASS_add_scds.pro,2.1,426,1,"0,1,2,3,4,5,6,7,8,9,10,11,12,13,14,15,",-54.4624,51.8878,-55.7947,51.7824,-55.8263,53.4391,-54.493,53.4922,1.8388671875,0.1004351412773984,1.66015625,1.96337890625,3766.0,205.6911693361121,8
ch2_cla_l1_20250801T222504772_20250801T222512772.fits,/home/saurabh/moon_project/data/CLASS/ch2_cla_l1_2025_08/cla/data/calibrated/2025/08/01/ch2_cla_l1_20250801T222504772_20250801T222512772.fits,2025-08-01T22:25:04.772,2025-08-01T22:25:12.772,2025-08-01T22:25:08.772,8.0,-36.8,13.5,113.184,-55.5532,52.6252,-55.5483,52.6257,62.6,62.6,CLASS_add_scds.pro,2.1,427,1,"0,1,2,3,4,5,6,7,8,9,10,11,12,13,14,15,",-54.864,51.8562,-56.1952,51.7489,-56.2272,53.4213,-54.8949,53.4751,1.76873779296875,0.0474656001272617,1.69970703125,1.84912109375,3622.375,97.20954906063204,8
ch2_cla_l1_20250801T222512772_20250801T222520772.fits,/home/saurabh/moon_project/data/CLASS/ch2_cla_l1_2025_08/cla/data/calibrated/2025/08/01/ch2_cla_l1_20250801T222512772_20250801T222520772.fits,2025-08-01T22:25:12.772,2025-08-01T22:25:20.772,2025-08-01T22:25:16.772,8.0,-36.7,13.5,113.078,-55.9545,52.5998,-55.9496,52.6003,62.9262,62.9262,CLASS_add_scds.pro,2.1,428,1,"0,1,2,3,4,5,6,7,8,9,10,11,12,13,14,15,",-55.2654,51.8244,-56.5958,51.7146,-56.628,53.4031,-55.2966,53.458,1.84246826171875,0.0415968935193056,1.78125,1.9111328125,3773.375,85.19043792753806,8
ch2_cla_l1_20250801T222520772_20250801T222528772.fits,/home/saurabh/moon_project/data/CLASS/ch2_cla_l1_2025_08/cla/data/calibrated/2025/08/01/ch2_cla_l1_20250801T222520772_20250801T222528772.fits,2025-08-01T22:25:20.772,2025-08-01T22:25:28.772,2025-08-01T22:25:24.772,8.0,-36.7,13.5,112.972,-56.3558,52.5739,-56.3509,52.5744,63.2529,63.2529,CLASS_add_scds.pro,2.1,429,1,"0,1,2,3,4,5,6,7,8,9,10,11,12,13,14,15,",-55.6669,51.7917,-56.9965,51.6796,-57.0291,53.3845,-55.6984,53.4405,1.794921875,0.0465110088858489,1.72998046875,1.87255859375,3676.0,95.25454619821863,8
ch2_cla_l1_20250801T222528772_20250801T222536772.fits,/home/saurabh/moon_project/data/CLASS/ch2_cla_l1_2025_08/cla/data/calibrated/2025/08/01/ch2_cla_l1_20250801T222528772_20250801T222536772.fits,2025-08-01T22:25:28.772,2025-08-01T22:25:36.772,2025-08-01T22:25:32.772,8.0,-36.7,13.5,112.865,-56.7572,52.5474,-56.7522,52.5479,63.5801,63.5801,CLASS_add_scds.pro,2.1,430,1,"0,1,2,3,4,5,6,7,8,9,10,11,12,13,14,15,",-56.0685,51.7583,-57.3973,51.6437,-57.4302,53.3656,-56.1003,53.4226,1.8568115234375,0.0463193016316032,1.78515625,1.9345703125,3802.75,94.86192974152335,8
ch2_cla_l1_20250801T222536772_20250801T222544772.fits,/home/saurabh/moon_project/data/CLASS/ch2_cla_l1_2025_08/cla/data/calibrated/2025/08/01/ch2_cla_l1_20250801T222536772_20250801T222544772.fits,2025-08-01T22:25:36.772,2025-08-01T22:25:44.772,2025-08-01T22:25:40.772,8.0,-36.7,13.5,112.757,-57.1586,52.5204,-57.1537,52.5209,63.9078,63.9078,CLASS_add_scds.pro,2.1,431,1,"0,1,2,3,4,5,6,7,8,9,10,11,12,13,14,15,",-56.4703,51.724,-57.7981,51.6071,-57.8313,53.3465,-56.5023,53.4043,1.78057861328125,0.0335154866899449,1.73095703125,1.8251953125,3646.625,68.63971674100728,8
ch2_cla_l1_20250801T222544772_20250801T222552772.fits,/home/saurabh/moon_project/data/CLASS/ch2_cla_l1_2025_08/cla/data/calibrated/2025/08/01/ch2_cla_l1_20250801T222544772_20250801T222552772.fits,2025-08-01T22:25:44.772,2025-08-01T22:25:52.772,2025-08-01T22:25:48.772,8.0,-36.7,13.5,112.649,-57.56,52.4928,-57.5551,52.4935,64.236,64.236,CLASS_add_scds.pro,2.1,432,1,"0,1,2,3,4,5,6,7,8,9,10,11,12,13,14,15,",-56.8719,51.6892,-58.1988,51.5697,-58.2324,53.3269,-56.9043,53.3859,1.84991455078125,0.0373316824796987,1.79833984375,1.90771484375,3788.625,76.45528571842313,8
ch2_cla_l1_20250801T222552772_20250801T222600772.fits,/home/saurabh/moon_project/data/CLASS/ch2_cla_l1_2025_08/cla/data/calibrated/2025/08/01/ch2_cla_l1_20250801T222552772_20250801T222600772.fits,2025-08-01T22:25:52.772,2025-08-01T22:26:00.772,2025-08-01T22:25:56.772,8.0,-36.6,13.5,112.54,-57.9615,52.4647,-57.9566,52.4653,64.5647,64.5647,CLASS_add_scds.pro,2.1,433,1,"0,1,2,3,4,5,6,7,8,9,10,11,12,13,14,15,",-57.2736,51.6537,-58.5998,51.5313,-58.6337,53.3069,-57.3063,53.3672,1.81048583984375,0.0583178244948757,1.73828125,1.91845703125,3707.875,119.4349045655056,8
ch2_cla_l1_20250801T222600772_20250801T222608772.fits,/home/saurabh/moon_project/data/CLASS/ch2_cla_l1_2025_08/cla/data/calibrated/2025/08/01/ch2_cla_l1_20250801T222600772_20250801T222608772.fits,2025-08-01T22:26:00.772,2025-08-01T22:26:08.772,2025-08-01T22:26:04.772,8.0,-36.5,13.5,112.43,-58.363,52.4359,-58.3581,52.4365,64.8939,64.8939,CLASS_add_scds.pro,2.1,434,1,"0,1,2,3,4,5,6,7,8,9,10,11,12,13,14,15,",-57.6755,51.6172,-59.0005,51.4922,-59.0348,53.2867,-57.7085,53.3479,1.7298583984375,0.0453412871221941,1.66162109375,1.8017578125,3542.75,92.85895602625368,8
ch2_cla_l1_20250801T222616772_20250801T222624772.fits,/home/saurabh/moon_project/data/CLASS/ch2_cla_l1_2025_08/cla/data/calibrated/2025/08/01/ch2_cla_l1_20250801T222616772_20250801T222624772.fits,2025-08-01T22:26:16.772,2025-08-01T22:26:24.772,2025-08-01T22:26:20.772,8.0,-36.5,13.5,112.209,-59.1662,52.3764,-59.1613,52.377,65.5536,65.5536,CLASS_add_scds.pro,2.1,436,1,"0,1,2,3,4,5,6,7,8,9,10,11,12,13,14,15,",-58.4789,51.5421,-59.8023,51.4109,-59.8374,53.2447,-58.5127,53.3087,1.73333740234375,0.0570775734133833,1.6435546875,1.8193359375,3549.875,116.89487035060912,8
ch2_cla_l1_20250801T222632772_20250801T222640772.fits,/home/saurabh/moon_project/data/CLASS/ch2_cla_l1_2025_08/cla/data/calibrated/2025/08/01/ch2_cla_l1_20250801T222632772_20250801T222640772.fits,2025-08-01T22:26:32.772,2025-08-01T22:26:40.772,2025-08-01T22:26:36.772,8.0,-36.5,13.5,111.984,-59.9695,52.3141,-59.9645,52.3149,66.2152,66.2152,CLASS_add_scds.pro,2.1,438,1,"0,1,2,3,4,5,6,7,8,9,10,11,12,13,14,15,",-59.2827,51.4631,-60.6042,51.3257,-60.64,53.201,-59.3172,53.2677,1.7205810546875,0.0790437355800129,1.61328125,1.84423828125,3523.75,161.8815704678666,8
ch2_cla_l1_20250801T222640772_20250801T222648772.fits,/home/saurabh/moon_project/data/CLASS/ch2_cla_l1_2025_08/cla/data/calibrated/2025/08/01/ch2_cla_l1_20250801T222640772_20250801T222648772.fits,2025-08-01T22:26:40.772,2025-08-01T22:26:48.772,2025-08-01T22:26:44.772,8.0,-36.5,13.5,111.871,-60.3712,52.2819,-60.3664,52.2824,66.5466,66.5466,CLASS_add_scds.pro,2.1,439,1,"0,1,2,3,4,5,6,7,8,9,10,11,12,13,14,15,",-59.6846,51.4223,-61.0053,51.2812,-61.0416,53.1782,-59.7195,53.2466,1.71551513671875,0.1014235457714201,1.5751953125,1.875,3513.375,207.71542173986848,8
ch2_cla_l1_20250801T222648772_20250801T222656772.fits,/home/saurabh/moon_project/data/CLASS/ch2_cla_l1_2025_08/cla/data/calibrated/2025/08/01/ch2_cla_l1_20250801T222648772_20250801T222656772.fits,2025-08-01T22:26:48.772,2025-08-01T22:26:56.772,2025-08-01T22:26:52.772,8.0,-36.5,13.5,111.758,-60.773,52.2488,-60.7681,52.2495,66.8785,66.8785,CLASS_add_scds.pro,2.1,440,1,"0,1,2,3,4,5,6,7,8,9,10,11,12,13,14,15,",-60.0867,51.3801,-61.4063,51.2356,-61.4431,53.155,-60.122,53.2248,1.738525390625,0.0783822320750764,1.64501953125,1.86279296875,3560.5,160.52681128975664,8
ch2_cla_l1_20250801T222656772_20250801T222704772.fits,/home/saurabh/moon_project/data/CLASS/ch2_cla_l1_2025_08/cla/data/calibrated/2025/08/01/ch2_cla_l1_20250801T222656772_20250801T222704772.fits,2025-08-01T22:26:56.772,2025-08-01T22:27:04.772,2025-08-01T22:27:00.772,8.0,-36.4,13.5,111.643,-61.1748,52.215,-61.17,52.2154,67.2108,67.2108,CLASS_add_scds.pro,2.1,441,1,"0,1,2,3,4,5,6,7,8,9,10,11,12,13,14,15,",-60.4887,51.3371,-61.8077,51.1888,-61.8447,53.1312,-60.5244,53.2026,1.73406982421875,0.0859608556543214,1.623046875,1.8828125,3551.375,176.0478323800503,8
ch2_cla_l1_20250801T222704772_20250801T222712772.fits,/home/saurabh/moon_project/data/CLASS/ch2_cla_l1_2025_08/cla/data/calibrated/2025/08/01/ch2_cla_l1_20250801T222704772_20250801T222712772.fits,2025-08-01T22:27:04.772,2025-08-01T22:27:12.772,2025-08-01T22:27:08.772,8.0,-36.4,13.5,111.528,-61.5766,52.1803,-61.5717,52.181,67.5435,67.5435,CLASS_add_scds.pro,2.1,442,1,"0,1,2,3,4,5,6,7,8,9,10,11,12,13,14,15,",-60.891,51.2927,-62.2085,51.1412,-62.2461,53.1072,-60.9271,53.1797,1.72930908203125,0.0496827671508025,1.65234375,1.8134765625,3541.625,101.7503071248436,8
ch2_cla_l1_20250801T222712772_20250801T222720772.fits,/home/saurabh/moon_project/data/CLASS/ch2_cla_l1_2025_08/cla/data/calibrated/2025/08/01/ch2_cla_l1_20250801T222712772_20250801T222720772.fits,2025-08-01T22:27:12.772,2025-08-01T22:27:20.772,2025-08-01T22:27:16.772,8.0,-36.4,13.5,111.412,-61.9785,52.1448,-61.9738,52.1453,67.8767,67.8767,CLASS_add_scds.pro,2.1,443,1,"0,1,2,3,4,5,6,7,8,9,10,11,12,13,14,15,",-61.2929,51.2478,-62.6097,51.0919,-62.6477,53.0824,-61.3294,53.157,1.75238037109375,0.0660201637855367,1.63427734375,1.8466796875,3588.875,135.2092954327792,8
ch2_cla_l1_20250801T222720772_20250801T222728772.fits,/home/saurabh/moon_project/data/CLASS/ch2_cla_l1_2025_08/cla/data/calibrated/2025/08/01/ch2_cla_l1_20250801T222720772_20250801T222728772.fits,2025-08-01T22:27:20.772,2025-08-01T22:27:28.772,2025-08-01T22:27:24.772,8.0,-36.4,13.5,111.296,-62.3805,52.1083,-62.3757,52.1089,68.2102,68.2102,CLASS_add_scds.pro,2.1,444,1,"0,1,2,3,4,5,6,7,8,9,10,11,12,13,14,15,",-61.695,51.2015,-63.0108,51.0414,-63.0493,53.0571,-61.732,53.1334,1.7528076171875,0.0440581311627307,1.69580078125,1.822265625,3589.75,90.23105262127255,8
ch2_cla_l1_20250801T222728772_20250801T222736772.fits,/home/saurabh/moon_project/data/CLASS/ch2_cla_l1_2025_08/cla/data/calibrated/2025/08/01/ch2_cla_l1_20250801T222728772_20250801T222736772.fits,2025-08-01T22:27:28.772,2025-08-01T22:27:36.772,2025-08-01T22:27:32.772,8.0,-36.4,13.5,111.179,-62.7825,52.0708,-62.7776,52.0715,68.5441,68.5441,CLASS_add_scds.pro,2.1,445,1,"0,1,2,3,4,5,6,7,8,9,10,11,12,13,14,15,",-62.0971,51.1539,-63.4121,50.9894,-63.4511,53.031,-62.1345,53.1094,1.753662109375,0.0527705315863527,1.65380859375,1.818359375,3591.5,108.07404868885035,8
ch2_cla_l1_20250801T222736772_20250801T222744772.fits,/home/saurabh/moon_project/data/CLASS/ch2_cla_l1_2025_08/cla/data/calibrated/2025/08/01/ch2_cla_l1_20250801T222736772_20250801T222744772.fits,2025-08-01T22:27:36.772,2025-08-01T22:27:44.772,2025-08-01T22:27:40.772,8.0,-36.4,13.5,111.061,-63.1845,52.0324,-63.1796,52.033,68.8784,68.8784,CLASS_add_scds.pro,2.1,446,1,"0,1,2,3,4,5,6,7,8,9,10,11,12,13,14,15,",-62.4994,51.1049,-63.8133,50.9358,-63.8528,53.0042,-62.5373,53.0846,1.73089599609375,0.0331974184918622,1.67431640625,1.78076171875,3544.875,67.98831307133392,8
ch2_cla_l1_20250801T222744772_20250801T222752772.fits,/home/saurabh/moon_project/data/CLASS/ch2_cla_l1_2025_08/cla/data/calibrated/2025/08/01/ch2_cla_l1_20250801T222744772_20250801T222752772.fits,2025-08-01T22:27:44.772,2025-08-01T22:27:52.772,2025-08-01T22:27:48.772,8.0,-36.4,13.5,110.943,-63.5865,51.9929,-63.5817,51.9936,69.2131,69.2131,CLASS_add_scds.pro,2.1,447,1,"0,1,2,3,4,5,6,7,8,9,10,11,12,13,14,15,",-62.9017,51.0545,-64.2146,50.8807,-64.2547,52.9768,-62.94,53.0592,1.7928466796875,0.054883178647657,1.693359375,1.87353515625,3671.75,112.40074987040154,8
ch2_cla_l1_20250801T222752772_20250801T222800772.fits,/home/saurabh/moon_project/data/CLASS/ch2_cla_l1_2025_08/cla/data/calibrated/2025/08/01/ch2_cla_l1_20250801T222752772_20250801T222800772.fits,2025-08-01T22:27:52.772,2025-08-01T22:28:00.772,2025-08-01T22:27:56.772,8.0,-36.4,13.5,110.824,-63.9886,51.9522,-63.9839,51.9529,69.5482,69.5482,CLASS_add_scds.pro,2.1,448,1,"0,1,2,3,4,5,6,7,8,9,10,11,12,13,14,15,",-63.304,51.0028,-64.6159,50.8239,-64.6565,52.9486,-63.3428,53.0332,1.75445556640625,0.0379932099170006,1.701171875,1.80419921875,3593.125,77.81009391001732,8
ch2_cla_l1_20250801T222800772_20250801T222808772.fits,/home/saurabh/moon_project/data/CLASS/ch2_cla_l1_2025_08/cla/data/calibrated/2025/08/01/ch2_cla_l1_20250801T222800772_20250801T222808772.fits,2025-08-01T22:28:00.772,2025-08-01T22:28:08.772,2025-08-01T22:28:04.772,8.0,-36.4,13.5,110.705,-64.3908,51.9105,-64.3858,51.9112,69.8836,69.8836,CLASS_add_scds.pro,2.1,449,1,"0,1,2,3,4,5,6,7,8,9,10,11,12,13,14,15,",-63.7064,50.9495,-65.017,50.7655,-65.0582,52.9198,-63.7457,53.0064,1.776611328125,0.0676093863167621,1.69189453125,1.87841796875,3638.5,138.4640231767289,8
ch2_cla_l1_20250801T222808772_20250801T222816772.fits,/home/saurabh/moon_project/data/CLASS/ch2_cla_l1_2025_08/cla/data/calibrated/2025/08/01/ch2_cla_l1_20250801T222808772_20250801T222816772.fits,2025-08-01T22:28:08.772,2025-08-01T22:28:16.772,2025-08-01T22:28:12.772,8.0,-36.2,13.5,110.584,-64.793,51.8675,-64.7881,51.8682,70.2194,70.2194,CLASS_add_scds.pro,2.1,450,1,"0,1,2,3,4,5,6,7,8,9,10,11,12,13,14,15,",-64.1085,50.8948,-65.4184,50.7051,-65.4602,52.8899,-64.1484,52.9792,1.73779296875,0.0556236636765144,1.6513671875,1.8193359375,3559.0,113.91726320950156,8
ch2_cla_l1_20250801T222816772_20250801T222824772.fits,/home/saurabh/moon_project/data/CLASS/ch2_cla_l1_2025_08/cla/data/calibrated/2025/08/01/ch2_cla_l1_20250801T222816772_20250801T222824772.fits,2025-08-01T22:28:16.772,2025-08-01T22:28:24.772,2025-08-01T22:28:20.772,8.0,-36.2,13.5,110.464,-65.1952,51.8232,-65.1904,51.8238,70.5556,70.5556,CLASS_add_scds.pro,2.1,451,1,"0,1,2,3,4,5,6,7,8,9,10,11,12,13,14,15,",-64.511,50.8383,-65.8199,50.6431,-65.8623,52.8595,-64.5514,52.951,1.813232421875,0.0546812715681494,1.73095703125,1.89111328125,3713.5,111.98724417157008,8
ch2_cla_l1_20250801T222824772_20250801T222832772.fits,/home/saurabh/moon_project/data/CLASS/ch2_cla_l1_2025_08/cla/data/calibrated/2025/08/01/ch2_cla_l1_20250801T222824772_20250801T222832772.fits,2025-08-01T22:28:24.772,2025-08-01T22:28:32.772,2025-08-01T22:28:28.772,8.0,-36.2,13.5,110.342,-65.5975,51.7776,-65.5927,51.7786,70.892,70.892,CLASS_add_scds.pro,2.1,452,1,"0,1,2,3,4,5,6,7,8,9,10,11,12,13,14,15,",-64.9135,50.7802,-66.2213,50.5791,-66.2643,52.8281,-64.9545,52.9222,1.72430419921875,0.0781236648445481,1.625,1.84716796875,3531.375,159.99726560163458,8
ch2_cla_l1_20250801T222832772_20250801T222840772.fits,/home/saurabh/moon_project/data/CLASS/ch2_cla_l1_2025_08/cla/data/calibrated/2025/08/01/ch2_cla_l1_20250801T222832772_20250801T222840772.fits,2025-08-01T22:28:32.772,2025-08-01T22:28:40.772,2025-08-01T22:28:36.772,8.0,-36.2,13.5,110.22,-65.9998,51.7307,-65.9949,51.7314,71.2289,71.2289,CLASS_add_scds.pro,2.1,453,1,"0,1,2,3,4,5,6,7,8,9,10,11,12,13,14,15,",-65.3159,50.7205,-66.6227,50.5129,-66.6664,52.7957,-65.3575,52.8927,1.8052978515625,0.0758370105843937,1.71484375,1.923828125,3697.25,155.3141976768383,8
ch2_cla_l1_20250801T222840772_20250801T222848772.fits,/home/saurabh/moon_project/data/CLASS/ch2_cla_l1_2025_08/cla/data/calibrated/2025/08/01/ch2_cla_l1_20250801T222840772_20250801T222848772.fits,2025-08-01T22:28:40.772,2025-08-01T22:28:48.772,2025-08-01T22:28:44.772,8.0,-36.2,13.5,110.098,-66.4021,51.6822,-66.3974,51.6829,71.566,71.566,CLASS_add_scds.pro,2.1,454,1,"0,1,2,3,4,5,6,7,8,9,10,11,12,13,14,15,",-65.7184,50.6587,-67.0242,50.4445,-67.0685,52.7624,-65.7606,52.8623,1.76385498046875,0.0749207475277073,1.64306640625,1.861328125,3612.375,153.43769093674473,8
ch2_cla_l1_20250801T222848772_20250801T222856772.fits,/home/saurabh/moon_project/data/CLASS/ch2_cla_l1_2025_08/cla/data/calibrated/2025/08/01/ch2_cla_l1_20250801T222848772_20250801T222856772.fits,2025-08-01T22:28:48.772,2025-08-01T22:28:56.772,2025-08-01T22:28:52.772,8.0,-36.2,13.5,109.975,-66.8045,51.6322,-66.7998,51.633,71.9035,71.9035,CLASS_add_scds.pro,2.1,455,1,"0,1,2,3,4,5,6,7,8,9,10,11,12,13,14,15,",-66.121,50.595,-67.4256,50.3738,-67.4706,52.728,-66.1638,52.831,1.80792236328125,0.0642535600402192,1.7216796875,1.91552734375,3702.625,131.59129096236902,8
ch2_cla_l1_20250801T222856772_20250801T222904772.fits,/home/saurabh/moon_project/data/CLASS/ch2_cla_l1_2025_08/cla/data/calibrated/2025/08/01/ch2_cla_l1_20250801T222856772_20250801T222904772.fits,2025-08-01T22:28:56.772,2025-08-01T22:29:04.772,2025-08-01T22:29:00.772,8.0,-36.2,13.5,109.851,-67.2069,51.5805,-67.2022,51.5814,72.2413,72.2413,CLASS_add_scds.pro,2.1,456,1,"0,1,2,3,4,5,6,7,8,9,10,11,12,13,14,15,",-66.5235,50.5292,-67.8273,50.3005,-67.873,52.6926,-66.5669,52.7987,1.7657470703125,0.0728681623582986,1.671875,1.89697265625,3616.25,149.2339965097957,8
ch2_cla_l1_20250801T222904772_20250801T222912772.fits,/home/saurabh/moon_project/data/CLASS/ch2_cla_l1_2025_08/cla/data/calibrated/2025/08/01/ch2_cla_l1_20250801T222904772_20250801T222912772.fits,2025-08-01T22:29:04.772,2025-08-01T22:29:12.772,2025-08-01T22:29:08.772,8.0,-36.2,13.5,109.727,-67.6094,51.5272,-67.6047,51.5281,72.5794,72.5794,CLASS_add_scds.pro,2.1,457,1,"0,1,2,3,4,5,6,7,8,9,10,11,12,13,14,15,",-66.9263,50.4609,-68.2287,50.2248,-68.2752,52.6559,-66.9703,52.7652,1.8074951171875,0.0499240502766875,1.73388671875,1.89013671875,3701.75,102.24445496665612,8
ch2_cla_l1_20250801T222912772_20250801T222920772.fits,/home/saurabh/moon_project/data/CLASS/ch2_cla_l1_2025_08/cla/data/calibrated/2025/08/01/ch2_cla_l1_20250801T222912772_20250801T222920772.fits,2025-08-01T22:29:12.772,2025-08-01T22:29:20.772,2025-08-01T22:29:16.772,8.0,-36.2,13.5,109.602,-68.0119,51.472,-68.0072,51.4728,72.9179,72.9179,CLASS_add_scds.pro,2.1,458,1,"0,1,2,3,4,5,6,7,8,9,10,11,12,13,14,15,",-67.3288,50.3908,-68.6303,50.1461,-68.6776,52.6179,-67.3735,52.7311,1.78955078125,0.0725426977546583,1.69482421875,1.91357421875,3665.0,148.56744500154034,8
ch2_cla_l1_20250801T222920772_20250801T222928772.fits,/home/saurabh/moon_project/data/CLASS/ch2_cla_l1_2025_08/cla/data/calibrated/2025/08/01/ch2_cla_l1_20250801T222920772_20250801T222928772.fits,2025-08-01T22:29:20.772,2025-08-01T22:29:28.772,2025-08-01T22:29:24.772,8.0,-36.2,13.5,109.477,-68.4144,51.4149,-68.4097,51.4158,73.2566,73.2566,CLASS_add_scds.pro,2.1,459,1,"0,1,2,3,4,5,6,7,8,9,10,11,12,13,14,15,",-67.7315,50.3179,-69.0318,50.0649,-69.0799,52.5788,-67.777,52.6955,1.8184814453125,0.0371229104045271,1.76953125,1.87939453125,3724.25,76.02772050847167,8
ch2_cla_l1_20250801T222928772_20250801T222936772.fits,/home/saurabh/moon_project/data/CLASS/ch2_cla_l1_2025_08/cla/data/calibrated/2025/08/01/ch2_cla_l1_20250801T222928772_20250801T222936772.fits,2025-08-01T22:29:28.772,2025-08-01T22:29:36.772,2025-08-01T22:29:32.772,8.0,-36.2,13.5,109.351,-68.817,51.3557,-68.8124,51.3563,73.5956,73.5956,CLASS_add_scds.pro,2.1,460,1,"0,1,2,3,4,5,6,7,8,9,10,11,12,13,14,15,",-68.1341,50.2427,-69.4332,49.9804,-69.4821,52.5382,-68.1803,52.6591,1.7901611328125,0.0653404815246274,1.7001953125,1.8857421875,3666.25,133.8173061624371,8
ch2_cla_l1_20250801T222936772_20250801T222944772.fits,/home/saurabh/moon_project/data/CLASS/ch2_cla_l1_2025_08/cla/data/calibrated/2025/08/01/ch2_cla_l1_20250801T222936772_20250801T222944772.fits,2025-08-01T22:29:36.772,2025-08-01T22:29:44.772,2025-08-01T22:29:40.772,8.0,-36.2,13.5,109.224,-69.2196,51.2944,-69.2149,51.2953,73.9349,73.9349,CLASS_add_scds.pro,2.1,461,1,"0,1,2,3,4,5,6,7,8,9,10,11,12,13,14,15,",-68.5366,50.1648,-69.8347,49.8926,-69.8845,52.4961,-68.5836,52.6214,1.81341552734375,0.0324040927150517,1.7607421875,1.85791015625,3713.875,66.36358188042595,8
ch2_cla_l1_20250801T222944772_20250801T222952772.fits,/home/saurabh/moon_project/data/CLASS/ch2_cla_l1_2025_08/cla/data/calibrated/2025/08/01/ch2_cla_l1_20250801T222944772_20250801T222952772.fits,2025-08-01T22:29:44.772,2025-08-01T22:29:52.772,2025-08-01T22:29:48.772,8.0,-36.2,13.5,109.097,-69.6222,51.2309,-69.6175,51.2316,74.2745,74.2745,CLASS_add_scds.pro,2.1,462,1,"0,1,2,3,4,5,6,7,8,9,10,11,12,13,14,15,",-68.9393,50.0838,-70.2363,49.8015,-70.287,52.4526,-68.9871,52.5823,1.8231201171875,0.0574174795887443,1.7421875,1.9091796875,3733.75,117.59099819774836,8
ch2_cla_l1_20250801T222952772_20250801T223000772.fits,/home/saurabh/moon_project/data/CLASS/ch2_cla_l1_2025_08/cla/data/calibrated/2025/08/01/ch2_cla_l1_20250801T222952772_20250801T223000772.fits,2025-08-01T22:29:52.772,2025-08-01T22:30:00.772,2025-08-01T22:29:56.772,8.0,-36.2,13.5,108.97,-70.0249,51.1649,-70.0202,51.1658,74.6144,74.6144,CLASS_add_scds.pro,2.1,463,1,"0,1,2,3,4,5,6,7,8,9,10,11,12,13,14,15,",-69.342,50.0,-70.6377,49.7071,-70.6894,52.4077,-69.3907,52.542,1.80389404296875,0.0579078491898277,1.71435546875,1.8935546875,3694.375,118.59527514076724,8
ch2_cla_l1_20250801T223000772_20250801T223008772.fits,/home/saurabh/moon_project/data/CLASS/ch2_cla_l1_2025_08/cla/data/calibrated/2025/08/01/ch2_cla_l1_20250801T223000772_20250801T223008772.fits,2025-08-01T22:30:00.772,2025-08-01T22:30:08.772,2025-08-01T22:30:04.772,8.0,-36.2,13.5,108.842,-70.4276,51.0963,-70.4229,51.0975,74.9546,74.9546,CLASS_add_scds.pro,2.1,464,1,"0,1,2,3,4,5,6,7,8,9,10,11,12,13,14,15,",-69.7446,49.9132,-71.0394,49.6086,-71.0921,52.3611,-69.7942,52.5005,1.82598876953125,0.0526166540465347,1.765625,1.9140625,3739.625,107.75890748730308,8
ch2_cla_l1_20250801T223008772_20250801T223016772.fits,/home/saurabh/moon_project/data/CLASS/ch2_cla_l1_2025_08/cla/data/calibrated/2025/08/01/ch2_cla_l1_20250801T223008772_20250801T223016772.fits,2025-08-01T22:30:08.772,2025-08-01T22:30:16.772,2025-08-01T22:30:12.772,8.0,-36.2,13.5,108.713,-70.8303,51.0251,-70.8257,51.0262,75.295,75.295,CLASS_add_scds.pro,2.1,465,1,"0,1,2,3,4,5,6,7,8,9,10,11,12,13,14,15,",-70.1475,49.8227,-71.441,49.5056,-71.4947,52.3121,-70.1979,52.4572,1.822998046875,0.0596114648546548,1.7353515625,1.9111328125,3733.5,122.08428002233305,8
ch2_cla_l1_20250801T223032772_20250801T223040772.fits,/home/saurabh/moon_project/data/CLASS/ch2_cla_l1_2025_08/cla/data/calibrated/2025/08/01/ch2_cla_l1_20250801T223032772_20250801T223040772.fits,2025-08-01T22:30:32.772,2025-08-01T22:30:40.772,2025-08-01T22:30:36.772,8.0,-36.2,13.5,108.324,-72.0387,50.793,-72.0339,50.7944,76.3178,76.3178,CLASS_add_scds.pro,2.1,468,1,"0,1,2,3,4,5,6,7,8,9,10,11,12,13,14,15,",-71.3556,49.5283,-72.6456,49.1695,-72.7027,52.1532,-71.409,52.3166,1.72650146484375,0.0800366177797586,1.572265625,1.8271484375,3535.875,163.9149932129456,8
ch2_cla_l1_20250801T223048772_20250801T223056772.fits,/home/saurabh/moon_project/data/CLASS/ch2_cla_l1_2025_08/cla/data/calibrated/2025/08/01/ch2_cla_l1_20250801T223048772_20250801T223056772.fits,2025-08-01T22:30:48.772,2025-08-01T22:30:56.772,2025-08-01T22:30:52.772,8.0,-36.2,13.5,108.063,-72.8443,50.621,-72.8397,50.6226,77.0009,77.0009,CLASS_add_scds.pro,2.1,470,1,"0,1,2,3,4,5,6,7,8,9,10,11,12,13,14,15,",-72.1613,49.3107,-73.4487,48.9191,-73.5084,52.0355,-72.2168,52.2135,1.73040771484375,0.0750926206524346,1.5849609375,1.82958984375,3543.875,153.7896870961862,8
ch2_cla_l1_20250801T223104772_20250801T223112772.fits,/home/saurabh/moon_project/data/CLASS/ch2_cla_l1_2025_08/cla/data/calibrated/2025/08/01/ch2_cla_l1_20250801T223104772_20250801T223112772.fits,2025-08-01T22:31:04.772,2025-08-01T22:31:12.772,2025-08-01T22:31:08.772,8.0,-36.2,13.5,107.799,-73.6501,50.4328,-73.6454,50.4346,77.6849,77.6849,CLASS_add_scds.pro,2.1,472,1,"0,1,2,3,4,5,6,7,8,9,10,11,12,13,14,15,",-72.9667,49.0733,-74.2514,48.6442,-74.3139,51.9069,-73.0247,52.1015,1.76080322265625,0.0424852290250302,1.7001953125,1.8349609375,3606.125,87.00974904326198,8
ch2_cla_l1_20250801T223120772_20250801T223128772.fits,/home/saurabh/moon_project/data/CLASS/ch2_cla_l1_2025_08/cla/data/calibrated/2025/08/01/ch2_cla_l1_20250801T223120772_20250801T223128772.fits,2025-08-01T22:31:20.772,2025-08-01T22:31:28.772,2025-08-01T22:31:24.772,8.0,-36.2,13.5,107.534,-74.4559,50.2258,-74.4512,50.2273,78.3699,78.3699,CLASS_add_scds.pro,2.1,474,1,"0,1,2,3,4,5,6,7,8,9,10,11,12,13,14,15,",-73.7722,48.8124,-75.0543,48.3394,-75.1199,51.7645,-73.8328,51.9786,1.7508544921875,0.0325208823219177,1.71240234375,1.8046875,3585.75,66.6027669952876,8
ch2_cla_l1_20250801T223136772_20250801T223144772.fits,/home/saurabh/moon_project/data/CLASS/ch2_cla_l1_2025_08/cla/data/calibrated/2025/08/01/ch2_cla_l1_20250801T223136772_20250801T223144772.fits,2025-08-01T22:31:36.772,2025-08-01T22:31:44.772,2025-08-01T22:31:40.772,8.0,-36.2,13.5,107.266,-75.2618,49.9969,-75.2571,49.9988,79.0557,79.0557,CLASS_add_scds.pro,2.1,476,1,"0,1,2,3,4,5,6,7,8,9,10,11,12,13,14,15,",-74.5773,48.5256,-75.8569,48.0012,-75.926,51.607,-74.6409,51.8443,1.76806640625,0.0344467009797957,1.71875,1.8173828125,3621.0,70.54684360662172,8
ch2_cla_l1_20250801T223152772_20250801T223200772.fits,/home/saurabh/moon_project/data/CLASS/ch2_cla_l1_2025_08/cla/data/calibrated/2025/08/01/ch2_cla_l1_20250801T223152772_20250801T223200772.fits,2025-08-01T22:31:52.772,2025-08-01T22:32:00.772,2025-08-01T22:31:56.772,8.0,-36.2,13.5,106.997,-76.0676,49.7424,-76.063,49.7443,79.7423,79.7423,CLASS_add_scds.pro,2.1,478,1,"0,1,2,3,4,5,6,7,8,9,10,11,12,13,14,15,",-75.3825,48.2074,-76.659,47.6233,-76.732,51.4317,-75.4493,51.6957,1.7567138671875,0.0605630457506387,1.654296875,1.84716796875,3597.75,124.03311769730811,8
ch2_cla_l1_20250801T223200772_20250801T223208772.fits,/home/saurabh/moon_project/data/CLASS/ch2_cla_l1_2025_08/cla/data/calibrated/2025/08/01/ch2_cla_l1_20250801T223200772_20250801T223208772.fits,2025-08-01T22:32:00.772,2025-08-01T22:32:08.772,2025-08-01T22:32:04.772,8.0,-36.2,13.5,106.862,-76.4705,49.604,-76.4659,49.6061,80.0859,80.0859,CLASS_add_scds.pro,2.1,479,1,"0,1,2,3,4,5,6,7,8,9,10,11,12,13,14,15,",-75.785,48.035,-77.0597,47.4167,-77.135,51.3358,-75.8536,51.6152,1.73651123046875,0.0480879569230014,1.65087890625,1.80078125,3556.375,98.48413577830696,8
ch2_cla_l1_20250801T223208772_20250801T223216772.fits,/home/saurabh/moon_project/data/CLASS/ch2_cla_l1_2025_08/cla/data/calibrated/2025/08/01/ch2_cla_l1_20250801T223208772_20250801T223216772.fits,2025-08-01T22:32:08.772,2025-08-01T22:32:16.772,2025-08-01T22:32:12.772,8.0,-36.2,13.5,106.726,-76.8734,49.4574,-76.8688,49.4592,80.4296,80.4296,CLASS_add_scds.pro,2.1,480,1,"0,1,2,3,4,5,6,7,8,9,10,11,12,13,14,15,",-76.1872,47.8528,-77.4609,47.1971,-77.5383,51.2342,-76.2578,51.5304,1.75677490234375,0.0662334019826636,1.6728515625,1.86572265625,3597.875,135.64600726049508,8
ch2_cla_l1_20250801T223216772_20250801T223224772.fits,/home/saurabh/moon_project/data/CLASS/ch2_cla_l1_2025_08/cla/data/calibrated/2025/08/01/ch2_cla_l1_20250801T223216772_20250801T223224772.fits,2025-08-01T22:32:16.772,2025-08-01T22:32:24.772,2025-08-01T22:32:20.772,8.0,-36.2,13.5,106.59,-77.2762,49.3017,-77.2715,49.304,80.7736,80.7736,CLASS_add_scds.pro,2.1,481,1,"0,1,2,3,4,5,6,7,8,9,10,11,12,13,14,15,",-76.5898,47.6593,-77.8615,46.9636,-77.9414,51.1263,-76.6623,51.4402,1.73822021484375,0.1037018327305908,1.6005859375,1.8974609375,3559.875,212.38135343225,8
ch2_cla_l1_20250801T223224772_20250801T223232772.fits,/home/saurabh/moon_project/data/CLASS/ch2_cla_l1_2025_08/cla/data/calibrated/2025/08/01/ch2_cla_l1_20250801T223224772_20250801T223232772.fits,2025-08-01T22:32:24.772,2025-08-01T22:32:32.772,2025-08-01T22:32:28.772,8.0,-36.2,13.5,106.453,-77.679,49.1361,-77.6746,49.1382,81.1177,81.1177,CLASS_add_scds.pro,2.1,482,1,"0,1,2,3,4,5,6,7,8,9,10,11,12,13,14,15,",-76.992,47.4549,-78.2622,46.7141,-78.3446,51.0111,-77.0666,51.3454,1.76318359375,0.0719060605622679,1.67236328125,1.87744140625,3611.0,147.2636120315247,8
ch2_cla_l1_20250801T223232772_20250801T223240772.fits,/home/saurabh/moon_project/data/CLASS/ch2_cla_l1_2025_08/cla/data/calibrated/2025/08/01/ch2_cla_l1_20250801T223232772_20250801T223240772.fits,2025-08-01T22:32:32.772,2025-08-01T22:32:40.772,2025-08-01T22:32:36.772,8.0,-36.2,13.5,106.316,-78.0818,48.9595,-78.0771,48.9624,81.4621,81.4621,CLASS_add_scds.pro,2.1,483,1,"0,1,2,3,4,5,6,7,8,9,10,11,12,13,14,15,",-77.3942,47.2372,-78.6625,46.4475,-78.7478,50.888,-77.471,51.2444,1.76849365234375,0.0912410290856512,1.64013671875,1.91943359375,3621.875,186.8616275674138,8
ch2_cla_l1_20250801T223240772_20250801T223248772.fits,/home/saurabh/moon_project/data/CLASS/ch2_cla_l1_2025_08/cla/data/calibrated/2025/08/01/ch2_cla_l1_20250801T223240772_20250801T223248772.fits,2025-08-01T22:32:40.772,2025-08-01T22:32:48.772,2025-08-01T22:32:44.772,8.0,-36.2,13.5,106.179,-78.4845,48.7708,-78.4799,48.7737,81.8065,81.8065,CLASS_add_scds.pro,2.1,484,1,"0,1,2,3,4,5,6,7,8,9,10,11,12,13,14,15,",-77.7961,47.0056,-79.0627,46.1612,-79.151,50.7559,-77.8754,51.1372,1.75390625,0.0455617878099651,1.68701171875,1.83349609375,3592.0,93.31054143480866,8
ch2_cla_l1_20250801T223248772_20250801T223256772.fits,/home/saurabh/moon_project/data/CLASS/ch2_cla_l1_2025_08/cla/data/calibrated/2025/08/01/ch2_cla_l1_20250801T223248772_20250801T223256772.fits,2025-08-01T22:32:48.772,2025-08-01T22:32:56.772,2025-08-01T22:32:52.772,8.0,-36.2,13.5,106.041,-78.8871,48.5686,-78.8825,48.5715,82.1512,82.1512,CLASS_add_scds.pro,2.1,485,1,"0,1,2,3,4,5,6,7,8,9,10,11,12,13,14,15,",-78.198,46.7582,-79.4627,45.8532,-79.5541,50.6136,-78.2798,51.0226,1.7747802734375,0.0654847131276928,1.6591796875,1.8681640625,3634.75,134.1126924855149,8
ch2_cla_l1_20250801T223256772_20250801T223304772.fits,/home/saurabh/moon_project/data/CLASS/ch2_cla_l1_2025_08/cla/data/calibrated/2025/08/01/ch2_cla_l1_20250801T223256772_20250801T223304772.fits,2025-08-01T22:32:56.772,2025-08-01T22:33:04.772,2025-08-01T22:33:00.772,8.0,-36.2,13.5,105.903,-79.2897,48.3515,-79.2851,48.3548,82.496,82.496,CLASS_add_scds.pro,2.1,486,1,"0,1,2,3,4,5,6,7,8,9,10,11,12,13,14,15,",-78.5996,46.4934,-79.8623,45.5218,-79.9573,50.4609,-78.6843,50.8999,1.77587890625,0.0482506307226106,1.69677734375,1.85498046875,3637.0,98.8172917199067,8
ch2_cla_l1_20250801T223304772_20250801T223312772.fits,/home/saurabh/moon_project/data/CLASS/ch2_cla_l1_2025_08/cla/data/calibrated/2025/08/01/ch2_cla_l1_20250801T223304772_20250801T223312772.fits,2025-08-01T22:33:04.772,2025-08-01T22:33:12.772,2025-08-01T22:33:08.772,8.0,-36.2,13.5,105.765,-79.6922,48.1177,-79.6876,48.1213,82.841,82.841,CLASS_add_scds.pro,2.1,487,1,"0,1,2,3,4,5,6,7,8,9,10,11,12,13,14,15,",-79.0011,46.2099,-80.2618,45.1627,-80.3605,50.2951,-79.0887,50.7689,1.80206298828125,0.0523551342912901,1.70947265625,1.87939453125,3690.625,107.22331502856215,8
ch2_cla_l1_20250801T223312772_20250801T223320772.fits,/home/saurabh/moon_project/data/CLASS/ch2_cla_l1_2025_08/cla/data/calibrated/2025/08/01/ch2_cla_l1_20250801T223312772_20250801T223320772.fits,2025-08-01T22:33:12.772,2025-08-01T22:33:20.772,2025-08-01T22:33:16.772,8.0,-36.2,13.5,105.626,-80.0945,47.8652,-80.09,47.8686,83.1861,83.1861,CLASS_add_scds.pro,2.1,488,1,"0,1,2,3,4,5,6,7,8,9,10,11,12,13,14,15,",-79.4024,45.9046,-80.6607,44.7738,-80.7636,50.1158,-79.4932,50.6275,1.76190185546875,0.0378535520516339,1.70166015625,1.81884765625,3608.375,77.5240746017464,8
ch2_cla_l1_20250801T223320772_20250801T223328772.fits,/home/saurabh/moon_project/data/CLASS/ch2_cla_l1_2025_08/cla/data/calibrated/2025/08/01/ch2_cla_l1_20250801T223320772_20250801T223328772.fits,2025-08-01T22:33:20.772,2025-08-01T22:33:28.772,2025-08-01T22:33:24.772,8.0,-36.3,13.5,105.487,-80.4967,47.5916,-80.4922,47.5954,83.5313,83.5313,CLASS_add_scds.pro,2.1,489,1,"0,1,2,3,4,5,6,7,8,9,10,11,12,13,14,15,",-79.8033,45.5763,-81.0595,44.3499,-81.1667,49.92,-79.8975,50.476,1.80181884765625,0.0519636641321474,1.7138671875,1.86279296875,3690.125,106.42158414263795,8
ch2_cla_l1_20250801T223328772_20250801T223336772.fits,/home/saurabh/moon_project/data/CLASS/ch2_cla_l1_2025_08/cla/data/calibrated/2025/08/01/ch2_cla_l1_20250801T223328772_20250801T223336772.fits,2025-08-01T22:33:28.772,2025-08-01T22:33:36.772,2025-08-01T22:33:32.772,8.0,-36.3,13.5,105.347,-80.8987,47.2941,-80.8942,47.2988,83.8767,83.8767,CLASS_add_scds.pro,2.1,490,1,"0,1,2,3,4,5,6,7,8,9,10,11,12,13,14,15,",-80.2042,45.2204,-81.4577,43.8869,-81.5698,49.706,-80.3021,50.3113,1.77984619140625,0.0339391222302382,1.7275390625,1.82666015625,3645.125,69.50732232752789,8
ch2_cla_l1_20250801T223336772_20250801T223344772.fits,/home/saurabh/moon_project/data/CLASS/ch2_cla_l1_2025_08/cla/data/calibrated/2025/08/01/ch2_cla_l1_20250801T223336772_20250801T223344772.fits,2025-08-01T22:33:36.772,2025-08-01T22:33:44.772,2025-08-01T22:33:40.772,8.0,-36.3,13.5,105.207,-81.3006,46.9694,-81.2961,46.974,84.2223,84.2223,CLASS_add_scds.pro,2.1,491,1,"0,1,2,3,4,5,6,7,8,9,10,11,12,13,14,15,",-80.6045,44.8349,-81.8552,43.3792,-81.9727,49.4712,-80.7065,50.1331,1.81732177734375,0.0571270803828147,1.72119140625,1.89697265625,3721.875,116.99626062400456,8
ch2_cla_l1_20250801T223344772_20250801T223352772.fits,/home/saurabh/moon_project/data/CLASS/ch2_cla_l1_2025_08/cla/data/calibrated/2025/08/01/ch2_cla_l1_20250801T223344772_20250801T223352772.fits,2025-08-01T22:33:44.772,2025-08-01T22:33:52.772,2025-08-01T22:33:48.772,8.0,-36.3,13.5,105.067,-81.7021,46.6136,-81.6976,46.619,84.5679,84.5679,CLASS_add_scds.pro,2.1,492,1,"0,1,2,3,4,5,6,7,8,9,10,11,12,13,14,15,",-81.0045,44.4156,-82.2523,42.8192,-82.3757,49.2115,-81.1108,49.9392,1.76861572265625,0.0566739515155296,1.6845703125,1.85791015625,3622.125,116.0682527038048,8
ch2_cla_l1_20250801T223352772_20250801T223400772.fits,/home/saurabh/moon_project/data/CLASS/ch2_cla_l1_2025_08/cla/data/calibrated/2025/08/01/ch2_cla_l1_20250801T223352772_20250801T223400772.fits,2025-08-01T22:33:52.772,2025-08-01T22:34:00.772,2025-08-01T22:33:56.772,8.0,-36.3,13.5,104.927,-82.1034,46.2219,-82.0989,46.2278,84.9137,84.9137,CLASS_add_scds.pro,2.1,493,1,"0,1,2,3,4,5,6,7,8,9,10,11,12,13,14,15,",-81.404,43.957,-82.6486,42.1984,-82.7785,48.9226,-81.5152,49.7267,1.84161376953125,0.0560858480866373,1.75244140625,1.91845703125,3771.625,114.86381688143324,8
ch2_cla_l1_20250801T223400772_20250801T223408772.fits,/home/saurabh/moon_project/data/CLASS/ch2_cla_l1_2025_08/cla/data/calibrated/2025/08/01/ch2_cla_l1_20250801T223400772_20250801T223408772.fits,2025-08-01T22:34:00.772,2025-08-01T22:34:08.772,2025-08-01T22:34:04.772,8.0,-36.3,13.5,104.786,-82.5044,45.7886,-82.4999,45.7941,85.2596,85.2596,CLASS_add_scds.pro,2.1,494,1,"0,1,2,3,4,5,6,7,8,9,10,11,12,13,14,15,",-81.8031,43.4532,-83.0439,41.5078,-83.1811,48.6007,-81.9195,49.4926,1.77777099609375,0.062256167114523,1.69921875,1.86669921875,3640.875,127.50063025054313,8
ch2_cla_l1_20250801T223408772_20250801T223416772.fits,/home/saurabh/moon_project/data/CLASS/ch2_cla_l1_2025_08/cla/data/calibrated/2025/08/01/ch2_cla_l1_20250801T223408772_20250801T223416772.fits,2025-08-01T22:34:08.772,2025-08-01T22:34:16.772,2025-08-01T22:34:12.772,8.0,-36.3,13.5,104.645,-82.905,45.3068,-82.9006,45.3128,85.6057,85.6057,CLASS_add_scds.pro,2.1,495,1,"0,1,2,3,4,5,6,7,8,9,10,11,12,13,14,15,",-82.2014,42.8987,-83.4383,40.7346,-83.5837,48.2391,-82.3237,49.2348,1.8333740234375,0.0729667206321861,1.740234375,1.93603515625,3754.75,149.43584385471723,8
ch2_cla_l1_20250801T223416772_20250801T223424772.fits,/home/saurabh/moon_project/data/CLASS/ch2_cla_l1_2025_08/cla/data/calibrated/2025/08/01/ch2_cla_l1_20250801T223416772_20250801T223424772.fits,2025-08-01T22:34:16.772,2025-08-01T22:34:24.772,2025-08-01T22:34:20.772,8.0,-36.3,13.5,104.503,-83.305,44.7677,-83.3005,44.7755,85.9518,85.9518,CLASS_add_scds.pro,2.1,496,1,"0,1,2,3,4,5,6,7,8,9,10,11,12,13,14,15,",-82.5991,42.2854,-83.8312,39.8638,-83.9859,47.8302,-82.7278,48.9493,1.779541015625,0.0770808608592623,1.6728515625,1.88720703125,3644.5,157.86160303976934,8
ch2_cla_l1_20250801T223424772_20250801T223432772.fits,/home/saurabh/moon_project/data/CLASS/ch2_cla_l1_2025_08/cla/data/calibrated/2025/08/01/ch2_cla_l1_20250801T223424772_20250801T223432772.fits,2025-08-01T22:34:24.772,2025-08-01T22:34:32.772,2025-08-01T22:34:28.772,8.0,-36.3,13.5,104.361,-83.7045,44.1605,-83.7,44.1689,86.298,86.298,CLASS_add_scds.pro,2.1,497,1,"0,1,2,3,4,5,6,7,8,9,10,11,12,13,14,15,",-82.9958,41.6035,-84.2227,38.8737,-84.3879,47.3621,-83.1317,48.6313,1.850341796875,0.0808725329237813,1.74462890625,1.9755859375,3789.5,165.62694742790413,8
ch2_cla_l1_20250801T223440772_20250801T223448772.fits,/home/saurabh/moon_project/data/CLASS/ch2_cla_l1_2025_08/cla/data/calibrated/2025/08/01/ch2_cla_l1_20250801T223440772_20250801T223448772.fits,2025-08-01T22:34:40.772,2025-08-01T22:34:48.772,2025-08-01T22:34:44.772,8.0,-36.4,13.5,104.076,-84.5011,42.683,-84.4967,42.6941,86.9909,86.9909,CLASS_add_scds.pro,2.1,499,1,"0,1,2,3,4,5,6,7,8,9,10,11,12,13,14,15,",-83.7859,39.9783,-84.9994,36.4331,-85.1906,46.1945,-83.9391,47.8682,1.72760009765625,0.0441096548045798,1.65966796875,1.80029296875,3538.125,90.33657303977957,8
ch2_cla_l1_20250801T223456772_20250801T223504772.fits,/home/saurabh/moon_project/data/CLASS/ch2_cla_l1_2025_08/cla/data/calibrated/2025/08/01/ch2_cla_l1_20250801T223456772_20250801T223504772.fits,2025-08-01T22:34:56.772,2025-08-01T22:35:04.772,2025-08-01T22:35:00.772,8.0,-36.4,13.5,103.791,-85.2931,40.7088,-85.2889,40.7222,87.684,87.684,CLASS_add_scds.pro,2.1,501,1,"0,1,2,3,4,5,6,7,8,9,10,11,12,13,14,15,",-84.5701,37.8812,-85.7643,33.1031,-85.991,44.5622,-84.7455,46.8716,1.738525390625,0.0444914293194681,1.66796875,1.806640625,3560.5,91.11844724627078,8
ch2_cla_l1_20250801T223512772_20250801T223520772.fits,/home/saurabh/moon_project/data/CLASS/ch2_cla_l1_2025_08/cla/data/calibrated/2025/08/01/ch2_cla_l1_20250801T223512772_20250801T223520772.fits,2025-08-01T22:35:12.772,2025-08-01T22:35:20.772,2025-08-01T22:35:16.772,8.0,-36.4,13.5,103.504,-86.0775,37.9427,-86.0733,37.9615,88.3776,88.3776,CLASS_add_scds.pro,2.1,503,1,"0,1,2,3,4,5,6,7,8,9,10,11,12,13,14,15,",-85.3446,35.0853,-86.5086,28.3349,-86.7865,42.1232,-85.5498,45.5187,1.726318359375,0.0367858088858521,1.66650390625,1.7841796875,3535.5,75.33733659822522,8
ch2_cla_l1_20250801T223520772_20250801T223528772.fits,/home/saurabh/moon_project/data/CLASS/ch2_cla_l1_2025_08/cla/data/calibrated/2025/08/01/ch2_cla_l1_20250801T223520772_20250801T223528772.fits,2025-08-01T22:35:20.772,2025-08-01T22:35:28.772,2025-08-01T22:35:24.772,8.0,-36.4,13.5,103.36,-86.4653,36.1022,-86.461,36.1284,88.7244,88.7244,CLASS_add_scds.pro,2.1,504,1,"0,1,2,3,4,5,6,7,8,9,10,11,12,13,14,15,",-85.7268,33.3097,-86.8688,25.11,-87.1815,40.3894,-85.9509,44.6419,1.7388916015625,0.0592088655288282,1.65576171875,1.82275390625,3561.25,121.25975660304027,8
ch2_cla_l1_20250801T223528772_20250801T223536772.fits,/home/saurabh/moon_project/data/CLASS/ch2_cla_l1_2025_08/cla/data/calibrated/2025/08/01/ch2_cla_l1_20250801T223528772_20250801T223536772.fits,2025-08-01T22:35:28.772,2025-08-01T22:35:36.772,2025-08-01T22:35:32.772,8.0,-36.4,13.5,103.215,-86.8486,33.8118,-86.8445,33.8421,89.0714,89.0714,CLASS_add_scds.pro,2.1,505,1,"0,1,2,3,4,5,6,7,8,9,10,11,12,13,14,15,",-86.1042,31.1859,-87.2164,21.0667,-87.5729,38.0952,-86.351,43.5717,1.7415771484375,0.0456765792942318,1.66748046875,1.8134765625,3566.75,93.54563439458688,8
ch2_cla_l1_20250801T223536772_20250801T223544772.fits,/home/saurabh/moon_project/data/CLASS/ch2_cla_l1_2025_08/cla/data/calibrated/2025/08/01/ch2_cla_l1_20250801T223536772_20250801T223544772.fits,2025-08-01T22:35:36.772,2025-08-01T22:35:44.772,2025-08-01T22:35:40.772,8.0,-36.4,13.5,103.071,-87.2255,30.8938,-87.2215,30.9314,89.4184,89.4184,CLASS_add_scds.pro,2.1,506,1,"0,1,2,3,4,5,6,7,8,9,10,11,12,13,14,15,",-86.4751,28.6144,-87.5463,15.9023,-87.9591,34.9259,-86.7494,42.2417,1.73394775390625,0.0732967790875488,1.6083984375,1.84716796875,3551.125,150.11180357130004,8
ch2_cla_l1_20250801T223544772_20250801T223552772.fits,/home/saurabh/moon_project/data/CLASS/ch2_cla_l1_2025_08/cla/data/calibrated/2025/08/01/ch2_cla_l1_20250801T223544772_20250801T223552772.fits,2025-08-01T22:35:44.772,2025-08-01T22:35:52.772,2025-08-01T22:35:48.772,8.0,-36.4,13.5,102.926,-87.5931,27.0726,-87.5892,27.1234,89.7655,89.7655,CLASS_add_scds.pro,2.1,507,1,"0,1,2,3,4,5,6,7,8,9,10,11,12,13,14,15,",-86.8373,25.4447,-87.8505,9.2086,-88.3363,30.3026,-87.1458,40.5404,1.7392578125,0.0546357825051091,1.6533203125,1.8134765625,3562.0,111.89408257046354,8
ch2_cla_l1_20250801T223552772_20250801T223600772.fits,/home/saurabh/moon_project/data/CLASS/ch2_cla_l1_2025_08/cla/data/calibrated/2025/08/01/ch2_cla_l1_20250801T223552772_20250801T223600772.fits,2025-08-01T22:35:52.772,2025-08-01T22:36:00.772,2025-08-01T22:35:56.772,8.0,-36.4,13.5,102.781,-87.9463,21.9076,-87.9427,21.972,90.1126,90.1126,CLASS_add_scds.pro,2.1,508,1,"0,1,2,3,4,5,6,7,8,9,10,11,12,13,14,15,",-87.1875,21.4713,-88.1161,0.4763,-88.6964,23.0524,-87.5389,38.2948,1.76275634765625,0.0557273180272591,1.69384765625,1.86572265625,3610.125,114.12954731982674,8
ch2_cla_l1_20250801T223600772_20250801T223608772.fits,/home/saurabh/moon_project/data/CLASS/ch2_cla_l1_2025_08/cla/data/calibrated/2025/08/01/ch2_cla_l1_20250801T223600772_20250801T223608772.fits,2025-08-01T22:36:00.772,2025-08-01T22:36:08.772,2025-08-01T22:36:04.772,8.0,-36.5,13.5,102.636,-88.2761,14.6874,-88.2727,14.7845,90.4598,90.4598,CLASS_add_scds.pro,2.1,509,1,"0,1,2,3,4,5,6,7,8,9,10,11,12,13,14,15,",-87.5204,16.4012,-88.3248,-10.7549,-89.0206,10.678,-87.9269,35.203,1.72747802734375,0.0775862235675808,1.62353515625,1.84326171875,3537.875,158.8965858664056,8
ch2_cla_l1_20250801T223608772_20250801T223616772.fits,/home/saurabh/moon_project/data/CLASS/ch2_cla_l1_2025_08/cla/data/calibrated/2025/08/01/ch2_cla_l1_20250801T223608772_20250801T223616772.fits,2025-08-01T22:36:08.772,2025-08-01T22:36:16.772,2025-08-01T22:36:12.772,8.0,-36.6,13.5,102.491,-88.5663,4.3157,-88.5635,4.4519,90.807,90.807,CLASS_add_scds.pro,2.1,510,1,"0,1,2,3,4,5,6,7,8,9,10,11,12,13,14,15,",-87.8281,9.832,-89.2598,-11.4924,-88.6691,23.7092,-88.3061,30.7122,1.77154541015625,0.0877201182388637,1.607421875,1.88623046875,3628.125,179.65080215319304,8
ch2_cla_l1_20250801T223616772_20250801T223624772.fits,/home/saurabh/moon_project/data/CLASS/ch2_cla_l1_2025_08/cla/data/calibrated/2025/08/01/ch2_cla_l1_20250801T223616772_20250801T223624772.fits,2025-08-01T22:36:16.772,2025-08-01T22:36:24.772,2025-08-01T22:36:20.772,8.0,-36.6,13.5,102.345,-88.788,-10.5216,-88.7863,-10.3089,91.1543,91.1543,CLASS_add_scds.pro,2.1,511,1,"0,1,2,3,4,5,6,7,8,9,10,11,12,13,14,15,",-88.4533,-24.4782,-89.3176,-44.3422,-88.9981,11.7837,-88.0983,1.2538,1.75555419921875,0.0737662323367362,1.6611328125,1.87353515625,3595.375,151.0732438256358,8
ch2_cla_l1_20250801T223624772_20250801T223632772.fits,/home/saurabh/moon_project/data/CLASS/ch2_cla_l1_2025_08/cla/data/calibrated/2025/08/01/ch2_cla_l1_20250801T223624772_20250801T223632772.fits,2025-08-01T22:36:24.772,2025-08-01T22:36:32.772,2025-08-01T22:36:28.772,8.0,-36.6,13.5,102.2,-88.8989,-30.0006,-88.8984,-29.7786,91.5016,91.5016,CLASS_add_scds.pro,2.1,512,1,"0,1,2,3,4,5,6,7,8,9,10,11,12,13,14,15,",-88.4809,-39.6713,-89.1562,-72.6963,-89.2466,-9.552,-88.3129,-9.8407,1.79705810546875,0.0805927976508585,1.6474609375,1.90625,3680.375,165.05404958895824,8
ch2_cla_l1_20250801T223632772_20250801T223640772.fits,/home/saurabh/moon_project/data/CLASS/ch2_cla_l1_2025_08/cla/data/calibrated/2025/08/01/ch2_cla_l1_20250801T223632772_20250801T223640772.fits,2025-08-01T22:36:32.772,2025-08-01T22:36:40.772,2025-08-01T22:36:36.772,8.0,-36.6,13.5,102.053,-88.866,-50.8838,-88.8672,-50.661,91.849,91.849,CLASS_add_scds.pro,2.1,513,1,"0,1,2,3,4,5,6,7,8,9,10,11,12,13,14,15,",-88.2324,-66.9221,-89.1562,-72.6963,-89.2466,-9.552,-88.4837,-38.6327,1.73809814453125,0.0460273301075331,1.66796875,1.81396484375,3559.625,94.26397206022791,8
ch2_cla_l1_20250801T223640772_20250801T223648772.fits,/home/saurabh/moon_project/data/CLASS/ch2_cla_l1_2025_08/cla/data/calibrated/2025/08/01/ch2_cla_l1_20250801T223640772_20250801T223648772.fits,2025-08-01T22:36:40.772,2025-08-01T22:36:48.772,2025-08-01T22:36:44.772,8.0,-36.6,13.5,101.907,-88.7001,-68.4627,-88.7025,-68.3001,92.1963,92.1963,CLASS_add_scds.pro,2.1,514,1,"0,1,2,3,4,5,6,7,8,9,10,11,12,13,14,15,",-87.9933,-76.9136,-88.8652,-89.3172,-89.3202,-42.0348,-88.4118,-53.4694,1.79833984375,0.0715175483197572,1.66845703125,1.89404296875,3683.0,146.46793895886273,8
ch2_cla_l1_20250801T223648772_20250801T223656772.fits,/home/saurabh/moon_project/data/CLASS/ch2_cla_l1_2025_08/cla/data/calibrated/2025/08/01/ch2_cla_l1_20250801T223648772_20250801T223656772.fits,2025-08-01T22:36:48.772,2025-08-01T22:36:56.772,2025-08-01T22:36:52.772,8.0,-36.6,13.5,101.761,-88.4432,-81.1742,-88.4464,-81.0615,92.5437,92.5437,CLASS_add_scds.pro,2.1,515,1,"0,1,2,3,4,5,6,7,8,9,10,11,12,13,14,15,",-88.1485,-104.438,-88.5192,-98.7002,-89.1706,-71.2364,-87.7066,-84.6027,1.76129150390625,0.0439417761939011,1.701171875,1.82958984375,3607.125,89.99275764510958,8
ch2_cla_l1_20250801T223656772_20250801T223704772.fits,/home/saurabh/moon_project/data/CLASS/ch2_cla_l1_2025_08/cla/data/calibrated/2025/08/01/ch2_cla_l1_20250801T223656772_20250801T223704772.fits,2025-08-01T22:36:56.772,2025-08-01T22:37:04.772,2025-08-01T22:37:00.772,8.0,-36.6,13.5,101.615,-88.1323,-89.9858,-88.136,-89.909,92.8912,92.8912,CLASS_add_scds.pro,2.1,516,1,"0,1,2,3,4,5,6,7,8,9,10,11,12,13,14,15,",-87.7657,-108.238,-88.884,-88.5334,-88.2457,-66.2643,-87.3883,-90.5016,1.80450439453125,0.0392321038132169,1.7509765625,1.86181640625,3695.625,80.34734860946831,8
ch2_cla_l1_20250801T223704772_20250801T223712772.fits,/home/saurabh/moon_project/data/CLASS/ch2_cla_l1_2025_08/cla/data/calibrated/2025/08/01/ch2_cla_l1_20250801T223704772_20250801T223712772.fits,2025-08-01T22:37:04.772,2025-08-01T22:37:12.772,2025-08-01T22:37:08.772,8.0,-36.7,13.5,101.468,-87.7901,-96.183,-87.794,-96.129,93.2386,93.2386,CLASS_add_scds.pro,2.1,517,1,"0,1,2,3,4,5,6,7,8,9,10,11,12,13,14,15,",-87.376,-110.92,-88.5392,-98.2543,-88.0092,-76.4369,-87.0485,-95.0824,1.7520751953125,0.0381634381317501,1.6943359375,1.8125,3588.25,78.15872129382437,8
ch2_cla_l1_20250801T223712772_20250801T223720772.fits,/home/saurabh/moon_project/data/CLASS/ch2_cla_l1_2025_08/cla/data/calibrated/2025/08/01/ch2_cla_l1_20250801T223712772_20250801T223720772.fits,2025-08-01T22:37:12.772,2025-08-01T22:37:20.772,2025-08-01T22:37:16.772,8.0,-36.7,13.5,101.321,-87.429,-100.683,-87.4332,-100.644,93.5861,93.5861,CLASS_add_scds.pro,2.1,518,1,"0,2,3,4,5,6,7,8,9,10,11,12,13,14,15,",-86.9817,-112.906,-88.1686,-104.161,-87.724,-84.2611,-86.6933,-98.702,1.82080078125,0.0349970041666674,1.77001953125,1.87841796875,3729.0,71.673864533335,8
ch2_cla_l1_20250801T223720772_20250801T223728772.fits,/home/saurabh/moon_project/data/CLASS/ch2_cla_l1_2025_08/cla/data/calibrated/2025/08/01/ch2_cla_l1_20250801T223720772_20250801T223728772.fits,2025-08-01T22:37:20.772,2025-08-01T22:37:28.772,2025-08-01T22:37:24.772,8.0,-36.6,13.5,101.174,-87.056,-104.06,-87.06,-104.031,93.9335,93.9335,CLASS_add_scds.pro,2.1,519,1,"0,3,4,5,6,7,8,9,10,11,12,13,14,15,",-86.5845,-114.432,-87.7849,-108.055,-87.4056,-90.2618,-86.3275,-101.611,1.78961181640625,0.0582476978303147,1.7275390625,1.90283203125,3665.125,119.29128515648456,8
ch2_cla_l1_20250801T223728772_20250801T223736772.fits,/home/saurabh/moon_project/data/CLASS/ch2_cla_l1_2025_08/cla/data/calibrated/2025/08/01/ch2_cla_l1_20250801T223728772_20250801T223736772.fits,2025-08-01T22:37:28.772,2025-08-01T22:37:36.772,2025-08-01T22:37:32.772,8.0,-36.6,13.5,101.027,-86.675,-106.673,-86.6791,-106.649,94.281,94.281,CLASS_add_scds.pro,2.1,520,1,"0,3,4,5,6,7,8,9,10,11,12,13,14,15,",-86.1856,-115.642,-87.3939,-110.79,-87.0651,-94.9126,-85.9541,-103.989,1.8126220703125,0.0584877144625323,1.71484375,1.89990234375,3712.25,119.78283921926618,8
ch2_cla_l1_20250801T223736772_20250801T223744772.fits,/home/saurabh/moon_project/data/CLASS/ch2_cla_l1_2025_08/cla/data/calibrated/2025/08/01/ch2_cla_l1_20250801T223736772_20250801T223744772.fits,2025-08-01T22:37:36.772,2025-08-01T22:37:44.772,2025-08-01T22:37:40.772,8.0,-36.6,13.5,100.88,-86.2885,-108.746,-86.2926,-108.727,94.6284,94.6284,CLASS_add_scds.pro,2.1,521,1,"0,3,4,5,6,7,8,9,10,11,12,13,14,15,",-85.7851,-116.623,-86.9987,-112.811,-86.7095,-98.5792,-85.5748,-105.964,1.79168701171875,0.0508917559836822,1.7109375,1.86474609375,3669.375,104.2263162545813,8
ch2_cla_l1_20250801T223744772_20250801T223752772.fits,/home/saurabh/moon_project/data/CLASS/ch2_cla_l1_2025_08/cla/data/calibrated/2025/08/01/ch2_cla_l1_20250801T223744772_20250801T223752772.fits,2025-08-01T22:37:44.772,2025-08-01T22:37:52.772,2025-08-01T22:37:48.772,8.0,-36.5,13.5,100.732,-85.898,-110.427,-85.9022,-110.412,94.9759,94.9759,CLASS_add_scds.pro,2.1,522,1,"0,3,4,5,8,9,10,11,12,13,14,15,",-85.3837,-117.434,-86.6004,-114.363,-86.3429,-101.523,-85.1912,-107.624,1.83538818359375,0.0554473021890156,1.7431640625,1.912109375,3758.875,113.55607488310407,8
ch2_cla_l1_20250801T223752772_20250801T223800772.fits,/home/saurabh/moon_project/data/CLASS/ch2_cla_l1_2025_08/cla/data/calibrated/2025/08/01/ch2_cla_l1_20250801T223752772_20250801T223800772.fits,2025-08-01T22:37:52.772,2025-08-01T22:38:00.772,2025-08-01T22:37:56.772,8.0,-36.6,13.5,100.585,-85.5045,-111.816,-85.5088,-111.803,95.3233,95.3233,CLASS_add_scds.pro,2.1,523,1,"0,3,4,5,8,9,10,11,12,13,14,15,",-84.9812,-118.116,-86.2003,-115.588,-85.9686,-103.925,-84.8039,-109.041,1.79833984375,0.1003727233769695,1.6591796875,1.95361328125,3683.0,205.5633374760337,8
ch2_cla_l1_20250801T223800772_20250801T223808772.fits,/home/saurabh/moon_project/data/CLASS/ch2_cla_l1_2025_08/cla/data/calibrated/2025/08/01/ch2_cla_l1_20250801T223800772_20250801T223808772.fits,2025-08-01T22:38:00.772,2025-08-01T22:38:08.772,2025-08-01T22:38:04.772,8.0,-36.7,13.5,100.437,-85.1087,-112.981,-85.113,-112.971,95.6707,95.6707,CLASS_add_scds.pro,2.1,524,1,"0,3,4,5,8,9,10,11,12,13,14,15,",-84.607,-118.655,-85.7985,-116.581,-85.5881,-105.918,-84.4419,-110.185,1.8214111328125,0.0812149433339901,1.71484375,1.9375,3730.25,166.32820394801186,8
ch2_cla_l1_20250801T223808772_20250801T223816772.fits,/home/saurabh/moon_project/data/CLASS/ch2_cla_l1_2025_08/cla/data/calibrated/2025/08/01/ch2_cla_l1_20250801T223808772_20250801T223816772.fits,2025-08-01T22:38:08.772,2025-08-01T22:38:16.772,2025-08-01T22:38:12.772,8.0,-36.7,13.5,100.289,-84.7112,-113.973,-84.7319,-113.926,96.0181,96.0181,CLASS_add_scds.pro,2.1,525,1,"0,3,4,5,8,9,10,11,12,13,14,15,",-84.1798,-119.194,-85.4245,-117.354,-85.2307,-107.478,-84.0266,-111.31,1.8177490234375,0.1012645164726902,1.681640625,1.978515625,3722.75,207.38972973606965,8
ch2_cla_l1_20250801T223816772_20250801T223824772.fits,/home/saurabh/moon_project/data/CLASS/ch2_cla_l1_2025_08/cla/data/calibrated/2025/08/01/ch2_cla_l1_20250801T223816772_20250801T223824772.fits,2025-08-01T22:38:16.772,2025-08-01T22:38:24.772,2025-08-01T22:38:20.772,8.0,-36.7,13.5,100.141,-84.3123,-114.826,-84.3166,-114.819,96.3655,96.3655,CLASS_add_scds.pro,2.1,526,1,"0,3,4,5,8,9,10,11,12,13,14,15,",-83.7708,-119.637,-84.9971,-118.083,-84.8196,-109.003,-83.6275,-112.251,1.845947265625,0.0762174700420224,1.7451171875,1.9599609375,3780.5,156.09337864606192,8
ch2_cla_l1_20250801T223824772_20250801T223832772.fits,/home/saurabh/moon_project/data/CLASS/ch2_cla_l1_2025_08/cla/data/calibrated/2025/08/01/ch2_cla_l1_20250801T223824772_20250801T223832772.fits,2025-08-01T22:38:24.772,2025-08-01T22:38:32.772,2025-08-01T22:38:28.772,8.0,-36.7,13.5,99.9935,-83.9122,-115.568,-83.9165,-115.561,96.7128,96.7128,CLASS_add_scds.pro,2.1,527,1,"0,3,4,5,8,9,10,11,12,13,14,15,",-83.3664,-120.022,-84.5877,-118.676,-84.4235,-110.247,-83.2318,-113.073,1.81964111328125,0.0634631132193422,1.72412109375,1.91357421875,3726.625,129.97245587321294,8
ch2_cla_l1_20250801T223832772_20250801T223840772.fits,/home/saurabh/moon_project/data/CLASS/ch2_cla_l1_2025_08/cla/data/calibrated/2025/08/01/ch2_cla_l1_20250801T223832772_20250801T223840772.fits,2025-08-01T22:38:32.772,2025-08-01T22:38:40.772,2025-08-01T22:38:36.772,8.0,-36.7,13.5,99.8455,-83.5112,-116.218,-83.5154,-116.212,97.0601,97.0601,CLASS_add_scds.pro,2.1,528,1,"0,3,4,5,8,9,10,11,12,13,14,15,",-82.9616,-120.363,-84.1828,-119.182,-84.0299,-111.313,-82.8347,-113.805,1.830322265625,0.0472945556014308,1.75927734375,1.91455078125,3748.5,96.8592498717303,8
ch2_cla_l1_20250801T223840772_20250801T223848772.fits,/home/saurabh/moon_project/data/CLASS/ch2_cla_l1_2025_08/cla/data/calibrated/2025/08/01/ch2_cla_l1_20250801T223840772_20250801T223848772.fits,2025-08-01T22:38:40.772,2025-08-01T22:38:48.772,2025-08-01T22:38:44.772,8.0,-36.7,13.5,99.6974,-83.1093,-116.794,-83.1136,-116.789,97.4074,97.4074,CLASS_add_scds.pro,2.1,529,1,"0,3,4,5,8,9,10,11,12,13,14,15,",-82.5567,-120.667,-83.7774,-119.622,-83.6343,-112.248,-82.4369,-114.46,1.85870361328125,0.0622060881340223,1.7509765625,1.951171875,3806.625,127.39806849847784,8
ch2_cla_l1_20250801T223856772_20250801T223904772.fits,/home/saurabh/moon_project/data/CLASS/ch2_cla_l1_2025_08/cla/data/calibrated/2025/08/01/ch2_cla_l1_20250801T223856772_20250801T223904772.fits,2025-08-01T22:38:56.772,2025-08-01T22:39:04.772,2025-08-01T22:39:00.772,8.0,-36.8,13.5,99.4012,-82.3038,-117.766,-82.3078,-117.762,98.1017,98.1017,CLASS_add_scds.pro,2.1,531,1,"0,3,4,5,8,9,10,11,12,13,14,15,",-81.746,-121.188,-82.9658,-120.354,-82.8393,-113.809,-81.638,-115.585,1.7335205078125,0.0494875602008498,1.64892578125,1.79443359375,3550.25,101.35052329134058,8
ch2_cla_l1_20250801T223904772_20250801T223912772.fits,/home/saurabh/moon_project/data/CLASS/ch2_cla_l1_2025_08/cla/data/calibrated/2025/08/01/ch2_cla_l1_20250801T223904772_20250801T223912772.fits,2025-08-01T22:39:04.772,2025-08-01T22:39:12.772,2025-08-01T22:39:08.772,8.0,-36.8,13.5,99.2531,-81.9002,-118.18,-81.9043,-118.177,98.4488,98.4488,CLASS_add_scds.pro,2.1,532,1,"0,3,4,5,8,9,10,11,13,",-81.3404,-121.412,-82.5594,-120.66,-82.4398,-114.467,-81.2375,-116.07,1.71575927734375,0.0362752808422061,1.66748046875,1.7763671875,3513.875,74.29177516483811,8
ch2_cla_l1_20250801T223912772_20250801T223920772.fits,/home/saurabh/moon_project/data/CLASS/ch2_cla_l1_2025_08/cla/data/calibrated/2025/08/01/ch2_cla_l1_20250801T223912772_20250801T223920772.fits,2025-08-01T22:39:12.772,2025-08-01T22:39:20.772,2025-08-01T22:39:16.772,8.0,-36.8,13.5,99.1049,-81.4962,-118.555,-81.5005,-118.552,98.7958,98.7958,CLASS_add_scds.pro,2.1,533,1,"0,3,4,5,8,9,10,11,",-80.9346,-121.617,-82.1529,-120.934,-82.0396,-115.058,-80.8365,-116.514,1.75567626953125,0.050592385673792,1.662109375,1.81640625,3595.625,103.61320585992613,8
ch2_cla_l1_20250801T223928772_20250801T223936772.fits,/home/saurabh/moon_project/data/CLASS/ch2_cla_l1_2025_08/cla/data/calibrated/2025/08/01/ch2_cla_l1_20250801T223928772_20250801T223936772.fits,2025-08-01T22:39:28.772,2025-08-01T22:39:36.772,2025-08-01T22:39:32.772,8.0,-36.8,13.5,98.8085,-80.687,-119.209,-80.6913,-119.206,99.4897,99.4897,CLASS_add_scds.pro,2.1,535,1,"0,3,4,5,8,9,10,11,",-80.1225,-121.977,-81.3392,-121.409,-81.2366,-116.081,-80.0325,-117.295,1.759033203125,0.0593428904968247,1.68017578125,1.849609375,3602.5,121.53423973749716,8
ch2_cla_l1_20250801T223936772_20250801T223944772.fits,/home/saurabh/moon_project/data/CLASS/ch2_cla_l1_2025_08/cla/data/calibrated/2025/08/01/ch2_cla_l1_20250801T223936772_20250801T223944772.fits,2025-08-01T22:39:36.772,2025-08-01T22:39:44.772,2025-08-01T22:39:40.772,8.0,-36.9,13.5,98.6604,-80.2819,-119.495,-80.2862,-119.493,99.8365,99.8365,CLASS_add_scds.pro,2.1,536,1,"0,3,4,5,8,9,10,11,",-79.7162,-122.136,-80.932,-121.614,-80.8341,-116.526,-79.6298,-117.64,1.72186279296875,0.0572714790678275,1.62353515625,1.8056640625,3526.375,117.29198913091086,8
ch2_cla_l1_20250801T223944772_20250801T223952772.fits,/home/saurabh/moon_project/data/CLASS/ch2_cla_l1_2025_08/cla/data/calibrated/2025/08/01/ch2_cla_l1_20250801T223944772_20250801T223952772.fits,2025-08-01T22:39:44.772,2025-08-01T22:39:52.772,2025-08-01T22:39:48.772,8.0,-36.9,13.5,98.5122,-79.8765,-119.759,-79.8807,-119.757,100.183,100.183,CLASS_add_scds.pro,2.1,537,1,"0,3,4,5,8,9,10,11,",-79.3097,-122.284,-80.5247,-121.802,-80.4311,-116.933,-79.2266,-117.96,1.7789306640625,0.0625189343790543,1.6923828125,1.8759765625,3643.25,128.03877760830338,8
ch2_cla_l1_20250801T223952772_20250801T224000772.fits,/home/saurabh/moon_project/data/CLASS/ch2_cla_l1_2025_08/cla/data/calibrated/2025/08/01/ch2_cla_l1_20250801T223952772_20250801T224000772.fits,2025-08-01T22:39:52.772,2025-08-01T22:40:00.772,2025-08-01T22:39:56.772,8.0,-36.9,13.5,98.3641,-79.4709,-120.003,-79.4753,-120.002,100.53,100.53,CLASS_add_scds.pro,2.1,538,1,"0,3,4,5,8,9,10,11,",-78.9032,-122.42,-80.1171,-121.975,-80.0274,-117.308,-78.8232,-118.257,1.71417236328125,0.0716887614207738,1.62451171875,1.8193359375,3510.625,146.81858338974473,8
ch2_cla_l1_20250801T224000772_20250801T224008772.fits,/home/saurabh/moon_project/data/CLASS/ch2_cla_l1_2025_08/cla/data/calibrated/2025/08/01/ch2_cla_l1_20250801T224000772_20250801T224008772.fits,2025-08-01T22:40:00.772,2025-08-01T22:40:08.772,2025-08-01T22:40:04.772,8.0,-36.9,13.5,98.2159,-79.0651,-120.23,-79.0692,-120.228,100.876,100.876,CLASS_add_scds.pro,2.1,539,1,"0,3,4,5,8,9,10,11,",-78.4965,-122.548,-79.7095,-122.135,-79.6234,-117.654,-78.4195,-118.534,1.785888671875,0.0802357680395744,1.67724609375,1.9052734375,3657.5,164.3228529450484,8
ch2_cla_l1_20250801T224008772_20250801T224016772.fits,/home/saurabh/moon_project/data/CLASS/ch2_cla_l1_2025_08/cla/data/calibrated/2025/08/01/ch2_cla_l1_20250801T224008772_20250801T224016772.fits,2025-08-01T22:40:08.772,2025-08-01T22:40:16.772,2025-08-01T22:40:12.772,8.0,-36.9,13.5,98.0678,-78.659,-120.44,-78.6632,-120.438,101.223,101.223,CLASS_add_scds.pro,2.1,540,1,"0,3,4,5,8,9,10,11,",-78.0897,-122.668,-79.3017,-122.283,-79.219,-117.975,-78.0153,-118.793,1.74560546875,0.0740501381535095,1.63232421875,1.8486328125,3575.0,151.65468293838757,8
ch2_cla_l1_20250801T224016772_20250801T224024772.fits,/home/saurabh/moon_project/data/CLASS/ch2_cla_l1_2025_08/cla/data/calibrated/2025/08/01/ch2_cla_l1_20250801T224016772_20250801T224024772.fits,2025-08-01T22:40:16.772,2025-08-01T22:40:24.772,2025-08-01T22:40:20.772,8.0,-36.9,13.5,97.9198,-78.2527,-120.636,-78.2569,-120.634,101.569,101.569,CLASS_add_scds.pro,2.1,541,1,"0,3,4,5,8,9,10,11,",-77.6828,-122.779,-78.8938,-122.421,-78.8141,-118.272,-77.6109,-119.034,1.7645263671875,0.0465891158345178,1.6953125,1.83935546875,3613.75,95.41450922909246,8
ch2_cla_l1_20250801T224024772_20250801T224032772.fits,/home/saurabh/moon_project/data/CLASS/ch2_cla_l1_2025_08/cla/data/calibrated/2025/08/01/ch2_cla_l1_20250801T224024772_20250801T224032772.fits,2025-08-01T22:40:24.772,2025-08-01T22:40:32.772,2025-08-01T22:40:28.772,8.0,-37.0,13.5,97.7718,-77.8463,-120.819,-77.8504,-120.818,101.915,101.915,CLASS_add_scds.pro,2.1,542,1,"0,3,4,5,8,9,10,11,",-77.2758,-122.884,-78.4857,-122.548,-78.409,-118.549,-77.2064,-119.261,1.75152587890625,0.0760315381326256,1.6552734375,1.88818359375,3587.125,155.71259009561723,8
ch2_cla_l1_20250801T224032772_20250801T224040772.fits,/home/saurabh/moon_project/data/CLASS/ch2_cla_l1_2025_08/cla/data/calibrated/2025/08/01/ch2_cla_l1_20250801T224032772_20250801T224040772.fits,2025-08-01T22:40:32.772,2025-08-01T22:40:40.772,2025-08-01T22:40:36.772,8.0,-37.0,13.5,97.6238,-77.4396,-120.991,-77.4439,-120.99,102.261,102.261,CLASS_add_scds.pro,2.1,543,1,"0,3,4,5,8,9,10,11,",-76.8687,-122.982,-78.0776,-122.668,-78.0036,-118.807,-76.8015,-119.474,1.7923583984375,0.0505120825550915,1.7177734375,1.87890625,3670.75,103.44874507282752,8
ch2_cla_l1_20250801T224040772_20250801T224048772.fits,/home/saurabh/moon_project/data/CLASS/ch2_cla_l1_2025_08/cla/data/calibrated/2025/08/01/ch2_cla_l1_20250801T224040772_20250801T224048772.fits,2025-08-01T22:40:40.772,2025-08-01T22:40:48.772,2025-08-01T22:40:44.772,8.0,-37.0,13.5,97.476,-77.0328,-121.152,-77.037,-121.151,102.607,102.607,CLASS_add_scds.pro,2.1,544,1,"0,3,4,5,8,9,10,11,",-76.4615,-123.075,-77.6694,-122.78,-77.5979,-119.049,-76.3964,-119.674,1.75439453125,0.0751645055167575,1.6630859375,1.8994140625,3593.0,153.93690729831954,8
ch2_cla_l1_20250801T224048772_20250801T224056772.fits,/home/saurabh/moon_project/data/CLASS/ch2_cla_l1_2025_08/cla/data/calibrated/2025/08/01/ch2_cla_l1_20250801T224048772_20250801T224056772.fits,2025-08-01T22:40:48.772,2025-08-01T22:40:56.772,2025-08-01T22:40:52.772,8.0,-37.0,13.5,97.3281,-76.6258,-121.303,-76.6301,-121.302,102.953,102.953,CLASS_add_scds.pro,2.1,545,1,"0,3,4,5,8,9,10,11,",-76.0541,-123.163,-77.2611,-122.885,-77.1919,-119.276,-75.9909,-119.864,1.78143310546875,0.0344654206880372,1.73291015625,1.83251953125,3648.375,70.5851815691003,8
ch2_cla_l1_20250801T224056772_20250801T224104772.fits,/home/saurabh/moon_project/data/CLASS/ch2_cla_l1_2025_08/cla/data/calibrated/2025/08/01/ch2_cla_l1_20250801T224056772_20250801T224104772.fits,2025-08-01T22:40:56.772,2025-08-01T22:41:04.772,2025-08-01T22:41:00.772,8.0,-37.0,13.5,97.1804,-76.2187,-121.446,-76.2228,-121.445,103.299,103.299,CLASS_add_scds.pro,2.1,546,1,"0,3,4,5,8,9,10,11,",-75.6468,-123.246,-76.8525,-122.984,-76.7855,-119.489,-75.5854,-120.043,1.77227783203125,0.0641368354937759,1.689453125,1.861328125,3629.625,131.35223909125307,8
ch2_cla_l1_20250801T224104772_20250801T224112772.fits,/home/saurabh/moon_project/data/CLASS/ch2_cla_l1_2025_08/cla/data/calibrated/2025/08/01/ch2_cla_l1_20250801T224104772_20250801T224112772.fits,2025-08-01T22:41:04.772,2025-08-01T22:41:12.772,2025-08-01T22:41:08.772,8.0,-37.1,13.5,97.0327,-75.8115,-121.581,-75.8156,-121.58,103.645,103.645,CLASS_add_scds.pro,2.1,547,1,"0,3,4,5,8,9,10,11,",-75.2393,-123.325,-76.444,-123.077,-76.3791,-119.69,-75.1797,-120.212,1.8018798828125,0.034111609098739,1.74462890625,1.85107421875,3690.25,69.86057543421755,8
ch2_cla_l1_20250801T224112772_20250801T224120772.fits,/home/saurabh/moon_project/data/CLASS/ch2_cla_l1_2025_08/cla/data/calibrated/2025/08/01/ch2_cla_l1_20250801T224112772_20250801T224120772.fits,2025-08-01T22:41:12.772,2025-08-01T22:41:20.772,2025-08-01T22:41:16.772,8.0,-37.2,13.5,96.8851,-75.4041,-121.709,-75.4083,-121.708,103.99,103.99,CLASS_add_scds.pro,2.1,548,1,"0,3,4,5,8,9,10,11,",-74.8316,-123.4,-76.0354,-123.165,-75.9724,-119.879,-74.7737,-120.372,1.79345703125,0.0773666634134868,1.66015625,1.88330078125,3673.0,158.44692667082114,8
ch2_cla_l1_20250801T224120772_20250801T224128772.fits,/home/saurabh/moon_project/data/CLASS/ch2_cla_l1_2025_08/cla/data/calibrated/2025/08/01/ch2_cla_l1_20250801T224120772_20250801T224128772.fits,2025-08-01T22:41:20.772,2025-08-01T22:41:28.772,2025-08-01T22:41:24.772,8.0,-37.2,13.5,96.7377,-74.9965,-121.83,-75.0007,-121.829,104.335,104.335,CLASS_add_scds.pro,2.1,549,1,"0,3,4,5,8,9,10,11,",-74.4239,-123.471,-75.6265,-123.248,-75.5654,-120.058,-74.3675,-120.524,1.78314208984375,0.0598876149796448,1.68603515625,1.87646484375,3651.875,122.64983547831258,8
ch2_cla_l1_20250801T224128772_20250801T224136772.fits,/home/saurabh/moon_project/data/CLASS/ch2_cla_l1_2025_08/cla/data/calibrated/2025/08/01/ch2_cla_l1_20250801T224128772_20250801T224136772.fits,2025-08-01T22:41:28.772,2025-08-01T22:41:36.772,2025-08-01T22:41:32.772,8.0,-37.2,13.5,96.5903,-74.5889,-121.945,-74.5931,-121.944,104.68,104.68,CLASS_add_scds.pro,2.1,550,1,"0,3,4,5,8,9,10,11,",-74.0163,-123.538,-75.2176,-123.327,-75.1583,-120.227,-73.9614,-120.669,1.8096923828125,0.0498038326585426,1.7568359375,1.8984375,3706.25,101.99824928469536,8
ch2_cla_l1_20250801T224136772_20250801T224144772.fits,/home/saurabh/moon_project/data/CLASS/ch2_cla_l1_2025_08/cla/data/calibrated/2025/08/01/ch2_cla_l1_20250801T224136772_20250801T224144772.fits,2025-08-01T22:41:36.772,2025-08-01T22:41:44.772,2025-08-01T22:41:40.772,8.0,-37.1,13.5,96.443,-74.1811,-122.054,-74.1854,-122.053,105.025,105.025,CLASS_add_scds.pro,2.1,551,1,"0,3,4,5,8,10,11,",-73.6085,-123.603,-74.8088,-123.402,-74.7511,-120.387,-73.555,-120.807,1.79180908203125,0.067314508226248,1.70556640625,1.89990234375,3669.625,137.86011284735594,8
ch2_cla_l1_20250801T224144772_20250801T224152772.fits,/home/saurabh/moon_project/data/CLASS/ch2_cla_l1_2025_08/cla/data/calibrated/2025/08/01/ch2_cla_l1_20250801T224144772_20250801T224152772.fits,2025-08-01T22:41:44.772,2025-08-01T22:41:52.772,2025-08-01T22:41:48.772,8.0,-37.2,13.5,96.2959,-73.7732,-122.157,-73.7774,-122.157,105.37,105.37,CLASS_add_scds.pro,2.1,552,1,"0,3,4,5,8,9,10,11,",-73.2004,-123.664,-74.3999,-123.474,-74.3438,-120.54,-73.1482,-120.938,1.80133056640625,0.0770788447964628,1.66552734375,1.9189453125,3689.125,157.8574741431559,8
ch2_cla_l1_20250801T224152772_20250801T224200772.fits,/home/saurabh/moon_project/data/CLASS/ch2_cla_l1_2025_08/cla/data/calibrated/2025/08/01/ch2_cla_l1_20250801T224152772_20250801T224200772.fits,2025-08-01T22:41:52.772,2025-08-01T22:42:00.772,2025-08-01T22:41:56.772,8.0,-37.2,13.5,96.1489,-73.3652,-122.256,-73.3693,-122.256,105.715,105.715,CLASS_add_scds.pro,2.1,553,1,"0,3,4,5,8,9,10,11,",-72.7924,-123.723,-73.9906,-123.541,-73.9359,-120.684,-72.7415,-121.063,1.79644775390625,0.0734912235202755,1.7021484375,1.9052734375,3679.125,150.51002576952428,8
ch2_cla_l1_20250801T224200772_20250801T224208772.fits,/home/saurabh/moon_project/data/CLASS/ch2_cla_l1_2025_08/cla/data/calibrated/2025/08/01/ch2_cla_l1_20250801T224200772_20250801T224208772.fits,2025-08-01T22:42:00.772,2025-08-01T22:42:08.772,2025-08-01T22:42:04.772,8.0,-37.2,13.5,96.002,-72.9571,-122.351,-72.9613,-122.35,106.059,106.059,CLASS_add_scds.pro,2.1,554,1,"0,3,4,8,9,10,11,",-72.3843,-123.78,-73.5814,-123.606,-73.5281,-120.822,-72.3347,-121.183,1.83807373046875,0.0860376888698477,1.68408203125,1.9521484375,3764.375,176.20518680544808,8
ch2_cla_l1_20250801T224208772_20250801T224216772.fits,/home/saurabh/moon_project/data/CLASS/ch2_cla_l1_2025_08/cla/data/calibrated/2025/08/01/ch2_cla_l1_20250801T224208772_20250801T224216772.fits,2025-08-01T22:42:08.772,2025-08-01T22:42:16.772,2025-08-01T22:42:12.772,8.0,-37.2,13.5,95.8553,-72.5489,-122.441,-72.553,-122.44,106.404,106.404,CLASS_add_scds.pro,2.1,555,1,"0,3,4,5,8,10,11,",-71.9762,-123.834,-73.1722,-123.667,-73.1202,-120.953,-71.9277,-121.297,1.78240966796875,0.0491021451017003,1.705078125,1.86474609375,3650.375,100.56119316828222,8
ch2_cla_l1_20250801T224216772_20250801T224224772.fits,/home/saurabh/moon_project/data/CLASS/ch2_cla_l1_2025_08/cla/data/calibrated/2025/08/01/ch2_cla_l1_20250801T224216772_20250801T224224772.fits,2025-08-01T22:42:16.772,2025-08-01T22:42:24.772,2025-08-01T22:42:20.772,8.0,-37.3,13.5,95.7087,-72.1406,-122.527,-72.1446,-122.526,106.748,106.748,CLASS_add_scds.pro,2.1,556,1,"0,3,4,5,8,9,10,11,",-71.5679,-123.885,-72.7628,-123.726,-72.7122,-121.078,-71.5205,-121.407,1.84246826171875,0.0716716555456868,1.7041015625,1.9267578125,3773.375,146.7835505575666,8
ch2_cla_l1_20250801T224224772_20250801T224232772.fits,/home/saurabh/moon_project/data/CLASS/ch2_cla_l1_2025_08/cla/data/calibrated/2025/08/01/ch2_cla_l1_20250801T224224772_20250801T224232772.fits,2025-08-01T22:42:24.772,2025-08-01T22:42:32.772,2025-08-01T22:42:28.772,8.0,-37.3,13.5,95.5622,-71.7322,-122.609,-71.7364,-122.609,107.091,107.091,CLASS_add_scds.pro,2.1,557,1,"0,3,4,5,8,9,10,11,",-71.1597,-123.935,-72.3534,-123.783,-72.3039,-121.198,-71.1134,-121.512,1.8035888671875,0.0493621398292199,1.7412109375,1.89013671875,3693.75,101.09366237024244,8
ch2_cla_l1_20250801T224232772_20250801T224240772.fits,/home/saurabh/moon_project/data/CLASS/ch2_cla_l1_2025_08/cla/data/calibrated/2025/08/01/ch2_cla_l1_20250801T224232772_20250801T224240772.fits,2025-08-01T22:42:32.772,2025-08-01T22:42:40.772,2025-08-01T22:42:36.772,8.0,-37.2,13.5,95.416,-71.3236,-122.689,-71.3279,-122.688,107.435,107.435,CLASS_add_scds.pro,2.1,558,1,"0,3,4,5,8,10,11,",-70.7513,-123.983,-71.944,-123.837,-71.8957,-121.312,-70.706,-121.613,1.87384033203125,0.0460066057017361,1.81201171875,1.9482421875,3837.625,94.22152847715552,8
ch2_cla_l1_20250801T224240772_20250801T224248772.fits,/home/saurabh/moon_project/data/CLASS/ch2_cla_l1_2025_08/cla/data/calibrated/2025/08/01/ch2_cla_l1_20250801T224240772_20250801T224248772.fits,2025-08-01T22:42:40.772,2025-08-01T22:42:48.772,2025-08-01T22:42:44.772,8.0,-37.2,13.5,95.2698,-70.915,-122.765,-70.9192,-122.764,107.779,107.779,CLASS_add_scds.pro,2.1,559,1,"0,3,4,5,8,10,11,",-70.3428,-124.029,-71.5344,-123.889,-71.4872,-121.421,-70.2985,-121.71,1.79364013671875,0.0442033729216868,1.72900390625,1.857421875,3673.375,90.52850774361474,8
ch2_cla_l1_20250801T224248772_20250801T224256772.fits,/home/saurabh/moon_project/data/CLASS/ch2_cla_l1_2025_08/cla/data/calibrated/2025/08/01/ch2_cla_l1_20250801T224248772_20250801T224256772.fits,2025-08-01T22:42:48.772,2025-08-01T22:42:56.772,2025-08-01T22:42:52.772,8.0,-37.3,13.5,95.1239,-70.5063,-122.837,-70.5103,-122.837,108.122,108.122,CLASS_add_scds.pro,2.1,560,1,"0,3,4,5,8,10,11,",-69.9341,-124.073,-71.1247,-123.939,-71.0786,-121.526,-69.8907,-121.802,1.86016845703125,0.038422435949875,1.80517578125,1.92236328125,3809.625,78.68914882534403,8
ch2_cla_l1_20250801T224256772_20250801T224304772.fits,/home/saurabh/moon_project/data/CLASS/ch2_cla_l1_2025_08/cla/data/calibrated/2025/08/01/ch2_cla_l1_20250801T224256772_20250801T224304772.fits,2025-08-01T22:42:56.772,2025-08-01T22:43:04.772,2025-08-01T22:43:00.772,8.0,-37.5,13.5,94.9781,-70.0975,-122.907,-70.1016,-122.907,108.465,108.465,CLASS_add_scds.pro,2.1,561,1,"0,1,3,4,5,6,8,9,10,11,",-69.5255,-124.116,-70.7149,-123.986,-70.6697,-121.627,-69.483,-121.892,1.8184814453125,0.057105799136801,1.74755859375,1.92919921875,3724.25,116.95267663216848,8
ch2_cla_l1_20250801T224304772_20250801T224312772.fits,/home/saurabh/moon_project/data/CLASS/ch2_cla_l1_2025_08/cla/data/calibrated/2025/08/01/ch2_cla_l1_20250801T224304772_20250801T224312772.fits,2025-08-01T22:43:04.772,2025-08-01T22:43:12.772,2025-08-01T22:43:08.772,8.0,-37.8,13.5,94.8326,-69.6886,-122.975,-69.6928,-122.975,108.807,108.807,CLASS_add_scds.pro,2.1,562,1,"0,1,2,3,4,5,6,7,8,9,10,11,12,13,14,15,",-69.1168,-124.158,-70.3051,-124.033,-70.261,-121.724,-69.0752,-121.978,1.7440185546875,0.0458529632609183,1.67529296875,1.806640625,3571.75,93.9068687583608,8
ch2_cla_l1_20250801T224320772_20250801T224328772.fits,/home/saurabh/moon_project/data/CLASS/ch2_cla_l1_2025_08/cla/data/calibrated/2025/08/01/ch2_cla_l1_20250801T224320772_20250801T224328772.fits,2025-08-01T22:43:20.772,2025-08-01T22:43:28.772,2025-08-01T22:43:24.772,8.0,-37.8,13.5,94.542,-68.8706,-123.102,-68.8745,-123.102,109.492,109.492,CLASS_add_scds.pro,2.1,564,1,"0,1,2,3,4,5,6,7,8,9,10,11,12,13,14,15,",-68.2991,-124.236,-69.4851,-124.12,-69.4428,-121.906,-68.259,-122.141,1.74176025390625,0.0607784431137222,1.6494140625,1.8349609375,3567.125,124.47425149690312,8
ch2_cla_l1_20250801T224336772_20250801T224344772.fits,/home/saurabh/moon_project/data/CLASS/ch2_cla_l1_2025_08/cla/data/calibrated/2025/08/01/ch2_cla_l1_20250801T224336772_20250801T224344772.fits,2025-08-01T22:43:36.772,2025-08-01T22:43:44.772,2025-08-01T22:43:40.772,8.0,-37.8,13.5,94.2523,-68.0521,-123.221,-68.0562,-123.221,110.176,110.176,CLASS_add_scds.pro,2.1,566,1,"0,1,2,3,4,5,6,7,8,9,10,11,12,13,14,15,",-67.4812,-124.309,-68.665,-124.201,-68.6244,-122.075,-67.4427,-122.293,1.7333984375,0.0761902056984414,1.63525390625,1.841796875,3550.0,156.037541270408,8
ch2_cla_l1_20250801T224344772_20250801T224352772.fits,/home/saurabh/moon_project/data/CLASS/ch2_cla_l1_2025_08/cla/data/calibrated/2025/08/01/ch2_cla_l1_20250801T224344772_20250801T224352772.fits,2025-08-01T22:43:44.772,2025-08-01T22:43:52.772,2025-08-01T22:43:48.772,8.0,-37.8,13.5,94.1078,-67.6428,-123.277,-67.6468,-123.277,110.517,110.517,CLASS_add_scds.pro,2.1,567,1,"0,1,2,3,4,5,6,7,8,9,10,11,12,13,14,15,",-67.0722,-124.344,-68.2548,-124.24,-68.215,-122.154,-67.0344,-122.365,1.7188720703125,0.1043577258562905,1.5703125,1.87841796875,3520.25,213.72462255368305,8
ch2_cla_l1_20250801T224352772_20250801T224400772.fits,/home/saurabh/moon_project/data/CLASS/ch2_cla_l1_2025_08/cla/data/calibrated/2025/08/01/ch2_cla_l1_20250801T224352772_20250801T224400772.fits,2025-08-01T22:43:52.772,2025-08-01T22:44:00.772,2025-08-01T22:43:56.772,8.0,-37.8,13.5,93.9635,-67.2334,-123.331,-67.2375,-123.331,110.858,110.858,CLASS_add_scds.pro,2.1,568,1,"0,1,2,3,4,5,6,7,8,9,10,11,12,13,14,15,",-66.6629,-124.378,-67.8447,-124.277,-67.8056,-122.231,-66.6258,-122.434,1.75238037109375,0.0750808268934599,1.65673828125,1.8671875,3588.875,153.76553347780603,8
ch2_cla_l1_20250801T224400772_20250801T224408772.fits,/home/saurabh/moon_project/data/CLASS/ch2_cla_l1_2025_08/cla/data/calibrated/2025/08/01/ch2_cla_l1_20250801T224400772_20250801T224408772.fits,2025-08-01T22:44:00.772,2025-08-01T22:44:08.772,2025-08-01T22:44:04.772,8.0,-37.9,13.5,93.8195,-66.8239,-123.384,-66.8279,-123.384,111.199,111.199,CLASS_add_scds.pro,2.1,569,1,"0,1,2,3,4,5,6,7,8,9,10,11,12,13,14,15,",-66.2538,-124.411,-67.4342,-124.313,-67.3959,-122.306,-66.2173,-122.501,1.7432861328125,0.0856487824285459,1.63037109375,1.8994140625,3570.25,175.40870641366206,8
ch2_cla_l1_20250801T224408772_20250801T224416772.fits,/home/saurabh/moon_project/data/CLASS/ch2_cla_l1_2025_08/cla/data/calibrated/2025/08/01/ch2_cla_l1_20250801T224408772_20250801T224416772.fits,2025-08-01T22:44:08.772,2025-08-01T22:44:16.772,2025-08-01T22:44:12.772,8.0,-38.0,13.5,93.6757,-66.4143,-123.435,-66.4184,-123.435,111.54,111.54,CLASS_add_scds.pro,2.1,570,1,"0,1,2,3,4,5,6,7,8,9,10,11,12,13,14,15,",-65.8444,-124.443,-67.0239,-124.348,-66.9862,-122.378,-65.8086,-122.566,1.741455078125,0.0425857717064578,1.677734375,1.80810546875,3566.5,87.2156604548256,8
ch2_cla_l1_20250801T224416772_20250801T224424772.fits,/home/saurabh/moon_project/data/CLASS/ch2_cla_l1_2025_08/cla/data/calibrated/2025/08/01/ch2_cla_l1_20250801T224416772_20250801T224424772.fits,2025-08-01T22:44:16.772,2025-08-01T22:44:24.772,2025-08-01T22:44:20.772,8.0,-38.0,13.5,93.5322,-66.0047,-123.484,-66.0086,-123.484,111.88,111.88,CLASS_add_scds.pro,2.1,571,1,"0,1,2,3,4,5,6,7,8,9,10,11,12,13,14,15,",-65.435,-124.474,-66.6134,-124.382,-66.5764,-122.447,-65.3998,-122.63,1.74737548828125,0.0652090880215231,1.65576171875,1.85888671875,3578.625,133.54821226807942,8
ch2_cla_l1_20250801T224424772_20250801T224432772.fits,/home/saurabh/moon_project/data/CLASS/ch2_cla_l1_2025_08/cla/data/calibrated/2025/08/01/ch2_cla_l1_20250801T224424772_20250801T224432772.fits,2025-08-01T22:44:24.772,2025-08-01T22:44:32.772,2025-08-01T22:44:28.772,8.0,-38.0,13.5,93.389,-65.5949,-123.532,-65.599,-123.532,112.22,112.22,CLASS_add_scds.pro,2.1,572,1,"0,1,2,3,4,5,6,7,8,9,10,11,12,13,14,15,",-65.0256,-124.504,-66.2028,-124.415,-66.1664,-122.514,-64.9909,-122.691,1.75567626953125,0.0466104489883206,1.68408203125,1.82861328125,3595.625,95.45819952808066,8
ch2_cla_l1_20250801T224432772_20250801T224440772.fits,/home/saurabh/moon_project/data/CLASS/ch2_cla_l1_2025_08/cla/data/calibrated/2025/08/01/ch2_cla_l1_20250801T224432772_20250801T224440772.fits,2025-08-01T22:44:32.772,2025-08-01T22:44:40.772,2025-08-01T22:44:36.772,8.0,-38.0,13.5,93.246,-65.1851,-123.578,-65.1891,-123.578,112.56,112.56,CLASS_add_scds.pro,2.1,573,1,"0,1,2,3,4,5,6,7,8,9,10,11,12,13,14,15,",-64.6161,-124.533,-65.7922,-124.447,-65.7565,-122.579,-64.5821,-122.75,1.75634765625,0.0629046826361251,1.67236328125,1.8427734375,3597.0,128.8287900387842,8
ch2_cla_l1_20250801T224440772_20250801T224448772.fits,/home/saurabh/moon_project/data/CLASS/ch2_cla_l1_2025_08/cla/data/calibrated/2025/08/01/ch2_cla_l1_20250801T224440772_20250801T224448772.fits,2025-08-01T22:44:40.772,2025-08-01T22:44:48.772,2025-08-01T22:44:44.772,8.0,-38.1,13.5,93.1033,-64.7752,-123.623,-64.7793,-123.623,112.899,112.899,CLASS_add_scds.pro,2.1,574,1,"0,1,2,3,4,5,6,7,8,9,10,11,12,13,14,15,",-64.2065,-124.562,-65.3816,-124.478,-65.3465,-122.642,-64.173,-122.808,1.74847412109375,0.0354509265402716,1.69580078125,1.80908203125,3580.875,72.60349755447638,8
ch2_cla_l1_20250801T224448772_20250801T224456772.fits,/home/saurabh/moon_project/data/CLASS/ch2_cla_l1_2025_08/cla/data/calibrated/2025/08/01/ch2_cla_l1_20250801T224448772_20250801T224456772.fits,2025-08-01T22:44:48.772,2025-08-01T22:44:56.772,2025-08-01T22:44:52.772,8.0,-38.1,13.5,92.9609,-64.3653,-123.667,-64.3693,-123.667,113.238,113.238,CLASS_add_scds.pro,2.1,575,1,"0,1,2,3,4,5,6,7,8,9,10,11,12,13,14,15,",-63.7969,-124.59,-64.9708,-124.508,-64.9363,-122.703,-63.764,-122.864,1.7962646484375,0.0550127284691706,1.69775390625,1.8623046875,3678.75,112.66606790486148,8
ch2_cla_l1_20250801T224456772_20250801T224504772.fits,/home/saurabh/moon_project/data/CLASS/ch2_cla_l1_2025_08/cla/data/calibrated/2025/08/01/ch2_cla_l1_20250801T224456772_20250801T224504772.fits,2025-08-01T22:44:56.772,2025-08-01T22:45:04.772,2025-08-01T22:45:00.772,8.0,-38.1,13.5,92.8188,-63.9552,-123.71,-63.9592,-123.709,113.576,113.576,CLASS_add_scds.pro,2.1,576,1,"0,1,2,3,4,5,6,7,8,9,10,11,12,13,14,15,",-63.3872,-124.617,-64.56,-124.537,-64.5261,-122.763,-63.3548,-122.918,1.76885986328125,0.0336108775532952,1.72314453125,1.822265625,3622.625,68.83507722914864,8
ch2_cla_l1_20250801T224504772_20250801T224508834.fits,/home/saurabh/moon_project/data/CLASS/ch2_cla_l1_2025_08/cla/data/calibrated/2025/08/01/ch2_cla_l1_20250801T224504772_20250801T224508834.fits,2025-08-01T22:45:04.772,2025-08-01T22:45:08.834,2025-08-01T22:45:06.803,4.062,-38.1,13.5,92.7119,-63.6461,-123.741,-63.6501,-123.741,113.832,113.832,CLASS_add_scds.pro,2.1,577,0,"0,1,2,3,4,5,6,7,8,9,10,11,12,13,14,15,",-63.1791,-124.63,-64.1491,-124.566,-64.1158,-122.82,-63.1469,-122.945,1.7921142578125,0.0626186198869719,1.71728515625,1.86669921875,3670.25,128.24293352851845,4
